num_acc;lum;agg;inter;atm;col;dep;date
2013001157;1;2;6;3;3;290;10/01/2013
2013001158;3;1;1;1;6;290;19/05/2013
2013001159;1;1;1;8;1;290;21/06/2013
2013001160;1;1;1;2;3;290;11/08/2013
2013001161;3;1;1;2;6;290;29/09/2013
2013001162;3;1;1;1;6;290;05/01/2013
2013001163;5;2;1;1;3;290;17/01/2013
2013001164;1;2;1;7;3;290;19/02/2013
2013001165;1;1;1;1;7;290;06/05/2013
2013001166;2;2;1;1;1;290;14/07/2013
2013001167;1;1;1;1;3;290;21/08/2013
2013001168;3;1;1;1;6;290;26/08/2013
2013001169;5;2;1;1;7;290;06/10/2013
2013001170;1;1;1;3;5;290;18/12/2013
2013001171;1;1;1;1;6;560;28/07/2013
2013001172;1;1;2;1;3;560;03/08/2013
2013001173;3;1;1;1;1;560;05/08/2013
2013001174;1;1;3;1;3;560;13/08/2013
2013001175;1;1;1;1;3;560;18/09/2013
2013001176;3;1;1;1;2;560;21/09/2013
2013001177;3;1;1;1;6;560;30/09/2013
2013001178;2;2;1;1;6;560;07/10/2013
2013001179;3;1;3;2;3;560;06/11/2013
2013001180;2;1;1;8;6;560;22/12/2013
2013001181;3;1;1;5;6;560;13/01/2013
2013001182;1;1;1;7;6;560;12/01/2013
2013001183;1;1;2;1;3;560;01/06/2013
2013001184;1;1;1;1;3;560;07/06/2013
2013001185;1;2;1;1;3;560;11/07/2013
2013001186;1;2;1;2;7;560;07/08/2013
2013001187;1;1;1;1;7;560;09/08/2013
2013001188;1;1;1;1;7;560;13/08/2013
2013001189;1;1;1;1;6;560;20/09/2013
2013001190;1;2;1;7;3;560;10/10/2013
2013001191;5;2;3;2;3;560;19/11/2013
2013001192;1;1;1;8;6;560;07/01/2013
2013001193;2;1;1;1;1;560;14/07/2013
2013001194;1;2;1;1;7;560;28/11/2013
2013001195;1;1;1;1;1;560;11/02/2013
2013001196;1;1;1;1;7;560;14/02/2013
2013001197;2;1;2;1;3;560;22/02/2013
2013001198;1;2;1;1;6;560;20/03/2013
2013001199;1;1;1;1;6;560;14/04/2013
2013001200;1;1;2;1;3;560;24/05/2013
2013001201;2;1;1;1;6;560;14/06/2013
2013001202;1;1;1;1;6;560;17/08/2013
2013001203;1;2;1;1;3;560;06/09/2013
2013001204;1;1;1;2;5;560;20/11/2013
2013001205;3;1;1;8;1;560;19/01/2013
2013001206;5;2;1;3;6;560;25/01/2013
2013001207;1;1;1;1;3;560;14/03/2013
2013001208;1;2;1;1;6;560;30/03/2013
2013001209;1;1;1;1;1;560;11/04/2013
2013001210;1;2;1;1;1;560;18/06/2013
2013001211;1;1;1;1;3;560;02/07/2013
2013001212;5;1;2;1;3;560;10/07/2013
2013001213;1;2;1;1;6;560;24/08/2013
2013001214;1;2;1;1;6;560;14/09/2013
2013001215;1;1;1;1;1;560;25/04/2013
2013001216;1;2;1;1;3;560;07/03/2013
2013001217;3;1;1;1;7;560;20/04/2013
2013001218;3;1;1;1;6;560;04/05/2013
2013001219;5;2;1;1;6;560;26/05/2013
2013001220;1;2;6;1;6;560;14/06/2013
2013001221;1;1;1;1;1;560;10/07/2013
2013001222;1;2;3;1;3;560;19/07/2013
2013001223;3;1;1;1;1;560;01/08/2013
2013001224;1;2;1;1;7;560;17/08/2013
2013001225;3;1;1;1;6;560;24/08/2013
2013001226;1;1;1;1;3;560;05/09/2013
2013001227;3;1;1;1;2;560;27/09/2013
2013001228;1;1;1;1;3;560;10/10/2013
2013001229;1;2;1;1;3;560;19/08/2013
2013001230;1;2;6;3;6;560;07/06/2013
2013001231;1;1;1;1;3;560;11/07/2013
2013001232;1;2;1;1;1;560;14/08/2013
2013001233;1;2;2;1;3;560;22/09/2013
2013001234;1;1;1;1;5;560;11/12/2013
2013001235;1;1;1;8;3;560;24/12/2013
2013001236;4;1;1;1;6;560;29/12/2013
2013001237;3;1;1;1;6;560;11/01/2013
2013001238;1;1;1;2;7;560;07/03/2013
2013001239;1;1;1;8;6;560;05/04/2013
2013001240;2;2;1;2;6;560;08/06/2013
2013001241;1;2;1;1;1;560;09/08/2013
2013001242;1;1;1;5;7;560;29/08/2013
2013001243;1;1;1;1;7;560;09/09/2013
2013001244;1;2;6;1;3;560;14/09/2013
2013001245;1;1;1;1;3;560;27/09/2013
2013001246;1;2;1;1;3;560;27/09/2013
2013001247;1;2;1;1;6;560;16/11/2013
2013001248;1;1;1;1;1;560;30/11/2013
2013001249;1;2;7;2;6;560;20/12/2013
2013001250;3;1;1;8;3;560;02/01/2013
2013001251;2;1;1;1;6;560;18/06/2013
2013001252;1;1;3;7;3;560;01/08/2013
2013001253;1;1;2;1;5;560;11/08/2013
2013001254;1;1;1;7;6;560;03/09/2013
2013001255;1;2;6;1;3;560;04/09/2013
2013001256;3;1;1;5;6;560;23/09/2013
2013001257;1;1;1;1;6;560;29/09/2013
2013001258;1;2;1;1;3;560;07/10/2013
2013001259;5;2;1;2;3;560;22/11/2013
2013001260;3;1;1;5;6;560;19/01/2013
2013001261;1;2;1;1;1;560;02/06/2013
2013001262;3;1;1;1;6;560;05/06/2013
2013001263;3;1;1;1;7;560;02/06/2013
2013001264;3;1;1;1;6;560;29/07/2013
2013001265;2;1;1;1;3;560;07/09/2013
2013001266;1;1;3;7;3;560;28/10/2013
2013001267;1;1;1;2;3;560;11/11/2013
2013001268;4;1;1;1;6;560;01/12/2013
2013001269;1;1;1;2;6;560;30/12/2013
2013001270;5;2;1;1;2;560;16/01/2013
2013001271;1;2;1;2;6;560;05/02/2013
2013001272;1;1;1;1;5;560;14/02/2013
2013001273;1;2;6;1;3;560;04/05/2013
2013001274;1;2;1;1;6;560;10/07/2013
2013001275;5;2;1;1;3;560;25/07/2013
2013001276;2;1;1;8;1;560;05/11/2013
2013001277;4;2;1;1;6;560;07/12/2013
2013001278;1;2;1;1;6;560;18/04/2013
2013001279;3;1;1;1;6;560;29/06/2013
2013001280;1;1;1;1;6;560;17/07/2013
2013001281;1;2;1;1;3;560;05/08/2013
2013001282;1;1;1;7;3;560;20/09/2013
2013001283;1;1;1;3;6;560;01/10/2013
2013001284;1;1;1;1;4;560;13/11/2013
2013001285;1;1;1;3;7;560;13/12/2013
2013001286;1;1;1;1;6;560;14/12/2013
2013001287;1;1;1;1;1;560;10/01/2013
2013001288;3;1;1;2;6;560;27/01/2013
2013001289;2;1;1;5;2;560;08/04/2013
2013001290;3;1;1;3;3;560;15/06/2013
2013001291;1;1;1;1;1;560;31/07/2013
2013001292;3;1;2;1;3;560;17/08/2013
2013001293;2;1;1;3;6;560;02/11/2013
2013001294;1;1;2;1;3;140;23/04/2013
2013001295;1;2;1;1;5;140;07/07/2013
2013001296;3;1;1;1;1;140;27/07/2013
2013001297;1;1;1;1;7;140;31/07/2013
2013001298;1;1;3;7;3;140;04/08/2013
2013001299;2;1;2;1;3;140;18/11/2013
2013001300;3;1;1;1;7;140;20/01/2013
2013001301;1;1;1;6;1;140;02/02/2013
2013001302;3;1;1;2;3;140;03/02/2013
2013001303;1;1;1;7;3;140;24/04/2013
2013001304;1;2;1;1;7;140;04/06/2013
2013001305;1;2;9;2;7;140;09/10/2013
2013001306;1;1;1;8;2;140;13/10/2013
2013001307;1;1;1;3;1;140;14/10/2013
2013001308;1;2;3;1;3;140;30/10/2013
2013001309;1;1;1;3;7;140;07/11/2013
2013001310;3;1;1;6;1;140;18/12/2013
2013001311;2;1;1;1;1;140;18/02/2013
2013001312;1;1;1;8;1;140;13/03/2013
2013001313;1;1;1;6;1;140;14/04/2013
2013001314;1;1;1;1;4;140;12/07/2013
2013001315;1;2;1;1;1;140;20/08/2013
2013001316;1;1;1;1;2;140;08/09/2013
2013001317;3;2;1;1;6;140;13/10/2013
2013001318;1;2;1;1;2;140;02/10/2013
2013001319;3;1;1;1;1;140;05/12/2013
2013001320;1;2;6;2;6;140;22/01/2013
2013001321;2;2;7;7;6;140;07/06/2013
2013001322;1;2;9;1;3;140;05/08/2013
2013001323;1;2;1;7;1;140;03/09/2013
2013001324;1;2;2;1;3;140;15/10/2013
2013001325;1;1;1;1;6;140;28/12/2013
2013001326;3;1;1;8;1;140;19/05/2013
2013001327;1;2;1;1;3;140;07/09/2013
2013001328;2;1;1;8;2;140;05/10/2013
2013001329;1;1;1;1;1;140;12/10/2013
2013001330;3;1;1;3;1;140;24/11/2013
2013001331;3;1;1;2;6;140;03/12/2013
2013001332;1;1;2;1;3;140;26/03/2013
2013001333;1;1;1;1;3;140;12/05/2013
2013001334;1;2;1;1;6;140;09/07/2013
2013001335;5;2;1;1;6;140;21/09/2013
2013001336;3;1;1;1;6;140;02/12/2013
2013001337;5;2;1;1;3;140;09/12/2013
2013001338;1;1;1;1;1;140;19/02/2013
2013001339;3;2;1;8;7;140;10/04/2013
2013001340;1;1;3;1;1;140;17/04/2013
2013001341;1;1;1;1;7;140;09/08/2013
2013001342;1;1;1;2;7;140;28/09/2013
2013001343;3;1;1;1;2;140;11/11/2013
2013001344;1;1;1;1;3;140;18/11/2013
2013001345;2;1;1;8;6;140;26/11/2013
2013001346;5;1;1;2;3;140;31/12/2013
2013001347;1;2;1;1;1;140;18/02/2013
2013001348;1;1;1;4;7;140;24/02/2013
2013001349;1;1;1;1;7;140;22/03/2013
2013001350;1;1;1;1;6;140;17/06/2013
2013001351;5;2;1;1;6;140;29/08/2013
2013001352;1;1;1;1;3;140;02/09/2013
2013001353;3;1;1;1;6;140;30/11/2013
2013001354;1;1;1;4;1;140;21/01/2013
2013001355;1;1;2;2;3;140;10/02/2013
2013001356;1;2;3;7;3;140;21/02/2013
2013001357;1;1;3;1;3;140;12/04/2013
2013001358;2;1;1;1;6;140;30/07/2013
2013001359;1;2;1;1;6;140;05/08/2013
2013001360;1;1;2;1;3;140;26/08/2013
2013001361;1;2;1;1;2;140;10/09/2013
2013001362;1;1;1;1;6;140;20/09/2013
2013001363;5;2;1;1;1;140;02/12/2013
2013001364;3;1;1;3;5;140;27/12/2013
2013001365;1;1;1;1;2;140;23/03/2013
2013001366;1;1;1;2;6;140;09/01/2013
2013001367;5;1;2;2;3;140;15/01/2013
2013001368;1;1;1;1;6;140;17/06/2013
2013001369;1;1;1;1;1;140;03/08/2013
2013001370;1;2;1;1;1;140;20/08/2013
2013001371;1;1;1;1;6;140;21/08/2013
2013001372;1;2;1;2;1;140;09/11/2013
2013001373;1;2;1;1;6;140;11/12/2013
2013001374;1;1;9;1;3;140;19/12/2013
2013001375;3;1;1;4;6;140;24/02/2013
2013001376;1;1;1;1;6;140;18/04/2013
2013001377;3;1;1;5;3;140;25/04/2013
2013001378;1;1;1;1;2;140;24/04/2013
2013001379;2;2;8;1;6;140;26/05/2013
2013001380;1;1;1;1;3;140;22/11/2013
2013001381;2;1;1;1;2;140;26/12/2013
2013001382;1;1;2;2;3;140;06/03/2013
2013001383;1;2;1;1;1;140;28/03/2013
2013001384;1;1;1;7;2;140;21/04/2013
2013001385;1;2;1;1;6;140;29/06/2013
2013001386;1;1;1;1;6;140;30/06/2013
2013001387;1;1;1;3;2;140;07/08/2013
2013001388;1;1;1;1;5;140;23/08/2013
2013001389;1;2;1;2;2;140;08/11/2013
2013001390;1;1;2;2;3;140;09/11/2013
2013001391;1;1;3;1;3;140;30/12/2013
2013001392;1;1;1;4;6;140;15/01/2013
2013001393;1;1;1;1;6;140;14/04/2013
2013001394;1;1;1;1;6;140;01/06/2013
2013001395;1;2;1;1;1;140;18/07/2013
2013001396;1;1;1;1;6;140;16/08/2013
2013001397;1;1;1;1;1;140;12/09/2013
2013001398;1;1;1;1;1;140;24/04/2013
2013001399;1;1;3;1;1;140;04/06/2013
2013001400;1;1;9;1;3;140;05/07/2013
2013001401;1;2;1;1;5;140;08/07/2013
2013001402;2;1;1;1;2;140;26/12/2013
2013001403;1;1;1;1;7;500;14/07/2013
2013001404;1;2;1;1;1;500;23/07/2013
2013001405;3;1;1;1;2;500;07/02/2013
2013001406;3;1;2;1;3;500;26/02/2013
2013001407;1;2;1;1;6;500;27/07/2013
2013001408;2;1;1;2;6;500;22/09/2013
2013001409;1;2;1;8;6;500;22/11/2013
2013001410;5;1;1;2;6;940;10/02/2013
2013001411;1;1;1;2;6;940;11/02/2013
2013001412;1;1;1;1;6;940;24/03/2013
2013001413;1;1;1;2;6;940;18/03/2013
2013001414;1;1;1;1;6;940;14/05/2013
2013001415;1;1;1;1;6;940;17/05/2013
2013001416;1;1;1;1;7;500;29/04/2013
2013001417;5;1;1;8;6;940;23/05/2013
2013001418;1;2;1;1;1;500;27/05/2013
2013001419;1;1;1;1;7;940;09/07/2013
2013001420;1;1;3;1;3;940;10/07/2013
2013001421;1;1;1;1;2;940;17/07/2013
2013001422;1;1;1;1;4;940;31/07/2013
2013001423;1;1;1;1;1;500;07/07/2013
2013001424;1;1;1;1;1;940;27/09/2013
2013001425;1;1;1;1;2;940;29/09/2013
2013001426;1;1;1;5;6;940;18/10/2013
2013001427;1;1;1;1;7;940;02/11/2013
2013001428;5;1;1;2;6;940;07/11/2013
2013001429;1;1;1;8;6;940;19/11/2013
2013001430;1;1;3;8;3;940;24/11/2013
2013001431;1;1;1;8;6;940;27/11/2013
2013001432;1;1;1;1;6;940;19/12/2013
2013001433;1;1;2;1;3;500;07/04/2013
2013001434;3;1;1;1;6;500;18/06/2013
2013001435;1;1;1;1;3;500;02/08/2013
2013001436;1;1;1;7;2;500;12/08/2013
2013001437;1;2;1;7;6;500;04/09/2013
2013001438;1;1;3;1;1;500;20/09/2013
2013001439;5;2;9;1;6;500;26/10/2013
2013001440;3;1;1;1;6;500;08/12/2013
2013001441;3;1;1;2;2;500;26/01/2013
2013001442;1;1;1;1;6;500;22/04/2013
2013001443;3;1;1;1;6;500;26/05/2013
2013001444;1;1;1;1;1;500;31/05/2013
2013001445;2;1;1;8;2;500;22/06/2013
2013001446;1;1;2;1;3;500;11/08/2013
2013001447;1;2;4;1;2;500;22/08/2013
2013001448;1;2;1;1;6;500;13/10/2013
2013001449;2;1;1;8;7;500;26/10/2013
2013001450;2;1;2;1;3;500;31/10/2013
2013001451;1;2;1;7;6;500;11/11/2013
2013001452;1;2;1;1;6;500;21/02/2013
2013001453;1;1;1;1;3;500;30/03/2013
2013001454;3;1;1;2;7;500;09/04/2013
2013001455;2;1;2;1;3;500;23/05/2013
2013001456;1;1;1;1;3;500;23/08/2013
2013001457;3;1;1;1;1;500;03/11/2013
2013001458;1;1;3;1;3;500;03/11/2013
2013001459;1;1;1;8;4;500;28/01/2013
2013001460;2;1;1;1;7;500;28/03/2013
2013001461;1;1;2;1;3;500;17/05/2013
2013001462;1;1;2;1;1;500;06/06/2013
2013001463;1;2;3;1;5;500;26/10/2013
2013001464;1;2;7;1;7;500;01/11/2013
2013001465;1;1;3;1;2;500;11/01/2013
2013001466;1;1;1;1;6;500;16/02/2013
2013001467;3;1;1;1;6;500;19/02/2013
2013001468;1;1;1;1;3;500;08/07/2013
2013001469;1;1;2;7;3;500;09/07/2013
2013001470;1;2;3;1;3;500;22/07/2013
2013001471;2;2;2;2;3;500;22/01/2013
2013001472;1;1;1;9;1;500;20/02/2013
2013001473;1;1;2;1;1;500;14/04/2013
2013001474;3;1;1;1;6;500;01/06/2013
2013001475;1;1;1;1;1;500;08/06/2013
2013001476;1;1;2;2;3;500;22/06/2013
2013001477;3;1;1;1;1;500;30/07/2013
2013001478;1;1;1;2;1;500;08/09/2013
2013001479;1;1;1;1;1;500;18/09/2013
2013001480;1;2;1;1;3;500;18/09/2013
2013001481;2;1;1;1;3;500;27/09/2013
2013001482;5;2;3;2;6;500;05/02/2013
2013001483;1;1;1;1;7;500;07/06/2013
2013001484;1;1;1;1;1;500;21/07/2013
2013001485;1;1;2;1;3;500;05/10/2013
2013001486;5;2;1;1;6;500;25/01/2013
2013001487;3;1;1;1;6;500;06/02/2013
2013001488;1;1;1;1;1;500;25/02/2013
2013001489;1;2;1;1;6;500;18/05/2013
2013001490;1;1;1;1;7;500;04/06/2013
2013001491;1;1;2;1;1;500;06/06/2013
2013001492;1;2;1;1;3;500;18/07/2013
2013001493;1;1;3;1;3;500;21/07/2013
2013001494;1;2;3;1;3;500;05/09/2013
2013001495;1;1;1;1;6;500;17/10/2013
2013001496;1;1;2;1;5;500;06/12/2013
2013001497;5;2;1;2;6;500;17/12/2013
2013001498;3;1;1;2;3;500;19/12/2013
2013001499;1;1;1;2;1;500;21/03/2013
2013001500;3;1;1;1;6;500;29/03/2013
2013001501;1;1;2;1;3;500;18/05/2013
2013001502;3;1;1;1;6;500;31/12/2013
2013001503;1;1;1;1;6;500;18/05/2013
2013001504;1;1;2;1;3;500;15/08/2013
2013001505;3;2;1;1;6;500;18/08/2013
2013001506;2;1;1;8;1;500;31/08/2013
2013001507;1;1;3;1;4;500;23/09/2013
2013001508;2;1;1;1;1;500;30/09/2013
2013001509;3;1;1;1;1;500;20/10/2013
2013001510;3;1;1;9;6;500;14/11/2013
2013001511;3;1;1;3;5;500;18/11/2013
2013001512;2;1;3;1;1;500;16/02/2013
2013001513;1;1;1;1;5;500;08/05/2013
2013001514;3;1;1;1;6;500;18/05/2013
2013001515;1;1;1;1;7;500;25/05/2013
2013001516;1;1;2;1;1;500;13/06/2013
2013001517;1;1;2;1;3;500;19/06/2013
2013001518;1;2;2;1;3;500;24/06/2013
2013001519;1;1;1;1;6;500;30/06/2013
2013001520;1;2;3;1;3;500;01/07/2013
2013001521;1;2;1;1;6;500;10/07/2013
2013001522;1;1;1;1;6;500;17/07/2013
2013001523;3;1;1;1;6;500;31/08/2013
2013001524;1;1;1;7;1;500;07/09/2013
2013001525;3;1;1;2;6;500;29/09/2013
2013001526;3;1;1;5;3;500;29/09/2013
2013001527;1;2;1;7;6;500;29/10/2013
2013001528;3;1;2;5;3;500;06/01/2013
2013001529;1;1;3;1;3;500;17/01/2013
2013001530;3;1;1;8;6;500;14/04/2013
2013001531;1;1;1;1;6;500;04/06/2013
2013001532;1;2;1;1;6;500;03/07/2013
2013001533;1;1;1;1;7;500;02/07/2013
2013001534;1;1;1;1;7;500;24/08/2013
2013001535;1;1;1;7;6;500;02/09/2013
2013001536;1;1;1;1;6;500;03/09/2013
2013001537;1;1;1;1;1;500;15/11/2013
2013001538;1;2;4;1;3;500;23/11/2013
2013001539;1;1;1;5;6;500;29/11/2013
2013001540;2;2;1;1;6;500;16/01/2013
2013001541;1;2;2;1;6;500;13/05/2013
2013001542;1;2;2;8;3;10;04/01/2013
2013001543;3;1;1;1;7;10;12/01/2013
2013001544;5;2;3;1;3;10;14/01/2013
2013001545;1;2;2;4;7;10;15/01/2013
2013001546;1;2;1;4;6;10;15/01/2013
2013001547;1;2;3;1;1;10;20/01/2013
2013001548;5;2;2;8;6;10;28/01/2013
2013001549;2;2;2;1;7;10;29/01/2013
2013001550;1;2;1;1;6;10;31/01/2013
2013001551;5;2;2;2;6;10;01/02/2013
2013001552;3;1;1;2;2;10;04/02/2013
2013001553;5;2;6;2;6;10;06/02/2013
2013001554;1;2;2;1;3;10;18/02/2013
2013001555;1;2;2;1;3;10;21/02/2013
2013001556;1;2;3;1;3;10;21/02/2013
2013001557;5;2;2;5;7;10;01/03/2013
2013001558;1;1;6;8;3;10;01/03/2013
2013001559;1;1;3;1;6;10;07/03/2013
2013001560;1;1;3;1;3;10;12/03/2013
2013001561;5;2;1;1;2;10;15/03/2013
2013001562;1;1;1;1;2;10;15/03/2013
2013001563;5;2;2;1;1;10;15/03/2013
2013001564;1;2;3;8;6;10;18/03/2013
2013001565;1;1;1;1;1;10;24/03/2013
2013001566;1;2;1;1;2;10;27/03/2013
2013001567;5;2;1;2;1;10;30/03/2013
2013001568;1;1;1;1;4;10;02/04/2013
2013001569;1;2;1;1;1;10;06/04/2013
2013001570;1;2;2;1;3;10;07/04/2013
2013001571;1;2;2;1;2;10;08/04/2013
2013001572;1;2;2;1;1;10;08/04/2013
2013001573;1;1;1;1;6;10;15/04/2013
2013001574;1;2;1;1;2;10;17/04/2013
2013001575;1;2;2;1;6;10;17/04/2013
2013001576;1;2;1;1;5;10;19/04/2013
2013001577;1;2;1;1;6;10;22/04/2013
2013001578;1;1;2;1;3;10;25/04/2013
2013001579;5;2;6;2;7;10;27/04/2013
2013001580;1;2;3;2;7;10;29/04/2013
2013001581;1;1;2;1;3;10;06/05/2013
2013001582;1;1;6;2;2;10;10/05/2013
2013001583;1;2;1;1;6;10;11/05/2013
2013001584;1;2;2;1;3;10;12/05/2013
2013001585;1;2;3;1;3;10;14/05/2013
2013001586;5;2;1;2;5;10;17/05/2013
2013001587;1;2;1;8;1;10;17/05/2013
2013001588;1;2;6;2;2;10;19/05/2013
2013001589;1;2;1;1;4;10;25/05/2013
2013001590;1;2;1;1;6;10;27/05/2013
2013001591;2;1;1;2;1;10;02/06/2013
2013001592;1;2;1;1;3;10;09/06/2013
2013001593;1;2;3;1;3;10;13/06/2013
2013001594;1;2;2;1;1;10;18/06/2013
2013001595;1;1;1;1;3;10;20/06/2013
2013001596;1;1;1;1;6;10;21/06/2013
2013001597;1;2;3;1;3;10;24/06/2013
2013001598;1;1;1;1;1;10;25/06/2013
2013001599;1;2;1;1;6;10;25/06/2013
2013001600;1;1;1;1;3;10;05/07/2013
2013001601;1;2;3;1;3;10;09/07/2013
2013001602;1;2;2;1;3;10;09/07/2013
2013001603;1;1;1;1;2;10;10/07/2013
2013001604;5;2;1;1;6;10;11/07/2013
2013001605;5;1;2;1;3;10;13/07/2013
2013001606;1;1;6;1;3;10;14/07/2013
2013001607;1;2;1;1;3;10;27/07/2013
2013001608;5;2;1;1;1;10;31/07/2013
2013001609;1;2;6;1;3;10;05/08/2013
2013001610;1;2;3;3;3;10;07/08/2013
2013001611;1;1;1;3;3;10;08/08/2013
2013001612;1;2;3;1;2;10;12/08/2013
2013001613;1;1;1;1;5;10;13/08/2013
2013001614;1;2;1;1;2;10;15/08/2013
2013001615;1;2;1;2;6;10;27/08/2013
2013001616;1;2;6;1;3;10;03/09/2013
2013001617;2;1;5;2;5;10;07/09/2013
2013001618;1;2;1;1;2;10;13/09/2013
2013001619;5;2;2;1;3;10;13/09/2013
2013001620;1;2;3;5;3;10;23/09/2013
2013001621;1;2;1;1;7;10;23/09/2013
2013001622;1;2;2;7;3;10;27/09/2013
2013001623;5;1;1;5;6;10;13/10/2013
2013001624;1;2;3;1;3;10;20/10/2013
2013001625;1;1;5;7;3;10;22/10/2013
2013001626;1;2;1;1;6;10;03/11/2013
2013001627;5;2;1;2;1;10;08/11/2013
2013001628;1;2;2;1;3;10;09/11/2013
2013001629;1;2;3;1;3;10;13/11/2013
2013001630;5;2;2;1;3;10;23/11/2013
2013001631;1;2;1;8;7;10;23/11/2013
2013001632;1;1;7;1;3;10;30/11/2013
2013001633;1;2;1;1;2;10;01/12/2013
2013001634;5;2;1;1;6;10;02/12/2013
2013001635;1;1;1;1;2;10;02/12/2013
2013001636;2;2;1;1;1;10;02/12/2013
2013001637;1;2;3;1;3;10;04/12/2013
2013001638;1;1;6;5;2;10;05/12/2013
2013001639;1;2;1;1;6;10;09/12/2013
2013001640;1;1;6;5;7;10;11/12/2013
2013001641;5;2;3;1;3;10;16/12/2013
2013001642;5;1;8;1;6;10;23/12/2013
2013001643;1;2;1;1;2;10;31/12/2013
2013001644;1;1;1;2;2;610;18/03/2013
2013001645;1;1;1;1;1;610;30/10/2013
2013001646;1;2;1;1;6;610;10/04/2013
2013001647;3;1;1;1;7;610;24/11/2013
2013001648;1;1;2;1;3;610;25/11/2013
2013001649;1;1;1;9;7;610;13/12/2013
2013001650;1;2;2;1;3;610;21/12/2013
2013001651;3;1;1;1;7;610;17/02/2013
2013001652;2;2;1;1;6;610;21/03/2013
2013001653;1;1;1;1;6;610;02/09/2013
2013001654;3;1;1;1;6;610;20/10/2013
2013001655;1;1;1;1;5;610;19/12/2013
2013001656;2;1;3;1;3;610;31/12/2013
2013001657;3;1;1;4;1;610;11/03/2013
2013001658;1;1;1;1;1;610;16/08/2013
2013001659;3;1;1;2;6;610;25/08/2013
2013001660;3;1;3;2;3;610;11/09/2013
2013001661;1;2;2;2;5;610;15/03/2013
2013001662;1;1;1;1;2;610;10/08/2013
2013001663;1;1;1;7;6;610;04/11/2013
2013001664;1;1;1;1;2;610;03/01/2013
2013001665;3;1;1;1;5;610;16/01/2013
2013001666;1;1;1;1;7;610;06/02/2013
2013001667;1;1;3;1;2;610;26/06/2013
2013001668;1;2;1;1;3;610;18/07/2013
2013001669;1;1;3;1;3;610;17/08/2013
2013001670;1;2;3;1;6;610;25/08/2013
2013001671;1;1;1;1;7;610;02/09/2013
2013001672;2;1;1;2;1;610;05/11/2013
2013001673;2;1;1;2;7;610;24/01/2013
2013001674;3;1;1;1;7;610;05/03/2013
2013001675;1;1;1;1;6;610;17/03/2013
2013001676;1;1;1;1;3;610;27/07/2013
2013001677;1;1;2;1;1;610;07/09/2013
2013001678;3;1;1;1;6;610;02/03/2013
2013001679;1;1;3;1;3;610;04/03/2013
2013001680;1;2;1;1;3;610;20/04/2013
2013001681;1;2;1;1;7;610;22/04/2013
2013001682;3;1;2;8;3;610;09/03/2013
2013001683;1;1;2;1;3;610;29/05/2013
2013001684;1;1;1;1;7;610;08/07/2013
2013001685;3;1;1;1;1;610;09/10/2013
2013001686;3;1;1;2;1;610;26/10/2013
2013001687;1;1;3;1;3;610;18/11/2013
2013001688;1;1;1;2;1;610;27/12/2013
2013001689;1;2;2;1;3;610;03/03/2013
2013001690;1;1;3;2;3;610;17/03/2013
2013001691;1;1;2;1;3;610;31/07/2013
2013001692;3;1;1;1;7;610;09/08/2013
2013001693;2;1;1;1;7;610;14/10/2013
2013001694;1;1;1;1;1;610;18/12/2013
2013001695;5;2;1;1;6;440;21/04/2013
2013001696;1;1;6;1;3;440;01/09/2013
2013001697;1;2;6;1;3;440;02/09/2013
2013001698;1;2;1;1;3;440;05/10/2013
2013001699;4;2;1;2;6;440;09/11/2013
2013001700;3;1;1;1;5;440;23/11/2013
2013001701;4;1;1;1;3;440;16/12/2013
2013001702;1;2;9;3;6;440;27/12/2013
2013001703;1;2;1;1;1;440;23/01/2013
2013001704;5;1;1;1;5;440;03/02/2013
2013001705;1;1;1;1;3;440;06/05/2013
2013001706;1;2;9;1;1;440;03/09/2013
2013001707;1;1;6;7;3;440;16/11/2013
2013001708;1;1;1;3;1;440;12/01/2013
2013001709;3;1;1;1;6;440;23/04/2013
2013001710;1;1;1;1;1;440;28/04/2013
2013001711;1;1;1;2;7;440;30/05/2013
2013001712;1;2;9;1;2;440;01/06/2013
2013001713;3;1;1;1;3;440;13/07/2013
2013001714;1;1;1;1;1;440;09/09/2013
2013001715;1;1;3;5;3;440;12/11/2013
2013001716;1;1;1;3;1;440;01/02/2013
2013001717;3;1;1;1;6;440;16/03/2013
2013001718;1;1;2;2;3;440;18/05/2013
2013001719;1;1;1;1;7;440;23/06/2013
2013001720;3;2;1;1;6;440;05/10/2013
2013001721;2;1;1;8;5;440;16/01/2013
2013001722;3;1;2;1;3;440;14/02/2013
2013001723;1;2;6;1;3;440;10/07/2013
2013001724;1;2;1;1;6;440;11/07/2013
2013001725;1;1;6;1;3;440;20/08/2013
2013001726;1;2;1;1;3;440;03/09/2013
2013001727;1;1;1;2;5;440;28/09/2013
2013001728;5;2;1;1;6;440;23/11/2013
2013001729;3;1;1;9;6;440;01/12/2013
2013001730;2;1;1;7;7;440;25/04/2013
2013001731;3;1;6;3;6;440;19/05/2013
2013001732;2;1;1;7;3;440;26/05/2013
2013001733;1;1;1;1;3;440;30/06/2013
2013001734;1;1;2;1;3;440;31/08/2013
2013001735;1;2;1;1;6;440;13/09/2013
2013001736;3;1;1;1;6;440;02/10/2013