num_acc;lum;agg;inter;atm;col;dep;date
2013002892;1;1;1;1;1;470;24/09/2013
2013002893;1;2;3;1;3;470;02/10/2013
2013002894;3;1;1;2;1;470;07/03/2013
2013002895;1;1;1;1;6;470;26/03/2013
2013002896;1;2;2;1;3;470;22/06/2013
2013002897;1;1;1;1;1;470;11/07/2013
2013002898;1;1;3;7;1;470;12/08/2013
2013002899;1;1;1;1;6;470;02/09/2013
2013002900;1;2;1;2;6;470;03/10/2013
2013002901;1;1;1;1;1;470;10/03/2013
2013002902;1;1;1;1;1;470;16/05/2013
2013002903;1;1;1;3;6;470;21/05/2013
2013002904;3;1;1;1;6;470;13/07/2013
2013002905;1;2;2;7;3;470;06/10/2013
2013002906;2;1;1;1;3;470;24/11/2013
2013002907;1;1;6;1;6;470;26/05/2013
2013002908;1;1;1;1;7;470;04/08/2013
2013002909;2;2;1;2;6;470;16/10/2013
2013002910;5;2;3;3;3;470;11/02/2013
2013002911;3;1;1;1;5;470;30/03/2013
2013002912;1;2;1;1;6;470;08/04/2013
2013002913;3;1;1;9;7;470;25/10/2013
2013002914;3;2;1;1;3;470;16/11/2013
2013002915;2;2;1;1;6;640;22/02/2013
2013002916;1;1;6;1;3;640;08/05/2013
2013002917;1;1;1;8;6;640;29/06/2013
2013002918;1;1;1;1;1;640;03/07/2013
2013002919;1;1;1;1;1;640;19/07/2013
2013002920;1;1;1;1;3;640;22/07/2013
2013002921;3;1;1;3;6;640;15/11/2013
2013002922;1;2;1;1;2;640;21/12/2013
2013002923;2;1;1;4;6;640;22/01/2013
2013002924;1;1;1;8;1;640;13/03/2013
2013002925;1;1;1;1;3;640;23/04/2013
2013002926;4;1;9;1;6;640;04/05/2013
2013002927;2;2;3;7;3;640;05/07/2013
2013002928;1;1;1;1;3;640;27/07/2013
2013002929;3;2;1;1;6;640;10/08/2013
2013002930;5;1;1;3;2;640;21/11/2013
2013002931;5;2;1;1;6;640;06/01/2013
2013002932;3;1;1;2;7;640;20/01/2013
2013002933;1;1;1;1;2;640;15/02/2013
2013002934;1;2;1;1;2;640;08/04/2013
2013002935;1;2;1;1;3;640;07/05/2013
2013002936;1;2;1;1;6;640;24/06/2013
2013002937;1;2;1;1;6;640;01/07/2013
2013002938;1;2;1;1;6;640;09/07/2013
2013002939;1;2;9;1;3;640;03/10/2013
2013002940;1;1;1;8;3;640;16/01/2013
2013002941;1;1;1;1;3;640;13/04/2013
2013002942;1;1;1;1;6;640;14/06/2013
2013002943;1;1;1;1;3;640;16/06/2013
2013002944;3;1;1;1;6;640;27/10/2013
2013002945;3;1;1;2;6;640;13/12/2013
2013002946;1;1;1;1;3;640;06/05/2013
2013002947;1;2;1;1;1;640;30/06/2013
2013002948;1;1;1;1;3;640;17/10/2013
2013002949;1;1;1;1;3;640;02/03/2013
2013002950;1;1;1;2;1;640;20/03/2013
2013002951;1;1;1;1;6;640;14/08/2013
2013002952;1;1;1;1;3;640;29/01/2013
2013002953;1;1;1;1;1;640;30/01/2013
2013002954;1;1;1;1;1;640;20/02/2013
2013002955;1;1;1;1;7;640;14/04/2013
2013002956;1;1;1;1;3;640;22/06/2013
2013002957;1;2;2;1;3;640;19/07/2013
2013002958;1;1;1;1;3;640;21/09/2013
2013002959;1;2;6;3;6;640;12/11/2013
2013002960;4;1;9;1;6;640;10/12/2013
2013002961;1;2;1;8;6;640;29/12/2013
2013002962;5;1;6;1;6;640;11/01/2013
2013002963;1;1;1;2;6;640;15/01/2013
2013002964;1;1;1;1;7;640;03/02/2013
2013002965;1;1;1;1;1;640;03/02/2013
2013002966;1;1;1;8;3;640;13/06/2013
2013002967;1;2;1;1;1;640;05/07/2013
2013002968;1;1;1;1;3;640;09/07/2013
2013002969;1;2;1;1;3;640;12/07/2013
2013002970;2;1;1;5;6;640;14/09/2013
2013002971;1;1;1;1;6;640;16/09/2013
2013002972;5;2;1;2;6;640;20/11/2013
2013002973;1;1;1;3;7;640;31/05/2013
2013002974;1;2;1;1;3;640;22/06/2013
2013002975;1;1;1;1;3;640;07/07/2013
2013002976;2;1;1;1;1;640;12/07/2013
2013002977;1;2;6;1;7;640;04/08/2013
2013002978;1;1;1;1;5;640;22/08/2013
2013002979;3;1;1;1;7;640;19/10/2013
2013002980;5;2;1;3;6;640;15/11/2013
2013002981;2;1;1;9;1;640;25/01/2013
2013002982;5;1;3;1;3;640;21/10/2013
2013002983;1;1;1;2;7;640;11/02/2013
2013002984;2;1;1;1;7;640;15/04/2013
2013002985;1;1;1;1;5;640;29/06/2013
2013002986;1;1;1;2;7;640;16/09/2013
2013002987;1;2;1;1;1;640;30/04/2013
2013002988;1;2;1;2;3;640;24/05/2013
2013002989;1;1;1;1;6;640;26/05/2013
2013002990;1;1;1;1;4;640;10/07/2013
2013002991;1;2;9;1;3;640;12/07/2013
2013002992;5;2;1;1;6;640;19/07/2013
2013002993;1;1;1;1;1;640;26/07/2013
2013002994;1;2;6;1;3;640;06/12/2013
2013002995;3;1;1;1;1;640;10/12/2013
2013002996;3;1;1;1;6;640;21/04/2013
2013002997;1;1;1;1;7;640;21/07/2013
2013002998;1;2;1;7;5;640;12/06/2013
2013002999;1;1;1;1;6;640;23/07/2013
2013003000;1;2;3;1;3;640;30/07/2013
2013003001;1;1;1;1;1;640;05/10/2013
2013003002;2;1;1;1;1;640;04/12/2013
2013003003;1;1;1;1;1;640;07/12/2013
2013003004;1;2;1;1;1;640;16/02/2013
2013003005;1;2;1;8;1;640;17/05/2013
2013003006;1;1;1;8;1;640;19/05/2013
2013003007;1;1;1;1;7;640;23/11/2013
2013003008;1;1;1;1;1;640;23/12/2013
2013003009;1;1;1;1;1;640;31/10/2013
2013003010;1;1;1;1;3;640;15/11/2013
2013003011;1;1;1;1;7;860;25/01/2013
2013003012;1;2;1;1;6;860;28/02/2013
2013003013;1;2;1;1;6;860;12/04/2013
2013003014;3;1;1;5;7;860;02/05/2013
2013003015;3;1;1;1;7;860;04/08/2013
2013003016;2;2;2;8;1;860;21/12/2013
2013003017;3;1;1;2;6;860;25/12/2013
2013003018;1;1;1;1;7;860;11/05/2013
2013003019;1;1;1;1;6;860;05/07/2013
2013003020;1;1;1;7;1;860;06/07/2013
2013003021;1;2;1;1;3;860;18/07/2013
2013003022;1;1;1;1;7;860;23/08/2013
2013003023;2;1;1;2;3;860;13/09/2013
2013003024;2;1;1;1;7;860;29/10/2013
2013003025;1;1;1;1;1;860;12/12/2013
2013003026;3;1;1;1;1;860;27/09/2013
2013003027;1;1;1;1;5;860;24/07/2013
2013003028;1;2;1;1;3;860;15/07/2013
2013003029;1;1;1;1;1;860;18/10/2013
2013003030;5;2;1;1;1;860;19/11/2013
2013003031;1;1;1;7;3;860;06/06/2013
2013003032;1;1;2;1;3;860;24/03/2013
2013003033;2;1;1;1;1;860;10/04/2013
2013003034;2;1;1;1;6;860;19/05/2013
2013003035;1;1;1;1;1;860;12/07/2013
2013003036;1;1;1;1;6;860;01/08/2013
2013003037;1;1;1;7;1;860;11/09/2013
2013003038;1;1;3;3;3;860;05/11/2013
2013003039;3;1;1;3;6;860;10/11/2013
2013003040;3;1;1;1;6;860;01/12/2013
2013003041;1;1;1;7;6;860;15/12/2013
2013003042;3;1;1;1;6;860;11/06/2013
2013003043;1;1;2;1;3;860;11/10/2013
2013003044;2;1;2;1;3;860;22/11/2013
2013003045;1;1;2;1;3;860;08/12/2013
2013003046;1;1;1;1;7;860;23/03/2013
2013003047;2;1;1;3;1;860;11/04/2013
2013003048;2;1;1;9;6;860;14/12/2013
2013003049;3;2;1;1;6;860;02/04/2013
2013003050;1;1;2;1;3;860;20/04/2013
2013003051;1;1;1;1;3;860;02/10/2013
2013003052;2;1;1;1;1;860;20/02/2013
2013003053;2;1;1;9;6;860;14/04/2013
2013003054;3;1;9;3;3;860;02/08/2013
2013003055;1;1;8;1;1;860;24/09/2013
2013003056;5;2;1;8;6;860;07/01/2013
2013003057;1;1;1;1;1;860;15/02/2013
2013003058;1;1;1;2;3;860;13/06/2013
2013003059;1;1;1;1;5;860;17/06/2013
2013003060;1;1;1;2;7;860;28/06/2013
2013003061;1;1;2;2;3;860;09/09/2013
2013003062;2;1;1;2;1;860;18/09/2013
2013003063;3;1;1;8;6;860;10/11/2013
2013003064;5;2;1;2;6;860;14/11/2013
2013003065;1;1;1;3;7;860;27/01/2013
2013003066;1;1;1;1;3;860;04/03/2013
2013003067;1;1;1;1;7;860;06/04/2013
2013003068;1;1;2;1;3;860;16/06/2013
2013003069;3;1;1;2;1;860;03/11/2013
2013003070;1;1;1;1;7;860;20/01/2013
2013003071;1;1;1;9;1;860;23/01/2013
2013003072;3;1;1;1;6;860;17/11/2013
2013003073;5;2;1;8;6;860;14/11/2013
2013003074;1;1;1;1;3;860;26/03/2013
2013003075;1;1;1;5;4;160;02/01/2013
2013003076;1;1;6;1;7;160;31/05/2013
2013003077;1;1;1;1;7;160;26/06/2013
2013003078;2;1;1;1;2;160;31/07/2013
2013003079;1;1;9;1;2;160;03/08/2013
2013003080;2;1;1;1;6;160;28/08/2013
2013003081;1;2;1;1;6;160;02/10/2013
2013003082;1;1;9;1;2;160;16/11/2013
2013003083;3;1;2;1;6;160;11/01/2013
2013003084;3;1;1;2;1;160;14/11/2013
2013003085;1;1;2;1;3;160;27/04/2013
2013003086;3;2;1;1;1;160;06/06/2013
2013003087;3;1;1;1;3;160;13/06/2013
2013003088;1;1;1;1;6;160;07/07/2013
2013003089;1;2;1;1;6;160;21/07/2013
2013003090;1;2;1;1;3;160;10/08/2013
2013003091;1;1;1;1;1;160;02/05/2013
2013003092;1;1;1;1;1;160;10/05/2013
2013003093;1;1;1;1;7;160;08/08/2013
2013003094;1;2;1;1;6;160;08/11/2013
2013003095;1;1;3;1;1;160;07/05/2013
2013003096;2;1;1;1;7;160;06/06/2013
2013003097;1;1;1;1;1;160;07/06/2013
2013003098;1;1;2;1;3;160;21/06/2013
2013003099;1;1;1;1;1;160;10/07/2013
2013003100;1;2;6;1;2;160;14/07/2013
2013003101;2;1;1;1;6;160;28/07/2013
2013003102;1;1;1;1;2;160;02/08/2013
2013003103;4;2;1;1;6;160;11/08/2013
2013003104;1;1;2;1;3;160;25/08/2013
2013003105;3;1;1;3;6;160;14/10/2013
2013003106;2;1;1;1;6;160;12/11/2013
2013003107;3;1;1;1;7;160;02/04/2013
2013003108;1;1;1;1;7;160;20/04/2013
2013003109;1;1;1;1;6;160;04/03/2013
2013003110;1;2;1;1;2;160;14/06/2013
2013003111;1;1;3;1;1;160;04/07/2013
2013003112;1;1;1;1;7;160;09/07/2013
2013003113;1;2;1;8;6;160;06/08/2013
2013003114;1;1;3;1;1;160;09/08/2013
2013003115;1;1;1;8;6;160;04/10/2013
2013003116;1;1;1;2;6;160;12/11/2013
2013003117;4;1;1;1;6;160;24/11/2013
2013003118;3;1;1;1;6;160;24/11/2013
2013003119;1;2;1;1;6;160;30/12/2013
2013003120;5;2;3;2;3;160;09/01/2013
2013003121;1;2;1;1;3;160;05/04/2013
2013003122;4;2;1;1;6;160;04/05/2013
2013003123;1;1;1;1;6;160;20/07/2013
2013003124;1;1;1;2;7;160;06/08/2013
2013003125;1;1;3;1;3;160;11/08/2013
2013003126;1;1;1;1;5;160;30/08/2013
2013003127;3;1;1;1;6;160;15/09/2013
2013003128;1;2;1;8;3;160;12/09/2013
2013003129;1;1;1;8;1;160;09/10/2013
2013003130;1;1;1;8;6;160;13/10/2013
2013003131;5;1;1;1;1;160;06/11/2013
2013003132;1;1;1;1;7;160;22/11/2013
2013003133;1;1;1;1;3;160;19/04/2013
2013003134;1;1;2;1;3;160;28/04/2013
2013003135;1;1;1;1;6;160;07/05/2013
2013003136;1;1;1;1;6;160;06/06/2013
2013003137;1;1;1;1;1;160;07/06/2013
2013003138;1;2;1;1;7;160;07/06/2013
2013003139;1;1;1;1;2;160;23/07/2013
2013003140;1;2;1;1;1;160;06/01/2013
2013003141;1;1;3;1;3;160;28/02/2013
2013003142;1;1;1;1;3;160;25/07/2013
2013003143;1;2;1;1;6;160;01/09/2013
2013003144;1;2;1;2;6;160;25/10/2013
2013003145;2;2;1;1;3;160;25/11/2013
2013003146;4;2;1;5;7;160;10/02/2013
2013003147;1;1;1;4;1;160;12/02/2013
2013003148;1;1;1;1;7;160;17/03/2013
2013003149;1;1;1;2;6;160;22/06/2013
2013003150;1;1;2;6;3;160;21/10/2013
2013003151;1;1;1;9;6;160;15/12/2013
2013003152;1;2;1;1;3;160;03/01/2013
2013003153;3;1;1;2;6;160;22/05/2013
2013003154;1;1;2;1;3;160;11/11/2013
2013003155;3;1;2;1;3;160;30/01/2013
2013003156;1;1;1;1;1;160;27/05/2013
2013003157;1;1;2;1;3;160;01/07/2013
2013003158;3;1;1;1;7;160;08/08/2013
2013003159;1;1;3;1;3;160;10/08/2013
2013003160;1;1;1;3;1;170;18/05/2013
2013003161;1;1;1;1;3;170;06/06/2013
2013003162;1;1;2;1;3;170;09/07/2013
2013003163;1;1;1;1;3;170;16/08/2013
2013003164;3;1;1;6;5;170;23/12/2013
2013003165;1;1;1;1;1;170;18/02/2013
2013003166;1;1;1;1;5;170;18/07/2013
2013003167;1;1;1;1;6;170;01/08/2013
2013003168;1;1;1;1;5;170;22/09/2013
2013003169;3;1;1;1;6;170;09/10/2013
2013003170;1;1;2;1;3;170;10/10/2013
2013003171;1;1;1;1;5;170;03/05/2013
2013003172;1;2;1;1;1;170;29/05/2013
2013003173;1;1;2;1;3;170;28/06/2013
2013003174;3;1;1;1;6;170;09/07/2013
2013003175;1;2;1;1;3;170;01/08/2013
2013003176;3;1;1;1;6;170;03/08/2013
2013003177;1;1;1;8;7;170;28/09/2013
2013003178;3;1;1;1;2;170;30/10/2013
2013003179;3;1;1;1;3;170;07/11/2013
2013003180;2;1;1;1;6;170;11/12/2013
2013003181;1;1;1;8;5;170;12/12/2013
2013003182;1;1;1;1;2;170;10/03/2013
2013003183;1;2;1;1;1;170;07/05/2013
2013003184;1;1;1;1;5;170;18/07/2013
2013003185;1;1;2;1;3;170;04/08/2013
2013003186;1;1;1;1;2;170;15/08/2013
2013003187;1;2;1;1;6;170;07/10/2013
2013003188;1;1;1;2;7;170;12/11/2013
2013003189;1;1;1;1;3;170;02/02/2013
2013003190;3;1;1;1;7;170;13/04/2013
2013003191;1;1;1;1;7;170;20/04/2013
2013003192;1;1;1;1;1;170;21/04/2013
2013003193;1;1;1;1;1;170;24/04/2013
2013003194;1;1;9;1;6;170;13/05/2013
2013003195;3;1;1;1;6;170;01/09/2013
2013003196;1;1;1;1;3;170;25/09/2013
2013003197;1;2;9;1;6;170;13/10/2013
2013003198;3;1;1;5;6;170;06/12/2013
2013003199;5;2;1;3;6;170;18/01/2013
2013003200;1;1;1;1;6;170;01/05/2013
2013003201;1;1;1;1;1;170;19/06/2013
2013003202;2;1;1;1;6;170;25/06/2013
2013003203;1;1;1;1;6;170;16/07/2013
2013003204;1;1;1;1;6;170;17/03/2013
2013003205;1;1;1;1;1;170;06/07/2013
2013003206;1;1;3;1;3;170;13/08/2013
2013003207;1;1;1;1;3;170;16/08/2013
2013003208;1;1;9;1;6;170;12/09/2013
2013003209;2;1;1;1;1;170;27/10/2013
2013003210;2;1;3;1;5;170;31/10/2013
2013003211;5;2;1;2;2;170;08/11/2013
2013003212;1;1;1;1;1;170;05/07/2013
2013003213;1;1;1;1;3;170;29/10/2013
2013003214;3;1;1;3;3;170;03/11/2013
2013003215;1;2;1;1;6;170;11/05/2013
2013003216;1;2;6;8;3;170;16/05/2013
2013003217;3;2;1;1;1;170;31/05/2013
2013003218;3;1;1;1;7;170;12/06/2013
2013003219;5;2;1;1;6;170;14/06/2013
2013003220;2;1;1;1;3;170;05/07/2013
2013003221;1;1;1;8;3;170;05/08/2013
2013003222;5;1;1;1;7;170;12/08/2013
2013003223;3;1;1;1;6;170;28/08/2013
2013003224;1;1;2;1;3;170;29/08/2013
2013003225;5;2;1;1;6;170;06/09/2013
2013003226;1;2;1;1;3;170;13/09/2013
2013003227;1;2;1;1;3;170;26/09/2013
2013003228;1;1;1;8;7;170;10/11/2013
2013003229;1;1;1;3;6;170;31/12/2013
2013003230;5;2;1;2;3;170;07/01/2013
2013003231;1;1;1;2;3;170;22/01/2013
2013003232;1;1;1;2;1;170;30/04/2013
2013003233;1;1;1;2;1;170;30/04/2013
2013003234;1;1;1;1;7;170;14/06/2013
2013003235;1;1;1;1;6;170;16/06/2013
2013003236;5;2;1;1;3;170;22/06/2013
2013003237;1;1;1;1;5;170;07/07/2013
2013003238;1;1;1;1;3;170;31/07/2013
2013003239;1;1;1;1;2;170;31/07/2013
2013003240;1;1;1;1;7;170;04/08/2013
2013003241;1;1;1;1;5;170;04/09/2013
2013003242;1;1;1;1;3;170;05/09/2013
2013003243;1;2;1;1;6;170;24/09/2013
2013003244;5;2;1;2;1;170;24/10/2013
2013003245;3;1;1;3;7;170;09/11/2013
2013003246;1;1;2;1;3;170;08/12/2013
2013003247;4;2;1;9;6;170;11/12/2013
2013003248;3;1;1;1;1;170;02/01/2013
2013003249;2;1;9;2;3;170;09/11/2013
2013003250;3;1;1;1;7;170;24/11/2013
2013003251;3;1;1;1;1;170;15/12/2013
2013003252;1;1;1;7;3;170;02/01/2013
2013003253;5;2;2;1;3;170;24/01/2013
2013003254;3;1;1;1;6;170;26/01/2013
2013003255;3;2;1;1;6;170;03/02/2013
2013003256;2;2;2;1;3;170;19/02/2013
2013003257;1;1;1;2;1;170;11/04/2013
2013003258;4;1;6;1;6;170;15/04/2013
2013003259;1;1;9;1;2;170;20/04/2013
2013003260;3;1;1;1;7;170;16/05/2013
2013003261;2;1;1;1;3;170;17/05/2013
2013003262;1;1;1;1;5;170;03/06/2013
2013003263;1;1;2;1;3;170;08/06/2013
2013003264;1;1;1;1;6;170;16/06/2013
2013003265;5;2;1;1;5;170;15/07/2013
2013003266;1;2;9;1;7;170;01/08/2013
2013003267;3;2;1;1;6;170;29/07/2013
2013003268;1;1;2;2;3;170;09/08/2013
2013003269;1;1;1;1;7;170;01/09/2013
2013003270;1;2;1;1;6;170;21/09/2013
2013003271;1;1;1;1;1;170;26/09/2013
2013003272;1;1;1;1;2;170;09/10/2013
2013003273;5;2;1;8;6;170;26/10/2013
2013003274;3;1;1;3;6;170;04/11/2013
2013003275;2;1;2;5;3;170;12/11/2013
2013003276;5;2;1;1;6;170;06/12/2013
2013003277;1;1;1;1;6;170;05/01/2013
2013003278;2;1;1;1;5;170;21/01/2013
2013003279;3;2;1;8;6;170;23/01/2013
2013003280;1;1;2;8;3;170;14/02/2013
2013003281;1;1;1;2;1;170;10/04/2013
2013003282;1;2;6;1;3;170;16/04/2013
2013003283;1;1;1;1;2;170;11/07/2013
2013003284;1;1;2;1;1;170;13/08/2013
2013003285;1;1;1;1;1;170;29/08/2013
2013003286;1;1;1;1;5;170;02/09/2013
2013003287;1;2;3;1;3;170;02/10/2013
2013003288;3;1;1;1;6;170;05/10/2013
2013003289;1;1;1;1;1;170;03/12/2013
2013003290;1;2;1;1;1;170;05/12/2013
2013003291;1;1;1;1;6;170;06/12/2013
2013003292;1;1;2;1;3;170;09/12/2013
2013003293;5;1;1;1;6;170;20/12/2013
2013003294;3;1;1;3;6;170;24/12/2013
2013003295;3;1;1;1;1;170;30/12/2013
2013003296;1;1;1;1;1;170;21/01/2013
2013003297;1;2;1;2;6;170;08/02/2013
2013003298;1;1;1;1;7;170;08/04/2013
2013003299;2;1;1;1;7;170;24/04/2013
2013003300;1;2;1;1;1;170;22/05/2013
2013003301;1;2;1;1;6;170;22/07/2013
2013003302;1;2;3;1;3;170;31/08/2013
2013003303;1;1;1;8;2;170;17/09/2013
2013003304;3;1;1;2;1;170;06/11/2013
2013003305;2;2;1;1;6;170;30/11/2013
2013003306;1;1;1;1;4;170;05/03/2013
2013003307;3;1;1;1;1;170;19/04/2013
2013003308;3;1;1;1;7;170;13/08/2013
2013003309;3;1;1;1;1;170;19/10/2013
2013003310;1;1;1;1;1;170;20/10/2013
2013003311;3;1;1;2;3;170;31/10/2013
2013003312;3;1;1;1;2;170;02/01/2013
2013003313;3;1;1;1;6;170;22/02/2013
2013003314;3;1;1;1;6;170;07/04/2013
2013003315;1;1;1;1;3;170;14/04/2013
2013003316;1;2;1;1;1;170;03/08/2013
2013003317;1;1;1;1;7;170;10/09/2013
2013003318;3;1;1;1;7;170;12/09/2013
2013003319;1;1;1;4;6;170;18/01/2013
2013003320;1;1;1;1;7;170;28/06/2013
2013003321;1;1;1;1;3;170;01/08/2013
2013003322;1;1;1;1;6;170;19/08/2013
2013003323;2;1;1;2;3;170;17/09/2013
2013003324;5;2;2;2;3;170;29/09/2013
2013003325;2;1;1;1;2;170;09/10/2013
2013003326;1;1;2;1;3;170;22/11/2013
2013003327;5;1;1;2;6;170;28/12/2013
2013003328;1;1;3;1;3;170;28/12/2013
2013003329;2;1;1;1;7;170;08/02/2013
2013003330;3;2;1;1;1;170;18/05/2013
2013003331;1;1;1;1;1;170;05/06/2013
2013003332;1;1;1;1;1;170;10/09/2013
2013003333;3;1;3;1;6;170;12/10/2013
2013003334;2;1;1;1;7;170;18/10/2013
2013003335;5;1;1;1;1;170;07/11/2013
2013003336;1;1;2;1;3;170;08/12/2013
2013003337;1;1;1;1;3;170;23/04/2013
2013003338;1;1;1;3;1;170;18/06/2013
2013003339;1;1;1;1;2;170;24/06/2013
2013003340;1;1;1;1;2;170;09/08/2013
2013003341;1;1;1;1;1;170;04/09/2013
2013003342;1;2;2;1;3;170;22/09/2013
2013003343;1;2;1;2;6;170;15/10/2013
2013003344;1;1;1;9;6;170;29/10/2013
2013003345;1;1;1;1;7;790;08/03/2013
2013003346;3;2;1;1;6;790;13/01/2013
2013003347;3;2;1;1;6;790;16/02/2013
2013003348;2;1;1;1;5;790;06/06/2013
2013003349;1;1;1;1;1;790;06/07/2013
2013003350;1;1;1;1;1;790;08/08/2013
2013003351;1;1;1;1;7;790;31/08/2013
2013003352;3;2;1;1;6;790;28/03/2013
2013003353;1;1;2;1;3;790;05/05/2013
2013003354;5;2;1;1;6;790;09/05/2013
2013003355;5;2;1;1;6;790;19/05/2013
2013003356;3;2;1;1;6;790;13/07/2013
2013003357;3;1;3;1;1;790;20/09/2013
2013003358;1;2;6;1;3;790;24/01/2013
2013003359;5;2;3;1;1;790;03/02/2013
2013003360;3;1;1;2;1;790;21/03/2013
2013003361;1;1;1;1;7;790;23/04/2013
2013003362;1;1;1;1;1;790;28/06/2013
2013003363;1;1;1;1;5;790;18/07/2013
2013003364;1;2;1;1;1;790;25/07/2013
2013003365;1;1;1;1;6;790;04/08/2013
2013003366;1;2;1;1;6;790;16/08/2013
2013003367;1;1;2;8;1;790;28/09/2013
2013003368;5;2;1;1;6;790;20/11/2013
2013003369;1;1;1;1;5;790;26/07/2013
2013003370;1;1;1;1;6;790;14/01/2013
2013003371;1;1;2;7;3;790;11/01/2013
2013003372;1;1;1;2;7;790;21/01/2013
2013003373;3;1;1;1;7;790;18/02/2013
2013003374;3;1;1;1;7;790;14/03/2013
2013003375;1;1;1;3;1;790;18/03/2013
2013003376;1;1;1;1;6;790;08/04/2013
2013003377;1;1;1;8;6;790;24/05/2013
2013003378;3;1;2;1;3;790;05/07/2013
2013003379;1;1;1;1;7;790;06/07/2013
2013003380;1;2;1;1;6;790;10/07/2013
2013003381;1;1;2;1;3;790;22/09/2013
2013003382;1;1;1;1;3;790;18/02/2013
2013003383;1;1;1;1;3;790;24/03/2013
2013003384;3;1;1;1;6;790;09/05/2013
2013003385;2;1;1;3;1;790;18/06/2013
2013003386;1;2;1;1;6;790;02/07/2013
2013003387;1;1;1;1;3;790;06/07/2013
2013003388;1;1;1;8;6;790;28/01/2013
2013003389;1;1;1;1;1;790;15/02/2013
2013003390;1;1;1;1;6;790;02/06/2013
2013003391;1;1;1;1;1;790;12/06/2013
2013003392;1;1;3;1;3;790;21/07/2013
2013003393;1;2;1;1;1;790;28/07/2013
2013003394;1;1;6;1;7;790;11/08/2013
2013003395;3;1;1;1;1;790;29/10/2013
2013003396;3;1;1;8;6;790;10/01/2013
2013003397;1;1;1;1;3;790;13/01/2013
2013003398;3;2;1;1;3;790;14/01/2013
2013003399;1;1;1;1;7;790;22/03/2013
2013003400;1;2;7;1;3;790;06/04/2013
2013003401;1;1;5;1;3;790;22/04/2013
2013003402;1;1;1;1;6;790;05/08/2013
2013003403;3;1;1;1;1;790;22/08/2013
2013003404;1;1;1;1;1;790;29/08/2013
2013003405;1;1;1;1;6;790;30/08/2013
2013003406;1;1;2;1;3;790;30/08/2013
2013003407;1;1;1;7;1;790;17/04/2013
2013003408;1;1;1;1;3;790;22/05/2013
2013003409;1;1;1;1;7;790;10/08/2013
2013003410;1;1;1;1;7;790;04/09/2013
2013003411;1;1;1;7;1;790;23/09/2013
2013003412;1;1;2;1;3;790;25/05/2013
2013003413;1;2;1;1;6;790;07/08/2013
2013003414;2;1;1;1;1;790;24/09/2013
2013003415;3;1;1;1;6;870;18/04/2013
2013003416;1;2;1;1;2;870;04/05/2013
2013003417;1;1;1;1;3;870;17/08/2013
2013003418;5;2;1;1;6;870;28/09/2013
2013003419;1;1;2;1;3;870;06/12/2013
2013003420;1;2;1;8;1;870;15/12/2013
2013003421;1;1;1;4;5;870;09/02/2013
2013003422;3;1;1;1;7;870;15/02/2013
2013003423;1;1;1;1;1;870;16/02/2013
2013003424;1;1;1;1;7;870;24/05/2013
2013003425;1;1;1;1;1;870;27/05/2013
2013003426;1;1;1;1;6;870;03/06/2013
2013003427;1;1;1;1;3;870;24/10/2013
2013003428;2;2;6;1;3;870;18/12/2013
2013003429;5;2;1;1;7;870;01/05/2013
2013003430;1;1;1;1;6;870;05/08/2013
2013003431;1;1;1;1;6;870;23/08/2013
2013003432;1;1;1;1;6;870;07/05/2013
2013003433;5;2;1;1;7;870;25/01/2013
2013003434;3;1;1;2;6;870;11/03/2013
2013003435;1;2;1;1;7;870;13/03/2013
2013003436;1;1;1;1;6;870;16/04/2013
2013003437;1;2;1;1;6;870;14/05/2013
2013003438;1;1;1;1;6;870;12/07/2013
2013003439;1;1;1;1;1;870;24/07/2013
2013003440;1;1;1;1;6;870;13/08/2013
2013003441;1;1;1;1;6;870;03/12/2013
2013003442;1;1;1;8;6;870;13/12/2013
2013003443;1;1;1;1;7;870;07/04/2013
2013003444;1;1;1;1;3;870;16/04/2013
2013003445;1;1;1;3;6;870;25/08/2013
2013003446;3;1;1;1;6;870;08/09/2013
2013003447;1;1;1;1;2;870;18/10/2013
2013003448;3;1;9;8;6;870;06/12/2013
2013003449;3;1;1;4;7;870;28/02/2013
2013003450;1;1;2;1;3;870;16/03/2013
2013003451;1;1;2;1;3;870;21/03/2013
2013003452;3;1;1;1;7;870;24/06/2013
2013003453;1;1;1;1;3;870;12/07/2013
2013003454;1;1;1;1;6;870;25/07/2013
2013003455;1;1;1;1;3;870;28/07/2013
2013003456;3;1;1;8;1;870;08/10/2013
2013003457;1;2;1;1;1;870;06/07/2013
2013003458;1;1;1;1;2;870;06/01/2013
2013003459;1;1;1;7;2;870;27/03/2013
2013003460;1;1;1;7;5;870;10/08/2013
2013003461;1;1;2;1;1;870;10/09/2013
2013003462;1;1;1;7;6;870;27/03/2013
2013003463;1;1;1;1;6;870;20/08/2013
2013003464;1;1;1;1;1;190;20/02/2013
2013003465;3;1;1;1;1;190;07/04/2013
2013003466;3;1;1;3;7;190;19/05/2013
2013003467;1;1;1;1;6;190;07/07/2013
2013003468;1;1;1;1;5;190;06/09/2013
2013003469;1;1;2;1;1;190;14/11/2013