num_acc;lum;agg;inter;atm;col;dep;date
2013004049;5;2;3;1;3;650;29/01/2013
2013004050;1;2;2;1;3;650;24/06/2013
2013004051;1;1;1;1;2;650;25/06/2013
2013004052;1;2;3;1;1;650;30/10/2013
2013004053;3;1;1;4;1;650;12/01/2013
2013004054;2;1;1;2;7;650;05/02/2013
2013004055;1;2;1;1;6;650;10/03/2013
2013004056;1;1;1;1;7;650;06/05/2013
2013004057;1;2;1;1;1;650;09/07/2013
2013004058;1;1;1;1;1;650;25/07/2013
2013004059;2;1;1;1;7;650;11/08/2013
2013004060;2;2;6;1;3;650;16/09/2013
2013004061;1;1;1;1;5;650;25/10/2013
2013004062;5;2;1;1;1;650;30/10/2013
2013004063;1;1;1;8;3;650;23/11/2013
2013004064;2;1;1;6;7;650;13/01/2013
2013004065;3;1;1;1;6;650;30/03/2013
2013004066;1;1;1;1;6;650;05/06/2013
2013004067;1;1;1;1;6;650;30/06/2013
2013004068;5;1;1;1;7;650;16/08/2013
2013004069;3;1;1;3;2;650;04/11/2013
2013004070;1;1;1;8;1;650;06/11/2013
2013004071;2;2;6;3;3;810;11/03/2013
2013004072;1;1;1;2;6;810;22/05/2013
2013004073;1;1;1;1;2;810;06/10/2013
2013004074;1;1;1;1;6;810;10/12/2013
2013004075;3;1;1;8;1;810;22/01/2013
2013004076;1;1;1;1;3;810;29/03/2013
2013004077;3;1;1;1;5;810;30/11/2013
2013004078;1;1;1;1;2;810;27/03/2013
2013004079;2;1;1;7;7;810;31/07/2013
2013004080;1;1;1;1;1;810;07/11/2013
2013004081;1;1;1;1;3;810;10/03/2013
2013004082;1;1;1;1;6;810;14/04/2013
2013004083;1;1;1;1;1;810;22/04/2013
2013004084;1;1;1;1;1;810;22/06/2013
2013004085;1;1;1;1;7;810;20/07/2013
2013004086;1;1;1;1;4;810;20/10/2013
2013004087;2;1;1;1;6;810;15/12/2013
2013004088;1;2;1;7;7;810;16/02/2013
2013004089;1;2;1;3;2;810;15/05/2013
2013004090;1;2;1;1;1;810;28/06/2013
2013004091;1;1;2;1;3;810;04/07/2013
2013004092;1;1;1;1;1;810;21/08/2013
2013004093;1;2;1;1;3;810;10/09/2013
2013004094;1;1;2;1;3;810;20/09/2013
2013004095;5;2;1;3;6;810;19/01/2013
2013004096;1;1;1;1;6;810;05/07/2013
2013004097;1;1;1;1;6;810;17/07/2013
2013004098;1;1;1;1;7;810;17/07/2013
2013004099;5;2;1;1;7;810;21/09/2013
2013004100;3;1;1;1;6;810;28/09/2013
2013004101;3;1;1;1;1;810;25/10/2013
2013004102;1;2;1;1;6;810;08/12/2013
2013004103;2;1;1;1;1;810;08/03/2013
2013004104;1;1;1;2;1;810;30/03/2013
2013004105;1;1;1;8;6;810;31/03/2013
2013004106;2;1;1;8;1;810;30/06/2013
2013004107;1;1;2;1;3;810;30/06/2013
2013004108;1;2;1;1;6;810;15/08/2013
2013004109;1;1;1;1;3;810;06/05/2013
2013004110;1;1;1;1;1;810;21/06/2013
2013004111;1;1;1;1;1;810;20/07/2013
2013004112;1;1;1;1;1;810;02/08/2013
2013004113;1;1;1;1;1;810;10/08/2013
2013004114;1;1;1;1;6;810;26/10/2013
2013004115;1;2;1;1;6;810;27/10/2013
2013004116;3;1;1;1;6;810;21/03/2013
2013004117;3;1;1;1;6;810;24/03/2013
2013004118;2;1;1;2;6;810;26/04/2013
2013004119;1;2;2;1;3;810;06/05/2013
2013004120;3;1;1;1;7;810;01/06/2013
2013004121;1;2;1;1;3;810;26/06/2013
2013004122;1;1;1;1;1;810;21/09/2013
2013004123;3;1;1;1;3;810;25/09/2013
2013004124;1;1;2;1;3;810;21/10/2013
2013004125;1;1;1;1;1;810;31/10/2013
2013004126;1;1;1;2;1;810;18/11/2013
2013004127;1;2;1;1;3;690;17/01/2013
2013004128;1;2;2;1;5;690;23/01/2013
2013004129;1;2;1;1;7;690;17/05/2013
2013004130;1;2;1;1;6;690;24/07/2013
2013004131;2;2;1;8;3;690;10/12/2013
2013004132;1;2;1;1;6;20;09/03/2013
2013004133;1;2;1;1;6;20;02/04/2013
2013004134;1;2;1;1;6;20;03/04/2013
2013004135;1;2;1;1;6;20;11/04/2013
2013004136;1;1;4;1;3;20;29/04/2013
2013004137;5;2;1;2;6;20;26/05/2013
2013004138;1;2;1;1;3;20;27/05/2013
2013004139;1;1;1;1;6;20;04/06/2013
2013004140;4;2;1;1;6;20;14/04/2013
2013004141;1;2;6;1;3;20;30/05/2013
2013004142;1;2;6;2;3;20;09/06/2013
2013004143;1;1;6;2;1;20;09/06/2013
2013004144;1;1;6;1;3;20;14/06/2013
2013004145;5;2;3;1;3;20;04/07/2013
2013004146;1;1;1;1;1;20;05/07/2013
2013004147;1;2;1;1;6;20;18/07/2013
2013004148;1;1;4;1;3;20;19/07/2013
2013004149;1;2;1;1;6;20;23/07/2013
2013004150;1;1;6;1;1;20;29/07/2013
2013004151;1;1;2;1;3;20;23/08/2013
2013004152;2;2;1;1;6;20;29/08/2013
2013004153;1;2;6;1;3;20;30/09/2013
2013004154;1;2;1;1;2;20;30/09/2013
2013004155;5;2;6;3;3;20;10/10/2013
2013004156;2;2;1;1;6;20;21/10/2013
2013004157;1;2;1;2;1;20;06/11/2013
2013004158;1;2;6;8;2;20;12/12/2013
2013004159;5;2;1;1;6;20;16/12/2013
2013004160;1;1;1;1;1;810;26/04/2013
2013004161;1;1;1;1;3;810;22/09/2013
2013004162;1;1;2;1;3;810;18/01/2013
2013004163;3;1;1;1;6;810;16/02/2013
2013004164;1;2;2;1;3;810;16/03/2013
2013004165;1;1;1;1;3;810;01/06/2013
2013004166;1;1;1;1;7;810;10/08/2013
2013004167;1;1;1;3;3;810;04/10/2013
2013004168;1;1;1;1;7;810;12/12/2013
2013004169;1;1;1;1;3;810;13/12/2013
2013004170;3;1;1;1;1;810;11/01/2013
2013004171;1;1;1;1;1;810;12/06/2013
2013004172;1;2;1;1;6;810;30/07/2013
2013004173;1;1;1;1;6;810;10/11/2013
2013004174;3;1;1;1;6;810;10/03/2013
2013004175;1;1;1;1;2;810;10/03/2013
2013004176;1;1;2;1;3;810;13/04/2013
2013004177;1;2;1;1;7;810;20/06/2013
2013004178;1;1;1;1;1;810;02/07/2013
2013004179;1;1;1;1;3;810;31/07/2013
2013004180;1;1;1;1;6;810;06/11/2013
2013004181;3;1;1;1;6;810;16/12/2013
2013004182;1;1;1;2;3;820;06/02/2013
2013004183;1;2;1;5;6;820;27/02/2013
2013004184;2;1;1;1;1;820;09/03/2013
2013004185;1;1;1;1;6;820;21/03/2013
2013004186;1;1;1;3;6;820;04/04/2013
2013004187;3;1;1;1;6;820;04/05/2013
2013004188;1;1;1;1;1;820;10/05/2013
2013004189;1;1;1;1;5;820;13/05/2013
2013004190;1;2;2;1;3;820;05/06/2013
2013004191;1;1;1;1;7;820;02/06/2013
2013004192;3;1;1;1;6;820;21/06/2013
2013004193;1;1;1;1;6;820;25/06/2013
2013004194;1;2;1;1;6;820;29/06/2013
2013004195;1;1;1;1;1;820;13/07/2013
2013004196;1;1;1;1;7;820;13/07/2013
2013004197;2;1;1;1;6;820;13/07/2013
2013004198;1;1;1;1;6;820;05/08/2013
2013004199;1;1;1;1;1;820;13/08/2013
2013004200;3;1;1;1;6;820;16/08/2013
2013004201;2;1;2;1;1;820;02/10/2013
2013004202;2;1;1;8;7;820;14/10/2013
2013004203;1;1;2;5;3;820;31/10/2013
2013004204;1;1;1;9;6;820;08/12/2013
2013004205;1;1;1;1;7;820;31/12/2013
2013004206;1;1;1;1;6;820;16/06/2013
2013004207;2;1;2;1;1;820;06/07/2013
2013004208;1;1;1;1;3;820;16/08/2013
2013004209;3;1;1;9;7;820;09/12/2013
2013004210;1;2;1;1;6;820;25/04/2013
2013004211;1;1;1;1;6;820;01/06/2013
2013004212;1;1;1;1;6;820;11/07/2013
2013004213;1;1;3;7;3;820;16/07/2013
2013004214;1;1;1;7;6;820;16/07/2013
2013004215;1;1;6;1;6;820;22/08/2013
2013004216;1;1;1;1;6;820;23/09/2013
2013004217;1;1;3;1;3;820;01/08/2013
2013004218;1;1;1;1;1;820;04/09/2013
2013004219;2;1;1;1;6;820;22/09/2013
2013004220;3;2;1;2;6;820;21/11/2013
2013004221;1;2;1;9;6;820;22/01/2013
2013004222;3;1;1;1;6;820;24/02/2013
2013004223;1;1;1;1;6;820;10/06/2013
2013004224;3;1;1;1;7;820;04/08/2013
2013004225;1;1;1;1;6;820;17/08/2013
2013004226;1;1;1;1;6;820;19/09/2013
2013004227;5;2;1;1;6;820;11/10/2013
2013004228;1;1;2;5;3;820;08/11/2013
2013004229;3;1;1;1;6;820;16/12/2013
2013004230;1;1;1;1;6;820;21/08/2013
2013004231;1;1;1;1;1;820;11/09/2013
2013004232;3;1;1;1;1;820;06/11/2013
2013004233;3;1;1;1;6;820;10/12/2013
2013004234;3;1;1;1;3;820;25/01/2013
2013004235;1;2;1;1;1;820;07/02/2013
2013004236;3;1;1;1;3;820;09/03/2013
2013004237;1;2;1;1;6;820;27/04/2013
2013004238;3;1;1;1;1;820;22/07/2013
2013004239;3;1;1;1;6;820;24/07/2013
2013004240;1;1;1;1;1;820;03/08/2013
2013004241;1;2;1;1;3;820;14/08/2013
2013004242;1;1;1;1;6;820;17/08/2013
2013004243;1;1;1;1;1;820;05/09/2013
2013004244;1;1;1;1;7;820;05/10/2013
2013004245;1;1;1;1;6;820;08/10/2013
2013004246;3;1;8;1;3;820;27/10/2013
2013004247;1;2;1;1;6;820;31/10/2013
2013004248;3;1;1;1;1;820;11/01/2013
2013004249;3;1;1;1;1;820;11/01/2013
2013004250;1;1;1;1;6;820;22/01/2013
2013004251;1;2;1;1;6;820;23/01/2013
2013004252;2;2;1;1;3;820;13/02/2013
2013004253;1;1;1;7;3;820;17/02/2013
2013004254;1;1;6;1;3;820;12/07/2013
2013004255;1;1;2;1;3;820;24/07/2013
2013004256;3;1;1;1;1;820;28/07/2013
2013004257;5;2;1;1;7;820;15/08/2013
2013004258;1;2;1;1;4;820;25/08/2013
2013004259;1;1;1;1;3;820;01/09/2013
2013004260;3;1;1;1;1;820;10/10/2013
2013004261;5;2;1;1;6;820;27/10/2013
2013004262;3;1;1;1;6;820;26/10/2013
2013004263;3;1;1;5;6;820;04/12/2013
2013004264;3;1;1;1;1;820;02/03/2013
2013004265;1;1;1;1;6;820;23/06/2013
2013004266;3;1;1;1;6;820;23/07/2013
2013004267;1;2;1;1;6;820;24/07/2013
2013004268;1;1;1;1;1;820;06/08/2013
2013004269;3;1;1;8;6;820;29/12/2013
2013004270;1;2;1;1;1;690;18/04/2013
2013004271;5;1;1;1;6;690;20/06/2013
2013004272;1;2;1;1;6;690;05/08/2013
2013004273;3;2;1;1;1;690;18/12/2013
2013004274;5;2;1;1;6;690;23/12/2013
2013004275;1;1;1;1;1;690;28/01/2013
2013004276;1;2;9;1;1;690;24/03/2013
2013004277;1;2;1;2;3;690;30/03/2013
2013004278;1;1;9;1;6;690;29/05/2013
2013004279;1;1;1;1;1;690;06/06/2013
2013004280;1;1;6;1;3;690;11/06/2013
2013004281;3;2;6;1;6;690;13/06/2013
2013004282;1;2;1;7;1;690;22/08/2013
2013004283;1;1;1;1;3;690;02/09/2013
2013004284;1;1;1;1;2;690;05/09/2013
2013004285;1;1;1;1;1;690;12/09/2013
2013004286;2;2;1;1;1;690;18/09/2013
2013004287;1;2;1;5;6;690;01/10/2013
2013004288;5;2;1;1;2;690;26/12/2013
2013004289;1;2;2;2;3;690;19/01/2013
2013004290;5;2;1;3;3;690;30/01/2013
2013004291;3;1;1;1;5;690;12/02/2013
2013004292;2;2;1;1;6;690;20/02/2013
2013004293;5;2;1;1;2;690;26/02/2013
2013004294;1;2;1;1;6;690;02/03/2013
2013004295;5;1;1;1;6;690;16/03/2013
2013004296;1;1;1;1;1;690;25/03/2013
2013004297;1;1;1;2;6;690;08/04/2013
2013004298;1;2;1;1;6;690;09/04/2013
2013004299;1;2;1;1;2;690;16/04/2013
2013004300;1;2;3;1;1;690;10/05/2013
2013004301;1;2;1;2;5;690;15/05/2013
2013004302;1;1;1;1;6;690;27/05/2013
2013004303;1;2;1;1;6;690;21/06/2013
2013004304;2;2;1;1;6;690;22/06/2013
2013004305;5;1;1;1;7;690;18/06/2013
2013004306;1;1;1;1;6;690;01/07/2013
2013004307;5;1;1;1;6;690;04/07/2013
2013004308;1;2;6;7;2;690;05/07/2013
2013004309;1;1;1;1;6;690;19/07/2013
2013004310;1;1;1;1;3;690;10/09/2013
2013004311;1;1;1;1;1;690;18/09/2013
2013004312;5;2;6;1;3;690;17/11/2013
2013004313;4;2;1;1;1;690;08/12/2013
2013004314;5;2;1;1;6;690;28/12/2013
2013004315;1;2;1;1;3;690;03/06/2013
2013004316;5;2;1;1;3;690;30/12/2013
2013004317;3;1;1;1;1;690;03/01/2013
2013004318;3;1;1;8;3;690;11/02/2013
2013004319;1;2;1;1;3;690;07/03/2013
2013004320;3;2;1;1;1;690;15/03/2013
2013004321;1;1;1;1;3;690;29/06/2013
2013004322;1;2;1;1;6;690;07/07/2013
2013004323;1;1;1;1;7;690;19/08/2013
2013004324;1;2;1;1;1;690;22/02/2013
2013004325;1;2;9;1;5;690;28/06/2013
2013004326;1;2;1;1;6;690;20/08/2013
2013004327;1;1;1;1;1;690;09/11/2013
2013004328;1;1;1;1;6;690;01/12/2013
2013004329;3;1;1;1;1;690;27/02/2013
2013004330;1;1;1;2;1;690;05/03/2013
2013004331;1;1;6;1;3;690;07/03/2013
2013004332;5;2;1;1;1;690;09/03/2013
2013004333;3;1;1;2;1;690;11/03/2013
2013004334;1;1;3;1;3;690;09/05/2013
2013004335;1;1;1;1;3;690;26/05/2013
2013004336;1;2;7;1;6;690;22/06/2013
2013004337;1;1;1;1;6;690;06/07/2013
2013004338;1;2;1;1;2;690;25/07/2013
2013004339;1;1;1;1;3;690;08/08/2013
2013004340;1;1;1;1;7;690;14/08/2013
2013004341;5;1;1;1;1;690;28/08/2013
2013004342;1;1;1;1;1;690;22/09/2013
2013004343;3;1;1;1;6;690;25/09/2013
2013004344;1;1;1;1;3;690;26/10/2013
2013004345;3;1;1;1;1;690;01/11/2013
2013004346;1;1;1;1;6;690;21/11/2013
2013004347;5;1;1;5;7;690;15/12/2013
2013004348;1;2;1;1;3;690;10/05/2013
2013004349;1;1;1;2;5;690;21/05/2013
2013004350;2;1;1;1;6;690;15/06/2013
2013004351;5;2;1;1;7;690;17/06/2013
2013004352;1;1;1;1;7;690;05/09/2013
2013004353;1;2;1;8;6;690;12/01/2013
2013004354;1;1;1;1;5;690;14/05/2013
2013004355;1;2;1;7;6;690;21/08/2013
2013004356;1;1;1;1;6;690;30/08/2013
2013004357;1;1;1;1;3;690;08/09/2013
2013004358;1;1;1;1;5;690;26/09/2013
2013004359;1;2;1;3;6;690;19/12/2013
2013004360;1;2;1;1;6;690;21/04/2013
2013004361;1;1;1;1;3;690;06/05/2013
2013004362;1;1;9;1;6;690;14/05/2013
2013004363;2;1;1;2;3;690;08/06/2013
2013004364;1;2;1;1;3;690;12/06/2013
2013004365;1;1;1;1;6;690;30/07/2013
2013004366;1;2;1;1;3;690;14/06/2013
2013004367;1;2;1;1;6;690;19/08/2013
2013004368;1;2;3;1;3;690;06/09/2013
2013004369;3;1;1;2;6;690;06/10/2013
2013004370;5;2;1;1;6;690;17/11/2013
2013004371;1;1;1;1;1;690;28/12/2013
2013004372;1;1;1;1;6;690;07/01/2013
2013004373;1;1;1;1;1;690;02/04/2013
2013004374;1;2;1;1;6;690;14/04/2013
2013004375;1;1;1;1;1;690;25/04/2013
2013004376;1;2;1;1;6;690;17/05/2013
2013004377;1;1;1;1;7;690;04/06/2013
2013004378;1;1;1;1;6;690;12/07/2013
2013004379;1;2;1;1;3;690;01/08/2013
2013004380;1;1;1;2;1;690;27/08/2013
2013004381;1;1;1;1;6;690;26/10/2013
2013004382;2;1;3;1;3;690;29/10/2013
2013004383;1;1;1;1;1;690;27/11/2013
2013004384;1;1;1;8;7;690;29/11/2013
2013004385;2;1;1;1;1;690;13/01/2013
2013004386;1;1;2;7;3;690;26/06/2013
2013004387;3;1;1;1;7;690;07/07/2013
2013004388;1;1;1;1;6;690;15/07/2013
2013004389;1;1;1;1;3;690;20/09/2013
2013004390;1;1;1;1;3;690;27/09/2013
2013004391;1;2;9;1;3;690;05/07/2013
2013004392;1;2;9;1;3;690;21/12/2013
2013004393;5;2;1;1;4;690;15/02/2013
2013004394;1;1;1;1;3;690;25/04/2013
2013004395;1;1;1;3;1;690;18/07/2013
2013004396;1;1;1;1;6;690;26/07/2013
2013004397;1;1;1;1;3;690;31/08/2013
2013004398;3;1;1;1;7;690;20/09/2013
2013004399;1;1;1;1;2;690;20/03/2013
2013004400;1;1;1;1;6;690;24/06/2013
2013004401;1;1;1;1;1;690;27/06/2013
2013004402;1;1;1;1;5;690;09/07/2013
2013004403;1;1;1;1;7;690;13/07/2013
2013004404;1;2;1;1;1;690;01/09/2013
2013004405;3;1;1;1;5;690;06/11/2013
2013004406;1;1;1;1;1;690;28/01/2013
2013004407;1;2;1;1;6;690;18/04/2013
2013004408;1;2;1;1;6;690;07/05/2013
2013004409;1;1;6;1;3;690;30/05/2013
2013004410;1;1;1;1;1;690;11/07/2013
2013004411;1;2;1;1;6;690;12/09/2013
2013004412;3;1;1;1;7;690;26/09/2013
2013004413;3;1;1;1;6;690;02/10/2013
2013004414;3;1;1;1;2;690;26/09/2013
2013004415;1;1;1;2;7;690;06/10/2013
2013004416;5;2;1;8;3;690;18/12/2013
2013004417;3;1;1;2;1;690;10/01/2013
2013004418;1;1;2;1;3;690;01/04/2013
2013004419;1;1;2;1;3;690;19/04/2013
2013004420;1;1;1;1;1;690;08/06/2013
2013004421;1;1;1;7;1;690;01/07/2013
2013004422;1;1;1;1;1;690;21/07/2013
2013004423;1;1;1;2;4;690;11/10/2013
2013004424;1;1;1;1;2;690;07/10/2013
2013004425;1;1;1;1;3;690;17/12/2013
2013004426;5;2;1;1;1;690;22/12/2013
2013004427;2;2;1;1;6;690;13/02/2013
2013004428;1;1;1;1;1;690;23/03/2013
2013004429;1;2;1;1;6;690;19/04/2013
2013004430;1;1;1;1;6;690;11/05/2013
2013004431;1;1;1;1;1;690;08/06/2013
2013004432;1;1;1;1;6;690;06/06/2013
2013004433;1;1;1;1;1;690;22/06/2013
2013004434;1;1;1;1;7;690;21/07/2013
2013004435;2;2;1;1;1;690;23/07/2013
2013004436;1;1;1;1;6;690;02/11/2013
2013004437;2;2;1;8;3;690;30/12/2013
2013004438;4;1;1;5;1;690;25/05/2013
2013004439;3;1;1;1;6;690;24/07/2013
2013004440;1;1;1;1;1;690;26/07/2013
2013004441;5;2;1;1;6;690;14/01/2013
2013004442;1;2;1;2;1;690;01/02/2013
2013004443;1;2;1;7;2;690;31/07/2013
2013004444;5;2;1;1;1;690;24/08/2013
2013004445;1;2;1;7;6;690;02/09/2013
2013004446;1;1;1;1;7;690;14/09/2013
2013004447;1;1;1;1;6;690;21/10/2013
2013004448;1;2;1;1;6;690;19/11/2013
2013004449;5;1;1;9;6;690;30/11/2013
2013004450;1;1;1;2;5;10;04/02/2013
2013004451;1;1;1;2;7;10;21/05/2013
2013004452;3;1;1;2;6;10;01/06/2013
2013004453;1;2;1;1;7;10;17/08/2013
2013004454;1;1;1;8;1;10;10/11/2013
2013004455;1;2;1;1;6;10;21/03/2013
2013004456;1;1;1;1;1;10;22/03/2013
2013004457;1;2;1;1;6;10;07/04/2013
2013004458;1;1;1;3;1;10;27/06/2013
2013004459;1;1;1;1;3;10;21/09/2013
2013004460;1;2;1;1;6;10;20/09/2013
2013004461;2;1;1;1;5;10;01/10/2013
2013004462;1;1;1;3;5;10;15/10/2013
2013004463;3;1;1;8;7;10;26/10/2013
2013004464;1;1;1;2;1;10;14/12/2013
2013004465;5;2;1;1;6;10;24/01/2013
2013004466;3;1;1;2;6;10;01/02/2013
2013004467;1;1;1;1;3;10;04/03/2013
2013004468;1;1;1;1;5;10;17/04/2013
2013004469;1;2;1;7;5;10;18/04/2013
2013004470;1;1;1;1;1;10;19/04/2013
2013004471;1;1;1;1;3;10;21/04/2013
2013004472;1;1;1;1;1;10;21/04/2013
2013004473;3;1;1;1;1;10;08/05/2013
2013004474;1;2;7;2;6;10;12/05/2013
2013004475;1;1;1;1;1;10;13/05/2013
2013004476;5;2;1;1;6;10;01/06/2013
2013004477;1;1;1;1;5;10;16/06/2013
2013004478;1;1;1;1;3;10;21/06/2013
2013004479;1;1;1;1;3;10;27/06/2013
2013004480;1;1;1;2;1;10;28/06/2013
2013004481;5;1;1;1;3;10;28/09/2013
2013004482;1;1;1;1;3;10;14/10/2013
2013004483;5;2;1;2;3;10;09/11/2013
2013004484;3;1;1;1;6;10;27/02/2013
2013004485;1;1;3;1;1;10;09/03/2013
2013004486;1;1;1;1;3;10;01/10/2013
2013004487;1;1;1;9;6;10;26/11/2013
2013004488;1;2;1;7;3;10;23/04/2013
2013004489;1;1;2;2;3;10;29/04/2013
2013004490;1;1;2;1;3;10;02/06/2013
2013004491;2;1;1;5;1;10;13/12/2013
2013004492;1;1;1;4;7;10;11/01/2013
2013004493;1;2;1;7;7;10;18/06/2013
2013004494;3;1;1;1;7;10;01/01/2013
2013004495;1;1;1;4;3;10;15/01/2013
2013004496;2;1;1;1;6;10;27/06/2013
2013004497;1;1;1;1;7;10;25/06/2013
2013004498;1;2;3;1;1;10;10/08/2013
2013004499;1;2;1;1;6;10;21/08/2013
2013004500;5;1;1;2;1;10;13/10/2013
2013004501;1;1;1;1;3;10;09/06/2013
2013004502;1;2;1;1;6;10;15/06/2013
2013004503;1;1;1;1;1;10;23/07/2013
2013004504;1;1;1;1;1;10;24/07/2013
2013004505;1;1;1;1;2;10;31/12/2013
2013004506;1;1;1;1;1;10;01/04/2013
2013004507;1;2;2;1;3;10;14/04/2013
2013004508;1;1;1;1;3;10;02/06/2013
2013004509;1;1;1;1;7;10;17/06/2013
2013004510;1;1;1;1;1;10;18/06/2013
2013004511;1;2;1;1;1;10;20/06/2013
2013004512;1;1;1;1;3;10;16/07/2013
2013004513;1;2;1;1;5;10;11/09/2013
2013004514;1;1;1;2;1;10;18/09/2013
2013004515;1;2;1;3;1;10;12/10/2013
2013004516;3;1;1;5;1;10;18/10/2013
2013004517;1;2;1;1;1;10;17/12/2013
2013004518;3;1;1;1;1;10;23/12/2013
2013004519;3;1;1;3;6;10;25/12/2013
2013004520;1;1;1;1;1;10;23/08/2013
2013004521;1;2;1;1;7;10;17/10/2013
2013004522;1;2;1;1;5;10;18/10/2013
2013004523;1;1;1;2;6;10;20/10/2013
2013004524;3;1;1;1;6;10;23/10/2013
2013004525;3;1;1;2;6;10;09/11/2013
2013004526;5;2;1;1;3;10;02/01/2013
2013004527;5;2;1;1;3;10;03/03/2013
2013004528;1;1;6;1;7;10;27/05/2013
2013004529;5;2;1;1;3;10;28/06/2013
2013004530;1;2;2;1;3;10;31/07/2013
2013004531;5;2;1;1;6;10;29/11/2013
2013004532;1;2;6;8;3;10;22/11/2013
2013004533;5;1;1;8;1;10;21/12/2013
2013004534;2;2;1;1;2;10;21/03/2013
2013004535;1;2;9;8;6;10;10/04/2013
2013004536;5;2;6;1;7;10;30/08/2013
2013004537;1;1;1;1;1;10;01/09/2013
2013004538;1;2;6;1;1;10;14/08/2013
2013004539;1;1;1;1;1;10;07/10/2013
2013004540;1;1;1;1;1;10;13/10/2013
2013004541;3;1;1;1;6;10;24/12/2013
2013004542;1;2;1;7;7;10;14/04/2013
2013004543;1;1;1;1;1;10;13/07/2013
2013004544;2;1;1;1;7;10;13/07/2013
2013004545;1;2;7;1;6;10;09/11/2013
2013004546;5;2;1;1;6;10;15/11/2013
2013004547;1;1;2;4;3;10;10/02/2013
2013004548;1;1;1;1;7;10;24/04/2013
2013004549;1;1;3;2;3;10;09/05/2013
2013004550;3;1;1;2;7;10;03/05/2013
2013004551;1;1;1;8;3;10;17/05/2013
2013004552;3;1;1;1;6;10;17/07/2013
2013004553;1;1;1;1;6;10;29/07/2013
2013004554;1;1;1;1;7;10;21/08/2013
2013004555;1;1;1;1;6;10;25/08/2013
2013004556;1;2;6;2;3;10;11/09/2013
2013004557;1;1;1;1;6;10;16/09/2013
2013004558;1;1;3;2;5;10;10/01/2013
2013004559;3;1;1;4;6;10;24/02/2013
2013004560;3;1;1;4;6;10;24/02/2013
2013004561;1;1;1;2;6;10;29/04/2013
2013004562;3;1;1;2;6;10;01/05/2013
2013004563;1;1;1;1;7;10;29/05/2013
2013004564;1;1;1;1;6;10;15/06/2013
2013004565;3;1;1;1;6;10;01/08/2013
2013004566;3;1;1;1;6;10;14/09/2013
2013004567;1;1;1;1;3;10;17/10/2013
2013004568;3;1;1;1;6;10;01/11/2013
2013004569;3;1;1;4;7;10;18/01/2013
2013004570;1;1;1;1;7;10;26/01/2013
2013004571;1;1;1;1;2;10;11/03/2013
2013004572;2;1;1;1;1;10;19/03/2013
2013004573;2;1;1;3;1;10;28/03/2013
2013004574;4;2;1;1;6;10;07/04/2013
2013004575;2;1;1;2;4;10;28/04/2013
2013004576;1;2;1;1;5;10;14/05/2013
2013004577;1;2;2;1;3;10;27/05/2013
2013004578;1;1;1;1;1;10;15/07/2013
2013004579;1;1;3;1;3;10;10/08/2013
2013004580;1;1;1;1;1;10;16/08/2013
2013004581;1;2;1;1;3;10;06/09/2013
2013004582;5;2;1;1;1;10;12/11/2013
2013004583;1;1;1;1;6;10;18/11/2013
2013004584;5;2;1;2;3;10;26/01/2013
2013004585;1;2;1;4;7;10;25/02/2013
2013004586;1;2;1;1;3;10;03/06/2013
2013004587;1;1;1;1;3;10;25/06/2013
2013004588;1;1;1;1;2;10;07/07/2013
2013004589;1;1;1;1;6;10;07/07/2013
2013004590;5;2;2;1;3;10;16/07/2013
2013004591;4;2;1;1;6;10;17/07/2013
2013004592;1;2;6;1;3;10;18/07/2013
2013004593;5;2;1;1;3;10;28/08/2013
2013004594;5;2;1;1;6;10;08/10/2013
2013004595;1;2;3;1;3;10;02/11/2013
2013004596;1;2;1;1;6;10;03/12/2013
2013004597;1;1;1;1;2;10;26/06/2013
2013004598;1;1;2;1;3;10;06/07/2013
2013004599;1;1;1;1;1;10;26/07/2013
2013004600;1;1;1;8;1;10;14/01/2013
2013004601;3;1;1;1;2;10;01/03/2013
2013004602;1;1;1;2;1;10;11/04/2013
2013004603;1;1;2;1;3;10;23/05/2013
2013004604;1;1;1;6;1;10;17/06/2013
2013004605;1;1;1;1;4;10;07/09/2013
2013004606;2;1;1;5;1;10;18/10/2013
2013004607;1;2;3;2;3;10;04/05/2013
2013004608;1;1;1;1;2;10;03/06/2013
2013004609;1;2;1;1;3;10;26/06/2013
2013004610;1;1;2;8;5;10;18/07/2013
2013004611;1;1;1;1;6;10;05/08/2013
2013004612;2;2;3;1;3;10;10/08/2013
2013004613;3;1;1;5;5;10;18/11/2013
2013004614;1;2;1;1;6;70;28/06/2013
2013004615;1;1;1;1;6;70;05/08/2013
2013004616;3;1;1;1;7;70;10/08/2013
2013004617;1;1;1;1;1;70;17/08/2013
2013004618;1;1;1;1;3;70;30/08/2013
2013004619;2;2;1;1;1;70;23/12/2013
2013004620;3;1;1;1;1;70;15/02/2013
2013004621;1;1;1;1;2;70;19/03/2013
2013004622;1;1;1;1;3;70;15/06/2013
2013004623;1;1;1;1;3;70;01/07/2013
2013004624;1;1;1;1;7;70;05/08/2013
2013004625;1;1;1;1;2;70;31/08/2013
2013004626;3;1;1;1;6;70;23/09/2013
2013004627;1;1;1;2;6;70;12/10/2013
2013004628;1;1;1;1;1;70;14/12/2013
2013004629;1;1;1;1;6;70;27/12/2013
2013004630;1;1;1;1;3;70;15/03/2013
2013004631;1;1;1;1;1;70;14/05/2013