num_acc;lum;agg;inter;atm;col;dep;date
2013004632;1;2;1;1;6;70;25/05/2013
2013004633;1;1;1;1;1;70;15/06/2013
2013004634;1;1;1;7;1;70;11/08/2013
2013004635;1;2;1;1;6;70;09/12/2013
2013004636;1;1;1;1;7;70;12/12/2013
2013004637;1;2;1;1;5;70;14/04/2013
2013004638;1;1;1;7;3;70;17/06/2013
2013004639;1;1;1;1;7;70;13/09/2013
2013004640;1;1;1;2;3;70;05/04/2013
2013004641;1;2;1;8;6;70;08/04/2013
2013004642;1;1;1;1;6;70;05/05/2013
2013004643;1;2;1;1;6;70;10/06/2013
2013004644;1;1;1;1;3;70;16/06/2013
2013004645;1;1;6;1;1;70;07/08/2013
2013004646;1;1;1;1;1;70;02/09/2013
2013004647;1;1;2;1;3;70;31/10/2013
2013004648;3;1;1;1;6;70;06/12/2013
2013004649;1;1;6;1;1;70;11/12/2013
2013004650;3;1;1;1;6;70;20/01/2013
2013004651;3;1;1;2;6;70;09/11/2013
2013004652;3;1;1;4;6;70;29/12/2013
2013004653;1;1;1;1;3;70;02/01/2013
2013004654;3;1;1;1;6;70;20/02/2013
2013004655;1;1;1;1;1;70;12/05/2013
2013004656;1;1;1;1;6;70;21/07/2013
2013004657;1;2;1;1;1;70;13/09/2013
2013004658;1;2;1;3;6;70;20/10/2013
2013004659;1;1;1;1;3;70;31/03/2013
2013004660;1;1;1;1;3;70;20/05/2013
2013004661;1;1;1;1;3;70;06/07/2013
2013004662;3;1;1;1;6;70;04/08/2013
2013004663;1;1;1;1;3;70;19/09/2013
2013004664;2;1;1;8;1;70;25/12/2013
2013004665;1;1;1;1;1;70;13/06/2013
2013004666;1;1;1;1;6;70;02/08/2013
2013004667;1;1;1;8;1;70;21/10/2013
2013004668;1;1;1;1;1;70;10/04/2013
2013004669;1;1;1;1;1;70;14/04/2013
2013004670;1;2;1;1;1;70;23/04/2013
2013004671;1;2;1;1;1;70;21/05/2013
2013004672;1;2;1;1;7;70;30/06/2013
2013004673;3;2;1;2;3;70;09/11/2013
2013004674;1;1;1;1;7;70;02/03/2013
2013004675;1;2;1;1;6;70;12/03/2013
2013004676;1;1;1;1;6;70;23/04/2013
2013004677;1;2;1;3;1;70;21/05/2013
2013004678;3;1;1;1;6;70;19/07/2013
2013004679;3;2;1;2;3;70;21/11/2013
2013004680;1;2;1;1;6;70;10/12/2013
2013004681;3;1;1;1;6;70;04/05/2013
2013004682;1;1;1;1;1;70;16/08/2013
2013004683;3;1;1;2;1;70;01/12/2013
2013004684;1;2;1;1;7;70;14/05/2013
2013004685;3;1;1;1;7;70;04/08/2013
2013004686;2;1;2;1;3;70;10/08/2013
2013004687;1;1;1;1;1;70;07/10/2013
2013004688;3;1;1;1;6;260;21/07/2013
2013004689;1;1;1;8;2;260;16/08/2013
2013004690;1;1;1;1;7;260;07/11/2013
2013004691;2;2;1;3;6;260;23/11/2013
2013004692;1;1;1;1;3;260;27/07/2013
2013004693;3;1;9;3;1;260;28/07/2013
2013004694;1;1;1;1;6;260;01/08/2013
2013004695;2;2;1;1;6;260;05/08/2013
2013004696;1;1;1;1;3;260;11/08/2013
2013004697;1;1;1;8;6;260;15/09/2013
2013004698;3;1;1;1;7;260;19/10/2013
2013004699;1;1;1;1;1;260;24/10/2013
2013004700;3;1;1;8;3;260;30/11/2013
2013004701;1;1;2;1;3;260;09/04/2013
2013004702;1;1;1;8;7;260;08/06/2013
2013004703;1;2;1;1;1;260;18/06/2013
2013004704;1;1;1;1;3;260;09/09/2013
2013004705;3;1;1;8;7;260;06/10/2013
2013004706;3;1;1;1;6;260;25/10/2013
2013004707;1;2;9;1;6;260;06/11/2013
2013004708;3;1;1;1;3;260;22/02/2013
2013004709;1;2;1;7;6;260;07/06/2013
2013004710;1;1;1;1;1;260;26/06/2013
2013004711;5;2;1;1;6;260;14/07/2013
2013004712;1;1;1;1;5;260;08/01/2013
2013004713;1;1;1;2;1;260;06/03/2013
2013004714;1;1;1;1;3;260;29/06/2013
2013004715;5;1;1;1;6;260;07/01/2013
2013004716;3;1;1;1;6;260;13/01/2013
2013004717;2;1;1;1;7;260;10/02/2013
2013004718;1;1;1;1;7;260;06/06/2013
2013004719;1;1;1;1;3;260;14/03/2013
2013004720;3;1;1;4;6;260;18/01/2013
2013004721;4;1;1;1;3;260;31/12/2013
2013004722;3;1;2;1;1;260;26/02/2013
2013004723;1;1;1;1;1;260;19/04/2013
2013004724;1;2;1;1;6;260;30/07/2013
2013004725;5;2;1;8;6;20;11/01/2013
2013004726;5;2;3;1;3;20;28/01/2013
2013004727;5;2;1;1;6;20;10/02/2013
2013004728;1;2;1;1;6;20;02/03/2013
2013004729;1;1;1;1;2;20;05/03/2013
2013004730;1;2;1;1;6;20;06/03/2013
2013004731;1;2;1;1;6;20;17/05/2013
2013004732;1;2;1;1;6;20;04/06/2013
2013004733;1;2;2;1;3;20;05/06/2013
2013004734;5;2;2;2;3;20;22/06/2013
2013004735;1;2;1;1;6;20;25/06/2013
2013004736;1;2;3;1;6;20;01/07/2013
2013004737;1;2;3;1;3;20;05/07/2013
2013004738;1;2;1;1;6;20;14/08/2013
2013004739;5;2;3;1;6;20;28/08/2013
2013004740;5;2;3;1;3;20;05/10/2013
2013004741;1;2;3;3;3;20;04/11/2013
2013004742;1;2;3;1;3;20;15/11/2013
2013004743;1;2;1;1;6;20;12/12/2013
2013004744;1;1;3;1;1;260;07/01/2013
2013004745;1;1;1;1;1;260;07/03/2013
2013004746;1;1;1;1;3;260;15/06/2013
2013004747;1;1;1;1;5;260;18/08/2013
2013004748;1;2;1;2;6;260;27/10/2013
2013004749;3;1;1;6;6;260;05/01/2013
2013004750;2;2;1;8;6;260;11/01/2013
2013004751;1;1;2;1;3;260;12/01/2013
2013004752;1;1;1;2;6;260;01/01/2013
2013004753;3;1;4;2;1;260;02/02/2013
2013004754;1;1;1;1;4;260;21/05/2013
2013004755;1;2;1;1;1;260;28/05/2013
2013004756;1;2;1;6;7;260;25/06/2013
2013004757;1;1;1;1;2;260;13/05/2013
2013004758;1;2;1;1;1;260;23/06/2013
2013004759;1;1;2;1;3;260;20/01/2013
2013004760;1;1;1;4;1;260;08/02/2013
2013004761;5;1;1;2;3;260;30/03/2013
2013004762;1;2;1;1;6;260;05/06/2013
2013004763;1;1;1;1;6;260;08/06/2013
2013004764;1;2;1;1;3;260;14/12/2013
2013004765;3;1;1;1;1;260;16/03/2013
2013004766;1;1;1;1;6;260;05/06/2013
2013004767;1;1;1;1;6;260;01/10/2013
2013004768;1;2;1;1;6;20;28/01/2013
2013004769;1;2;1;1;6;20;18/01/2013
2013004770;5;2;6;2;6;20;29/11/2013
2013004771;1;2;1;1;6;20;12/02/2013
2013004772;5;2;6;1;6;20;19/12/2013
2013004773;1;2;3;1;3;20;06/03/2013
2013004774;1;2;3;1;6;20;14/03/2013
2013004775;2;2;6;2;6;20;19/03/2013
2013004776;5;2;2;2;3;20;19/03/2013
2013004777;1;2;3;1;2;20;20/03/2013
2013004778;1;2;4;1;2;20;21/03/2013
2013004779;1;2;2;1;3;20;21/03/2013
2013004780;1;2;3;1;3;20;22/04/2013
2013004781;2;2;1;1;6;20;01/05/2013
2013004782;1;2;3;1;6;20;02/05/2013
2013004783;1;2;3;1;3;20;03/05/2013
2013004784;1;2;1;1;6;20;10/05/2013
2013004785;2;2;1;1;6;20;12/05/2013
2013004786;1;2;1;1;6;20;22/05/2013
2013004787;1;1;1;1;6;20;26/06/2013
2013004788;1;2;1;1;6;20;31/05/2013
2013004789;5;2;3;1;1;20;23/08/2013
2013004790;1;2;3;7;3;20;04/07/2013
2013004791;1;2;1;8;6;20;31/07/2013
2013004792;1;2;2;1;3;20;05/08/2013
2013004793;2;1;1;1;2;20;23/09/2013
2013004794;5;2;3;1;3;20;21/09/2013
2013004795;2;2;1;1;2;20;10/09/2013
2013004796;5;2;6;1;3;20;09/10/2013
2013004797;1;2;2;3;1;20;10/10/2013
2013004798;1;2;2;2;3;20;20/10/2013
2013004799;5;2;1;2;6;20;20/10/2013
2013004800;1;2;2;1;3;20;25/10/2013
2013004801;5;2;2;2;3;20;20/11/2013
2013004802;5;2;4;1;3;20;29/10/2013
2013004803;5;2;1;2;3;20;06/12/2013
2013004804;5;2;6;8;6;20;07/12/2013
2013004805;3;1;1;3;1;20;13/12/2013
2013004806;3;1;1;1;1;20;15/12/2013
2013004807;5;2;2;1;3;20;17/12/2013
2013004808;1;2;1;1;6;20;30/08/2013
2013004809;5;2;2;2;6;380;14/01/2013
2013004810;1;2;1;1;1;380;12/03/2013
2013004811;1;1;1;1;6;380;13/04/2013
2013004812;1;2;1;1;1;380;14/10/2013
2013004813;2;2;1;1;1;380;06/11/2013
2013004814;1;2;2;1;3;380;27/05/2013
2013004815;1;1;1;2;1;380;08/06/2013
2013004816;1;2;1;1;1;380;15/06/2013
2013004817;5;1;4;1;3;380;12/02/2013
2013004818;3;1;1;1;1;380;02/03/2013
2013004819;2;2;1;1;2;380;12/03/2013
2013004820;1;2;6;1;7;380;06/04/2013
2013004821;1;1;1;3;6;380;19/04/2013
2013004822;3;1;1;1;6;380;09/05/2013
2013004823;1;2;1;1;7;380;15/06/2013
2013004824;3;2;1;2;7;380;30/06/2013
2013004825;1;1;1;1;6;380;12/07/2013
2013004826;1;2;9;1;3;380;17/07/2013
2013004827;1;2;1;1;3;380;02/08/2013
2013004828;1;1;1;1;1;380;21/08/2013
2013004829;3;1;1;1;7;380;13/09/2013
2013004830;1;2;1;1;3;380;22/03/2013
2013004831;1;2;1;1;7;380;02/07/2013
2013004832;2;1;1;1;7;380;25/04/2013
2013004833;2;1;1;8;1;380;09/05/2013
2013004834;2;1;1;1;7;380;21/06/2013
2013004835;1;1;1;1;7;380;22/06/2013
2013004836;1;2;2;1;3;380;25/06/2013
2013004837;1;1;1;1;6;380;05/08/2013
2013004838;1;1;1;1;3;380;04/09/2013
2013004839;1;1;1;1;6;380;10/09/2013
2013004840;1;1;1;8;2;380;08/10/2013
2013004841;1;1;1;8;6;380;30/12/2013
2013004842;3;2;1;1;7;380;07/05/2013
2013004843;1;1;1;1;6;380;07/06/2013
2013004844;1;1;1;1;1;380;12/07/2013
2013004845;1;2;7;1;6;380;18/09/2013
2013004846;1;1;1;1;3;380;23/09/2013
2013004847;1;2;2;1;3;380;26/09/2013
2013004848;3;1;1;1;1;380;05/12/2013
2013004849;1;2;1;1;7;380;04/01/2013
2013004850;1;1;1;1;3;380;04/04/2013
2013004851;3;1;1;1;5;380;14/07/2013
2013004852;1;1;1;1;2;380;21/07/2013
2013004853;1;1;1;1;6;380;04/09/2013
2013004854;2;2;1;3;1;380;02/11/2013
2013004855;3;1;1;2;2;380;02/11/2013
2013004856;1;1;1;1;6;380;07/03/2013
2013004857;1;1;1;1;4;380;31/05/2013
2013004858;5;2;1;1;6;380;15/06/2013
2013004859;3;1;1;1;1;380;07/01/2013
2013004860;2;1;1;1;1;380;28/01/2013
2013004861;3;1;1;8;6;380;16/09/2013
2013004862;1;1;2;1;5;20;07/02/2013
2013004863;1;2;1;1;6;20;15/02/2013
2013004864;3;1;1;1;1;20;22/02/2013
2013004865;1;1;4;8;2;20;23/02/2013
2013004866;1;2;1;1;6;20;05/03/2013
2013004867;1;2;1;1;6;20;22/03/2013
2013004868;1;2;3;1;6;20;22/03/2013
2013004869;1;2;1;1;6;20;06/04/2013
2013004870;1;2;1;1;3;20;17/05/2013
2013004871;1;1;1;1;1;20;21/05/2013
2013004872;1;2;1;1;6;20;22/05/2013
2013004873;1;2;3;1;3;20;29/03/2013
2013004874;1;1;6;1;3;380;17/04/2013
2013004875;1;2;1;1;6;20;20/09/2013
2013004876;1;2;2;7;6;20;15/10/2013
2013004877;1;1;1;2;1;380;08/08/2013
2013004878;1;2;1;1;3;380;19/10/2013
2013004879;1;2;1;1;6;380;26/10/2013
2013004880;1;1;1;1;3;380;12/04/2013
2013004881;1;1;1;2;6;380;07/08/2013
2013004882;1;1;1;1;1;380;27/08/2013
2013004883;1;2;1;1;6;380;31/08/2013
2013004884;1;1;1;1;3;380;18/01/2013
2013004885;5;2;9;2;6;380;23/02/2013
2013004886;1;2;6;1;3;380;06/06/2013
2013004887;1;1;1;1;1;380;05/07/2013
2013004888;1;1;1;1;3;380;17/07/2013
2013004889;1;1;1;1;6;380;26/07/2013
2013004890;1;2;1;1;1;380;14/09/2013
2013004891;1;1;1;1;1;380;02/10/2013
2013004892;1;2;1;1;1;380;16/10/2013
2013004893;1;2;1;1;1;380;22/10/2013
2013004894;3;1;1;1;6;380;06/12/2013
2013004895;1;2;1;1;3;380;17/12/2013
2013004896;3;1;1;1;5;380;24/02/2013
2013004897;1;1;1;1;3;380;07/05/2013
2013004898;1;2;1;1;6;380;15/06/2013
2013004899;3;1;1;1;7;380;21/07/2013
2013004900;1;1;1;1;1;380;25/07/2013
2013004901;1;1;3;1;3;380;18/10/2013
2013004902;1;1;1;1;6;380;01/11/2013
2013004903;3;1;1;1;7;380;21/12/2013
2013004904;1;1;1;1;6;380;25/03/2013
2013004905;1;1;1;1;7;380;13/04/2013
2013004906;2;1;2;1;3;380;18/05/2013
2013004907;1;1;1;1;6;380;01/06/2013
2013004908;1;1;1;1;1;380;07/09/2013
2013004909;1;1;2;1;3;380;09/09/2013
2013004910;4;2;1;1;6;380;21/09/2013
2013004911;1;2;1;1;6;380;01/10/2013
2013004912;1;1;1;1;5;380;26/10/2013
2013004913;1;1;4;2;6;380;11/01/2013
2013004914;1;1;1;1;6;380;03/02/2013
2013004915;1;1;1;1;6;380;09/03/2013
2013004916;1;1;1;3;6;380;17/03/2013
2013004917;1;2;3;1;3;380;23/04/2013
2013004918;3;1;1;1;7;380;23/06/2013
2013004919;1;1;1;1;5;380;23/06/2013
2013004920;1;2;1;1;1;380;04/07/2013
2013004921;1;1;1;7;1;380;26/07/2013
2013004922;1;1;1;1;1;380;02/08/2013
2013004923;1;1;1;3;5;380;07/08/2013
2013004924;1;2;1;1;5;380;20/08/2013
2013004925;1;1;1;1;1;380;01/12/2013
2013004926;3;1;1;1;7;380;24/12/2013
2013004927;3;1;4;1;6;380;03/02/2013
2013004928;1;1;1;1;1;380;04/03/2013
2013004929;1;2;1;1;6;380;24/05/2013
2013004930;1;1;1;1;1;380;26/05/2013
2013004931;1;1;1;3;2;380;24/06/2013
2013004932;1;1;1;2;6;380;15/10/2013
2013004933;1;1;1;8;1;380;15/10/2013
2013004934;3;1;1;1;6;380;30/10/2013
2013004935;5;2;1;2;6;380;04/11/2013
2013004936;1;1;1;1;1;380;08/12/2013
2013004937;1;1;1;2;5;380;19/12/2013
2013004938;1;2;1;7;6;380;21/12/2013
2013004939;3;2;1;1;6;380;28/02/2013
2013004940;5;2;1;1;6;380;24/05/2013
2013004941;1;1;1;1;6;380;06/07/2013
2013004942;3;1;1;1;7;380;04/10/2013
2013004943;1;2;1;1;6;380;13/11/2013
2013004944;3;1;6;1;6;380;01/12/2013
2013004945;2;1;1;2;3;380;20/12/2013
2013004946;1;1;1;1;6;380;11/04/2013
2013004947;1;2;1;1;3;380;25/07/2013
2013004948;1;1;1;1;3;380;23/08/2013
2013004949;1;1;6;1;1;380;13/09/2013
2013004950;1;1;1;1;3;380;24/09/2013
2013004951;3;1;1;4;6;380;13/12/2013
2013004952;3;1;1;8;6;380;15/12/2013
2013004953;1;1;1;1;3;380;11/03/2013
2013004954;1;1;1;1;3;380;11/08/2013
2013004955;5;1;1;1;3;380;03/09/2013
2013004956;3;1;1;2;1;380;06/11/2013
2013004957;1;1;1;1;7;380;23/06/2013
2013004958;1;1;1;1;1;380;02/07/2013
2013004959;1;1;1;7;6;380;03/08/2013
2013004960;2;2;1;1;6;380;01/09/2013
2013004961;3;1;1;1;6;380;13/10/2013
2013004962;5;1;1;1;1;380;25/10/2013
2013004963;1;1;1;1;6;380;04/01/2013
2013004964;3;2;8;1;6;380;28/02/2013
2013004965;1;2;1;2;6;380;20/03/2013
2013004966;1;1;1;2;1;380;21/05/2013
2013004967;1;2;1;2;1;380;07/06/2013
2013004968;1;1;1;1;3;380;16/06/2013
2013004969;1;1;1;1;5;380;03/07/2013
2013004970;1;2;1;1;3;380;11/08/2013
2013004971;1;2;1;7;6;380;23/08/2013
2013004972;1;1;1;3;1;380;08/09/2013
2013004973;1;1;1;1;1;380;05/10/2013
2013004974;2;1;1;8;5;380;10/10/2013
2013004975;5;2;1;1;1;380;30/12/2013
2013004976;1;1;1;2;1;380;09/02/2013
2013004977;1;2;3;1;3;380;27/02/2013
2013004978;5;2;1;1;3;380;17/08/2013
2013004979;1;2;1;1;6;380;28/08/2013
2013004980;1;2;1;1;4;380;29/08/2013
2013004981;3;2;1;1;2;380;13/09/2013
2013004982;3;1;1;3;1;380;16/09/2013
2013004983;3;2;3;3;7;380;04/10/2013
2013004984;1;1;1;1;1;380;05/10/2013
2013004985;1;2;1;1;3;380;07/10/2013
2013004986;2;1;1;1;1;380;25/10/2013
2013004987;2;2;1;3;4;380;29/11/2013
2013004988;3;1;1;1;1;380;30/11/2013
2013004989;1;1;1;1;1;380;16/12/2013
2013004990;1;2;4;1;3;440;18/02/2013
2013004991;1;2;1;3;6;440;11/04/2013
2013004992;5;2;6;1;3;440;12/04/2013
2013004993;1;2;6;1;3;440;19/06/2013
2013004994;1;2;9;1;3;440;31/08/2013
2013004995;5;2;6;1;6;440;13/11/2013
2013004996;1;1;1;2;7;440;12/12/2013
2013004997;1;2;6;2;3;440;25/12/2013
2013004998;5;1;1;1;6;380;22/02/2013
2013004999;1;1;1;2;1;380;19/04/2013
2013005000;1;2;1;1;7;380;06/08/2013
2013005001;3;1;1;1;1;380;25/08/2013
2013005002;1;2;1;1;6;380;05/10/2013
2013005003;3;1;1;1;6;380;17/11/2013
2013005004;3;1;1;5;7;380;10/12/2013
2013005005;3;1;1;5;6;380;12/12/2013
2013005006;1;1;1;8;3;380;31/01/2013
2013005007;3;2;1;2;1;380;07/03/2013
2013005008;3;1;1;2;6;380;10/03/2013
2013005009;1;2;1;7;6;380;21/03/2013
2013005010;2;1;1;1;7;380;08/04/2013
2013005011;1;2;1;1;3;380;15/06/2013
2013005012;1;2;1;1;1;380;13/06/2013
2013005013;1;1;1;1;3;380;01/08/2013
2013005014;1;1;1;1;3;380;21/08/2013
2013005015;1;1;2;1;3;380;19/09/2013
2013005016;2;2;1;1;1;380;19/10/2013
2013005017;5;1;1;1;2;380;30/11/2013
2013005018;1;2;1;1;2;380;11/12/2013
2013005019;1;1;1;1;3;380;18/12/2013
2013005020;3;1;2;1;1;380;23/01/2013
2013005021;1;1;1;1;6;380;09/03/2013
2013005022;1;2;1;1;6;380;15/03/2013
2013005023;2;1;1;2;7;380;02/04/2013
2013005024;3;1;1;1;6;380;03/04/2013
2013005025;1;1;1;1;7;380;02/07/2013
2013005026;1;1;1;1;4;380;06/07/2013
2013005027;2;1;1;3;6;380;04/10/2013
2013005028;1;1;6;3;6;380;19/11/2013
2013005029;1;1;1;1;1;380;18/12/2013
2013005030;1;2;1;1;7;380;10/03/2013
2013005031;1;2;1;1;6;380;17/06/2013
2013005032;3;1;1;1;5;380;26/07/2013
2013005033;3;1;1;8;6;380;13/09/2013
2013005034;3;1;1;1;1;380;19/10/2013
2013005035;1;2;4;1;6;380;02/02/2013
2013005036;5;2;1;1;3;380;28/01/2013
2013005037;5;2;2;8;3;380;01/02/2013
2013005038;1;2;1;1;6;380;15/02/2013
2013005039;2;1;1;1;1;380;16/03/2013
2013005040;1;1;1;2;5;380;30/03/2013
2013005041;1;2;2;1;3;380;17/04/2013
2013005042;1;1;1;1;1;380;23/04/2013
2013005043;1;1;1;1;3;380;26/04/2013
2013005044;2;2;2;8;3;380;25/05/2013
2013005045;1;2;1;2;1;380;31/05/2013
2013005046;1;2;1;1;2;380;06/06/2013
2013005047;1;1;1;1;2;380;25/06/2013
2013005048;1;1;1;1;1;380;29/07/2013
2013005049;1;2;1;1;6;380;21/09/2013
2013005050;1;1;1;1;1;380;25/10/2013
2013005051;1;1;1;1;5;380;15/11/2013
2013005052;1;1;1;4;3;380;20/11/2013
2013005053;1;1;1;1;7;380;22/12/2013
2013005054;1;1;1;7;1;380;30/07/2013
2013005055;1;2;1;1;1;380;21/08/2013
2013005056;1;1;1;1;5;380;05/12/2013
2013005057;3;1;6;3;3;380;25/12/2013
2013005058;1;1;1;1;1;420;13/04/2013
2013005059;1;2;1;7;6;420;01/05/2013
2013005060;1;1;1;1;1;420;04/06/2013
2013005061;1;1;1;1;1;420;31/01/2013
2013005062;1;1;1;1;3;420;17/04/2013
2013005063;1;1;1;1;1;420;09/05/2013
2013005064;1;2;1;1;1;420;31/08/2013
2013005065;1;1;1;1;1;420;06/09/2013
2013005066;3;1;6;1;3;420;05/09/2013
2013005067;3;1;1;1;6;420;25/09/2013
2013005068;5;2;6;2;1;420;06/12/2013
2013005069;1;1;1;1;1;420;11/02/2013
2013005070;1;2;1;1;6;420;17/06/2013
2013005071;1;1;1;1;3;420;16/07/2013
2013005072;1;1;1;1;1;420;19/07/2013
2013005073;1;1;1;1;1;420;22/10/2013
2013005074;1;2;1;1;2;420;25/10/2013
2013005075;3;1;1;1;3;420;16/11/2013
2013005076;1;2;1;1;6;420;09/12/2013
2013005077;5;2;1;1;2;420;09/12/2013
2013005078;1;1;1;9;6;420;14/12/2013
2013005079;5;2;1;1;3;420;19/02/2013
2013005080;3;2;1;1;6;420;07/04/2013
2013005081;1;1;1;1;6;420;07/04/2013
2013005082;1;2;1;1;1;420;11/05/2013
2013005083;1;2;1;3;1;420;17/05/2013
2013005084;1;2;6;1;6;420;17/06/2013
2013005085;1;2;1;1;3;420;04/07/2013
2013005086;5;2;1;1;6;420;18/08/2013
2013005087;1;2;1;1;3;420;20/08/2013
2013005088;1;2;1;1;6;420;06/09/2013
2013005089;3;2;1;1;3;420;09/09/2013
2013005090;1;2;1;1;6;420;10/09/2013
2013005091;1;1;9;3;1;420;08/09/2013
2013005092;1;1;1;1;5;420;13/09/2013
2013005093;1;2;1;1;2;420;17/10/2013
2013005094;1;2;1;1;6;420;26/12/2013
2013005095;3;1;1;1;6;420;31/12/2013
2013005096;1;1;1;1;3;420;03/07/2013
2013005097;1;2;1;1;1;420;21/07/2013
2013005098;1;2;9;1;1;420;23/07/2013
2013005099;1;2;1;1;1;420;28/07/2013
2013005100;1;2;1;1;3;420;04/08/2013
2013005101;1;1;1;1;6;420;31/08/2013
2013005102;1;2;1;1;2;420;11/09/2013
2013005103;2;1;1;8;1;420;01/10/2013
2013005104;1;1;2;1;3;420;13/10/2013
2013005105;1;1;2;1;3;420;25/06/2013
2013005106;3;1;1;2;5;420;20/01/2013
2013005107;3;1;1;1;1;420;23/01/2013
2013005108;3;1;1;2;1;420;02/02/2013
2013005109;1;1;1;1;2;420;28/02/2013
2013005110;1;1;1;1;6;420;14/05/2013
2013005111;1;1;1;1;7;420;14/06/2013
2013005112;1;2;1;1;1;420;18/07/2013
2013005113;3;1;1;1;7;420;03/08/2013
2013005114;1;1;1;3;4;420;07/09/2013
2013005115;1;1;1;1;1;420;09/11/2013
2013005116;1;1;1;2;1;420;15/11/2013
2013005117;1;1;1;4;6;420;30/11/2013
2013005118;1;1;1;3;3;420;19/12/2013
2013005119;1;1;1;5;3;420;05/02/2013
2013005120;1;1;1;2;6;420;16/05/2013
2013005121;1;1;1;1;7;420;17/09/2013
2013005122;3;2;1;1;1;420;26/10/2013
2013005123;1;2;1;1;3;420;11/06/2013
2013005124;1;1;1;1;4;420;14/06/2013
2013005125;1;1;1;1;3;420;05/09/2013
2013005126;1;1;1;1;3;420;22/09/2013
2013005127;1;2;3;1;3;420;26/10/2013
2013005128;5;2;2;4;3;420;20/11/2013
2013005129;5;2;1;1;3;420;05/12/2013
2013005130;5;2;1;1;1;420;14/12/2013
2013005131;1;1;1;1;3;420;15/12/2013
2013005132;1;1;1;1;2;420;17/12/2013
2013005133;1;1;1;1;1;420;20/12/2013
2013005134;5;2;1;1;3;420;15/02/2013
2013005135;1;1;1;1;1;420;24/05/2013
2013005136;2;2;1;1;6;420;06/06/2013
2013005137;1;2;1;1;7;420;09/06/2013
2013005138;5;2;1;1;6;420;26/10/2013
2013005139;2;1;9;1;7;420;29/01/2013
2013005140;1;1;3;8;3;420;30/05/2013
2013005141;1;2;1;1;7;420;03/06/2013
2013005142;1;1;1;2;6;420;18/07/2013
2013005143;2;1;1;1;6;420;26/07/2013
2013005144;1;1;1;1;3;420;16/08/2013
2013005145;1;1;1;1;7;420;23/08/2013
2013005146;1;2;6;1;7;420;30/09/2013
2013005147;3;1;1;1;6;420;24/11/2013
2013005148;1;1;1;1;2;420;04/06/2013
2013005149;1;1;1;1;7;420;09/06/2013
2013005150;3;2;1;1;6;420;26/06/2013
2013005151;1;1;1;1;7;420;26/06/2013
2013005152;1;1;1;1;5;420;23/08/2013
2013005153;1;1;1;1;4;420;02/09/2013
2013005154;1;1;1;1;6;420;15/09/2013
2013005155;1;1;1;1;1;420;22/09/2013
2013005156;1;1;1;1;1;420;13/12/2013
2013005157;1;1;1;2;6;420;25/12/2013
2013005158;1;1;1;1;6;420;10/05/2013
2013005159;1;2;1;2;6;420;19/05/2013
2013005160;1;1;1;1;6;420;23/05/2013
2013005161;3;1;1;1;7;420;09/06/2013
2013005162;3;1;1;1;1;420;29/06/2013
2013005163;1;1;1;1;1;420;02/07/2013
2013005164;1;1;1;2;1;420;07/09/2013
2013005165;1;2;1;1;6;420;29/09/2013
2013005166;1;2;1;1;6;420;29/11/2013
2013005167;1;1;1;5;6;420;12/01/2013
2013005168;2;1;1;4;6;420;05/02/2013
2013005169;1;2;1;1;1;420;21/04/2013
2013005170;1;1;1;3;6;420;26/04/2013
2013005171;1;1;1;1;7;420;07/05/2013
2013005172;1;1;1;1;3;420;25/05/2013
2013005173;1;1;1;1;1;420;13/07/2013
2013005174;1;1;1;1;3;420;20/07/2013
2013005175;1;1;1;1;1;420;21/08/2013
2013005176;3;2;1;1;7;420;01/09/2013
2013005177;1;1;1;2;6;420;18/11/2013
2013005178;1;1;2;8;3;730;23/05/2013
2013005179;3;1;1;1;6;730;22/07/2013
2013005180;1;2;1;1;1;730;18/08/2013
2013005181;1;1;2;1;3;730;23/09/2013
2013005182;3;1;1;1;1;730;21/04/2013
2013005183;1;1;1;8;3;730;13/10/2013
2013005184;3;2;1;1;3;730;23/11/2013
2013005185;1;1;1;1;7;730;12/07/2013
2013005186;1;1;4;1;4;730;26/07/2013
2013005187;1;2;1;1;6;730;22/06/2013
2013005188;1;1;1;1;7;730;04/02/2013
2013005189;3;1;1;9;5;730;28/02/2013
2013005190;2;1;1;1;7;730;29/04/2013
2013005191;1;1;1;1;1;730;11/05/2013
2013005192;1;1;1;1;2;730;15/07/2013
2013005193;1;1;1;1;4;730;24/07/2013
2013005194;1;1;1;1;3;730;09/10/2013
2013005195;1;1;1;1;6;730;18/12/2013
2013005196;1;2;3;1;3;730;30/01/2013
2013005197;1;1;1;8;1;730;12/04/2013
2013005198;1;1;1;1;7;730;02/06/2013
2013005199;1;1;2;1;3;730;30/10/2013
2013005200;1;1;2;1;3;730;06/07/2013
2013005201;1;1;1;1;3;730;13/07/2013
2013005202;1;2;9;1;6;730;10/08/2013
2013005203;1;1;1;1;7;730;28/08/2013
2013005204;3;1;1;1;6;730;29/08/2013
2013005205;1;1;1;1;3;730;26/09/2013
2013005206;4;1;1;1;1;730;07/04/2013
2013005207;1;2;1;7;3;730;01/07/2013
2013005208;3;1;1;1;1;730;30/10/2013
2013005209;1;2;1;1;1;730;19/07/2013
2013005210;1;1;1;1;3;730;20/07/2013
2013005211;1;1;1;1;1;730;03/08/2013
2013005212;1;1;1;1;6;730;24/09/2013