num_acc;lum;agg;inter;atm;col;dep;date
2013005793;1;2;1;8;1;570;16/10/2013
2013005794;2;1;1;5;1;570;16/02/2013
2013005795;1;2;1;1;5;570;15/07/2013
2013005796;1;1;1;1;1;570;22/07/2013
2013005797;1;1;2;8;3;570;09/02/2013
2013005798;3;1;1;5;7;570;16/02/2013
2013005799;1;2;1;1;6;570;02/03/2013
2013005800;1;1;1;1;7;570;19/06/2013
2013005801;3;2;1;1;6;570;09/07/2013
2013005802;1;2;1;1;1;570;14/08/2013
2013005803;1;1;1;1;6;570;31/08/2013
2013005804;5;1;1;2;7;570;09/10/2013
2013005805;1;1;1;3;7;570;08/11/2013
2013005806;5;2;1;2;1;570;08/11/2013
2013005807;1;2;1;1;6;570;18/11/2013
2013005808;1;2;1;1;2;570;26/11/2013
2013005809;1;1;1;1;7;570;27/11/2013
2013005810;5;2;1;1;3;570;28/11/2013
2013005811;2;2;1;1;1;570;02/12/2013
2013005812;1;1;1;1;7;570;03/12/2013
2013005813;3;1;6;1;6;570;20/03/2013
2013005814;3;1;1;1;2;570;09/10/2013
2013005815;1;1;1;1;5;570;24/07/2013
2013005816;2;1;1;2;1;570;14/09/2013
2013005817;3;1;1;1;3;570;17/09/2013
2013005818;1;1;1;1;1;570;18/10/2013
2013005819;1;1;1;1;1;570;23/10/2013
2013005820;1;2;1;1;7;570;25/11/2013
2013005821;1;1;1;1;1;570;09/12/2013
2013005822;1;1;1;1;3;570;04/04/2013
2013005823;1;1;1;1;7;570;08/06/2013
2013005824;1;1;1;1;7;570;19/06/2013
2013005825;1;1;1;1;1;570;16/01/2013
2013005826;1;1;1;1;3;570;28/01/2013
2013005827;1;1;1;1;3;570;07/04/2013
2013005828;2;1;1;1;7;570;21/04/2013
2013005829;1;2;3;1;3;570;04/05/2013
2013005830;1;2;1;1;2;570;08/06/2013
2013005831;1;2;1;1;3;570;15/06/2013
2013005832;1;1;1;1;3;570;08/08/2013
2013005833;3;1;1;1;1;570;26/09/2013
2013005834;3;2;1;1;6;570;29/10/2013
2013005835;1;2;1;1;6;570;27/11/2013
2013005836;2;1;1;9;6;570;27/06/2013
2013005837;5;1;1;2;6;570;04/02/2013
2013005838;5;1;1;2;1;570;17/11/2013
2013005839;1;1;1;8;2;570;04/12/2013
2013005840;3;1;1;2;1;570;13/01/2013
2013005841;3;1;1;9;1;570;23/01/2013
2013005842;1;2;1;1;3;570;25/03/2013
2013005843;1;1;3;1;3;570;07/04/2013
2013005844;1;2;1;1;2;570;16/04/2013
2013005845;1;2;1;1;3;570;07/05/2013
2013005846;1;1;1;2;1;570;10/05/2013
2013005847;1;1;2;2;3;570;17/05/2013
2013005848;1;1;1;1;3;570;13/07/2013
2013005849;1;1;1;1;3;570;20/07/2013
2013005850;3;1;1;9;3;570;16/08/2013
2013005851;3;1;1;3;7;570;08/09/2013
2013005852;1;1;2;1;3;570;16/10/2013
2013005853;1;1;1;1;2;570;15/11/2013
2013005854;2;1;1;5;1;570;18/11/2013
2013005855;3;1;1;4;6;570;19/01/2013
2013005856;1;2;1;3;6;570;29/01/2013
2013005857;1;2;1;1;5;570;07/02/2013
2013005858;1;2;1;1;3;570;14/05/2013
2013005859;5;2;1;1;7;570;17/06/2013
2013005860;3;2;1;1;3;570;07/07/2013
2013005861;1;2;1;1;6;570;11/07/2013
2013005862;2;1;1;1;2;570;01/08/2013
2013005863;1;2;1;1;6;570;03/09/2013
2013005864;1;1;1;8;6;540;17/01/2013
2013005865;1;1;1;1;2;540;03/04/2013
2013005866;1;2;1;1;1;540;05/07/2013
2013005867;1;1;1;1;3;540;09/07/2013
2013005868;1;1;1;1;3;540;12/07/2013
2013005869;1;1;1;1;7;540;26/07/2013
2013005870;3;1;1;8;6;540;25/08/2013
2013005871;1;1;1;1;1;540;29/09/2013
2013005872;1;2;1;8;6;540;14/01/2013
2013005873;1;1;1;4;6;540;23/02/2013
2013005874;1;1;1;1;6;540;23/03/2013
2013005875;1;1;1;2;1;540;17/05/2013
2013005876;1;1;1;1;1;540;20/05/2013
2013005877;2;1;6;1;6;540;28/05/2013
2013005878;1;1;1;1;3;540;15/06/2013
2013005879;1;1;1;1;7;540;07/07/2013
2013005880;1;1;1;3;3;540;10/11/2013
2013005881;1;1;1;8;3;540;29/11/2013
2013005882;1;1;1;8;6;540;14/12/2013
2013005883;1;2;1;7;6;540;19/06/2013
2013005884;3;1;1;1;6;540;30/06/2013
2013005885;1;2;1;1;6;540;16/07/2013
2013005886;1;1;1;1;6;540;16/07/2013
2013005887;1;2;1;1;6;540;12/09/2013
2013005888;1;1;1;1;2;540;13/09/2013
2013005889;5;1;1;1;3;540;04/10/2013
2013005890;1;1;1;1;1;540;21/04/2013
2013005891;1;1;2;1;3;540;14/05/2013
2013005892;3;1;1;8;6;540;01/06/2013
2013005893;1;1;4;8;1;540;04/01/2013
2013005894;2;1;1;4;5;540;21/01/2013
2013005895;3;1;1;4;6;540;10/02/2013
2013005896;1;1;1;4;3;540;10/02/2013
2013005897;1;2;1;1;6;540;21/02/2013
2013005898;1;1;1;1;1;540;24/04/2013
2013005899;1;1;2;1;3;540;01/06/2013
2013005900;1;1;3;1;3;540;11/06/2013
2013005901;1;2;1;1;7;540;19/06/2013
2013005902;1;1;1;1;1;540;25/06/2013
2013005903;1;2;1;1;6;540;24/07/2013
2013005904;1;1;1;1;7;540;05/08/2013
2013005905;1;2;1;1;1;540;03/09/2013
2013005906;1;2;6;1;3;540;24/09/2013
2013005907;3;1;1;2;2;540;07/11/2013
2013005908;1;2;1;2;6;540;08/10/2013
2013005909;3;2;1;2;6;540;28/11/2013
2013005910;2;1;1;5;7;540;12/12/2013
2013005911;3;1;1;9;7;540;29/12/2013
2013005912;1;1;1;1;7;540;07/04/2013
2013005913;1;2;1;1;6;540;19/11/2013
2013005914;5;2;1;2;6;30;05/01/2013
2013005915;5;2;1;2;6;30;11/01/2013
2013005916;1;1;1;1;6;30;22/01/2013
2013005917;1;2;5;1;3;30;14/03/2013
2013005918;5;2;1;3;6;30;30/03/2013
2013005919;1;2;3;1;2;30;02/04/2013
2013005920;1;2;1;1;6;30;09/04/2013
2013005921;1;2;6;2;3;30;05/04/2013
2013005922;1;2;3;1;6;30;04/05/2013
2013005923;1;1;1;1;2;30;14/05/2013
2013005924;2;2;1;1;6;30;24/05/2013
2013005925;1;2;1;1;6;30;05/06/2013
2013005926;1;2;1;1;6;30;06/06/2013
2013005927;1;2;1;1;2;30;13/06/2013
2013005928;1;1;1;1;6;30;25/06/2013
2013005929;1;2;1;1;3;30;01/07/2013
2013005930;1;2;1;1;6;30;04/07/2013
2013005931;1;2;3;1;6;30;05/07/2013
2013005932;1;2;1;1;3;30;04/07/2013
2013005933;1;2;1;1;6;30;14/07/2013
2013005934;5;2;6;1;3;30;14/07/2013
2013005935;1;2;1;1;6;30;24/07/2013
2013005936;5;2;1;1;6;30;26/07/2013
2013005937;1;2;1;8;6;30;28/07/2013
2013005938;5;1;1;1;7;30;02/08/2013
2013005939;1;2;1;1;6;30;06/08/2013
2013005940;1;2;3;1;3;30;03/09/2013
2013005941;1;2;1;1;5;30;04/09/2013
2013005942;5;2;3;8;6;30;18/09/2013
2013005943;1;2;1;1;6;30;22/09/2013
2013005944;1;2;1;1;3;30;27/09/2013
2013005945;1;2;6;1;6;30;07/10/2013
2013005946;1;2;1;1;6;30;09/10/2013
2013005947;1;2;2;1;2;30;10/10/2013
2013005948;1;2;2;1;3;30;14/10/2013
2013005949;1;2;3;1;6;30;17/10/2013
2013005950;1;2;1;1;6;30;18/10/2013
2013005951;5;2;3;1;6;30;29/10/2013
2013005952;1;1;1;1;6;30;30/10/2013
2013005953;5;1;1;1;7;30;30/10/2013
2013005954;5;2;1;2;6;30;04/11/2013
2013005955;1;2;2;2;3;30;05/11/2013
2013005956;2;2;2;1;3;30;17/11/2013
2013005957;2;2;1;2;6;30;19/11/2013
2013005958;2;2;1;2;6;30;21/11/2013
2013005959;1;2;1;1;4;30;28/11/2013
2013005960;5;2;2;1;3;30;29/11/2013
2013005961;1;1;1;8;6;30;29/11/2013
2013005962;5;2;2;1;3;30;01/12/2013
2013005963;2;2;4;1;3;30;02/12/2013
2013005964;1;2;2;1;6;30;02/12/2013
2013005965;1;2;1;1;6;30;03/12/2013
2013005966;1;2;2;1;6;30;09/12/2013
2013005967;1;2;1;1;3;30;11/12/2013
2013005968;5;2;2;1;1;30;11/12/2013
2013005969;5;2;3;1;3;30;14/12/2013
2013005970;1;1;1;1;1;30;17/12/2013
2013005971;5;2;1;1;3;30;30/12/2013
2013005972;1;2;1;2;2;30;31/12/2013
2013005973;1;1;1;1;6;540;31/03/2013
2013005974;1;1;1;1;6;540;08/06/2013
2013005975;2;1;1;1;7;540;14/06/2013
2013005976;1;1;1;1;6;540;05/07/2013
2013005977;1;1;1;8;5;540;23/10/2013
2013005978;3;2;1;5;6;540;04/12/2013
2013005979;1;2;3;4;3;540;15/01/2013
2013005980;3;1;1;1;6;540;15/03/2013
2013005981;1;1;1;3;3;540;16/05/2013
2013005982;1;2;1;1;2;540;30/05/2013
2013005983;1;1;1;1;5;540;02/08/2013
2013005984;1;1;1;1;1;540;27/10/2013
2013005985;5;2;1;3;7;540;05/11/2013
2013005986;1;2;1;1;6;540;22/12/2013
2013005987;3;1;2;5;3;540;11/12/2013
2013005988;1;1;1;1;1;540;08/06/2013
2013005989;3;1;1;3;7;540;14/09/2013
2013005990;1;1;1;1;1;540;14/04/2013
2013005991;1;1;1;1;6;540;08/06/2013
2013005992;5;2;1;8;6;540;11/10/2013
2013005993;1;1;1;1;2;540;16/12/2013
2013005994;2;1;1;1;6;540;12/04/2013
2013005995;1;1;1;1;1;540;20/07/2013
2013005996;1;2;1;1;3;540;25/07/2013
2013005997;1;1;1;8;1;540;15/06/2013
2013005998;1;1;1;1;2;540;22/06/2013
2013005999;1;1;1;1;2;540;19/07/2013
2013006000;1;2;1;1;1;540;21/07/2013
2013006001;1;1;1;1;5;540;22/07/2013
2013006002;1;1;1;3;1;540;11/09/2013
2013006003;1;1;1;8;6;540;24/03/2013
2013006004;5;2;1;2;6;540;09/06/2013
2013006005;1;1;1;7;1;540;27/07/2013
2013006006;1;1;1;1;4;540;22/08/2013
2013006007;5;2;1;1;3;550;24/01/2013
2013006008;1;1;1;1;6;550;14/04/2013
2013006009;1;2;1;2;6;550;01/05/2013
2013006010;1;1;1;1;7;550;02/06/2013
2013006011;1;2;1;1;6;550;17/09/2013
2013006012;5;2;3;1;3;550;21/10/2013
2013006013;3;1;1;9;6;550;18/03/2013
2013006014;1;1;1;1;7;550;24/03/2013
2013006015;3;1;1;1;6;550;01/04/2013
2013006016;1;1;1;1;6;550;23/04/2013
2013006017;1;1;1;1;6;550;04/05/2013
2013006018;1;2;1;1;1;550;10/07/2013
2013006019;2;2;1;5;6;550;05/05/2013
2013006020;1;2;1;1;6;550;06/07/2013
2013006021;1;2;1;1;1;550;04/07/2013
2013006022;3;1;1;1;6;550;21/07/2013
2013006023;1;2;9;1;3;550;01/03/2013
2013006024;3;1;1;1;6;550;06/04/2013
2013006025;1;2;3;1;6;550;07/05/2013
2013006026;1;1;1;1;3;550;05/05/2013
2013006027;1;1;1;1;1;550;09/10/2013
2013006028;1;1;1;7;1;550;05/03/2013
2013006029;3;1;1;1;1;550;24/08/2013
2013006030;1;1;1;1;3;550;19/09/2013
2013006031;1;2;1;1;1;550;22/09/2013
2013006032;2;1;6;1;3;550;07/10/2013
2013006033;1;1;1;1;7;550;04/05/2013
2013006034;3;1;1;1;6;550;26/05/2013
2013006035;1;2;1;1;6;550;19/07/2013
2013006036;1;1;1;1;6;550;28/02/2013
2013006037;1;1;1;1;1;550;08/08/2013
2013006038;3;1;1;1;6;550;21/05/2013
2013006039;1;1;1;1;2;550;08/06/2013
2013006040;1;2;1;1;6;550;06/07/2013
2013006041;1;2;3;1;3;550;26/08/2013
2013006042;1;1;1;7;6;550;27/11/2013
2013006043;3;1;1;2;6;550;08/01/2013
2013006044;1;1;1;3;6;550;26/04/2013
2013006045;1;2;1;1;6;550;17/06/2013
2013006046;1;1;1;2;5;550;05/10/2013
2013006047;1;1;1;1;6;550;09/11/2013
2013006048;3;1;1;8;4;550;01/12/2013
2013006049;1;2;7;8;6;880;11/03/2013
2013006050;1;1;1;1;1;880;30/03/2013
2013006051;1;2;1;1;2;880;13/04/2013
2013006052;1;1;1;1;6;880;08/05/2013
2013006053;1;2;1;3;1;880;16/09/2013
2013006054;1;1;1;2;1;880;04/11/2013
2013006055;2;1;1;1;6;880;12/11/2013
2013006056;3;1;1;8;3;880;20/12/2013
2013006057;1;1;1;2;1;880;03/01/2013
2013006058;1;1;1;2;6;880;27/01/2013
2013006059;4;2;1;3;6;880;31/01/2013
2013006060;3;1;1;1;7;880;27/02/2013
2013006061;1;1;3;1;3;880;18/05/2013
2013006062;1;1;3;1;1;880;24/05/2013
2013006063;3;1;1;8;6;880;15/09/2013
2013006064;5;2;9;2;6;880;04/10/2013
2013006065;5;2;1;4;3;880;21/11/2013
2013006066;2;1;1;8;6;880;20/12/2013
2013006067;2;1;1;8;6;880;26/12/2013
2013006068;5;2;1;1;6;880;09/01/2013
2013006069;3;1;1;1;6;880;26/01/2013
2013006070;1;1;4;1;1;880;06/06/2013
2013006071;1;1;2;1;3;880;09/06/2013
2013006072;1;2;1;1;7;880;15/07/2013
2013006073;5;1;3;2;3;880;04/10/2013
2013006074;2;1;1;9;1;880;13/12/2013
2013006075;1;1;1;1;1;880;03/03/2013
2013006076;3;2;1;1;6;880;21/04/2013
2013006077;1;1;1;1;1;880;23/04/2013
2013006078;1;1;1;5;1;880;02/05/2013
2013006079;1;1;1;1;3;880;23/05/2013
2013006080;1;2;1;7;3;880;10/07/2013
2013006081;1;1;1;1;6;880;02/09/2013
2013006082;1;1;1;1;7;880;25/09/2013
2013006083;1;1;1;9;7;880;11/12/2013
2013006084;1;1;1;8;6;880;25/03/2013
2013006085;5;2;1;1;3;880;18/06/2013
2013006086;1;1;1;1;6;880;06/07/2013
2013006087;5;2;1;1;7;880;24/07/2013
2013006088;1;1;1;2;6;880;19/12/2013
2013006089;1;2;1;8;3;880;24/01/2013
2013006090;1;2;1;1;6;880;13/02/2013
2013006091;1;1;1;1;5;880;07/03/2013
2013006092;1;2;1;1;6;880;15/04/2013
2013006093;1;2;1;1;2;880;17/05/2013
2013006094;1;2;1;1;2;880;18/05/2013
2013006095;1;1;1;1;1;880;18/05/2013
2013006096;1;1;1;1;6;880;21/06/2013
2013006097;1;2;1;1;3;880;11/07/2013
2013006098;1;1;1;1;1;880;16/06/2013
2013006099;1;2;1;1;1;880;30/07/2013
2013006100;1;1;1;1;1;880;14/08/2013
2013006101;1;1;1;7;7;880;17/08/2013
2013006102;1;1;2;1;1;880;20/08/2013
2013006103;1;1;1;1;6;880;09/11/2013
2013006104;1;2;1;7;6;880;01/12/2013
2013006105;3;1;1;1;7;880;31/07/2013
2013006106;1;2;1;1;3;880;25/09/2013
2013006107;1;1;1;1;3;880;14/04/2013
2013006108;1;2;2;1;3;880;25/04/2013
2013006109;1;1;3;7;6;880;06/06/2013
2013006110;1;1;1;1;6;880;16/06/2013
2013006111;1;1;1;1;1;880;05/07/2013
2013006112;1;1;1;6;6;880;07/07/2013
2013006113;1;1;1;1;1;880;12/07/2013
2013006114;5;2;1;1;6;880;21/07/2013
2013006115;1;2;9;1;6;880;07/08/2013
2013006116;1;2;1;1;1;880;14/08/2013
2013006117;1;1;1;1;7;880;08/10/2013
2013006118;1;1;1;1;3;880;25/11/2013
2013006119;1;1;1;7;6;880;17/12/2013
2013006120;5;2;1;1;3;880;21/12/2013
2013006121;3;1;1;5;6;880;23/01/2013
2013006122;3;1;1;1;1;880;04/02/2013
2013006123;3;1;1;1;2;880;02/03/2013
2013006124;1;2;3;1;1;880;14/07/2013
2013006125;3;1;1;1;7;880;22/07/2013
2013006126;1;1;1;1;5;880;15/08/2013
2013006127;1;2;2;1;1;880;31/08/2013
2013006128;3;1;1;3;7;880;15/09/2013
2013006129;2;2;1;1;6;880;14/10/2013
2013006130;1;2;1;1;3;880;19/10/2013
2013006131;2;1;1;3;1;880;08/11/2013
2013006132;1;1;1;1;3;880;12/11/2013
2013006133;1;2;2;1;3;880;02/01/2013
2013006134;3;2;1;1;6;880;01/03/2013
2013006135;1;1;1;3;1;880;05/10/2013
2013006136;2;1;6;5;3;880;13/12/2013
2013006137;1;1;1;1;3;880;15/06/2013
2013006138;1;1;1;1;3;880;03/10/2013
2013006139;5;2;1;1;6;880;18/12/2013
2013006140;5;1;1;1;1;880;27/02/2013
2013006141;1;1;4;1;6;880;24/04/2013
2013006142;1;1;1;1;1;880;23/06/2013
2013006143;1;2;1;1;6;880;09/07/2013
2013006144;1;1;1;1;1;880;21/07/2013
2013006145;3;1;1;8;6;880;10/08/2013
2013006146;1;1;1;1;3;880;16/12/2013
2013006147;1;1;1;1;7;880;06/04/2013
2013006148;5;2;1;1;6;880;01/11/2013
2013006149;3;1;6;5;6;880;16/11/2013
2013006150;5;2;1;1;6;880;16/11/2013
2013006151;1;2;9;3;1;880;19/11/2013
2013006152;3;1;1;1;1;880;14/05/2013
2013006153;1;1;1;1;1;880;30/08/2013
2013006154;1;2;3;1;1;880;20/09/2013
2013006155;3;1;1;2;1;880;11/01/2013
2013006156;5;2;1;1;6;880;21/02/2013
2013006157;1;2;1;1;1;880;24/03/2013
2013006158;1;1;1;1;1;880;30/03/2013
2013006159;1;1;1;1;6;880;08/05/2013
2013006160;2;1;3;8;6;880;09/06/2013
2013006161;1;1;1;1;4;880;15/06/2013
2013006162;1;1;3;1;3;880;01/08/2013
2013006163;1;2;1;1;4;880;09/09/2013
2013006164;1;1;1;1;6;880;13/09/2013
2013006165;5;2;1;1;1;880;29/10/2013
2013006166;1;2;1;7;6;880;30/10/2013
2013006167;3;2;1;1;4;880;29/11/2013
2013006168;5;2;1;2;1;880;28/12/2013
2013006169;1;2;2;1;3;880;16/02/2013
2013006170;1;1;4;1;3;880;21/09/2013
2013006171;3;1;1;1;6;880;13/02/2013
2013006172;1;2;1;1;2;880;18/04/2013
2013006173;5;2;1;2;6;880;27/04/2013
2013006174;1;1;1;2;7;880;17/05/2013
2013006175;1;1;3;1;3;880;05/06/2013
2013006176;1;1;1;1;6;880;23/06/2013
2013006177;1;2;1;7;1;880;29/08/2013
2013006178;1;2;1;1;3;880;05/09/2013
2013006179;1;2;8;7;6;880;03/09/2013
2013006180;5;2;1;8;6;880;22/09/2013
2013006181;1;1;1;1;1;880;27/09/2013
2013006182;1;1;1;1;1;880;17/12/2013
2013006183;5;2;6;8;1;670;22/01/2013
2013006184;3;1;1;2;6;670;08/03/2013
2013006185;2;2;1;1;3;670;23/06/2013
2013006186;1;2;3;1;3;670;27/06/2013
2013006187;3;1;1;2;6;670;29/07/2013
2013006188;1;2;1;7;6;670;01/08/2013
2013006189;5;1;1;3;2;670;17/09/2013
2013006190;2;1;1;3;1;670;10/10/2013
2013006191;1;1;1;1;6;670;16/10/2013
2013006192;3;2;1;1;3;670;26/10/2013
2013006193;3;1;1;9;6;670;22/11/2013
2013006194;3;1;1;5;5;670;11/12/2013
2013006195;3;2;1;1;6;670;17/12/2013
2013006196;2;2;1;1;6;670;14/07/2013
2013006197;1;2;1;7;1;670;05/08/2013
2013006198;1;2;9;1;1;670;14/08/2013
2013006199;2;2;1;1;6;670;25/01/2013
2013006200;1;2;1;8;6;670;07/02/2013
2013006201;2;1;1;9;2;670;26/02/2013
2013006202;1;1;1;2;6;670;10/03/2013
2013006203;3;1;1;1;6;670;28/03/2013
2013006204;1;1;1;2;7;670;04/05/2013
2013006205;1;1;1;1;3;670;18/05/2013
2013006206;1;2;1;1;7;670;27/05/2013
2013006207;1;1;1;1;4;670;18/06/2013
2013006208;1;1;1;1;7;670;08/07/2013
2013006209;1;2;1;1;1;670;02/08/2013
2013006210;1;1;1;1;3;670;21/08/2013
2013006211;1;1;2;1;3;670;17/09/2013
2013006212;1;1;1;1;3;670;23/04/2013
2013006213;1;2;1;1;6;670;24/05/2013
2013006214;1;1;1;1;6;670;01/09/2013
2013006215;5;2;1;1;6;670;22/11/2013
2013006216;1;1;1;1;6;670;16/12/2013
2013006217;3;1;1;2;5;670;08/01/2013
2013006218;1;1;1;3;3;670;26/04/2013
2013006219;5;2;6;1;7;670;07/05/2013
2013006220;1;1;1;1;1;670;01/08/2013
2013006221;1;2;2;1;3;670;01/08/2013
2013006222;3;1;1;1;2;670;29/10/2013
2013006223;1;1;1;1;6;670;06/04/2013
2013006224;5;2;9;2;2;670;27/04/2013
2013006225;1;2;3;1;3;670;10/05/2013
2013006226;5;2;1;1;7;670;23/05/2013
2013006227;1;1;6;1;3;670;11/07/2013
2013006228;3;1;1;1;1;670;04/10/2013
2013006229;1;2;1;1;6;670;26/02/2013
2013006230;1;2;1;1;3;670;21/05/2013
2013006231;1;2;1;7;3;670;12/07/2013
2013006232;1;1;1;1;3;670;01/08/2013
2013006233;1;2;1;1;6;670;15/08/2013
2013006234;1;2;6;2;3;670;21/08/2013
2013006235;1;2;1;1;6;670;23/08/2013
2013006236;1;2;1;7;1;670;03/09/2013
2013006237;4;1;1;1;6;670;25/09/2013
2013006238;3;1;1;1;4;670;17/12/2013
2013006239;1;2;1;8;6;670;15/01/2013
2013006240;1;1;1;1;1;670;18/04/2013
2013006241;1;1;1;1;6;670;09/05/2013
2013006242;1;1;1;1;1;670;23/07/2013
2013006243;1;1;1;1;1;670;28/04/2013
2013006244;1;1;1;1;1;670;26/08/2013
2013006245;1;1;1;1;3;670;02/09/2013
2013006246;1;1;1;1;5;670;29/09/2013
2013006247;1;1;1;1;6;670;30/09/2013
2013006248;1;1;1;1;6;670;08/03/2013
2013006249;1;1;1;1;1;670;02/06/2013
2013006250;1;1;1;1;6;670;23/08/2013
2013006251;5;1;6;1;6;670;22/10/2013
2013006252;2;2;1;1;6;670;16/12/2013
2013006253;1;2;1;1;6;670;06/03/2013
2013006254;1;1;1;1;1;670;17/04/2013
2013006255;1;1;1;2;1;670;03/05/2013
2013006256;1;1;1;1;7;670;17/06/2013
2013006257;1;1;1;1;5;670;19/06/2013
2013006258;1;1;1;1;6;670;29/06/2013
2013006259;1;1;1;1;3;670;12/07/2013
2013006260;1;1;1;1;3;670;02/09/2013
2013006261;1;2;1;8;6;670;17/11/2013
2013006262;1;1;1;2;1;670;22/12/2013
2013006263;1;1;1;4;3;670;11/02/2013
2013006264;3;1;1;1;6;670;01/03/2013
2013006265;1;1;1;8;6;670;12/03/2013
2013006266;1;1;1;2;6;670;11/04/2013
2013006267;1;1;1;7;7;670;05/05/2013
2013006268;1;1;1;1;1;670;12/05/2013
2013006269;1;2;1;7;3;670;17/06/2013
2013006270;5;2;1;1;7;670;21/07/2013
2013006271;3;2;1;1;6;670;21/09/2013
2013006272;1;2;1;1;6;670;03/10/2013
2013006273;2;1;1;1;6;670;25/11/2013
2013006274;1;1;1;4;7;670;25/02/2013
2013006275;5;2;1;1;5;670;05/03/2013
2013006276;1;2;1;1;3;670;15/05/2013
2013006277;1;2;1;1;6;670;02/06/2013
2013006278;1;2;1;1;1;670;26/06/2013
2013006279;1;2;1;1;2;670;16/07/2013
2013006280;1;1;1;1;3;670;11/08/2013
2013006281;1;2;1;5;6;670;30/11/2013
2013006282;1;1;9;1;6;670;07/03/2013
2013006283;1;1;1;1;6;670;28/03/2013
2013006284;1;1;1;1;1;670;16/04/2013
2013006285;1;1;1;1;6;670;17/04/2013
2013006286;1;1;1;1;6;670;13/05/2013
2013006287;1;2;8;1;7;670;05/08/2013
2013006288;1;2;1;1;1;670;13/08/2013
2013006289;3;1;1;1;2;670;07/09/2013
2013006290;1;1;1;1;6;670;21/09/2013
2013006291;1;1;1;8;6;670;19/12/2013
2013006292;3;1;1;1;7;670;22/12/2013
2013006293;4;2;1;1;3;670;01/04/2013
2013006294;1;1;1;1;1;670;17/07/2013
2013006295;1;1;1;1;1;670;25/07/2013
2013006296;1;1;1;2;1;670;01/02/2013
2013006297;1;1;1;1;1;670;28/03/2013
2013006298;2;2;1;2;1;670;27/04/2013
2013006299;1;1;1;1;2;670;09/05/2013
2013006300;1;2;1;1;3;670;27/05/2013
2013006301;1;2;9;1;3;670;29/06/2013
2013006302;1;2;1;1;6;670;12/08/2013
2013006303;3;1;1;1;6;670;02/09/2013
2013006304;1;2;9;2;6;670;15/09/2013
2013006305;2;2;6;1;1;670;07/10/2013
2013006306;1;1;1;1;5;670;18/10/2013
2013006307;1;1;1;1;1;670;02/01/2013
2013006308;2;1;1;4;6;670;15/02/2013
2013006309;1;1;1;8;1;670;25/02/2013
2013006310;1;1;1;8;3;670;12/05/2013
2013006311;1;1;1;1;3;670;12/07/2013
2013006312;1;1;3;1;3;670;13/07/2013
2013006313;3;1;1;1;7;670;02/09/2013
2013006314;1;1;1;1;6;670;15/04/2013
2013006315;1;1;2;1;3;670;20/06/2013
2013006316;2;1;1;1;6;670;21/07/2013
2013006317;1;1;1;1;1;670;21/08/2013
2013006318;3;1;1;1;7;670;01/09/2013
2013006319;1;1;1;1;1;670;20/09/2013
2013006320;1;2;1;8;6;670;17/01/2013
2013006321;1;1;1;8;6;670;19/01/2013
2013006322;1;2;1;1;6;670;28/02/2013
2013006323;1;2;1;1;6;670;03/08/2013
2013006324;5;1;1;1;2;670;11/08/2013
2013006325;1;2;1;3;3;670;16/09/2013
2013006326;1;1;2;1;3;670;22/10/2013
2013006327;3;1;1;1;1;670;01/12/2013
2013006328;1;1;1;1;6;670;10/12/2013
2013006329;1;2;1;1;6;670;05/03/2013
2013006330;1;1;1;1;7;670;25/03/2013
2013006331;1;2;1;1;1;670;14/05/2013
2013006332;3;1;1;1;6;670;07/09/2013
2013006333;3;1;1;1;6;670;01/12/2013
2013006334;1;2;1;1;3;670;03/02/2013
2013006335;1;1;1;4;1;670;12/03/2013
2013006336;1;1;1;1;1;670;25/10/2013
2013006337;3;1;1;1;7;670;22/10/2013
2013006338;1;1;1;1;5;670;26/10/2013
2013006339;4;1;1;9;1;670;26/11/2013
2013006340;2;1;2;1;3;670;02/01/2013
2013006341;1;1;1;1;1;670;12/01/2013
2013006342;2;1;1;1;1;670;23/02/2013
2013006343;1;1;1;1;7;670;01/07/2013
2013006344;1;1;1;1;3;670;22/09/2013
2013006345;3;1;1;5;6;670;30/12/2013
2013006346;1;1;1;1;3;670;18/05/2013
2013006347;1;1;1;1;3;670;31/07/2013
2013006348;1;1;9;1;1;680;25/01/2013
2013006349;1;2;1;1;1;680;13/03/2013
2013006350;1;1;1;1;6;680;24/04/2013
2013006351;1;2;3;1;1;680;10/05/2013
2013006352;1;1;4;1;1;680;17/06/2013
2013006353;2;2;2;1;1;680;01/07/2013
2013006354;1;1;2;1;3;680;02/07/2013
2013006355;1;1;1;1;5;680;26/07/2013
2013006356;5;2;1;1;1;680;23/12/2013
2013006357;2;2;1;1;6;680;22/01/2013
2013006358;2;2;2;1;2;680;07/06/2013
2013006359;1;2;1;1;3;680;21/08/2013
2013006360;1;1;6;7;3;680;02/10/2013
2013006361;1;1;1;4;7;680;11/12/2013
2013006362;5;2;1;2;6;680;20/01/2013
2013006363;5;1;1;1;2;680;23/03/2013
2013006364;1;2;1;1;1;680;15/04/2013
2013006365;1;1;3;1;3;680;07/07/2013
2013006366;1;1;1;1;1;680;01/09/2013
2013006367;3;2;1;1;6;680;28/09/2013
2013006368;1;1;1;1;3;680;28/09/2013
2013006369;1;2;1;1;1;680;02/10/2013
2013006370;1;1;1;1;3;680;12/11/2013
2013006371;5;2;1;1;6;680;04/12/2013