num_acc;lum;agg;inter;atm;col;dep;date
2013006372;1;1;1;8;1;680;30/01/2013
2013006373;1;1;1;1;6;680;08/02/2013
2013006374;1;2;4;1;1;680;17/04/2013
2013006375;1;2;4;8;3;680;28/07/2013
2013006376;1;2;9;1;6;680;22/08/2013
2013006377;1;1;1;1;6;680;03/09/2013
2013006378;1;1;2;1;1;680;16/10/2013
2013006379;1;2;1;7;6;680;17/10/2013
2013006380;3;1;1;1;6;680;20/10/2013
2013006381;1;2;1;1;3;680;26/10/2013
2013006382;3;1;1;2;3;680;08/11/2013
2013006383;2;1;1;5;6;680;18/11/2013
2013006384;1;2;3;1;3;680;16/12/2013
2013006385;1;1;1;1;1;680;21/12/2013
2013006386;1;1;3;1;3;680;22/04/2013
2013006387;1;1;1;2;6;680;19/05/2013
2013006388;1;1;1;7;1;680;18/06/2013
2013006389;1;1;1;1;7;680;06/07/2013
2013006390;1;1;2;1;3;680;20/07/2013
2013006391;1;1;1;1;7;680;03/09/2013
2013006392;1;1;1;1;1;680;03/03/2013
2013006393;1;2;1;1;7;680;27/02/2013
2013006394;5;2;2;1;1;680;21/04/2013
2013006395;1;2;6;1;3;680;21/05/2013
2013006396;2;1;1;2;6;680;29/06/2013
2013006397;1;1;1;2;6;680;03/07/2013
2013006398;1;1;1;1;1;680;30/08/2013
2013006399;1;2;1;7;3;680;03/09/2013
2013006400;1;1;1;1;3;680;15/10/2013
2013006401;3;1;1;5;1;680;03/12/2013
2013006402;2;1;1;1;6;680;11/07/2013
2013006403;1;1;1;1;3;680;10/08/2013
2013006404;1;2;2;1;5;680;21/09/2013
2013006405;5;2;1;1;6;680;31/10/2013
2013006406;1;1;1;1;1;680;16/12/2013
2013006407;5;2;1;1;6;680;27/01/2013
2013006408;3;2;1;1;1;680;03/02/2013
2013006409;5;2;1;2;3;680;31/03/2013
2013006410;1;1;1;1;7;680;18/05/2013
2013006411;1;2;1;1;1;680;17/06/2013
2013006412;3;1;1;1;3;680;26/10/2013
2013006413;1;1;1;1;7;680;06/12/2013
2013006414;1;1;1;1;7;680;08/05/2013
2013006415;1;1;1;1;7;680;18/05/2013
2013006416;3;1;1;1;7;680;20/05/2013
2013006417;1;2;1;1;2;680;19/06/2013
2013006418;3;1;1;1;7;680;22/06/2013
2013006419;1;1;1;1;6;680;30/06/2013
2013006420;5;2;1;8;6;680;28/07/2013
2013006421;1;1;1;1;1;680;19/10/2013
2013006422;5;2;1;4;6;680;09/02/2013
2013006423;3;1;1;1;6;680;02/03/2013
2013006424;1;1;1;1;1;680;05/04/2013
2013006425;1;1;1;1;6;680;09/06/2013
2013006426;1;1;2;1;3;680;16/06/2013
2013006427;1;1;1;1;1;680;20/06/2013
2013006428;1;1;1;1;1;680;28/06/2013
2013006429;1;1;1;1;7;680;17/08/2013
2013006430;1;1;1;1;1;680;20/08/2013
2013006431;1;1;1;1;3;680;23/08/2013
2013006432;1;1;1;1;3;680;19/09/2013
2013006433;1;1;1;1;3;680;29/09/2013
2013006434;3;1;1;1;5;680;16/11/2013
2013006435;5;1;1;1;4;680;14/01/2013
2013006436;1;2;1;1;1;680;28/09/2013
2013006437;3;1;1;9;7;680;09/12/2013
2013006438;1;1;1;8;6;680;22/12/2013
2013006439;1;1;1;1;1;680;15/03/2013
2013006440;1;1;1;1;1;680;08/06/2013
2013006441;3;1;1;1;6;680;27/06/2013
2013006442;1;1;1;1;7;680;30/06/2013
2013006443;1;2;1;1;7;680;15/03/2013
2013006444;1;2;1;1;1;680;10/02/2013
2013006445;1;2;1;1;2;680;22/03/2013
2013006446;1;2;2;1;3;680;12/06/2013
2013006447;1;1;1;1;2;680;30/08/2013
2013006448;1;2;1;1;2;680;11/10/2013
2013006449;5;2;1;3;1;680;20/12/2013
2013006450;1;2;3;1;3;680;10/01/2013
2013006451;1;1;1;1;3;680;02/05/2013
2013006452;1;1;1;1;7;680;11/05/2013
2013006453;1;1;1;7;1;680;09/06/2013
2013006454;3;1;1;1;6;680;13/08/2013
2013006455;5;2;1;1;6;680;25/08/2013
2013006456;5;2;2;1;3;680;10/02/2013
2013006457;1;1;1;1;4;680;06/03/2013
2013006458;5;2;1;3;6;680;10/06/2013
2013006459;3;1;1;1;2;680;30/10/2013
2013006460;1;1;1;1;4;680;09/11/2013
2013006461;2;1;1;1;3;680;25/09/2013
2013006462;2;2;1;2;6;680;20/12/2013
2013006463;1;2;1;1;6;680;27/01/2013
2013006464;3;1;1;1;1;680;10/03/2013
2013006465;1;2;1;1;6;680;07/06/2013
2013006466;1;2;3;1;3;680;09/06/2013
2013006467;1;2;1;1;6;680;02/07/2013
2013006468;1;1;1;1;1;680;30/07/2013
2013006469;1;2;1;1;1;680;08/08/2013
2013006470;1;1;1;7;1;680;11/08/2013
2013006471;1;2;1;1;6;680;24/10/2013
2013006472;1;1;1;1;7;680;04/09/2013
2013006473;1;1;1;1;6;680;28/09/2013
2013006474;1;2;1;1;1;680;21/06/2013
2013006475;1;2;1;1;3;680;05/07/2013
2013006476;1;1;1;1;6;680;27/09/2013
2013006477;1;1;1;1;5;680;29/10/2013
2013006478;1;1;1;4;6;680;21/11/2013
2013006479;3;1;1;1;1;510;21/01/2013
2013006480;1;1;2;1;3;510;03/03/2013
2013006481;1;1;1;2;6;510;19/05/2013
2013006482;1;1;1;1;6;510;25/05/2013
2013006483;1;2;1;1;6;510;08/06/2013
2013006484;1;1;1;8;7;510;20/06/2013
2013006485;3;1;1;3;1;510;28/06/2013
2013006486;3;1;1;1;6;510;30/07/2013
2013006487;5;1;2;1;3;510;09/08/2013
2013006488;1;1;2;1;3;510;01/09/2013
2013006489;1;1;1;1;7;510;17/10/2013
2013006490;3;1;1;1;5;510;25/10/2013
2013006491;1;2;1;1;3;510;24/10/2013
2013006492;1;1;1;7;1;510;26/11/2013
2013006493;1;1;1;1;3;510;20/02/2013
2013006494;1;2;2;1;1;510;21/03/2013
2013006495;1;2;3;1;3;510;30/08/2013
2013006496;1;1;1;1;6;510;23/11/2013
2013006497;1;1;1;1;1;510;13/05/2013
2013006498;1;1;1;1;1;510;03/06/2013
2013006499;1;2;1;8;6;510;03/07/2013
2013006500;1;2;1;2;3;510;05/10/2013
2013006501;2;1;1;1;2;510;10/11/2013
2013006502;1;1;1;1;6;510;26/03/2013
2013006503;1;2;1;1;6;510;04/07/2013
2013006504;1;2;1;1;6;510;20/07/2013
2013006505;3;1;1;2;6;510;19/08/2013
2013006506;1;1;1;1;6;510;01/10/2013
2013006507;1;1;3;1;3;510;10/10/2013
2013006508;1;1;2;1;3;510;30/11/2013
2013006509;5;2;1;1;6;510;15/12/2013
2013006510;1;1;1;1;3;510;16/04/2013
2013006511;1;1;1;1;3;510;13/05/2013
2013006512;3;1;1;1;1;510;31/05/2013
2013006513;1;1;1;1;1;510;01/06/2013
2013006514;1;1;1;1;7;510;21/06/2013
2013006515;1;1;1;2;1;510;03/07/2013
2013006516;1;2;1;1;6;510;13/07/2013
2013006517;5;2;1;1;6;510;08/09/2013
2013006518;5;2;1;2;5;510;10/09/2013
2013006519;1;1;1;1;7;510;16/03/2013
2013006520;2;1;1;2;6;510;25/05/2013
2013006521;1;2;2;1;2;510;26/05/2013
2013006522;4;2;9;1;6;510;05/08/2013
2013006523;1;1;2;7;3;510;04/09/2013
2013006524;1;1;1;1;6;510;27/11/2013
2013006525;2;1;1;6;6;510;24/12/2013
2013006526;2;1;2;2;3;510;08/01/2013
2013006527;1;1;2;1;3;510;02/02/2013
2013006528;1;1;2;2;3;510;11/02/2013
2013006529;3;1;1;4;1;510;10/02/2013
2013006530;5;2;1;1;6;510;04/05/2013
2013006531;1;1;2;1;3;510;18/05/2013
2013006532;1;1;1;2;6;510;23/06/2013
2013006533;1;2;3;1;3;510;04/09/2013
2013006534;1;1;2;1;3;510;02/11/2013
2013006535;3;1;1;6;6;510;04/11/2013
2013006536;2;1;1;1;3;510;26/11/2013
2013006537;1;1;1;1;4;510;26/12/2013
2013006538;1;2;2;1;3;510;21/04/2013
2013006539;1;1;1;1;2;510;19/04/2013
2013006540;3;1;1;2;1;510;28/11/2013
2013006541;1;1;1;1;5;510;16/12/2013
2013006542;3;1;1;4;7;510;24/02/2013
2013006543;2;1;1;1;6;510;18/03/2013
2013006544;1;1;1;1;1;510;30/03/2013
2013006545;1;1;1;1;2;510;04/07/2013
2013006546;1;1;1;7;2;510;23/07/2013
2013006547;3;1;1;1;2;510;06/09/2013
2013006548;1;1;1;1;2;510;15/09/2013
2013006549;2;1;1;2;1;510;16/09/2013
2013006550;5;2;1;1;1;510;08/10/2013
2013006551;1;1;1;2;6;510;17/11/2013
2013006552;3;1;1;9;1;510;19/12/2013
2013006553;5;2;2;1;1;510;15/02/2013
2013006554;1;1;1;7;3;510;01/07/2013
2013006555;2;1;1;1;7;510;08/08/2013
2013006556;2;2;1;1;1;510;21/10/2013
2013006557;1;2;1;1;6;510;12/01/2013
2013006558;3;1;1;4;6;510;15/01/2013
2013006559;1;1;1;9;6;510;08/02/2013
2013006560;3;1;3;1;6;510;08/02/2013
2013006561;1;2;1;2;2;510;19/03/2013
2013006562;1;1;1;1;1;510;28/03/2013
2013006563;1;2;9;1;6;510;30/03/2013
2013006564;5;2;1;2;6;510;13/04/2013
2013006565;5;2;2;1;3;510;13/04/2013
2013006566;1;2;1;1;1;510;06/06/2013
2013006567;1;2;3;1;3;510;12/08/2013
2013006568;1;1;1;1;6;510;25/09/2013
2013006569;1;1;1;1;7;510;04/10/2013
2013006570;1;2;2;1;3;510;28/10/2013
2013006571;1;1;1;2;7;510;02/11/2013
2013006572;1;1;2;1;3;510;15/11/2013
2013006573;2;1;2;8;5;510;21/11/2013
2013006574;1;2;3;9;7;510;11/12/2013
2013006575;3;1;1;1;2;510;29/12/2013
2013006576;3;1;1;3;6;510;03/02/2013
2013006577;1;1;1;1;1;510;08/06/2013
2013006578;2;1;1;3;6;510;20/06/2013
2013006579;4;2;3;1;6;510;25/08/2013
2013006580;1;1;1;2;6;510;07/09/2013
2013006581;1;1;1;1;1;510;04/10/2013
2013006582;3;1;1;2;7;510;05/12/2013
2013006583;2;1;1;9;7;510;11/12/2013
2013006584;3;1;1;2;6;510;13/10/2013
2013006585;3;1;1;1;6;510;28/02/2013
2013006586;2;1;1;1;6;510;11/06/2013
2013006587;1;1;1;1;6;80;06/07/2013
2013006588;5;2;1;8;6;80;25/12/2013
2013006589;5;2;1;1;6;80;19/02/2013
2013006590;1;1;3;7;2;80;03/03/2013
2013006591;1;2;1;1;3;80;21/08/2013
2013006592;5;2;3;1;7;80;25/09/2013
2013006593;1;2;1;1;6;80;06/10/2013
2013006594;1;1;1;8;2;80;13/05/2013
2013006595;1;1;1;1;7;80;24/05/2013
2013006596;1;1;1;1;1;80;02/07/2013
2013006597;2;1;1;1;7;80;26/07/2013
2013006598;1;1;1;1;3;80;21/08/2013
2013006599;2;2;1;1;6;80;06/10/2013
2013006600;3;1;1;1;6;80;07/10/2013
2013006601;1;1;1;1;1;80;22/10/2013
2013006602;1;2;1;1;1;80;10/04/2013
2013006603;1;2;1;1;6;80;16/07/2013
2013006604;4;2;1;3;6;80;09/09/2013
2013006605;1;2;1;1;2;80;10/12/2013
2013006606;1;1;6;1;7;80;01/04/2013
2013006607;1;1;1;1;2;80;02/06/2013
2013006608;1;2;1;1;1;80;13/07/2013
2013006609;1;2;1;1;7;80;19/07/2013
2013006610;1;1;1;2;6;80;04/01/2013
2013006611;1;2;1;2;6;80;21/06/2013
2013006612;1;1;1;1;3;80;22/06/2013
2013006613;1;1;1;8;1;80;20/10/2013
2013006614;3;1;1;1;1;80;02/03/2013
2013006615;3;1;1;8;6;80;11/03/2013
2013006616;5;2;1;1;3;80;25/03/2013
2013006617;1;2;1;1;3;80;21/04/2013
2013006618;2;2;2;1;3;80;30/09/2013
2013006619;5;2;1;2;6;80;23/12/2013
2013006620;1;1;2;1;3;80;20/05/2013
2013006621;1;2;1;1;6;80;25/05/2013
2013006622;1;1;1;1;7;80;09/06/2013
2013006623;1;2;2;1;3;80;03/07/2013
2013006624;1;1;1;2;1;80;07/08/2013
2013006625;1;2;1;1;6;80;29/08/2013
2013006626;1;1;1;1;1;80;22/09/2013
2013006627;2;2;1;1;6;80;09/12/2013
2013006628;1;1;1;5;1;80;26/09/2013
2013006629;3;1;1;4;7;80;25/02/2013
2013006630;5;2;1;1;6;80;19/01/2013
2013006631;1;1;1;1;1;80;22/03/2013
2013006632;1;1;1;1;1;80;30/03/2013
2013006633;1;2;1;7;6;80;03/06/2013
2013006634;1;1;1;1;7;80;13/10/2013
2013006635;1;2;2;1;3;80;31/10/2013
2013006636;3;1;9;5;6;80;18/02/2013
2013006637;1;1;1;1;7;80;15/03/2013
2013006638;1;1;1;3;6;80;09/04/2013
2013006639;1;1;1;1;6;80;29/04/2013
2013006640;1;1;1;1;7;80;09/04/2013
2013006641;3;2;1;1;7;80;17/07/2013
2013006642;2;1;1;1;5;100;14/03/2013
2013006643;1;1;1;1;6;100;19/04/2013
2013006644;1;1;1;1;6;100;14/06/2013
2013006645;1;1;1;1;7;100;03/03/2013
2013006646;1;2;1;8;1;100;23/03/2013
2013006647;1;2;1;8;3;100;17/05/2013
2013006648;3;1;1;3;6;100;20/05/2013
2013006649;1;1;1;3;7;100;06/06/2013
2013006650;1;1;1;1;6;100;23/06/2013
2013006651;1;1;1;1;3;100;01/07/2013
2013006652;3;1;1;1;2;100;22/01/2013
2013006653;3;1;6;1;6;100;03/03/2013
2013006654;1;1;1;1;1;100;10/05/2013
2013006655;1;2;6;1;3;100;25/06/2013
2013006656;1;1;1;1;5;100;01/08/2013
2013006657;1;1;1;2;5;100;19/08/2013
2013006658;1;1;1;1;1;100;24/09/2013
2013006659;1;1;1;1;6;100;20/12/2013
2013006660;1;1;1;1;6;100;05/05/2013
2013006661;1;1;1;8;6;100;24/07/2013
2013006662;3;1;1;2;7;100;03/01/2013
2013006663;1;1;1;7;1;100;13/06/2013
2013006664;1;2;1;1;6;100;10/08/2013
2013006665;2;2;1;1;6;100;14/08/2013
2013006666;1;1;1;1;7;100;17/08/2013
2013006667;1;2;1;1;1;100;23/10/2013
2013006668;1;1;1;1;5;100;30/10/2013
2013006669;3;1;1;1;5;100;20/12/2013
2013006670;1;1;1;1;7;100;16/08/2013
2013006671;1;1;1;1;1;100;05/03/2013
2013006672;1;1;1;2;6;100;08/03/2013
2013006673;2;1;1;1;6;100;23/07/2013
2013006674;1;1;1;1;7;100;05/09/2013
2013006675;1;1;3;5;3;100;07/10/2013
2013006676;1;1;1;5;1;100;15/02/2013
2013006677;1;1;1;1;2;100;05/05/2013
2013006678;1;1;1;1;1;100;05/05/2013
2013006679;1;1;1;1;1;100;11/06/2013
2013006680;1;1;2;1;1;100;21/06/2013
2013006681;1;1;1;1;7;100;11/07/2013
2013006682;2;1;1;1;2;100;01/09/2013
2013006683;1;1;1;1;7;100;03/09/2013
2013006684;1;1;1;1;1;100;27/09/2013
2013006685;1;1;1;1;1;100;27/09/2013
2013006686;1;1;1;1;7;100;02/10/2013
2013006687;1;1;2;1;3;100;16/12/2013
2013006688;1;1;1;1;7;100;09/07/2013
2013006689;3;1;1;2;5;100;10/01/2013
2013006690;1;1;1;1;1;100;08/02/2013
2013006691;3;1;1;4;7;100;24/02/2013
2013006692;3;1;1;1;7;100;18/03/2013
2013006693;2;1;1;1;2;100;15/04/2013
2013006694;5;2;1;1;6;100;30/06/2013
2013006695;1;1;1;1;7;100;03/09/2013
2013006696;1;1;1;1;5;100;24/10/2013
2013006697;2;1;1;1;7;100;27/11/2013
2013006698;3;1;1;3;1;100;21/12/2013
2013006699;3;1;1;6;7;100;23/12/2013
2013006700;1;1;1;2;6;520;08/05/2013
2013006701;1;1;1;1;3;520;01/06/2013
2013006702;1;1;1;1;7;520;05/07/2013
2013006703;1;1;1;1;6;520;22/07/2013
2013006704;1;1;1;1;3;520;01/08/2013
2013006705;1;1;1;1;1;520;08/08/2013
2013006706;1;2;1;1;3;520;22/09/2013
2013006707;3;1;1;9;7;520;06/10/2013
2013006708;1;1;1;1;3;520;22/10/2013
2013006709;3;1;1;1;6;520;20/12/2013
2013006710;1;1;1;4;1;520;06/02/2013
2013006711;3;1;1;1;7;520;07/06/2013
2013006712;1;2;2;1;1;520;03/08/2013
2013006713;3;1;1;1;6;520;12/11/2013
2013006714;1;1;1;1;7;520;07/06/2013
2013006715;1;1;1;1;7;520;29/07/2013
2013006716;1;1;1;8;1;520;09/08/2013
2013006717;1;2;1;1;6;520;12/09/2013
2013006718;1;1;3;1;5;520;21/09/2013
2013006719;1;1;1;1;1;520;01/10/2013
2013006720;1;1;1;8;6;520;30/11/2013
2013006721;1;2;1;1;1;520;13/07/2013
2013006722;3;1;1;9;6;520;15/09/2013
2013006723;1;1;1;1;6;520;29/09/2013
2013006724;1;1;1;1;6;520;24/09/2013
2013006725;1;1;1;1;7;520;03/11/2013
2013006726;1;2;6;2;1;520;15/01/2013
2013006727;1;2;1;1;6;520;08/03/2013
2013006728;1;1;1;1;2;520;20/03/2013
2013006729;1;1;1;1;1;520;16/04/2013
2013006730;1;2;1;1;6;520;10/05/2013
2013006731;1;1;1;1;6;520;19/06/2013
2013006732;1;1;1;1;7;520;01/08/2013
2013006733;1;1;1;3;1;520;26/08/2013
2013006734;1;2;6;1;1;520;06/09/2013
2013006735;1;1;1;1;6;520;28/09/2013
2013006736;5;2;1;1;3;520;06/10/2013
2013006737;5;2;1;2;1;520;22/12/2013
2013006738;1;1;1;2;1;520;28/12/2013
2013006739;1;1;1;1;7;520;01/05/2013
2013006740;1;1;1;1;7;520;06/05/2013
2013006741;1;1;1;2;7;520;18/09/2013
2013006742;1;2;1;7;6;520;10/12/2013
2013006743;1;1;1;1;6;520;19/06/2013
2013006744;1;1;2;1;1;520;02/07/2013
2013006745;5;2;1;8;1;520;06/08/2013
2013006746;1;1;2;1;3;520;18/08/2013
2013006747;1;1;1;1;2;520;29/08/2013
2013006748;1;1;1;8;1;520;11/09/2013
2013006749;1;1;1;1;1;520;20/10/2013
2013006750;5;2;1;2;6;520;09/11/2013
2013006751;1;1;1;8;1;520;24/02/2013
2013006752;1;1;1;1;7;520;25/09/2013
2013006753;3;1;1;3;1;520;14/11/2013
2013006754;1;1;1;4;6;520;03/12/2013
2013006755;3;1;1;5;6;520;13/12/2013
2013006756;3;1;1;5;6;520;16/12/2013
2013006757;1;1;1;8;6;520;06/01/2013
2013006758;1;1;1;1;7;520;07/05/2013
2013006759;1;1;1;1;6;520;17/05/2013
2013006760;1;1;1;1;3;520;30/05/2013
2013006761;1;1;1;1;7;520;09/07/2013
2013006762;1;2;1;1;7;520;29/08/2013
2013006763;1;1;1;2;3;520;09/10/2013
2013006764;3;1;2;1;3;520;10/11/2013
2013006765;4;1;1;2;7;520;13/12/2013
2013006766;5;2;1;1;6;520;09/02/2013
2013006767;3;1;1;1;1;520;11/03/2013
2013006768;1;1;1;1;1;520;15/03/2013
2013006769;1;2;1;1;1;520;10/05/2013
2013006770;2;1;1;8;1;520;16/05/2013
2013006771;3;1;1;1;6;520;20/09/2013
2013006772;1;1;1;1;1;520;13/03/2013
2013006773;1;2;1;1;6;520;11/07/2013
2013006774;1;1;1;2;1;520;05/11/2013
2013006775;1;1;1;1;1;520;24/11/2013
2013006776;3;1;1;8;6;520;21/12/2013
2013006777;5;2;1;2;6;210;20/03/2013
2013006778;1;1;1;1;6;210;13/05/2013
2013006779;1;2;1;3;6;210;31/05/2013
2013006780;1;1;1;1;3;210;24/08/2013
2013006781;1;1;1;1;3;210;30/09/2013
2013006782;3;1;1;1;6;210;12/10/2013
2013006783;5;2;1;8;3;210;28/12/2013
2013006784;1;1;1;1;3;210;13/02/2013
2013006785;1;1;1;2;6;210;24/08/2013
2013006786;1;1;1;1;1;210;20/09/2013
2013006787;1;1;1;1;3;210;20/09/2013
2013006788;3;1;1;1;1;210;06/12/2013
2013006789;1;1;1;1;1;210;25/04/2013
2013006790;1;1;6;1;3;210;30/05/2013
2013006791;1;1;1;1;7;210;18/06/2013
2013006792;1;1;1;1;7;210;04/07/2013
2013006793;1;1;3;1;1;210;23/07/2013
2013006794;1;2;1;3;1;210;27/08/2013
2013006795;1;1;1;1;3;210;01/09/2013
2013006796;1;1;1;1;3;210;07/09/2013
2013006797;1;1;1;1;1;210;20/09/2013
2013006798;3;1;1;1;6;210;11/10/2013
2013006799;1;2;1;1;6;210;15/03/2013
2013006800;1;1;1;1;6;210;16/03/2013
2013006801;1;1;1;1;3;210;13/04/2013
2013006802;1;1;4;1;3;210;27/06/2013
2013006803;1;1;3;1;1;210;09/07/2013
2013006804;1;1;1;1;7;210;04/08/2013
2013006805;1;1;1;1;7;210;06/08/2013
2013006806;1;1;1;1;6;210;24/09/2013
2013006807;1;1;1;2;3;210;15/10/2013
2013006808;3;1;1;5;1;210;13/12/2013
2013006809;1;1;1;1;1;210;20/12/2013
2013006810;3;1;1;5;5;210;28/01/2013
2013006811;5;2;3;1;3;210;12/02/2013
2013006812;1;1;2;1;2;210;05/03/2013
2013006813;1;1;1;4;6;210;19/03/2013
2013006814;1;1;1;1;1;210;25/03/2013
2013006815;1;1;1;1;3;210;31/03/2013
2013006816;1;1;1;1;2;210;01/04/2013
2013006817;1;1;2;8;3;210;12/04/2013
2013006818;1;1;1;2;6;210;23/05/2013
2013006819;1;1;1;1;6;210;26/05/2013
2013006820;1;2;1;1;2;210;28/05/2013
2013006821;1;2;2;1;3;210;12/06/2013
2013006822;1;2;3;9;1;210;31/07/2013
2013006823;1;1;1;1;1;210;31/08/2013
2013006824;1;1;1;7;1;210;21/09/2013
2013006825;3;1;1;1;7;210;24/09/2013
2013006826;2;1;1;1;3;210;04/10/2013
2013006827;2;1;2;1;3;210;16/10/2013
2013006828;5;2;1;2;1;210;05/10/2013
2013006829;2;1;1;2;6;210;24/12/2013
2013006830;1;1;2;1;3;210;08/02/2013
2013006831;5;1;1;1;6;210;15/05/2013
2013006832;1;1;2;8;3;210;07/11/2013
2013006833;2;2;1;4;3;210;26/01/2013
2013006834;1;1;1;1;6;210;27/06/2013
2013006835;1;2;6;1;1;210;19/08/2013
2013006836;1;1;1;1;2;210;05/12/2013
2013006837;5;2;1;4;6;210;12/12/2013
2013006838;3;1;1;1;2;210;15/12/2013
2013006839;1;1;1;1;1;210;08/12/2013
2013006840;3;1;1;4;6;210;14/03/2013
2013006841;1;1;1;1;6;210;14/04/2013
2013006842;3;1;1;9;3;210;09/12/2013
2013006843;2;1;1;5;1;210;28/01/2013
2013006844;1;1;1;1;7;210;02/06/2013
2013006845;1;1;1;9;6;210;14/06/2013
2013006846;1;1;1;1;2;210;03/10/2013
2013006847;1;1;1;2;1;580;20/05/2013
2013006848;1;1;1;1;6;580;26/06/2013
2013006849;1;2;1;1;6;580;11/07/2013
2013006850;1;1;1;1;6;580;25/10/2013
2013006851;3;1;1;5;3;580;30/12/2013
2013006852;1;1;1;1;2;580;01/06/2013
2013006853;1;2;9;1;6;580;10/12/2013
2013006854;3;1;1;1;3;580;23/01/2013
2013006855;2;2;1;2;6;580;28/04/2013
2013006856;1;2;1;1;6;580;02/05/2013
2013006857;1;1;1;1;3;580;19/07/2013
2013006858;1;1;1;1;1;580;22/08/2013
2013006859;1;1;1;1;1;580;23/12/2013
2013006860;1;1;1;1;3;580;01/06/2013
2013006861;1;1;1;1;3;580;08/06/2013
2013006862;3;1;6;2;7;580;09/06/2013
2013006863;3;1;6;1;1;580;02/08/2013
2013006864;3;1;1;1;6;580;16/08/2013
2013006865;4;2;1;5;6;580;12/01/2013
2013006866;3;1;1;5;7;580;27/01/2013
2013006867;1;1;1;1;3;580;06/09/2013
2013006868;2;1;1;8;7;580;20/12/2013
2013006869;1;1;1;1;7;580;07/01/2013
2013006870;1;1;1;1;1;580;22/02/2013
2013006871;1;2;7;2;6;580;06/03/2013
2013006872;1;1;1;1;4;580;07/04/2013
2013006873;1;1;1;1;6;580;16/04/2013
2013006874;1;2;1;1;6;580;17/04/2013
2013006875;1;1;1;1;6;580;03/06/2013
2013006876;1;1;1;8;6;580;11/10/2013
2013006877;4;2;1;1;6;580;26/01/2013
2013006878;3;1;1;4;5;580;08/02/2013
2013006879;1;2;1;1;3;580;25/04/2013
2013006880;1;2;8;1;3;580;04/05/2013
2013006881;1;1;1;1;7;580;28/05/2013
2013006882;3;1;1;1;6;580;01/06/2013
2013006883;1;1;1;2;1;580;03/07/2013
2013006884;1;2;1;1;3;580;06/10/2013
2013006885;1;2;1;1;3;580;23/11/2013
2013006886;1;1;1;5;7;580;16/02/2013
2013006887;1;1;1;2;1;580;23/03/2013
2013006888;3;1;1;1;7;580;02/04/2013
2013006889;1;1;1;1;3;580;22/05/2013
2013006890;1;1;1;2;3;580;24/05/2013
2013006891;3;1;1;2;7;580;31/05/2013
2013006892;3;1;1;1;6;580;01/06/2013
2013006893;1;1;1;1;7;580;17/07/2013
2013006894;1;1;1;1;7;580;03/08/2013
2013006895;1;1;1;2;1;580;11/09/2013
2013006896;2;1;1;8;1;580;14/09/2013
2013006897;1;1;1;2;6;580;21/01/2013
2013006898;1;1;1;1;7;580;04/04/2013
2013006899;1;1;1;1;7;580;22/04/2013
2013006900;1;1;1;1;6;580;03/05/2013
2013006901;3;1;1;1;6;580;10/05/2013
2013006902;2;2;2;7;1;580;14/07/2013
2013006903;5;2;1;1;3;580;28/11/2013
2013006904;3;1;1;1;7;580;20/04/2013
2013006905;1;2;1;8;3;580;08/11/2013
2013006906;3;1;1;1;6;710;02/03/2013
2013006907;3;1;1;1;1;710;12/04/2013
2013006908;1;1;1;1;3;710;16/06/2013
2013006909;2;1;1;1;1;710;06/07/2013
2013006910;1;1;1;1;1;710;03/08/2013
2013006911;5;2;1;2;5;710;17/09/2013
2013006912;1;1;1;1;6;710;16/06/2013
2013006913;1;1;1;1;7;710;19/08/2013
2013006914;1;2;1;1;1;710;22/08/2013
2013006915;1;1;1;1;6;710;23/09/2013
2013006916;1;1;1;1;6;710;23/09/2013
2013006917;1;1;1;1;6;710;01/04/2013
2013006918;1;1;1;1;3;710;23/08/2013
2013006919;1;2;6;1;6;710;15/02/2013
2013006920;1;1;1;7;7;710;04/04/2013
2013006921;1;1;1;2;7;710;11/05/2013
2013006922;1;1;1;7;3;710;18/06/2013
2013006923;1;1;1;7;6;710;22/07/2013
2013006924;1;2;1;1;1;710;09/08/2013
2013006925;1;2;1;1;3;710;14/08/2013
2013006926;1;2;2;1;3;710;27/08/2013
2013006927;1;2;1;1;1;710;06/10/2013
2013006928;5;1;1;8;3;710;14/10/2013
2013006929;1;2;2;1;3;710;20/10/2013
2013006930;2;1;1;3;3;710;20/10/2013
2013006931;2;2;1;1;6;710;22/03/2013
2013006932;1;1;1;3;5;710;31/05/2013
2013006933;3;1;1;9;2;710;19/01/2013
2013006934;1;1;1;1;3;710;04/04/2013
2013006935;5;2;1;1;2;710;14/04/2013
2013006936;1;1;1;1;5;710;27/11/2013
2013006937;1;1;1;2;6;710;01/01/2013
2013006938;4;2;1;1;7;710;16/06/2013
2013006939;1;1;1;1;6;710;19/06/2013
2013006940;1;1;1;1;2;710;26/06/2013
2013006941;1;1;1;1;7;710;24/07/2013
2013006942;1;1;1;1;3;710;26/07/2013
2013006943;1;1;1;1;6;710;21/08/2013
2013006944;3;2;1;1;1;710;31/10/2013
2013006945;3;2;1;5;6;710;13/12/2013
2013006946;1;2;1;1;3;710;23/12/2013
2013006947;1;1;1;1;5;710;14/04/2013
2013006948;1;1;1;2;4;710;03/05/2013
2013006949;1;2;2;1;3;710;09/08/2013
2013006950;3;1;1;8;5;710;16/10/2013