num_acc;lum;agg;inter;atm;col;dep;date
2013008688;1;1;1;1;6;300;02/04/2013
2013008689;1;1;1;2;5;300;27/04/2013
2013008690;1;2;1;1;6;300;03/05/2013
2013008691;1;1;1;1;4;300;09/07/2013
2013008692;1;1;1;1;3;300;24/07/2013
2013008693;1;2;1;2;7;300;07/08/2013
2013008694;1;1;9;1;3;300;20/08/2013
2013008695;3;1;1;1;6;300;28/10/2013
2013008696;3;1;1;1;6;300;01/12/2013
2013008697;5;2;1;1;6;300;14/12/2013
2013008698;3;1;1;1;7;300;20/12/2013
2013008699;2;2;1;1;6;300;12/04/2013
2013008700;1;1;1;1;6;300;21/08/2013
2013008701;1;1;1;8;7;300;03/11/2013
2013008702;1;1;1;2;1;480;19/04/2013
2013008703;1;1;1;1;1;480;18/05/2013
2013008704;1;1;1;1;7;480;06/06/2013
2013008705;1;2;1;1;6;480;12/06/2013
2013008706;1;1;1;1;7;480;23/06/2013
2013008707;1;1;1;1;1;480;25/08/2013
2013008708;1;1;2;1;3;480;13/09/2013
2013008709;3;1;1;1;6;480;24/09/2013
2013008710;1;1;1;2;7;480;04/11/2013
2013008711;1;1;1;1;6;480;05/07/2013
2013008712;3;1;1;2;6;480;10/10/2013
2013008713;1;1;1;1;7;480;24/01/2013
2013008714;1;1;1;1;6;480;14/04/2013
2013008715;1;1;1;3;7;480;18/05/2013
2013008716;1;1;1;1;7;480;09/07/2013
2013008717;1;1;1;1;3;480;20/08/2013
2013008718;3;1;1;1;6;480;30/12/2013
2013008719;1;1;1;2;7;480;08/04/2013
2013008720;1;1;1;1;6;480;08/06/2013
2013008721;1;1;1;1;1;480;21/06/2013
2013008722;1;1;1;1;7;480;29/06/2013
2013008723;1;2;1;2;1;480;03/07/2013
2013008724;1;1;1;1;7;480;10/07/2013
2013008725;1;1;1;1;7;480;01/08/2013
2013008726;1;1;1;1;1;480;22/08/2013
2013008727;1;1;1;1;7;480;16/09/2013
2013008728;1;1;1;1;7;480;12/10/2013
2013008729;1;1;1;2;1;480;26/10/2013
2013008730;3;1;1;1;7;480;28/11/2013
2013008731;1;1;1;1;6;480;07/07/2013
2013008732;1;1;1;1;1;480;20/07/2013
2013008733;1;1;1;1;1;480;03/08/2013
2013008734;3;1;1;2;6;480;29/03/2013
2013008735;1;1;1;1;1;660;23/01/2013
2013008736;3;1;1;1;5;660;22/02/2013
2013008737;1;2;1;1;6;660;14/03/2013
2013008738;1;1;1;1;1;660;08/07/2013
2013008739;3;1;1;1;6;660;14/07/2013
2013008740;1;2;1;7;6;660;12/08/2013
2013008741;1;1;1;7;7;660;20/08/2013
2013008742;5;2;1;1;3;660;02/12/2013
2013008743;1;1;1;1;1;660;31/01/2013
2013008744;1;2;4;1;3;660;28/04/2013
2013008745;1;1;1;1;5;660;21/05/2013
2013008746;1;1;3;1;3;660;17/06/2013
2013008747;1;1;1;1;2;660;18/08/2013
2013008748;1;1;1;2;6;660;08/05/2013
2013008749;1;1;3;1;3;660;29/08/2013
2013008750;1;1;1;1;2;660;04/01/2013
2013008751;1;2;1;1;3;660;17/05/2013
2013008752;3;1;1;1;1;660;25/05/2013
2013008753;1;2;1;1;3;660;26/05/2013
2013008754;1;1;1;1;7;660;22/06/2013
2013008755;1;1;1;1;4;660;10/07/2013
2013008756;1;1;1;1;1;660;01/09/2013
2013008757;2;1;1;1;3;660;04/09/2013
2013008758;3;2;1;1;6;660;13/09/2013
2013008759;1;1;1;1;3;660;26/09/2013
2013008760;1;1;2;1;3;660;01/10/2013
2013008761;1;2;3;1;1;660;15/10/2013
2013008762;3;1;1;1;1;660;17/10/2013
2013008763;3;1;1;1;2;660;24/11/2013
2013008764;1;2;1;1;6;660;28/06/2013
2013008765;1;1;1;1;6;660;21/07/2013
2013008766;5;2;1;1;4;660;17/08/2013
2013008767;1;2;1;7;6;660;03/09/2013
2013008768;1;1;1;1;7;660;17/09/2013
2013008769;1;2;1;1;5;660;18/11/2013
2013008770;1;2;6;1;3;660;04/12/2013
2013008771;1;2;1;1;6;660;23/12/2013
2013008772;3;1;1;1;7;660;09/06/2013
2013008773;5;2;1;1;6;660;15/06/2013
2013008774;1;2;1;1;6;660;06/08/2013
2013008775;1;2;1;1;6;660;06/08/2013
2013008776;1;2;6;2;2;660;17/08/2013
2013008777;1;2;6;1;3;660;24/10/2013
2013008778;1;2;1;1;7;660;22/04/2013
2013008779;1;2;9;1;6;660;23/09/2013
2013008780;3;1;1;6;1;660;15/11/2013
2013008781;1;2;6;1;2;660;26/12/2013
2013008782;4;1;1;1;6;660;19/02/2013
2013008783;3;1;1;1;5;660;24/02/2013
2013008784;1;1;6;7;6;660;11/01/2013
2013008785;1;1;1;2;1;660;28/02/2013
2013008786;1;1;1;1;3;660;27/06/2013
2013008787;3;1;1;1;6;660;24/12/2013
2013008788;1;2;1;1;6;660;07/03/2013
2013008789;3;1;1;1;2;660;06/08/2013
2013008790;1;1;2;1;1;660;18/09/2013
2013008791;1;1;1;1;7;660;22/09/2013
2013008792;3;1;1;1;7;660;24/09/2013
2013008793;1;1;1;1;1;660;05/08/2013
2013008794;3;1;1;1;7;660;01/01/2013
2013008795;1;1;1;1;1;660;04/07/2013
2013008796;1;1;1;1;1;660;05/10/2013
2013008797;1;1;1;1;5;660;17/08/2013
2013008798;1;1;1;1;1;660;20/09/2013
2013008799;1;1;1;1;1;660;10/10/2013
2013008800;1;1;1;1;6;660;29/10/2013
2013008801;1;1;1;1;7;660;01/11/2013
2013008802;1;1;1;1;1;660;03/12/2013
2013008803;1;2;1;1;6;660;18/12/2013
2013008804;1;1;1;1;7;660;27/12/2013
2013008805;3;2;1;1;1;660;10/03/2013
2013008806;1;2;1;1;6;660;19/10/2013
2013008807;1;2;1;7;6;660;04/12/2013
2013008808;2;1;1;1;7;660;10/05/2013
2013008809;1;2;1;1;6;660;25/06/2013
2013008810;1;1;1;1;1;660;27/06/2013
2013008811;3;1;1;1;6;660;02/11/2013
2013008812;1;1;1;4;6;660;15/01/2013
2013008813;3;1;1;1;6;660;03/03/2013
2013008814;1;1;1;4;6;660;27/04/2013
2013008815;1;1;1;1;6;660;19/05/2013
2013008816;1;1;1;1;1;660;04/08/2013
2013008817;1;1;1;4;1;660;26/12/2013
2013008818;1;2;1;4;6;660;06/04/2013
2013008819;4;2;1;1;1;660;01/11/2013
2013008820;1;1;1;2;1;660;11/03/2013
2013008821;1;1;1;1;1;660;12/04/2013
2013008822;1;1;1;1;1;660;21/04/2013
2013008823;1;1;8;1;3;660;11/07/2013
2013008824;1;1;1;1;3;660;27/08/2013
2013008825;1;1;1;2;1;201;14/01/2013
2013008826;5;2;1;1;7;201;01/05/2013
2013008827;1;2;1;1;1;201;17/05/2013
2013008828;1;2;1;1;2;201;26/05/2013
2013008829;2;2;1;1;6;201;28/10/2013
2013008830;1;1;1;1;1;201;28/01/2013
2013008831;1;1;1;1;2;201;09/02/2013
2013008832;5;1;1;1;6;201;17/02/2013
2013008833;1;1;1;1;7;201;18/02/2013
2013008834;3;1;1;3;1;201;20/03/2013
2013008835;1;1;3;1;2;201;27/04/2013
2013008836;1;2;1;1;6;201;28/04/2013
2013008837;1;1;1;1;1;201;25/06/2013
2013008838;1;2;1;1;6;201;09/07/2013
2013008839;3;1;1;1;1;201;04/08/2013
2013008840;1;1;1;1;3;201;13/10/2013
2013008841;5;2;1;1;6;201;17/11/2013
2013008842;1;1;1;1;7;201;11/12/2013
2013008843;1;1;1;1;5;201;27/12/2013
2013008844;5;2;1;1;7;201;11/05/2013
2013008845;2;1;1;1;6;201;11/07/2013
2013008846;1;1;1;7;1;201;11/07/2013
2013008847;1;1;1;1;7;201;22/08/2013
2013008848;1;1;1;1;6;201;03/09/2013
2013008849;1;1;1;8;6;201;25/01/2013
2013008850;3;1;1;1;6;201;19/05/2013
2013008851;1;1;1;1;3;201;24/05/2013
2013008852;2;1;3;7;1;201;17/08/2013
2013008853;3;1;1;1;7;201;22/02/2013
2013008854;1;2;1;1;3;201;10/03/2013
2013008855;5;2;6;1;6;201;23/03/2013
2013008856;5;1;1;1;6;201;08/04/2013
2013008857;1;1;1;1;6;201;04/05/2013
2013008858;1;1;1;1;1;201;04/06/2013
2013008859;1;2;1;1;3;201;14/06/2013
2013008860;1;2;1;1;2;201;18/06/2013
2013008861;1;1;1;1;1;201;27/06/2013
2013008862;1;1;1;1;6;201;30/06/2013
2013008863;1;2;6;1;3;201;01/07/2013
2013008864;3;2;1;1;3;201;28/07/2013
2013008865;1;2;1;1;3;201;25/07/2013
2013008866;3;1;1;1;6;201;05/08/2013
2013008867;5;2;1;1;3;201;07/08/2013
2013008868;1;1;1;1;5;201;17/08/2013
2013008869;1;1;1;1;3;201;03/09/2013
2013008870;1;1;1;1;3;201;27/09/2013
2013008871;3;1;1;1;6;201;30/10/2013
2013008872;1;2;6;1;3;201;08/11/2013
2013008873;1;1;1;2;1;201;22/11/2013
2013008874;3;2;1;1;2;201;07/12/2013
2013008875;3;1;1;1;1;201;07/12/2013
2013008876;1;1;1;1;1;201;27/03/2013
2013008877;1;1;1;2;6;201;28/03/2013
2013008878;1;1;1;1;6;201;12/05/2013
2013008879;1;1;1;1;6;201;05/07/2013
2013008880;1;2;1;1;6;201;15/07/2013
2013008881;1;1;1;1;3;201;31/08/2013
2013008882;1;2;1;1;3;201;02/09/2013
2013008883;1;1;1;1;6;201;10/12/2013
2013008884;1;1;1;1;6;201;24/07/2013
2013008885;1;1;1;1;1;201;29/11/2013
2013008886;1;1;1;1;5;201;17/04/2013
2013008887;3;1;1;1;7;201;19/05/2013
2013008888;1;1;1;1;3;201;10/07/2013
2013008889;1;1;1;1;3;201;15/07/2013
2013008890;1;1;1;1;2;201;02/08/2013
2013008891;1;1;1;1;3;201;04/09/2013
2013008892;1;1;1;1;5;201;07/09/2013
2013008893;5;2;1;1;6;201;18/10/2013
2013008894;1;1;1;1;5;201;17/11/2013
2013008895;1;1;1;1;2;202;07/01/2013
2013008896;1;1;1;1;1;202;26/01/2013
2013008897;1;1;1;1;2;202;04/05/2013
2013008898;3;1;1;3;1;202;18/05/2013
2013008899;1;2;1;1;3;202;17/05/2013
2013008900;1;1;1;1;3;202;13/06/2013
2013008901;1;1;1;1;3;202;10/08/2013
2013008902;1;1;1;1;3;202;15/08/2013
2013008903;1;1;1;1;6;202;24/08/2013
2013008904;1;1;1;1;1;202;29/09/2013
2013008905;1;1;1;8;5;202;25/11/2013
2013008906;1;2;1;1;6;202;18/12/2013
2013008907;1;2;9;2;6;202;23/01/2013
2013008908;2;1;1;1;6;202;08/06/2013
2013008909;1;1;1;1;3;202;31/08/2013
2013008910;1;2;1;1;3;202;03/09/2013
2013008911;3;1;1;6;6;202;04/11/2013
2013008912;1;1;1;1;3;202;26/11/2013
2013008913;1;1;1;1;1;202;04/12/2013
2013008914;1;1;1;1;7;202;16/03/2013
2013008915;1;1;1;1;1;202;15/08/2013
2013008916;5;2;1;1;6;202;18/10/2013
2013008917;5;2;9;1;5;202;20/02/2013
2013008918;1;1;1;1;1;202;06/05/2013
2013008919;1;1;1;1;1;202;06/05/2013
2013008920;1;1;1;1;2;202;15/05/2013
2013008921;5;1;1;1;7;202;24/07/2013
2013008922;1;1;1;1;5;202;02/08/2013
2013008923;1;1;1;1;1;202;18/08/2013
2013008924;1;1;1;1;1;202;11/09/2013
2013008925;1;1;1;1;1;202;21/09/2013
2013008926;1;2;1;1;6;202;23/10/2013
2013008927;3;1;1;3;3;202;18/11/2013
2013008928;1;1;1;2;1;202;13/03/2013
2013008929;3;1;1;1;3;202;20/12/2013
2013008930;1;1;1;1;7;202;15/04/2013
2013008931;1;1;1;1;6;202;28/04/2013
2013008932;1;1;1;1;5;202;26/05/2013
2013008933;1;1;1;1;3;202;14/06/2013
2013008934;1;1;1;1;1;202;18/08/2013
2013008935;1;1;1;1;7;202;20/08/2013
2013008936;1;1;1;1;2;202;27/09/2013
2013008937;1;1;1;3;7;202;29/09/2013
2013008938;1;2;1;1;3;202;28/09/2013
2013008939;1;2;1;1;1;202;12/10/2013
2013008940;1;1;1;1;1;202;01/02/2013
2013008941;1;1;1;3;3;202;02/04/2013
2013008942;3;1;1;1;6;202;24/08/2013
2013008943;1;1;1;1;6;202;22/09/2013
2013008944;2;1;1;1;6;202;23/09/2013
2013008945;1;1;1;1;1;202;06/10/2013
2013008946;2;1;1;1;6;202;18/10/2013
2013008947;1;1;1;1;6;202;08/10/2013
2013008948;1;1;1;2;7;202;01/03/2013
2013008949;2;1;1;2;6;202;04/05/2013
2013008950;1;1;1;1;2;202;04/06/2013
2013008951;3;2;1;1;6;202;10/06/2013
2013008952;2;1;1;1;3;202;27/08/2013
2013008953;1;1;1;1;3;202;28/08/2013
2013008954;1;2;1;1;3;202;28/08/2013
2013008955;1;1;1;1;3;202;04/10/2013
2013008956;5;1;1;1;6;202;16/12/2013
2013008957;3;1;1;1;6;202;06/01/2013
2013008958;1;1;1;1;2;202;03/07/2013
2013008959;1;1;1;1;3;202;23/07/2013
2013008960;1;1;1;1;1;202;20/08/2013
2013008961;1;1;1;1;1;202;14/10/2013
2013008962;1;1;1;1;2;202;03/11/2013
2013008963;3;1;1;1;1;202;03/12/2013
2013008964;1;1;1;1;1;202;21/02/2013
2013008965;1;1;1;1;6;202;13/04/2013
2013008966;1;1;1;1;3;202;07/05/2013
2013008967;1;1;1;1;3;202;20/05/2013
2013008968;1;1;1;1;6;202;10/09/2013
2013008969;1;1;1;1;6;202;01/10/2013
2013008970;1;1;1;1;3;202;13/12/2013
2013008971;1;1;1;1;3;202;14/05/2013
2013008972;1;1;1;1;1;202;05/10/2013
2013008973;1;1;1;1;6;202;19/10/2013
2013008974;1;2;1;1;6;202;05/12/2013
2013008975;1;2;1;1;6;50;23/02/2013
2013008976;5;2;6;1;6;50;09/03/2013
2013008977;1;2;3;1;3;50;17/04/2013
2013008978;1;2;1;1;1;50;12/05/2013
2013008979;3;1;1;1;6;50;27/05/2013
2013008980;1;2;6;1;6;50;08/06/2013
2013008981;1;2;1;1;6;50;25/06/2013
2013008982;1;2;1;7;6;50;05/07/2013
2013008983;1;2;1;1;2;50;11/07/2013
2013008984;1;2;3;1;3;50;12/07/2013
2013008985;1;2;4;2;3;50;19/07/2013
2013008986;1;2;1;1;4;50;22/07/2013
2013008987;3;1;1;1;6;50;25/07/2013
2013008988;1;2;3;1;3;50;13/08/2013
2013008989;1;2;1;2;3;50;24/08/2013
2013008990;1;2;9;1;3;50;02/10/2013
2013008991;2;2;1;2;3;50;04/10/2013
2013008992;5;2;3;4;7;50;20/12/2013
2013008993;5;2;1;1;1;50;29/12/2013
2013008994;5;2;1;1;1;50;30/12/2013
2013008995;1;1;1;1;3;50;18/12/2013
2013008996;1;2;1;1;6;50;09/01/2013
2013008997;1;2;1;1;6;50;22/01/2013
2013008998;5;2;1;1;6;50;08/02/2013
2013008999;3;1;1;1;4;50;09/02/2013
2013009000;1;2;1;1;1;50;22/02/2013
2013009001;1;1;1;1;5;50;18/01/2013
2013009002;1;2;1;2;6;50;28/03/2013
2013009003;1;2;1;1;2;50;08/04/2013
2013009004;1;2;6;1;3;50;14/04/2013
2013009005;1;1;1;1;3;50;20/05/2013
2013009006;1;1;3;1;3;50;27/05/2013
2013009007;1;2;1;1;3;50;30/05/2013
2013009008;1;2;1;1;2;50;01/06/2013
2013009009;1;2;1;1;3;50;16/07/2013
2013009010;1;2;1;1;6;50;25/06/2013
2013009011;1;2;3;1;3;50;02/08/2013
2013009012;1;2;1;1;3;50;21/08/2013
2013009013;1;2;3;1;6;50;28/08/2013
2013009014;1;2;1;1;2;50;06/09/2013
2013009015;1;2;1;1;6;50;19/09/2013
2013009016;1;2;1;1;6;50;22/09/2013
2013009017;1;2;3;1;3;50;03/10/2013
2013009018;2;1;1;8;3;50;08/10/2013
2013009019;1;1;1;1;1;50;08/10/2013
2013009020;1;2;3;1;3;50;30/10/2013
2013009021;2;2;3;1;3;50;14/11/2013
2013009022;2;2;1;1;6;780;02/02/2013
2013009023;3;1;1;1;1;780;11/04/2013
2013009024;1;2;1;1;2;780;24/04/2013
2013009025;1;2;1;1;3;780;07/06/2013
2013009026;1;2;1;1;6;780;01/08/2013
2013009027;1;1;1;1;1;780;24/09/2013
2013009028;5;2;1;2;6;780;05/11/2013
2013009029;2;1;1;1;6;780;30/06/2013
2013009030;1;1;1;1;3;780;06/08/2013
2013009031;3;1;2;1;3;780;02/11/2013
2013009032;1;1;1;1;3;780;08/05/2013
2013009033;1;1;1;2;3;780;11/10/2013
2013009034;3;1;1;1;1;780;17/01/2013
2013009035;1;2;1;1;6;780;28/02/2013
2013009036;1;2;1;1;1;780;28/03/2013
2013009037;5;2;1;1;6;780;01/05/2013
2013009038;1;1;1;1;6;780;25/05/2013
2013009039;1;2;2;8;3;780;30/05/2013
2013009040;1;1;1;1;4;780;10/06/2013
2013009041;2;1;1;1;6;780;18/06/2013
2013009042;3;1;1;1;6;780;21/07/2013
2013009043;2;1;1;1;6;780;24/09/2013
2013009044;2;1;1;5;6;780;01/10/2013
2013009045;1;2;1;1;6;780;13/11/2013
2013009046;5;2;1;5;6;780;29/11/2013
2013009047;1;2;1;1;1;780;07/12/2013
2013009048;5;2;6;1;6;780;12/12/2013
2013009049;5;1;1;9;4;780;12/12/2013
2013009050;1;1;9;1;6;780;13/12/2013
2013009051;1;2;1;1;6;780;21/06/2013
2013009052;1;1;1;1;7;780;18/07/2013
2013009053;1;1;1;1;2;780;03/09/2013
2013009054;1;2;1;1;1;780;22/09/2013
2013009055;3;1;1;2;7;780;01/11/2013
2013009056;1;1;1;1;1;780;23/07/2013
2013009057;5;2;1;2;6;780;08/10/2013
2013009058;3;1;1;1;2;780;26/05/2013
2013009059;1;1;1;1;6;780;26/06/2013
2013009060;1;1;1;1;3;780;25/09/2013
2013009061;1;1;1;1;1;780;30/09/2013
2013009062;2;1;1;5;1;780;18/10/2013
2013009063;1;1;1;5;1;780;24/01/2013
2013009064;3;1;1;8;6;780;17/02/2013
2013009065;2;1;1;1;3;780;22/06/2013
2013009066;1;1;2;7;3;780;05/09/2013
2013009067;1;1;1;1;6;780;08/10/2013
2013009068;3;2;1;2;7;780;21/11/2013
2013009069;2;1;1;8;6;780;09/01/2013
2013009070;1;1;2;8;3;780;24/01/2013
2013009071;1;1;3;1;3;780;03/03/2013
2013009072;1;1;1;1;2;780;24/04/2013
2013009073;1;2;1;1;7;780;02/07/2013
2013009074;1;1;1;1;6;780;14/07/2013
2013009075;1;1;1;1;7;780;13/07/2013
2013009076;1;1;1;1;6;780;09/08/2013
2013009077;2;2;1;1;7;780;11/09/2013
2013009078;2;2;1;1;5;780;15/10/2013
2013009079;1;1;1;1;7;780;19/10/2013
2013009080;3;1;1;1;6;780;22/02/2013
2013009081;5;1;1;1;6;780;28/02/2013
2013009082;1;2;1;4;5;780;12/03/2013
2013009083;3;1;1;1;5;780;02/04/2013
2013009084;1;1;1;1;2;780;14/04/2013
2013009085;1;1;1;1;6;780;19/04/2013
2013009086;3;1;1;1;6;780;23/11/2013
2013009087;1;1;1;1;2;780;12/12/2013
2013009088;5;2;1;6;6;780;23/12/2013
2013009089;4;2;1;1;7;780;28/02/2013
2013009090;1;1;1;2;6;780;01/11/2013
2013009091;1;1;1;8;6;780;13/01/2013
2013009092;1;1;1;8;6;780;15/02/2013
2013009093;1;1;1;1;2;780;20/04/2013
2013009094;1;1;1;1;3;780;05/09/2013
2013009095;2;2;1;1;6;780;24/10/2013
2013009096;2;2;9;2;2;780;07/11/2013
2013009097;3;1;1;1;6;780;31/03/2013
2013009098;3;1;2;2;3;780;10/04/2013
2013009099;3;1;1;1;6;780;19/06/2013
2013009100;1;2;1;1;1;780;20/07/2013
2013009101;1;2;1;1;2;910;10/07/2013
2013009102;1;2;1;1;1;910;13/10/2013
2013009103;1;2;1;1;6;910;05/02/2013
2013009104;1;1;1;1;1;910;16/05/2013
2013009105;1;2;6;1;6;910;23/07/2013
2013009106;1;2;1;1;1;910;21/09/2013
2013009107;1;2;1;7;2;910;24/11/2013
2013009108;1;1;1;1;2;910;15/03/2013
2013009109;1;1;2;1;5;910;24/04/2013
2013009110;2;1;1;1;1;910;15/05/2013
2013009111;1;1;1;1;3;910;16/05/2013
2013009112;1;1;1;1;1;910;16/07/2013
2013009113;3;1;1;1;1;910;08/09/2013
2013009114;3;1;1;3;2;910;14/09/2013
2013009115;4;2;1;1;6;910;21/09/2013
2013009116;5;2;3;1;1;910;10/11/2013
2013009117;1;1;1;9;3;910;28/01/2013
2013009118;1;1;1;1;1;910;20/03/2013
2013009119;1;1;1;1;3;910;03/05/2013
2013009120;1;2;1;1;3;910;06/07/2013
2013009121;5;2;1;1;6;910;29/10/2013
2013009122;2;1;1;1;6;910;03/11/2013
2013009123;2;2;1;8;2;910;21/11/2013
2013009124;3;1;1;1;7;910;21/12/2013
2013009125;2;1;1;8;6;910;25/01/2013
2013009126;1;2;1;1;3;910;10/09/2013
2013009127;3;1;1;4;1;910;18/01/2013
2013009128;1;1;1;1;7;910;22/03/2013
2013009129;1;2;1;1;6;910;16/05/2013
2013009130;1;2;1;1;1;910;14/10/2013
2013009131;5;2;1;8;6;910;28/11/2013
2013009132;2;1;1;1;6;910;12/01/2013
2013009133;1;1;1;2;1;910;30/01/2013
2013009134;1;1;1;8;6;910;23/02/2013
2013009135;1;1;1;1;1;910;06/06/2013
2013009136;1;1;1;1;6;910;01/12/2013
2013009137;5;2;1;1;3;910;03/12/2013
2013009138;3;1;1;5;1;910;13/12/2013
2013009139;1;1;1;1;2;910;17/05/2013
2013009140;1;1;1;2;1;910;17/09/2013
2013009141;2;2;1;1;1;910;31/10/2013
2013009142;5;2;1;1;6;910;07/12/2013
2013009143;1;1;1;1;6;910;22/08/2013
2013009144;1;2;1;1;3;910;30/11/2013
2013009145;1;1;1;1;6;910;06/02/2013
2013009146;1;2;4;1;3;910;07/06/2013
2013009147;1;1;1;1;2;910;13/06/2013
2013009148;1;1;1;7;3;910;12/07/2013
2013009149;1;1;1;1;1;910;05/08/2013
2013009150;5;2;1;1;3;910;04/10/2013
2013009151;1;2;1;1;6;910;28/07/2013
2013009152;1;1;1;1;3;910;07/10/2013
2013009153;1;2;6;2;3;910;20/10/2013
2013009154;1;2;1;1;6;910;08/11/2013
2013009155;1;1;1;1;1;910;29/12/2013
2013009156;5;2;1;1;6;910;01/01/2013
2013009157;2;1;2;1;3;910;11/01/2013
2013009158;1;2;1;1;1;910;05/04/2013
2013009159;1;1;2;1;3;910;06/05/2013
2013009160;1;1;1;1;1;910;11/05/2013
2013009161;1;1;2;1;3;910;14/05/2013
2013009162;1;1;1;1;3;910;15/06/2013
2013009163;1;1;1;1;5;910;02/07/2013
2013009164;3;1;1;1;7;910;05/09/2013
2013009165;2;1;1;8;6;910;16/09/2013
2013009166;1;2;3;1;1;910;21/09/2013
2013009167;2;2;1;5;1;910;13/10/2013
2013009168;5;2;1;1;3;910;18/10/2013
2013009169;1;1;2;3;3;910;08/11/2013
2013009170;5;1;1;1;7;910;20/11/2013
2013009171;1;1;1;1;6;910;04/12/2013
2013009172;1;1;1;1;1;910;11/12/2013
2013009173;1;1;1;8;6;910;22/12/2013
2013009174;1;2;1;1;3;910;25/11/2013
2013009175;1;1;1;1;6;910;25/12/2013
2013009176;1;1;1;1;6;910;14/03/2013
2013009177;1;1;1;1;1;910;22/04/2013
2013009178;1;1;1;1;3;910;27/05/2013
2013009179;1;1;6;1;3;910;27/09/2013
2013009180;1;2;1;1;1;910;11/02/2013
2013009181;5;2;1;2;6;910;04/04/2013
2013009182;1;1;6;1;1;910;17/04/2013
2013009183;1;1;1;8;6;910;23/04/2013
2013009184;1;2;1;2;7;910;26/04/2013
2013009185;1;1;1;8;4;910;11/06/2013
2013009186;1;1;6;1;3;910;30/06/2013
2013009187;1;1;6;1;7;910;03/07/2013
2013009188;1;1;1;1;6;910;18/07/2013
2013009189;1;1;6;3;6;910;07/08/2013
2013009190;1;2;1;7;6;910;04/09/2013
2013009191;1;2;1;1;2;910;05/09/2013
2013009192;1;1;1;1;6;910;07/09/2013
2013009193;1;2;6;7;3;910;05/09/2013
2013009194;3;1;1;3;1;910;14/09/2013
2013009195;1;2;1;1;3;910;10/10/2013
2013009196;5;2;1;1;7;910;02/12/2013
2013009197;1;1;1;5;1;950;13/01/2013
2013009198;3;1;1;1;1;950;06/07/2013
2013009199;2;2;1;1;1;950;06/08/2013
2013009200;1;1;1;2;6;950;25/08/2013
2013009201;1;2;1;1;5;950;31/08/2013
2013009202;3;1;1;1;3;950;10/02/2013
2013009203;3;2;1;1;6;950;01/12/2013
2013009204;3;2;1;2;6;950;15/12/2013
2013009205;1;2;1;1;7;950;29/06/2013
2013009206;1;1;1;2;1;950;10/10/2013
2013009207;1;1;1;8;7;950;28/12/2013
2013009208;1;2;1;1;1;950;09/03/2013
2013009209;1;1;1;1;7;950;11/04/2013
2013009210;2;1;1;1;6;950;19/07/2013
2013009211;1;1;2;1;3;950;17/12/2013
2013009212;2;2;1;8;6;950;10/01/2013
2013009213;3;1;1;1;2;950;16/02/2013
2013009214;2;2;1;1;3;950;06/06/2013
2013009215;5;2;1;1;6;950;28/06/2013
2013009216;1;2;1;1;6;950;08/10/2013
2013009217;3;1;1;1;4;950;05/12/2013
2013009218;1;1;1;1;1;950;08/10/2013
2013009219;2;1;1;2;4;950;15/11/2013
2013009220;1;2;1;1;6;950;04/12/2013
2013009221;1;2;1;2;6;950;08/11/2013
2013009222;1;1;1;4;6;770;15/01/2013
2013009223;5;2;1;1;7;770;22/04/2013
2013009224;3;1;6;1;6;770;02/08/2013
2013009225;1;1;1;7;3;770;04/09/2013
2013009226;2;1;1;8;1;770;23/01/2013
2013009227;1;1;2;1;3;770;25/06/2013
2013009228;2;1;1;1;1;770;04/08/2013
2013009229;1;1;1;1;1;770;07/03/2013
2013009230;1;1;1;1;6;770;28/03/2013
2013009231;1;1;1;1;7;770;16/04/2013
2013009232;3;1;1;1;6;770;07/07/2013
2013009233;1;1;1;1;7;770;17/09/2013
2013009234;1;2;1;1;6;770;26/09/2013
2013009235;1;1;1;1;7;770;17/01/2013
2013009236;1;1;1;1;3;770;09/02/2013
2013009237;3;1;1;1;6;770;23/04/2013
2013009238;1;2;1;8;1;770;10/05/2013
2013009239;3;1;1;9;6;770;05/10/2013
2013009240;2;1;1;9;6;770;09/11/2013
2013009241;2;1;2;1;3;770;09/01/2013
2013009242;3;1;1;5;7;770;24/01/2013
2013009243;1;1;1;1;1;770;10/07/2013
2013009244;3;1;1;1;6;770;15/07/2013
2013009245;1;1;1;1;7;770;14/08/2013
2013009246;3;1;3;1;3;770;16/11/2013
2013009247;1;1;1;1;2;770;08/12/2013
2013009248;1;2;1;4;6;770;26/01/2013
2013009249;3;1;1;1;7;770;31/01/2013
2013009250;3;1;1;1;6;770;28/03/2013
2013009251;1;1;1;1;3;770;16/04/2013
2013009252;1;2;1;1;3;770;23/07/2013
2013009253;1;2;1;1;3;770;27/07/2013
2013009254;3;1;1;1;1;770;29/07/2013
2013009255;3;1;1;1;2;770;26/08/2013
2013009256;3;1;1;1;6;770;01/09/2013
2013009257;3;1;1;2;6;770;15/09/2013
2013009258;1;2;1;1;6;770;23/05/2013
2013009259;1;2;1;1;6;770;05/07/2013
2013009260;1;1;1;1;1;770;21/08/2013
2013009261;1;2;1;1;1;770;13/09/2013
2013009262;1;1;1;1;2;770;30/11/2013
2013009263;3;1;1;1;1;770;11/01/2013
2013009264;2;1;1;1;1;770;05/02/2013
2013009265;1;1;1;1;5;770;25/04/2013
2013009266;1;1;1;2;1;770;20/06/2013