num_acc;lum;agg;inter;atm;col;dep;date
2013009267;1;1;1;1;5;770;21/06/2013
2013009268;1;1;1;1;1;770;05/07/2013
2013009269;1;2;7;1;6;770;05/09/2013
2013009270;1;1;1;1;4;770;19/09/2013
2013009271;2;1;1;2;3;770;17/10/2013
2013009272;3;1;1;1;7;770;01/12/2013
2013009273;3;1;1;2;1;770;07/12/2013
2013009274;1;1;1;2;3;770;03/01/2013
2013009275;3;1;1;1;6;770;16/03/2013
2013009276;1;1;2;1;1;770;15/06/2013
2013009277;5;2;1;1;3;770;27/09/2013
2013009278;3;1;1;1;6;770;03/11/2013
2013009279;1;1;1;1;5;770;03/08/2013
2013009280;2;1;1;1;1;770;16/06/2013
2013009281;1;2;1;1;6;770;27/06/2013
2013009282;1;1;1;1;7;770;10/09/2013
2013009283;1;1;1;2;7;770;16/10/2013
2013009284;3;1;1;1;6;770;13/11/2013
2013009285;3;1;1;1;1;770;15/03/2013
2013009286;1;1;1;1;6;770;01/06/2013
2013009287;3;1;1;1;7;770;06/08/2013
2013009288;3;1;1;2;3;770;07/11/2013
2013009289;1;1;2;2;3;770;28/06/2013
2013009290;5;2;1;2;6;770;28/10/2013
2013009291;3;1;2;3;3;770;03/11/2013
2013009292;3;1;1;8;6;770;14/11/2013
2013009293;3;1;1;1;1;770;14/12/2013
2013009294;1;2;1;2;6;770;02/01/2013
2013009295;3;1;1;4;2;770;09/02/2013
2013009296;1;2;1;1;6;770;29/04/2013
2013009297;1;1;1;3;7;770;20/05/2013
2013009298;1;2;1;2;6;770;09/06/2013
2013009299;1;1;1;1;1;770;13/06/2013
2013009300;3;1;9;1;7;770;01/07/2013
2013009301;1;2;1;1;6;770;24/07/2013
2013009302;1;1;1;2;1;770;11/09/2013
2013009303;1;1;1;1;2;770;01/10/2013
2013009304;3;1;2;1;6;770;25/11/2013
2013009305;1;2;1;1;6;770;28/01/2013
2013009306;3;1;3;1;3;770;20/02/2013
2013009307;1;1;1;1;1;770;20/02/2013
2013009308;5;2;1;1;3;770;17/06/2013
2013009309;3;1;1;5;6;770;29/08/2013
2013009310;3;1;1;1;3;770;17/12/2013
2013009311;3;1;1;8;6;770;11/01/2013
2013009312;3;2;1;1;7;770;17/05/2013
2013009313;3;1;1;2;3;770;29/05/2013
2013009314;2;1;1;5;6;770;29/08/2013
2013009315;3;1;1;1;1;770;01/09/2013
2013009316;1;1;2;2;3;770;10/02/2013
2013009317;1;2;1;1;6;770;30/06/2013
2013009318;3;2;9;1;6;770;21/11/2013
2013009319;3;1;3;1;7;770;11/01/2013
2013009320;1;1;3;7;1;770;05/07/2013
2013009321;3;1;1;5;1;770;18/10/2013
2013009322;1;2;1;1;6;770;27/11/2013
2013009323;1;1;1;5;1;770;05/12/2013
2013009324;3;1;1;9;6;770;13/12/2013
2013009325;1;1;2;3;5;770;08/02/2013
2013009326;1;1;1;1;6;770;21/07/2013
2013009327;3;1;1;1;6;770;25/07/2013
2013009328;1;1;2;1;6;770;11/08/2013
2013009329;3;1;1;1;6;770;13/08/2013
2013009330;3;1;1;2;5;770;10/12/2013
2013009331;1;2;1;1;7;770;26/07/2013
2013009332;1;2;4;1;3;770;23/08/2013
2013009333;2;1;1;9;1;770;30/12/2013
2013009334;3;1;2;1;3;450;23/04/2013
2013009335;1;2;1;1;1;450;03/09/2013
2013009336;1;1;1;2;2;450;16/09/2013
2013009337;2;1;1;5;6;450;02/12/2013
2013009338;1;1;1;8;3;450;27/12/2013
2013009339;3;1;1;2;6;450;28/12/2013
2013009340;2;1;1;1;2;450;15/01/2013
2013009341;3;2;1;1;6;450;03/02/2013
2013009342;1;1;1;1;5;450;05/03/2013
2013009343;1;2;2;1;4;450;27/05/2013
2013009344;3;1;1;1;1;450;11/06/2013
2013009345;5;2;1;1;6;450;15/06/2013
2013009346;1;1;1;1;5;450;26/07/2013
2013009347;1;1;1;1;6;450;26/08/2013
2013009348;3;1;1;1;5;450;20/12/2013
2013009349;2;2;1;9;6;450;17/01/2013
2013009350;5;2;1;1;6;450;27/01/2013
2013009351;1;1;1;1;6;450;16/03/2013
2013009352;3;1;1;1;6;450;18/07/2013
2013009353;5;2;1;2;6;450;13/09/2013
2013009354;1;2;1;1;6;450;22/09/2013
2013009355;2;1;1;8;1;450;20/10/2013
2013009356;1;1;1;1;6;450;19/12/2013
2013009357;1;1;2;1;3;450;03/04/2013
2013009358;1;1;1;1;6;450;05/06/2013
2013009359;2;2;2;1;3;450;18/09/2013
2013009360;1;1;2;1;3;450;24/10/2013
2013009361;1;2;3;1;3;450;07/03/2013
2013009362;1;2;2;1;6;450;12/03/2013
2013009363;1;1;1;1;2;450;14/04/2013
2013009364;5;2;1;1;6;450;20/04/2013
2013009365;3;1;1;1;6;450;28/07/2013
2013009366;3;1;1;2;6;450;14/09/2013
2013009367;1;1;1;1;3;450;30/09/2013
2013009368;5;2;1;3;6;450;24/12/2013
2013009369;1;1;1;1;3;450;24/01/2013
2013009370;1;1;2;1;3;450;05/05/2013
2013009371;1;1;1;1;3;450;14/06/2013
2013009372;1;1;1;7;6;450;23/08/2013
2013009373;1;1;2;1;1;450;09/09/2013
2013009374;3;1;1;1;6;450;20/10/2013
2013009375;1;1;6;1;7;450;02/04/2013
2013009376;1;1;1;1;6;450;07/04/2013
2013009377;1;2;2;1;3;450;10/06/2013
2013009378;1;2;1;1;2;450;03/08/2013
2013009379;1;2;2;7;3;450;09/11/2013
2013009380;1;1;1;2;6;450;15/11/2013
2013009381;1;1;2;2;3;450;21/11/2013
2013009382;1;1;1;2;6;450;30/11/2013
2013009383;2;1;1;9;2;450;09/12/2013
2013009384;2;2;1;7;6;450;09/12/2013
2013009385;1;1;1;1;1;450;13/07/2013
2013009386;1;1;2;1;3;450;12/08/2013
2013009387;1;1;1;1;6;450;06/12/2013
2013009388;1;2;1;1;6;450;15/12/2013
2013009389;1;1;1;8;6;450;19/01/2013
2013009390;3;1;1;1;3;450;08/10/2013
2013009391;1;2;1;1;1;450;08/10/2013
2013009392;5;2;2;1;3;450;26/11/2013
2013009393;3;1;1;8;4;450;30/11/2013
2013009394;1;2;1;1;6;450;10/12/2013
2013009395;3;1;1;1;1;450;14/12/2013
2013009396;1;1;4;1;1;450;02/07/2013
2013009397;1;2;1;1;1;450;13/07/2013
2013009398;1;1;1;1;1;450;11/08/2013
2013009399;1;1;1;1;7;450;13/08/2013
2013009400;2;2;3;1;3;450;30/09/2013
2013009401;1;2;1;1;3;450;21/10/2013
2013009402;1;1;1;1;6;450;03/12/2013
2013009403;1;2;1;1;6;450;05/12/2013
2013009404;1;2;2;1;3;450;27/12/2013
2013009405;3;1;1;1;6;450;11/01/2013
2013009406;1;1;1;1;6;450;13/04/2013
2013009407;1;1;1;1;7;450;27/04/2013
2013009408;1;1;1;1;6;450;27/04/2013
2013009409;1;1;1;1;6;450;23/05/2013
2013009410;2;2;1;1;6;450;03/07/2013
2013009411;2;1;1;1;3;450;19/09/2013
2013009412;1;1;3;1;3;450;21/06/2013
2013009413;3;1;1;2;7;450;04/01/2013
2013009414;5;1;1;2;6;450;24/01/2013
2013009415;5;2;1;2;6;450;01/02/2013
2013009416;2;2;2;1;3;450;02/04/2013
2013009417;5;2;1;1;6;450;25/06/2013
2013009418;3;1;1;1;6;450;15/07/2013
2013009419;1;1;1;1;1;450;28/07/2013
2013009420;1;1;1;1;3;450;01/08/2013
2013009421;1;1;2;1;3;450;23/08/2013
2013009422;1;2;4;1;3;450;24/08/2013
2013009423;3;1;1;1;6;450;24/11/2013
2013009424;1;1;1;1;1;450;10/05/2013
2013009425;3;1;2;1;2;450;29/05/2013
2013009426;2;1;1;1;7;450;29/05/2013
2013009427;1;2;1;9;6;450;08/11/2013
2013009428;5;2;2;1;3;450;17/01/2013
2013009429;1;1;1;1;2;450;29/03/2013
2013009430;1;2;1;1;1;450;26/05/2013
2013009431;1;1;3;1;6;450;14/07/2013
2013009432;3;1;1;1;2;450;31/07/2013
2013009433;2;2;2;1;3;450;17/08/2013
2013009434;1;1;1;1;7;450;22/09/2013
2013009435;1;1;2;1;5;450;06/10/2013
2013009436;2;1;1;1;3;450;08/10/2013
2013009437;1;2;1;1;1;450;08/06/2013
2013009438;1;2;1;1;6;450;06/09/2013
2013009439;3;1;1;2;5;450;25/10/2013
2013009440;1;2;1;8;1;180;30/04/2013
2013009441;4;2;2;1;3;180;19/05/2013
2013009442;1;1;1;1;6;180;21/06/2013
2013009443;1;1;1;2;6;180;28/06/2013
2013009444;1;1;1;1;6;180;05/04/2013
2013009445;1;1;3;1;3;180;17/01/2013
2013009446;3;1;1;4;6;180;18/01/2013
2013009447;1;1;1;1;6;180;14/06/2013
2013009448;1;1;1;1;7;180;15/04/2013
2013009449;2;1;1;1;6;180;12/07/2013
2013009450;2;1;1;8;3;280;14/01/2013
2013009451;3;1;3;1;3;280;09/03/2013
2013009452;1;1;2;2;3;280;24/05/2013
2013009453;1;1;2;1;5;280;23/05/2013
2013009454;1;2;1;1;3;280;26/05/2013
2013009455;3;1;1;1;6;280;07/06/2013
2013009456;1;1;1;1;7;280;10/06/2013
2013009457;1;1;1;1;7;280;07/06/2013
2013009458;2;1;1;1;7;280;15/06/2013
2013009459;1;1;2;1;3;280;18/06/2013
2013009460;1;1;1;1;6;280;30/06/2013
2013009461;1;1;1;1;3;280;15/07/2013
2013009462;1;2;1;1;3;280;23/08/2013
2013009463;1;1;1;2;1;280;09/09/2013
2013009464;3;1;1;3;5;280;01/10/2013
2013009465;5;1;6;1;2;280;06/10/2013
2013009466;5;2;1;2;6;280;12/10/2013
2013009467;1;1;1;1;7;280;20/10/2013
2013009468;1;1;3;1;3;280;07/10/2013
2013009469;5;2;1;1;6;280;22/11/2013
2013009470;1;1;1;1;3;280;09/12/2013
2013009471;1;1;1;5;4;280;13/12/2013
2013009472;3;1;1;2;1;280;18/12/2013
2013009473;3;1;1;1;6;280;21/12/2013
2013009474;1;1;1;2;1;280;06/12/2013
2013009475;1;2;1;1;6;280;27/07/2013
2013009476;1;1;1;2;7;280;28/09/2013
2013009477;3;1;1;1;7;280;18/04/2013
2013009478;2;1;1;1;3;280;07/07/2013
2013009479;2;1;1;3;1;280;01/11/2013
2013009480;3;1;1;1;6;280;27/01/2013
2013009481;1;2;1;1;6;280;04/05/2013
2013009482;1;1;1;1;7;280;03/06/2013
2013009483;1;2;1;1;3;280;05/06/2013
2013009484;1;1;1;1;1;280;07/06/2013
2013009485;1;2;1;1;6;280;24/07/2013
2013009486;1;1;1;1;2;280;08/08/2013
2013009487;1;1;1;1;1;280;01/09/2013
2013009488;1;1;1;1;2;280;05/09/2013
2013009489;1;1;1;1;1;280;19/09/2013
2013009490;1;2;2;1;3;280;02/10/2013
2013009491;1;1;1;1;6;280;17/10/2013
2013009492;3;1;1;1;1;280;29/10/2013
2013009493;1;1;1;1;1;280;18/11/2013
2013009494;3;1;1;1;2;280;16/01/2013
2013009495;1;1;1;1;3;280;17/01/2013
2013009496;1;1;1;1;3;280;14/02/2013
2013009497;1;1;1;7;3;280;15/02/2013
2013009498;1;1;1;1;3;280;02/04/2013
2013009499;1;1;1;1;3;280;11/06/2013
2013009500;1;2;1;1;7;280;24/07/2013
2013009501;1;2;1;1;1;280;04/08/2013
2013009502;1;1;1;1;7;280;09/08/2013
2013009503;1;1;1;1;1;280;17/08/2013
2013009504;1;1;1;1;3;280;18/08/2013
2013009505;1;1;4;1;3;280;16/08/2013
2013009506;3;1;1;2;7;280;18/08/2013
2013009507;1;1;1;8;3;280;27/08/2013
2013009508;1;1;1;1;6;280;09/09/2013
2013009509;3;1;2;3;3;280;28/10/2013
2013009510;2;1;1;3;1;280;24/12/2013
2013009511;1;1;1;1;1;280;09/01/2013
2013009512;3;1;1;1;3;280;22/01/2013
2013009513;1;1;1;1;5;280;01/04/2013
2013009514;1;2;1;1;6;280;28/04/2013
2013009515;1;2;1;1;1;280;05/07/2013
2013009516;1;1;1;1;5;280;19/07/2013
2013009517;1;2;1;1;3;280;26/08/2013
2013009518;1;1;1;1;1;280;29/11/2013
2013009519;5;2;1;1;6;280;24/11/2013
2013009520;2;2;1;1;1;280;15/01/2013
2013009521;3;1;1;4;6;280;20/01/2013
2013009522;1;2;1;1;3;280;07/06/2013
2013009523;1;1;1;1;3;280;22/06/2013
2013009524;1;1;1;1;6;280;29/07/2013
2013009525;3;1;1;1;2;280;27/08/2013
2013009526;1;1;1;1;7;280;02/11/2013
2013009527;1;1;1;1;6;280;01/12/2013
2013009528;1;1;1;2;6;280;13/09/2013
2013009529;2;1;1;8;7;280;15/09/2013
2013009530;1;1;2;1;3;280;30/09/2013
2013009531;1;2;1;1;6;280;16/12/2013
2013009532;1;1;1;3;7;280;30/01/2013
2013009533;5;2;1;1;6;280;11/02/2013
2013009534;1;1;1;8;6;280;13/02/2013
2013009535;1;1;1;1;7;280;09/03/2013
2013009536;1;1;1;1;6;280;24/04/2013
2013009537;1;1;1;1;7;280;04/05/2013
2013009538;1;1;2;3;5;280;24/05/2013
2013009539;1;2;1;1;3;280;23/06/2013
2013009540;1;1;1;1;6;280;06/08/2013
2013009541;1;1;1;1;3;280;24/08/2013
2013009542;3;1;1;8;3;280;09/09/2013
2013009543;1;1;2;1;3;280;19/09/2013
2013009544;1;1;1;1;3;280;21/09/2013
2013009545;3;2;1;1;6;280;06/12/2013
2013009546;5;2;1;1;3;280;06/12/2013
2013009547;3;1;1;2;3;280;22/12/2013
2013009548;1;1;2;2;3;280;31/12/2013
2013009549;1;1;1;1;7;280;13/02/2013
2013009550;1;1;1;1;7;280;15/04/2013
2013009551;1;1;1;8;6;280;09/09/2013
2013009552;1;1;1;8;6;280;03/02/2013
2013009553;1;1;2;1;3;280;23/04/2013
2013009554;2;1;1;2;7;280;19/05/2013
2013009555;4;2;1;1;6;280;21/05/2013
2013009556;3;1;1;1;1;280;20/07/2013
2013009557;5;2;1;4;6;280;26/02/2013
2013009558;1;1;2;1;3;280;03/07/2013
2013009559;1;1;1;1;1;280;19/07/2013
2013009560;3;2;1;8;6;280;29/09/2013
2013009561;1;1;1;1;3;280;30/11/2013
2013009562;1;1;1;1;3;280;11/02/2013
2013009563;2;1;1;1;6;280;15/02/2013
2013009564;3;1;1;1;6;280;14/04/2013
2013009565;2;1;1;1;5;280;28/04/2013
2013009566;1;1;1;2;1;280;16/05/2013
2013009567;1;1;1;1;1;280;04/08/2013
2013009568;2;1;1;1;1;280;05/08/2013
2013009569;1;2;1;1;3;280;26/10/2013
2013009570;5;2;1;1;6;280;06/12/2013
2013009571;1;2;1;1;7;280;12/01/2013
2013009572;1;1;1;1;7;280;12/05/2013
2013009573;1;1;2;7;3;280;31/07/2013
2013009574;1;1;1;1;1;360;21/10/2013
2013009575;3;1;1;2;6;360;05/01/2013
2013009576;1;1;1;1;7;360;13/08/2013
2013009577;1;1;1;1;7;360;14/08/2013
2013009578;1;2;3;1;3;360;13/09/2013
2013009579;1;1;2;2;3;360;14/09/2013
2013009580;5;2;2;3;3;360;14/09/2013
2013009581;1;2;4;1;3;360;25/11/2013
2013009582;1;1;1;1;1;360;13/12/2013
2013009583;3;1;1;2;7;360;01/01/2013
2013009584;2;2;1;1;6;360;05/01/2013
2013009585;5;2;3;3;3;360;01/02/2013
2013009586;3;1;1;5;7;360;16/02/2013
2013009587;1;1;1;1;6;360;17/04/2013
2013009588;5;2;4;1;1;360;03/05/2013
2013009589;1;1;1;1;7;360;08/07/2013
2013009590;1;1;1;1;6;360;15/07/2013
2013009591;1;1;1;1;7;360;10/08/2013
2013009592;1;1;1;1;6;360;13/08/2013
2013009593;1;1;2;1;3;360;05/09/2013
2013009594;1;1;1;1;4;360;13/09/2013
2013009595;3;1;1;3;6;360;04/10/2013
2013009596;1;1;8;3;3;360;01/02/2013
2013009597;1;1;1;1;2;360;03/02/2013
2013009598;1;1;2;7;3;360;18/02/2013
2013009599;1;1;1;1;5;360;14/03/2013
2013009600;3;1;1;1;6;360;15/03/2013
2013009601;1;2;7;1;7;360;14/04/2013
2013009602;1;1;1;2;2;360;24/05/2013
2013009603;2;1;1;1;6;360;23/06/2013
2013009604;1;2;3;2;3;360;21/06/2013
2013009605;3;1;1;1;6;360;12/07/2013
2013009606;1;1;1;1;6;360;20/08/2013
2013009607;5;2;1;1;6;360;22/08/2013
2013009608;3;1;1;1;7;360;28/08/2013
2013009609;1;1;1;1;3;360;01/09/2013
2013009610;3;1;1;2;6;360;30/09/2013
2013009611;3;1;1;1;6;360;08/12/2013
2013009612;1;1;1;1;6;360;18/12/2013
2013009613;3;1;1;1;6;360;20/12/2013
2013009614;1;1;1;1;1;360;03/06/2013
2013009615;1;1;1;1;6;360;15/06/2013
2013009616;1;2;1;8;7;360;23/06/2013
2013009617;1;1;1;1;6;360;24/07/2013
2013009618;1;1;4;1;2;360;24/07/2013
2013009619;1;1;1;1;6;360;11/09/2013
2013009620;1;1;1;1;6;360;08/10/2013
2013009621;1;2;1;1;3;360;14/11/2013
2013009622;1;1;1;7;1;360;10/12/2013
2013009623;1;2;1;1;3;360;27/12/2013
2013009624;3;1;1;1;6;360;07/10/2013
2013009625;1;1;1;1;1;360;25/10/2013
2013009626;1;1;1;1;6;360;10/12/2013
2013009627;2;1;1;2;6;360;10/01/2013
2013009628;3;1;1;1;6;360;18/02/2013
2013009629;1;2;2;1;1;360;22/03/2013
2013009630;3;2;1;1;6;360;18/04/2013
2013009631;1;2;1;1;7;360;29/05/2013
2013009632;1;2;4;1;3;360;12/07/2013
2013009633;1;1;1;1;6;360;13/07/2013
2013009634;3;1;1;2;6;360;08/08/2013
2013009635;3;1;1;1;6;360;05/09/2013
2013009636;1;2;2;1;3;360;11/09/2013
2013009637;1;1;1;2;6;360;17/09/2013
2013009638;1;1;1;3;1;360;04/10/2013
2013009639;1;1;2;2;3;360;15/10/2013
2013009640;2;1;1;1;6;360;26/12/2013
2013009641;3;1;1;2;6;360;12/01/2013
2013009642;1;2;1;1;7;360;12/02/2013
2013009643;5;2;1;1;6;360;04/05/2013
2013009644;1;2;1;1;6;360;10/05/2013
2013009645;1;1;1;3;6;360;19/05/2013
2013009646;1;1;2;1;3;360;28/08/2013
2013009647;1;1;1;1;1;360;08/10/2013
2013009648;3;1;1;1;6;360;10/12/2013
2013009649;1;1;1;1;6;360;10/12/2013
2013009650;1;1;1;8;6;370;09/01/2013
2013009651;1;2;1;1;6;370;12/02/2013
2013009652;3;1;1;5;6;370;17/02/2013
2013009653;3;1;1;8;6;370;17/03/2013
2013009654;1;2;2;2;3;370;09/04/2013
2013009655;1;1;2;1;3;370;09/04/2013
2013009656;1;2;1;1;2;370;16/04/2013
2013009657;1;2;1;1;1;370;01/06/2013
2013009658;1;1;9;1;3;370;05/06/2013
2013009659;1;1;1;1;4;370;07/06/2013
2013009660;3;1;1;2;7;370;15/09/2013
2013009661;1;1;1;1;1;370;22/09/2013
2013009662;1;1;1;1;1;370;18/10/2013
2013009663;1;1;1;1;3;370;19/10/2013
2013009664;3;1;1;2;1;370;13/11/2013
2013009665;3;2;1;1;1;370;05/12/2013
2013009666;1;1;1;1;5;370;28/12/2013
2013009667;1;1;1;7;1;370;20/12/2013
2013009668;2;1;1;7;2;370;30/01/2013
2013009669;3;1;1;9;4;370;09/02/2013
2013009670;4;2;1;3;6;370;07/08/2013
2013009671;1;1;1;1;6;370;04/09/2013
2013009672;3;1;1;1;7;370;06/09/2013
2013009673;1;2;2;1;3;370;22/10/2013
2013009674;3;1;1;9;4;370;28/12/2013
2013009675;1;1;1;1;1;370;29/12/2013
2013009676;1;1;1;8;1;370;30/12/2013
2013009677;5;1;1;8;6;370;09/01/2013
2013009678;5;2;1;1;1;370;23/02/2013
2013009679;5;2;1;1;6;370;16/03/2013
2013009680;1;1;1;1;7;370;22/03/2013
2013009681;1;1;1;1;6;370;12/06/2013
2013009682;1;2;1;1;6;370;13/07/2013
2013009683;3;1;2;1;3;370;12/07/2013
2013009684;1;2;1;1;6;370;24/08/2013
2013009685;1;1;1;8;7;370;25/08/2013
2013009686;1;1;2;1;3;370;04/09/2013
2013009687;1;1;1;1;6;370;10/09/2013
2013009688;1;1;1;1;7;370;13/09/2013
2013009689;1;1;1;1;1;370;02/01/2013
2013009690;1;2;3;2;3;370;29/01/2013
2013009691;1;1;1;2;3;370;01/02/2013
2013009692;2;2;1;1;3;370;24/02/2013
2013009693;1;1;1;1;3;370;01/03/2013
2013009694;1;1;1;3;6;370;29/03/2013
2013009695;1;2;7;1;6;370;15/04/2013
2013009696;3;1;1;8;6;370;30/04/2013
2013009697;3;1;1;1;7;370;08/05/2013
2013009698;1;1;1;1;7;370;05/05/2013
2013009699;1;1;1;1;2;370;14/06/2013
2013009700;1;1;1;1;1;370;17/07/2013
2013009701;3;1;1;1;7;370;20/07/2013
2013009702;1;1;1;1;2;370;29/07/2013
2013009703;1;1;1;1;1;370;16/08/2013
2013009704;1;1;1;1;3;370;02/09/2013
2013009705;1;2;2;1;1;370;09/09/2013
2013009706;3;1;1;1;2;370;20/09/2013
2013009707;1;1;2;1;3;370;24/09/2013
2013009708;3;1;1;2;6;370;06/11/2013
2013009709;2;2;1;1;3;370;09/01/2013
2013009710;2;1;1;1;7;370;13/01/2013
2013009711;5;2;6;1;7;370;23/01/2013
2013009712;1;2;1;1;3;370;27/02/2013
2013009713;3;1;2;1;3;370;01/04/2013
2013009714;1;2;1;8;6;370;13/04/2013
2013009715;3;2;1;1;6;370;17/04/2013
2013009716;3;1;1;1;1;370;04/06/2013
2013009717;1;2;1;1;2;370;22/06/2013
2013009718;1;1;1;1;7;370;14/07/2013
2013009719;1;2;1;1;6;370;17/07/2013
2013009720;1;2;1;1;6;370;08/08/2013
2013009721;1;1;1;1;6;370;16/08/2013
2013009722;1;1;6;1;7;370;05/09/2013
2013009723;1;1;1;1;6;370;21/09/2013
2013009724;1;1;1;1;1;370;01/10/2013
2013009725;2;1;1;5;3;370;09/12/2013
2013009726;1;1;1;1;1;370;26/08/2013
2013009727;5;2;1;2;7;370;27/09/2013
2013009728;1;1;1;8;1;370;15/11/2013
2013009729;5;2;1;1;6;370;01/12/2013
2013009730;1;1;1;1;6;370;03/02/2013
2013009731;1;2;1;7;6;370;07/02/2013
2013009732;2;1;1;3;3;370;10/04/2013
2013009733;1;1;3;1;3;370;29/05/2013
2013009734;1;1;1;1;6;370;01/06/2013
2013009735;3;2;1;1;6;370;15/06/2013
2013009736;1;1;1;1;6;370;15/07/2013
2013009737;1;1;1;1;7;370;27/07/2013
2013009738;3;1;1;1;6;370;15/08/2013
2013009739;3;1;1;2;7;370;25/08/2013
2013009740;1;2;6;8;3;370;18/09/2013
2013009741;1;1;1;1;3;370;27/11/2013
2013009742;1;1;1;1;3;370;23/12/2013
2013009743;3;1;1;3;4;370;09/02/2013
2013009744;1;1;1;1;1;370;20/03/2013
2013009745;1;1;1;1;7;370;31/03/2013
2013009746;1;1;1;1;3;370;15/05/2013
2013009747;1;1;9;1;3;370;08/06/2013
2013009748;1;2;1;1;6;370;20/06/2013
2013009749;1;1;2;1;3;370;05/07/2013
2013009750;1;1;1;1;5;370;10/07/2013
2013009751;1;1;1;1;1;370;22/08/2013
2013009752;1;2;1;1;2;370;13/09/2013
2013009753;1;2;2;1;1;370;20/09/2013
2013009754;1;1;1;1;1;370;24/11/2013
2013009755;2;1;1;5;5;370;16/02/2013
2013009756;2;2;8;1;7;370;16/06/2013
2013009757;1;2;1;1;6;370;07/04/2013
2013009758;1;1;1;1;3;370;19/06/2013
2013009759;1;2;1;1;6;370;16/04/2013
2013009760;1;2;1;1;2;370;25/06/2013
2013009761;1;1;1;1;7;370;07/07/2013
2013009762;1;2;1;1;1;410;16/09/2013
2013009763;1;1;1;1;3;410;29/09/2013
2013009764;1;1;1;1;7;410;01/06/2013
2013009765;4;2;1;3;6;410;01/11/2013
2013009766;1;1;1;1;1;410;04/01/2013
2013009767;1;1;1;2;2;410;07/01/2013
2013009768;1;1;1;1;6;410;03/03/2013
2013009769;1;2;1;7;6;410;25/04/2013
2013009770;3;1;1;1;6;410;27/04/2013
2013009771;1;1;1;7;1;410;07/07/2013
2013009772;1;1;1;1;7;410;21/08/2013
2013009773;1;1;2;1;1;410;04/09/2013
2013009774;5;2;1;1;6;410;05/10/2013
2013009775;1;2;1;1;6;410;16/10/2013
2013009776;3;1;3;8;3;410;06/11/2013
2013009777;1;2;1;8;6;410;11/11/2013
2013009778;3;1;1;1;2;410;28/11/2013
2013009779;1;1;1;2;7;410;13/01/2013
2013009780;1;1;1;1;1;410;14/03/2013
2013009781;5;2;1;1;6;410;14/07/2013
2013009782;1;1;1;1;1;410;22/08/2013
2013009783;3;1;1;1;6;410;11/09/2013
2013009784;2;1;3;1;1;410;30/10/2013
2013009785;3;2;1;5;7;410;11/11/2013
2013009786;2;2;1;7;3;410;06/02/2013
2013009787;1;1;1;8;3;410;22/05/2013
2013009788;1;2;9;1;6;410;22/06/2013
2013009789;5;2;1;1;5;410;05/09/2013
2013009790;3;1;1;8;1;410;14/10/2013
2013009791;2;1;1;1;1;410;05/12/2013
2013009792;1;2;1;1;3;410;02/03/2013
2013009793;1;1;1;1;6;410;06/07/2013
2013009794;3;1;1;1;6;410;06/07/2013
2013009795;3;1;1;1;1;410;24/07/2013
2013009796;2;1;2;1;2;410;20/09/2013
2013009797;1;1;1;8;7;410;05/01/2013
2013009798;1;2;1;1;3;410;23/01/2013
2013009799;3;2;1;5;1;410;16/02/2013
2013009800;1;1;2;1;3;410;17/04/2013
2013009801;2;1;2;1;3;410;29/06/2013
2013009802;1;1;9;8;1;330;24/01/2013
2013009803;1;1;1;1;1;330;19/07/2013
2013009804;2;1;1;1;1;330;22/09/2013
2013009805;1;1;1;1;3;290;19/02/2013
2013009806;4;1;1;1;6;290;31/03/2013
2013009807;1;1;1;1;3;290;23/04/2013
2013009808;1;2;1;2;6;290;19/06/2013
2013009809;2;1;1;1;6;290;10/07/2013
2013009810;1;1;1;2;1;290;17/09/2013
2013009811;1;2;1;1;7;290;24/09/2013
2013009812;1;1;1;8;6;290;16/10/2013
2013009813;1;1;1;1;3;290;29/04/2013
2013009814;3;1;1;1;6;290;02/05/2013
2013009815;3;1;1;1;2;290;09/06/2013
2013009816;3;1;1;1;6;290;30/06/2013
2013009817;1;1;1;1;1;290;01/09/2013
2013009818;1;1;1;1;3;290;02/09/2013
2013009819;1;2;1;7;6;290;04/09/2013
2013009820;1;1;1;7;6;290;07/09/2013
2013009821;2;1;1;2;2;290;20/11/2013
2013009822;1;2;1;1;6;290;15/03/2013
2013009823;2;1;1;1;6;290;14/04/2013
2013009824;1;1;1;1;1;290;26/04/2013
2013009825;1;1;1;1;6;290;06/05/2013
2013009826;1;1;1;1;7;290;16/06/2013
2013009827;1;2;1;1;1;290;27/06/2013
2013009828;3;1;1;1;7;290;31/08/2013
2013009829;2;1;4;7;1;290;14/08/2013
2013009830;1;1;1;1;1;290;20/08/2013
2013009831;1;1;1;1;3;290;13/10/2013
2013009832;3;1;1;8;6;290;14/12/2013
2013009833;4;2;1;2;6;290;22/12/2013
2013009834;3;1;1;1;6;130;11/01/2013
2013009835;1;1;1;1;3;130;26/07/2013
2013009836;1;1;1;1;3;130;10/12/2013
2013009837;1;1;1;2;1;950;08/01/2013
2013009838;1;2;1;1;6;950;18/05/2013
2013009839;1;2;1;1;7;950;27/05/2013
2013009840;1;2;1;1;6;950;14/06/2013
2013009841;1;2;1;1;6;950;16/01/2013
2013009842;3;1;1;1;7;950;04/07/2013
2013009843;2;1;6;1;6;950;19/07/2013