num_acc;lum;agg;inter;atm;col;dep;date
2013011621;1;1;1;1;6;800;20/09/2013
2013011622;3;1;1;1;2;800;28/09/2013
2013011623;3;1;1;3;6;800;01/11/2013
2013011624;3;1;1;2;5;800;03/11/2013
2013011625;1;1;1;1;7;800;11/11/2013
2013011626;3;1;1;1;2;800;20/11/2013
2013011627;1;1;1;1;2;800;22/11/2013
2013011628;3;1;1;1;2;800;26/11/2013
2013011629;1;1;1;8;2;800;29/11/2013
2013011630;1;1;1;1;6;800;08/12/2013
2013011631;3;1;1;1;2;800;11/12/2013
2013011632;1;1;1;1;1;130;09/01/2013
2013011633;1;1;1;1;2;130;05/02/2013
2013011634;3;1;1;1;4;130;08/03/2013
2013011635;1;1;1;1;6;130;26/03/2013
2013011636;1;1;1;1;3;130;12/04/2013
2013011637;1;1;1;1;6;130;09/05/2013
2013011638;1;1;1;1;5;130;17/06/2013
2013011639;1;1;1;1;6;130;21/07/2013
2013011640;1;1;1;1;6;130;20/07/2013
2013011641;1;1;1;1;2;130;22/07/2013
2013011642;1;1;1;1;2;130;11/08/2013
2013011643;3;1;1;1;2;130;07/09/2013
2013011644;3;1;1;2;6;130;08/09/2013
2013011645;3;1;1;1;2;130;22/09/2013
2013011646;1;1;1;1;7;130;25/09/2013
2013011647;1;1;1;1;6;130;14/10/2013
2013011648;3;1;1;1;2;130;16/10/2013
2013011649;3;1;1;1;2;130;05/11/2013
2013011650;3;1;1;1;2;130;08/11/2013
2013011651;2;1;1;1;2;130;28/11/2013
2013011652;1;1;1;1;6;130;03/12/2013
2013011653;1;1;1;1;5;130;04/12/2013
2013011654;1;1;1;1;2;130;22/12/2013
2013011655;3;1;1;3;3;130;25/12/2013
2013011656;3;1;1;1;3;840;25/06/2013
2013011657;1;1;1;1;2;300;06/07/2013
2013011658;3;1;1;1;1;300;11/08/2013
2013011659;1;1;1;1;6;840;23/08/2013
2013011660;3;1;1;1;2;840;28/09/2013
2013011661;3;1;9;1;3;840;07/10/2013
2013011662;3;1;1;1;2;840;10/10/2013
2013011663;5;1;1;2;6;300;02/11/2013
2013011664;1;2;1;1;6;600;02/06/2013
2013011665;1;1;3;1;1;600;06/06/2013
2013011666;1;1;1;1;1;600;26/07/2013
2013011667;1;2;2;1;3;600;05/08/2013
2013011668;3;2;1;1;3;600;04/09/2013
2013011669;1;2;1;1;5;600;13/12/2013
2013011670;1;2;1;8;1;600;17/12/2013
2013011671;1;1;1;7;3;710;28/08/2013
2013011672;1;1;1;1;6;710;25/11/2013
2013011673;3;1;1;1;5;250;20/07/2013
2013011674;1;1;1;1;7;760;29/01/2013
2013011675;1;1;1;1;2;760;08/02/2013
2013011676;1;1;1;1;6;760;22/03/2013
2013011677;1;1;1;1;6;270;19/07/2013
2013011678;1;1;1;1;6;270;25/07/2013
2013011679;1;1;1;1;6;270;06/08/2013
2013011680;1;1;1;1;2;270;15/08/2013
2013011681;1;1;1;1;2;270;07/09/2013
2013011682;1;1;1;1;3;270;12/10/2013
2013011683;3;1;1;1;6;760;19/10/2013
2013011684;3;1;1;1;6;760;01/12/2013
2013011685;1;1;1;5;6;270;03/12/2013
2013011686;1;1;1;1;2;780;15/02/2013
2013011687;3;1;1;2;1;270;06/03/2013
2013011688;3;1;1;1;6;270;22/03/2013
2013011689;1;1;1;1;6;270;10/05/2013
2013011690;1;1;1;1;2;780;16/05/2013
2013011691;1;1;1;1;7;270;11/06/2013
2013011692;1;1;9;1;6;270;10/07/2013
2013011693;3;1;1;1;6;270;03/08/2013
2013011694;1;1;1;1;6;270;31/08/2013
2013011695;1;1;1;1;2;270;03/10/2013
2013011696;1;1;1;1;6;270;25/12/2013
2013011697;1;1;1;2;6;780;22/12/2013
2013011698;3;1;1;8;1;600;20/01/2013
2013011699;1;1;1;1;6;600;03/02/2013
2013011700;3;1;1;1;2;600;12/02/2013
2013011701;1;1;1;1;2;600;18/02/2013
2013011702;3;1;1;1;7;600;05/03/2013
2013011703;3;1;1;1;2;600;20/03/2013
2013011704;1;1;1;1;3;600;06/04/2013
2013011705;1;1;1;1;2;600;08/04/2013
2013011706;3;1;1;2;6;600;19/06/2013
2013011707;3;1;1;1;5;600;01/07/2013
2013011708;1;1;1;1;2;600;06/07/2013
2013011709;1;1;1;1;5;600;18/07/2013
2013011710;1;1;1;1;2;600;08/08/2013
2013011711;2;1;1;1;2;600;06/09/2013
2013011712;3;1;1;1;2;600;28/09/2013
2013011713;1;1;1;1;6;600;02/10/2013
2013011714;1;1;1;1;2;600;21/10/2013
2013011715;3;1;1;1;6;600;11/11/2013
2013011716;1;1;1;1;7;600;01/12/2013
2013011717;3;1;1;1;3;210;01/03/2013
2013011718;1;1;1;1;7;210;01/04/2013
2013011719;1;1;1;1;3;210;25/04/2013
2013011720;1;2;1;1;3;210;12/07/2013
2013011721;1;1;1;1;1;210;05/08/2013
2013011722;1;1;1;1;3;210;24/09/2013
2013011723;2;1;1;1;4;690;29/01/2013
2013011724;2;1;1;2;2;690;23/03/2013
2013011725;1;1;1;1;6;690;26/07/2013
2013011726;1;1;1;1;3;690;28/08/2013
2013011727;1;1;1;1;2;690;30/08/2013
2013011728;2;1;1;3;7;690;06/11/2013
2013011729;3;1;1;1;7;690;16/12/2013
2013011730;3;1;1;1;6;690;30/12/2013
2013011731;3;1;1;9;2;590;14/11/2013
2013011732;1;1;1;1;7;380;06/01/2013
2013011733;3;1;1;1;3;380;22/02/2013
2013011734;3;1;1;4;7;380;23/02/2013
2013011735;1;1;1;8;2;380;08/04/2013
2013011736;3;1;1;3;5;380;16/05/2013
2013011737;3;1;1;1;1;380;26/08/2013
2013011738;1;1;1;8;1;380;02/11/2013
2013011739;3;1;1;1;6;380;08/12/2013
2013011740;2;1;9;1;6;380;09/12/2013
2013011741;1;1;1;8;7;380;27/12/2013
2013011742;3;1;1;1;5;380;27/12/2013
2013011743;1;1;1;1;1;680;08/03/2013
2013011744;5;2;1;1;1;680;29/04/2013
2013011745;1;2;1;1;1;680;19/05/2013
2013011746;1;1;1;1;2;680;05/08/2013
2013011747;5;2;9;1;6;680;14/12/2013
2013011748;1;1;1;1;3;950;15/02/2013
2013011749;1;2;1;3;2;950;11/03/2013
2013011750;2;1;1;1;1;950;19/04/2013
2013011751;1;2;1;1;2;950;21/04/2013
2013011752;1;1;1;1;3;950;18/06/2013
2013011753;1;2;1;1;5;950;31/07/2013
2013011754;2;1;1;2;4;950;14/09/2013
2013011755;1;2;1;8;5;950;19/09/2013
2013011756;1;1;1;1;1;950;20/10/2013
2013011757;1;2;1;1;1;950;22/10/2013
2013011758;2;1;1;2;2;760;14/09/2013
2013011759;1;1;1;1;2;760;27/09/2013
2013011760;1;1;1;1;6;760;22/12/2013
2013011761;4;2;1;1;6;170;04/08/2013
2013011762;1;1;2;1;3;170;08/09/2013
2013011763;2;1;1;1;6;170;05/08/2013
2013011764;1;1;1;1;6;170;23/08/2013
2013011765;3;1;1;1;4;170;01/12/2013
2013011766;2;2;1;1;3;310;25/01/2013
2013011767;1;1;1;1;6;310;17/02/2013
2013011768;1;1;1;1;1;310;16/06/2013
2013011769;1;2;1;3;1;310;28/07/2013
2013011770;1;1;1;1;3;830;16/02/2013
2013011771;1;1;1;1;6;830;21/02/2013
2013011772;1;1;9;1;6;830;02/03/2013
2013011773;1;1;1;1;2;130;12/04/2013
2013011774;3;1;1;1;5;830;15/04/2013
2013011775;1;1;1;1;6;130;22/05/2013
2013011776;1;1;1;1;7;830;27/05/2013
2013011777;1;1;1;1;7;830;11/08/2013
2013011778;3;1;1;1;3;830;21/08/2013
2013011779;3;1;1;1;5;830;23/08/2013
2013011780;3;1;1;1;2;830;26/08/2013
2013011781;1;1;1;1;6;830;26/08/2013
2013011782;1;1;1;1;6;830;01/09/2013
2013011783;1;1;1;1;4;740;08/02/2013
2013011784;1;1;1;1;6;740;14/04/2013
2013011785;1;1;1;1;6;740;24/04/2013
2013011786;1;1;1;1;2;740;05/06/2013
2013011787;1;1;1;1;2;740;25/07/2013
2013011788;1;1;1;1;2;740;29/08/2013
2013011789;3;1;1;1;3;340;06/01/2013
2013011790;3;1;1;2;2;300;12/01/2013
2013011791;5;1;1;1;2;300;07/02/2013
2013011792;3;1;1;1;2;340;08/02/2013
2013011793;3;1;1;1;5;300;15/02/2013
2013011794;3;1;1;2;1;300;06/04/2013
2013011795;3;1;1;1;2;300;22/04/2013
2013011796;1;1;1;1;4;300;29/04/2013
2013011797;1;1;1;1;2;300;14/05/2013
2013011798;1;1;1;1;1;340;26/05/2013
2013011799;1;1;1;1;7;300;20/07/2013
2013011800;1;1;1;1;4;300;24/07/2013
2013011801;1;1;1;1;1;300;28/07/2013
2013011802;1;1;1;1;5;300;18/08/2013
2013011803;1;1;1;1;5;300;23/08/2013
2013011804;1;1;1;1;4;300;01/09/2013
2013011805;1;1;1;1;1;300;09/09/2013
2013011806;1;1;1;1;2;300;21/09/2013
2013011807;1;1;1;5;6;300;05/10/2013
2013011808;1;1;1;8;6;300;18/10/2013
2013011809;3;1;1;1;5;300;04/11/2013
2013011810;3;1;1;1;1;300;04/11/2013
2013011811;5;1;1;1;6;340;12/11/2013
2013011812;3;1;1;6;7;110;10/01/2013
2013011813;1;1;1;1;3;110;15/03/2013
2013011814;1;1;1;1;3;110;21/03/2013
2013011815;1;1;1;1;6;110;03/04/2013
2013011816;1;1;1;1;2;110;24/06/2013
2013011817;1;1;1;1;4;110;19/07/2013
2013011818;3;1;1;1;6;110;11/08/2013
2013011819;1;1;1;1;6;110;06/09/2013
2013011820;2;1;3;1;3;370;18/04/2013
2013011821;1;1;1;1;1;370;11/05/2013
2013011822;1;1;1;1;1;370;19/05/2013
2013011823;1;2;1;1;3;370;19/05/2013
2013011824;1;1;1;1;6;370;26/08/2013
2013011825;1;2;1;1;3;370;02/11/2013
2013011826;3;1;1;1;1;370;24/11/2013
2013011827;1;1;1;1;6;450;07/01/2013
2013011828;1;1;1;1;7;280;28/01/2013
2013011829;1;1;1;1;2;280;22/02/2013
2013011830;1;1;1;1;2;450;08/04/2013
2013011831;1;1;1;1;6;280;14/04/2013
2013011832;1;1;1;1;4;450;19/05/2013
2013011833;1;1;1;1;3;280;31/05/2013
2013011834;1;1;1;1;1;280;02/06/2013
2013011835;1;1;1;1;2;280;04/06/2013
2013011836;1;1;1;1;6;450;14/06/2013
2013011837;1;1;1;1;5;280;22/06/2013
2013011838;1;1;1;1;6;450;18/07/2013
2013011839;1;1;1;1;6;450;05/09/2013
2013011840;3;1;1;1;1;280;08/10/2013
2013011841;1;1;1;1;2;450;26/10/2013
2013011842;1;1;1;1;1;280;13/11/2013
2013011843;1;1;1;1;6;450;02/12/2013
2013011844;3;1;1;2;6;450;22/12/2013
2013011845;1;1;1;1;6;130;29/03/2013
2013011846;1;2;1;1;3;130;19/04/2013
2013011847;1;1;1;1;3;130;03/06/2013
2013011848;1;1;1;1;7;130;17/07/2013
2013011849;1;1;1;1;7;130;23/07/2013
2013011850;1;2;1;1;6;130;09/10/2013
2013011851;1;2;1;1;6;130;25/10/2013
2013011852;2;1;9;1;2;670;05/03/2013
2013011853;1;2;7;1;3;670;06/04/2013
2013011854;1;2;3;2;3;670;04/05/2013
2013011855;1;1;1;1;5;670;04/08/2013
2013011856;1;1;1;2;7;670;07/10/2013
2013011857;1;2;1;3;1;670;15/10/2013
2013011858;3;2;1;1;6;670;30/10/2013
2013011859;1;1;1;9;6;210;02/01/2013
2013011860;3;1;1;1;6;210;05/01/2013
2013011861;2;1;1;2;6;210;30/04/2013
2013011862;3;1;1;2;6;210;19/06/2013
2013011863;1;1;1;1;7;210;04/08/2013
2013011864;1;1;1;1;2;210;18/08/2013
2013011865;3;1;1;1;2;390;21/10/2013
2013011866;1;1;1;4;6;730;15/01/2013
2013011867;3;1;1;8;1;730;04/02/2013
2013011868;3;1;1;1;3;730;01/04/2013
2013011869;1;1;1;2;6;730;29/04/2013
2013011870;1;1;9;3;6;730;16/05/2013
2013011871;1;1;1;1;6;730;30/05/2013
2013011872;1;1;1;1;6;730;16/07/2013
2013011873;2;1;1;3;6;730;17/07/2013
2013011874;1;1;1;1;2;730;18/07/2013
2013011875;1;1;1;3;6;730;25/12/2013
2013011876;1;1;1;1;1;740;30/03/2013
2013011877;1;1;1;4;5;740;25/05/2013
2013011878;3;1;1;1;7;740;12/07/2013
2013011879;3;1;1;8;6;740;15/09/2013
2013011880;1;1;1;8;6;380;08/02/2013
2013011881;3;1;1;1;7;380;03/03/2013
2013011882;3;1;1;1;6;380;04/03/2013
2013011883;1;1;1;1;4;380;10/04/2013
2013011884;1;1;1;1;2;380;17/10/2013
2013011885;1;1;1;1;5;380;23/12/2013
2013011886;1;1;1;8;3;550;07/03/2013
2013011887;1;1;1;7;3;550;03/08/2013
2013011888;1;1;1;1;6;80;17/01/2013
2013011889;2;2;1;2;7;80;08/02/2013
2013011890;5;2;3;1;3;80;08/02/2013
2013011891;1;2;1;1;6;80;18/02/2013
2013011892;1;2;3;1;6;80;19/02/2013
2013011893;1;2;1;1;6;80;01/03/2013
2013011894;2;2;3;1;3;80;26/03/2013
2013011895;1;2;1;1;6;80;13/05/2013
2013011896;1;2;1;1;2;80;18/05/2013
2013011897;1;2;1;1;6;80;05/06/2013
2013011898;1;2;1;3;1;80;09/06/2013
2013011899;1;2;1;7;6;80;14/06/2013
2013011900;1;2;5;1;3;80;18/06/2013
2013011901;1;2;1;2;7;80;23/06/2013
2013011902;1;2;6;1;3;80;06/07/2013
2013011903;1;1;1;1;7;80;11/06/2013
2013011904;1;2;1;1;1;80;01/09/2013
2013011905;5;2;2;1;3;80;02/09/2013
2013011906;2;2;1;1;5;80;27/09/2013
2013011907;3;1;1;1;7;350;06/12/2013
2013011908;1;1;1;1;6;140;28/02/2013
2013011909;1;1;1;8;6;140;21/05/2013
2013011910;1;1;1;1;2;140;02/08/2013
2013011911;1;1;1;1;6;140;15/09/2013
2013011912;3;1;1;3;7;140;01/11/2013
2013011913;3;1;1;9;1;140;20/11/2013
2013011914;3;1;1;1;4;140;06/12/2013
2013011915;1;1;1;1;1;130;19/02/2013
2013011916;1;2;2;1;3;130;30/04/2013
2013011917;1;1;1;1;3;130;21/06/2013
2013011918;1;1;1;1;1;130;21/07/2013
2013011919;1;1;1;1;7;130;06/09/2013
2013011920;1;2;2;1;1;130;14/12/2013
2013011921;5;2;1;2;6;130;20/12/2013
2013011922;3;1;1;8;2;280;05/01/2013
2013011923;1;1;1;1;6;410;10/04/2013
2013011924;1;1;3;1;3;410;09/05/2013
2013011925;1;1;1;1;6;410;04/06/2013
2013011926;1;2;1;1;2;690;10/05/2013
2013011927;1;2;1;1;1;690;14/05/2013
2013011928;5;2;1;1;1;690;22/07/2013
2013011929;1;2;6;1;3;690;27/09/2013
2013011930;5;2;1;1;6;690;11/11/2013
2013011931;1;2;1;1;7;690;22/12/2013
2013011932;1;2;1;1;3;290;17/02/2013
2013011933;1;1;1;1;2;290;25/04/2013
2013011934;1;1;1;3;1;290;17/06/2013
2013011935;1;1;1;1;3;290;05/07/2013
2013011936;3;1;1;1;6;290;07/07/2013
2013011937;1;1;1;1;3;290;22/07/2013
2013011938;1;1;6;1;7;290;19/08/2013
2013011939;3;1;1;5;6;290;09/10/2013
2013011940;1;1;2;1;3;290;19/10/2013
2013011941;1;1;1;1;6;290;20/10/2013
2013011942;1;2;1;1;6;290;30/11/2013
2013011943;1;1;1;1;2;340;02/01/2013
2013011944;1;1;1;1;6;340;13/01/2013
2013011945;3;1;1;1;2;340;14/04/2013
2013011946;1;1;1;1;5;340;12/05/2013
2013011947;3;1;1;1;6;340;14/05/2013
2013011948;1;1;9;2;2;340;15/05/2013
2013011949;2;1;1;2;5;340;15/05/2013
2013011950;1;1;1;1;2;340;03/06/2013
2013011951;1;1;1;1;7;340;07/06/2013
2013011952;1;1;1;1;3;340;01/07/2013
2013011953;1;1;1;1;3;340;16/07/2013
2013011954;1;1;9;1;2;340;19/07/2013
2013011955;1;1;1;1;6;340;28/07/2013
2013011956;1;1;1;1;6;340;30/07/2013
2013011957;1;1;1;1;5;340;02/08/2013
2013011958;1;1;1;1;1;340;14/08/2013
2013011959;1;1;1;1;4;340;26/08/2013
2013011960;3;1;1;1;6;340;23/09/2013
2013011961;3;1;1;1;6;340;28/09/2013
2013011962;3;1;1;1;5;340;28/09/2013
2013011963;3;1;1;1;5;340;30/09/2013
2013011964;3;1;1;1;5;340;20/10/2013
2013011965;1;1;1;1;6;340;01/11/2013
2013011966;1;1;1;1;5;340;07/12/2013
2013011967;3;1;1;1;5;340;07/12/2013
2013011968;3;1;1;1;2;340;07/12/2013
2013011969;2;1;1;5;5;340;10/12/2013
2013011970;1;1;1;1;2;340;20/12/2013
2013011971;3;1;1;1;2;340;24/12/2013
2013011972;1;1;1;1;5;330;18/03/2013
2013011973;1;1;1;1;7;330;25/05/2013
2013011974;1;1;1;3;3;330;18/06/2013
2013011975;1;1;1;1;7;330;13/07/2013
2013011976;1;1;1;1;7;330;12/08/2013
2013011977;1;1;1;1;7;330;18/08/2013
2013011978;1;2;3;1;3;310;05/06/2013
2013011979;1;2;1;1;3;310;17/06/2013
2013011980;1;2;1;1;2;310;06/09/2013
2013011981;1;1;1;1;3;310;09/09/2013
2013011982;1;2;1;1;7;310;30/09/2013
2013011983;3;1;1;1;1;310;31/10/2013
2013011984;1;2;1;1;6;310;04/12/2013
2013011985;1;2;1;1;3;260;04/07/2013
2013011986;1;1;1;1;7;260;04/07/2013
2013011987;1;1;2;1;3;260;06/07/2013
2013011988;1;1;2;1;3;260;08/07/2013
2013011989;1;1;1;1;3;260;16/07/2013
2013011990;1;2;1;1;6;260;21/07/2013
2013011991;1;1;3;1;3;260;22/07/2013
2013011992;1;2;1;2;1;260;23/07/2013
2013011993;1;2;2;1;3;260;23/07/2013
2013011994;1;1;1;1;1;260;27/07/2013
2013011995;1;1;9;1;3;260;29/07/2013
2013011996;1;1;1;1;6;260;30/07/2013
2013011997;1;1;2;1;3;260;31/07/2013
2013011998;1;1;1;1;6;260;31/07/2013
2013011999;1;2;1;1;6;260;01/08/2013
2013012000;1;2;7;1;7;260;10/08/2013
2013012001;1;1;2;1;3;260;10/08/2013
2013012002;1;1;1;7;2;260;16/08/2013
2013012003;1;1;1;1;4;260;16/08/2013
2013012004;3;1;1;1;6;260;18/08/2013
2013012005;3;1;1;1;7;260;17/08/2013
2013012006;1;1;1;1;6;260;22/08/2013
2013012007;2;2;6;1;3;260;24/08/2013
2013012008;1;1;1;1;6;260;25/08/2013
2013012009;1;1;3;1;3;260;27/08/2013
2013012010;1;1;1;1;6;260;29/08/2013
2013012011;1;1;6;1;3;260;29/08/2013
2013012012;1;1;1;1;7;260;20/09/2013
2013012013;1;1;1;1;1;260;22/09/2013
2013012014;1;1;1;1;2;260;24/09/2013
2013012015;1;1;9;1;3;260;24/09/2013
2013012016;1;1;1;1;7;260;26/09/2013
2013012017;1;2;1;1;3;260;26/09/2013
2013012018;1;1;1;1;1;260;30/09/2013
2013012019;3;1;1;5;7;260;09/10/2013
2013012020;3;1;1;3;1;260;13/10/2013
2013012021;1;2;1;1;6;260;14/10/2013
2013012022;1;1;1;8;6;260;16/10/2013
2013012023;1;1;1;5;1;260;24/10/2013
2013012024;3;1;2;1;3;260;25/10/2013
2013012025;1;1;1;1;3;260;31/10/2013
2013012026;2;1;1;1;6;260;05/11/2013
2013012027;3;1;9;2;5;260;05/11/2013
2013012028;2;2;3;1;3;260;06/11/2013
2013012029;1;1;2;1;3;260;14/11/2013
2013012030;3;1;1;1;7;260;16/11/2013
2013012031;1;1;1;4;3;260;20/11/2013
2013012032;1;1;1;1;3;260;21/11/2013
2013012033;1;1;1;1;7;260;30/11/2013
2013012034;3;1;1;1;1;260;03/12/2013
2013012035;2;1;1;1;6;260;07/12/2013
2013012036;2;1;1;5;6;260;16/12/2013
2013012037;2;1;1;8;6;260;22/12/2013
2013012038;2;1;1;2;7;630;04/04/2013
2013012039;3;1;1;1;2;630;19/04/2013
2013012040;1;1;1;1;4;630;02/05/2013
2013012041;1;1;1;1;2;630;06/05/2013
2013012042;1;1;1;1;2;630;10/07/2013
2013012043;1;1;9;1;7;630;18/07/2013
2013012044;1;1;9;2;2;630;20/09/2013
2013012045;1;1;1;1;3;630;24/09/2013
2013012046;1;1;1;1;6;640;11/01/2013
2013012047;3;1;1;2;7;640;13/04/2013
2013012048;1;1;1;8;2;640;02/05/2013
2013012049;1;1;1;2;7;640;03/07/2013
2013012050;1;1;1;1;6;640;31/07/2013
2013012051;1;1;1;1;1;400;25/09/2013
2013012052;1;1;1;1;5;640;04/12/2013
2013012053;3;1;1;1;4;640;21/12/2013
2013012054;1;2;1;1;6;80;06/03/2013
2013012055;1;2;1;2;6;80;07/08/2013
2013012056;1;2;2;1;3;80;10/08/2013
2013012057;1;1;1;1;7;80;15/09/2013
2013012058;3;1;1;1;7;80;28/09/2013
2013012059;1;2;3;1;6;80;23/09/2013
2013012060;1;1;1;3;2;80;11/09/2013
2013012061;3;1;1;4;6;80;20/11/2013
2013012062;5;2;9;2;2;80;22/12/2013
2013012063;1;1;1;1;6;710;03/07/2013
2013012064;1;1;1;8;2;710;08/08/2013
2013012065;1;2;1;1;2;710;26/11/2013
2013012066;1;1;1;1;1;20;11/07/2013
2013012067;1;2;1;1;6;20;13/08/2013
2013012068;2;1;2;7;3;20;02/09/2013
2013012069;1;2;6;1;1;20;07/09/2013
2013012070;1;1;9;1;1;20;23/09/2013
2013012071;2;1;3;1;3;20;28/09/2013
2013012072;3;1;1;5;5;20;16/10/2013
2013012073;1;1;1;1;7;20;08/11/2013
2013012074;3;1;1;9;2;20;13/12/2013
2013012075;3;1;1;1;6;20;20/12/2013
2013012076;2;2;9;1;1;20;04/07/2013
2013012077;1;2;4;1;6;20;07/07/2013
2013012078;1;1;4;1;5;20;11/07/2013
2013012079;3;1;1;1;7;20;14/08/2013
2013012080;1;1;1;1;7;20;08/09/2013
2013012081;1;1;1;2;6;20;11/09/2013
2013012082;1;1;3;1;1;20;15/09/2013
2013012083;1;1;3;1;5;20;30/09/2013
2013012084;2;1;1;8;5;20;21/10/2013
2013012085;1;2;3;1;3;20;19/10/2013
2013012086;1;2;1;3;1;20;22/10/2013
2013012087;3;1;1;1;7;20;28/10/2013
2013012088;1;1;1;1;6;20;06/11/2013
2013012089;1;1;1;1;6;20;26/11/2013
2013012090;3;1;1;2;5;20;29/11/2013
2013012091;3;1;1;4;6;510;19/01/2013
2013012092;1;1;1;1;6;510;18/02/2013
2013012093;1;1;1;1;7;510;05/05/2013
2013012094;2;1;1;1;6;510;05/05/2013
2013012095;3;1;1;1;3;510;26/05/2013
2013012096;1;1;1;1;7;510;11/06/2013
2013012097;1;1;1;7;5;510;31/07/2013
2013012098;1;1;1;1;7;510;03/08/2013
2013012099;3;1;1;1;2;510;23/09/2013
2013012100;1;1;1;1;7;130;05/07/2013
2013012101;1;1;1;1;3;130;09/07/2013
2013012102;1;1;1;1;7;130;28/07/2013
2013012103;3;1;1;1;7;130;22/09/2013
2013012104;1;2;1;1;3;130;24/10/2013
2013012105;3;1;1;1;2;130;13/11/2013
2013012106;1;1;1;1;6;130;02/12/2013
2013012107;1;1;1;1;2;130;03/12/2013
2013012108;1;1;1;1;3;130;16/12/2013
2013012109;5;2;6;1;3;380;25/03/2013
2013012110;1;2;1;1;1;380;16/04/2013
2013012111;1;2;1;1;6;380;24/04/2013
2013012112;1;2;1;2;6;380;30/04/2013
2013012113;1;2;2;1;3;380;15/05/2013
2013012114;1;2;1;1;6;380;06/06/2013
2013012115;1;2;1;1;7;380;13/07/2013
2013012116;1;1;1;1;6;380;18/08/2013
2013012117;1;1;1;1;3;380;22/08/2013
2013012118;1;2;1;1;1;380;28/09/2013
2013012119;3;1;1;1;7;380;12/09/2013
2013012120;1;1;1;5;6;380;24/10/2013
2013012121;3;1;1;4;6;380;21/11/2013
2013012122;5;2;1;1;6;380;05/12/2013
2013012123;5;2;1;1;1;380;08/12/2013
2013012124;1;1;1;1;6;380;16/04/2013
2013012125;1;1;1;1;6;380;17/06/2013
2013012126;1;1;1;1;6;380;04/07/2013
2013012127;1;1;1;1;2;380;09/08/2013
2013012128;1;1;1;1;6;380;15/08/2013
2013012129;3;1;1;1;2;510;16/04/2013
2013012130;1;1;1;1;2;510;30/07/2013
2013012131;1;1;1;1;4;570;02/04/2013
2013012132;1;1;1;7;7;570;25/04/2013
2013012133;2;1;1;2;6;570;27/04/2013
2013012134;1;1;1;3;2;570;30/04/2013
2013012135;1;1;1;1;7;570;05/05/2013
2013012136;3;1;1;1;7;570;23/06/2013
2013012137;3;1;9;1;7;570;05/07/2013
2013012138;1;1;1;1;2;570;10/07/2013
2013012139;3;1;1;1;2;570;25/08/2013
2013012140;1;1;1;1;3;570;07/10/2013
2013012141;2;1;1;1;5;570;25/10/2013
2013012142;3;1;1;3;6;570;27/10/2013
2013012143;3;1;1;3;5;570;22/11/2013
2013012144;1;1;9;1;2;860;15/01/2013
2013012145;1;1;1;1;7;860;13/04/2013
2013012146;1;1;1;1;6;860;03/06/2013
2013012147;1;1;1;1;5;860;29/08/2013
2013012148;3;1;1;8;6;860;21/09/2013
2013012149;1;1;1;8;6;860;24/10/2013
2013012150;1;1;1;1;6;860;04/11/2013
2013012151;2;1;1;8;7;860;12/11/2013
2013012152;3;1;1;1;2;360;28/01/2013
2013012153;3;1;1;1;6;360;21/02/2013
2013012154;3;1;1;2;6;360;17/03/2013
2013012155;1;1;1;1;6;360;23/12/2013
2013012156;1;1;1;1;6;490;15/01/2013
2013012157;3;1;1;1;6;490;03/02/2013
2013012158;1;1;1;1;6;490;24/04/2013
2013012159;1;1;1;8;6;490;18/08/2013
2013012160;1;1;1;1;6;490;26/08/2013
2013012161;1;1;1;1;6;490;22/09/2013
2013012162;1;1;1;4;6;20;13/03/2013
2013012163;3;1;1;1;6;20;06/07/2013
2013012164;1;1;3;1;3;20;22/08/2013
2013012165;1;1;1;1;3;20;10/09/2013
2013012166;3;1;1;8;6;20;14/09/2013
2013012167;1;1;1;1;1;20;21/09/2013
2013012168;1;1;1;1;6;20;23/10/2013
2013012169;3;1;1;2;7;60;28/01/2013
2013012170;2;1;1;4;4;60;24/02/2013
2013012171;1;1;1;1;4;60;22/03/2013
2013012172;3;1;1;1;6;60;02/04/2013
2013012173;1;1;1;1;7;60;18/04/2013
2013012174;1;1;1;1;6;60;20/04/2013
2013012175;1;1;1;1;6;60;12/05/2013
2013012176;1;1;1;1;3;60;20/05/2013
2013012177;1;1;1;1;6;60;29/05/2013
2013012178;1;1;1;1;2;60;19/06/2013
2013012179;1;1;1;1;2;60;15/06/2013
2013012180;1;1;1;1;2;60;03/07/2013
2013012181;1;1;1;1;6;60;11/07/2013
2013012182;3;1;1;1;2;60;17/08/2013
2013012183;1;1;1;1;2;60;09/09/2013
2013012184;1;1;1;1;2;60;09/11/2013
2013012185;1;1;1;1;2;60;08/12/2013
2013012186;2;1;1;1;7;570;19/08/2013
2013012187;3;1;1;1;5;900;14/01/2013
2013012188;3;1;1;1;6;680;31/01/2013
2013012189;1;1;1;1;6;900;17/04/2013
2013012190;1;1;1;1;7;680;31/07/2013
2013012191;2;1;1;5;6;680;12/11/2013
2013012192;1;1;1;1;2;660;21/01/2013
2013012193;3;1;1;1;1;660;01/08/2013
2013012194;2;1;1;7;2;670;09/09/2013
2013012195;3;1;1;1;2;670;29/09/2013
2013012196;3;1;1;2;6;670;03/11/2013
2013012197;3;1;1;2;6;670;22/11/2013
2013012198;2;1;1;4;5;620;02/02/2013
2013012199;2;1;1;9;6;620;14/02/2013