num_acc;lum;agg;inter;atm;col;dep;date
2013012200;1;1;1;1;6;620;20/03/2013
2013012201;1;1;1;1;1;620;02/04/2013
2013012202;1;1;1;1;6;620;08/05/2013
2013012203;1;1;1;1;6;620;25/05/2013
2013012204;1;1;1;1;2;620;27/05/2013
2013012205;3;1;1;1;6;620;15/07/2013
2013012206;1;1;1;1;7;620;08/09/2013
2013012207;1;1;1;1;6;440;29/06/2013
2013012208;1;1;1;8;6;620;03/07/2013
2013012209;1;1;1;1;6;620;03/08/2013
2013012210;3;1;1;8;2;620;15/11/2013
2013012211;3;1;1;1;7;20;01/07/2013
2013012212;1;2;1;1;6;20;19/07/2013
2013012213;1;1;1;1;6;20;20/07/2013
2013012214;1;2;1;1;7;20;20/08/2013
2013012215;1;1;1;2;6;20;11/09/2013
2013012216;1;1;1;8;7;20;16/09/2013
2013012217;1;2;3;2;6;20;14/09/2013
2013012218;2;1;1;5;4;20;18/10/2013
2013012219;1;2;1;3;1;20;07/11/2013
2013012220;5;2;1;1;6;20;21/11/2013
2013012221;3;1;3;1;5;20;22/11/2013
2013012222;1;1;1;5;3;20;05/12/2013
2013012223;5;2;1;1;6;20;10/12/2013
2013012224;3;1;1;1;6;20;17/12/2013
2013012225;5;2;1;1;1;400;15/08/2013
2013012226;1;1;1;1;6;400;25/09/2013
2013012227;1;1;1;1;1;400;27/10/2013
2013012228;3;1;1;2;7;400;29/10/2013
2013012229;1;1;2;1;3;400;26/11/2013
2013012230;1;1;1;1;7;180;09/03/2013
2013012231;1;1;1;1;6;180;10/08/2013
2013012232;1;1;1;1;1;180;07/09/2013
2013012233;1;1;1;1;6;180;15/09/2013
2013012234;2;2;1;3;3;180;01/11/2013
2013012235;1;1;1;1;6;130;11/08/2013
2013012236;2;1;1;1;6;130;23/08/2013
2013012237;1;1;1;1;1;130;20/10/2013
2013012238;5;2;2;3;6;950;06/02/2013
2013012239;5;2;3;1;2;950;10/03/2013
2013012240;1;2;1;1;6;950;22/04/2013
2013012241;1;1;2;1;3;950;26/05/2013
2013012242;1;2;1;1;1;950;10/06/2013
2013012243;1;2;1;1;1;950;02/07/2013
2013012244;3;1;1;1;7;380;23/02/2013
2013012245;1;1;9;2;6;380;17/03/2013
2013012246;1;1;1;1;4;380;09/06/2013
2013012247;1;1;4;1;5;380;10/07/2013
2013012248;1;1;1;1;7;380;19/07/2013
2013012249;3;1;1;1;7;380;29/12/2013
2013012250;3;1;1;1;5;130;28/01/2013
2013012251;1;1;1;1;3;130;21/02/2013
2013012252;2;1;1;2;5;130;27/04/2013
2013012253;2;1;1;1;2;130;09/06/2013
2013012254;1;1;4;1;3;130;16/07/2013
2013012255;1;1;1;1;2;130;30/07/2013
2013012256;3;1;1;1;7;130;17/08/2013
2013012257;2;1;1;1;6;130;18/08/2013
2013012258;1;1;1;1;2;130;25/09/2013
2013012259;1;1;1;1;2;130;28/09/2013
2013012260;1;1;9;1;6;130;30/09/2013
2013012261;1;1;1;1;3;130;12/11/2013
2013012262;3;1;1;1;2;130;23/11/2013
2013012263;3;1;1;1;3;130;07/12/2013
2013012264;3;1;1;1;3;60;07/01/2013
2013012265;2;1;1;1;7;60;03/02/2013
2013012266;3;1;1;1;4;60;18/03/2013
2013012267;3;1;1;1;6;60;25/03/2013
2013012268;1;1;1;1;2;60;04/04/2013
2013012269;1;1;1;1;6;60;12/04/2013
2013012270;3;1;1;1;6;60;14/04/2013
2013012271;1;1;1;1;2;60;20/04/2013
2013012272;3;1;1;1;5;60;25/04/2013
2013012273;1;1;1;1;6;60;01/05/2013
2013012274;1;1;1;1;6;830;06/05/2013
2013012275;1;1;1;1;2;60;06/06/2013
2013012276;1;1;1;1;2;60;22/06/2013
2013012277;1;1;1;1;2;830;29/06/2013
2013012278;1;1;1;1;4;60;01/07/2013
2013012279;1;1;1;1;6;60;26/07/2013
2013012280;1;1;9;1;4;60;14/08/2013
2013012281;1;1;1;1;1;60;31/08/2013
2013012282;1;1;1;1;3;60;21/09/2013
2013012283;1;1;1;1;2;60;04/10/2013
2013012284;3;1;1;1;5;60;06/10/2013
2013012285;3;1;1;1;6;60;24/10/2013
2013012286;3;1;1;9;5;60;05/11/2013
2013012287;3;1;1;1;2;830;16/11/2013
2013012288;1;1;1;1;4;60;10/12/2013
2013012289;3;1;1;2;5;60;23/12/2013
2013012290;3;1;1;2;6;640;18/01/2013
2013012291;3;1;1;1;1;640;10/12/2013
2013012292;1;1;1;4;5;640;26/12/2013
2013012293;1;1;1;1;6;660;03/09/2013
2013012294;3;1;1;1;3;660;13/10/2013
2013012295;1;1;1;1;6;630;07/01/2013
2013012296;1;1;1;2;6;630;06/03/2013
2013012297;3;1;1;1;6;630;19/05/2013
2013012298;1;1;1;1;4;630;27/07/2013
2013012299;1;1;1;1;6;630;09/09/2013
2013012300;1;2;2;7;6;740;28/01/2013
2013012301;3;1;1;1;7;740;06/04/2013
2013012302;1;1;1;8;4;740;11/04/2013
2013012303;5;2;2;1;3;740;08/05/2013
2013012304;1;2;1;7;6;740;13/05/2013
2013012305;1;2;3;1;3;740;18/05/2013
2013012306;5;2;6;2;6;740;31/05/2013
2013012307;3;1;1;1;1;740;04/06/2013
2013012308;1;2;1;1;2;740;20/06/2013
2013012309;5;2;2;2;1;740;29/06/2013
2013012310;1;2;1;7;1;740;08/07/2013
2013012311;1;1;1;1;7;740;14/07/2013
2013012312;1;1;3;1;3;740;19/07/2013
2013012313;1;1;1;1;1;740;20/07/2013
2013012314;1;1;1;1;6;740;28/07/2013
2013012315;1;2;1;1;6;740;02/08/2013
2013012316;1;1;1;1;7;740;11/08/2013
2013012317;1;2;2;1;3;740;17/08/2013
2013012318;1;1;3;1;4;740;18/08/2013
2013012319;1;1;1;3;1;740;24/08/2013
2013012320;1;2;1;1;3;740;02/09/2013
2013012321;1;1;1;1;6;740;24/09/2013
2013012322;1;2;9;8;6;740;03/11/2013
2013012323;5;2;1;1;1;740;25/11/2013
2013012324;1;1;9;1;3;110;06/07/2013
2013012325;3;1;1;1;5;110;14/07/2013
2013012326;1;1;1;1;1;590;08/06/2013
2013012327;5;2;2;1;3;590;25/09/2013
2013012328;1;1;9;8;6;720;04/01/2013
2013012329;5;2;1;1;6;720;17/03/2013
2013012330;1;1;1;1;7;720;16/06/2013
2013012331;1;1;9;1;6;720;29/08/2013
2013012332;1;1;1;3;1;720;01/11/2013
2013012333;3;1;1;1;3;720;20/12/2013
2013012334;1;1;1;1;2;890;01/07/2013
2013012335;1;1;1;7;2;890;10/07/2013
2013012336;5;2;1;;7;890;10/09/2013
2013012337;3;1;1;2;3;890;29/09/2013
2013012338;1;1;1;3;7;890;04/11/2013
2013012339;1;1;1;1;3;90;01/05/2013
2013012340;2;2;1;1;7;90;06/05/2013
2013012341;1;2;1;1;6;90;06/07/2013
2013012342;1;2;1;1;6;90;09/07/2013
2013012343;1;2;1;1;2;90;10/07/2013
2013012344;1;2;3;1;3;90;15/07/2013
2013012345;1;1;1;1;6;90;26/07/2013
2013012346;1;1;1;1;5;90;08/08/2013
2013012347;3;1;1;2;5;90;04/11/2013
2013012348;1;2;1;1;7;90;11/11/2013
2013012349;5;2;1;4;7;90;22/11/2013
2013012350;5;2;1;1;5;90;14/12/2013
2013012351;1;1;1;1;1;90;27/12/2013
2013012352;3;1;1;1;7;910;13/01/2013
2013012353;5;2;1;2;1;910;02/02/2013
2013012354;1;2;1;1;7;910;13/05/2013
2013012355;1;2;1;1;5;910;18/07/2013
2013012356;3;2;1;1;6;910;23/10/2013
2013012357;1;2;1;1;1;910;30/10/2013
2013012358;3;1;6;2;6;910;02/11/2013
2013012359;3;1;1;1;3;910;23/11/2013
2013012360;3;2;1;1;6;90;09/01/2013
2013012361;3;1;1;1;7;90;03/04/2013
2013012362;5;2;4;1;6;90;10/05/2013
2013012363;1;2;6;1;6;90;19/07/2013
2013012364;5;1;6;1;6;90;04/08/2013
2013012365;1;2;1;1;6;90;19/08/2013
2013012366;5;2;4;2;6;90;06/11/2013
2013012367;1;2;2;1;3;90;03/12/2013
2013012368;1;1;1;4;5;310;06/02/2013
2013012369;1;1;1;2;2;310;31/05/2013
2013012370;3;1;1;6;5;310;01/08/2013
2013012371;2;1;1;1;6;330;15/01/2013
2013012372;1;1;1;1;4;330;30/04/2013
2013012373;1;1;1;3;3;330;08/06/2013
2013012374;1;1;1;1;1;330;14/06/2013
2013012375;1;1;1;3;5;330;20/06/2013
2013012376;1;1;1;1;7;330;24/06/2013
2013012377;3;1;1;1;5;330;13/07/2013
2013012378;1;1;1;1;2;330;21/07/2013
2013012379;1;1;1;1;2;330;21/08/2013
2013012380;2;1;1;1;2;330;15/09/2013
2013012381;3;1;1;2;6;330;29/10/2013
2013012382;1;1;1;1;1;330;12/11/2013
2013012383;2;1;1;8;6;740;26/02/2013
2013012384;1;1;1;2;7;740;26/03/2013
2013012385;1;1;1;1;6;740;19/06/2013
2013012386;2;1;1;1;7;740;24/08/2013
2013012387;3;1;1;2;6;460;01/02/2013
2013012388;1;1;3;1;7;460;02/09/2013
2013012389;1;1;3;1;3;460;31/10/2013
2013012390;3;1;1;2;7;460;01/11/2013
2013012391;1;1;1;1;2;690;22/03/2013
2013012392;1;1;1;1;6;690;08/06/2013
2013012393;3;1;1;1;6;690;12/10/2013
2013012394;1;1;1;5;4;690;13/12/2013
2013012395;1;1;1;1;7;720;10/03/2013
2013012396;3;1;1;1;2;720;15/11/2013
2013012397;3;1;1;1;5;680;16/01/2013
2013012398;3;1;1;1;1;680;24/01/2013
2013012399;1;1;1;1;3;680;11/05/2013
2013012400;1;1;1;1;7;680;17/08/2013
2013012401;1;1;1;1;6;680;04/10/2013
2013012402;1;1;1;1;7;530;31/01/2013
2013012403;1;1;1;1;7;530;03/03/2013
2013012404;3;1;1;1;7;530;07/08/2013
2013012405;3;1;1;1;3;530;07/10/2013
2013012406;1;1;1;1;2;440;15/01/2013
2013012407;1;1;1;1;2;440;28/03/2013
2013012408;1;1;1;1;4;440;28/03/2013
2013012409;1;1;1;1;6;440;13/06/2013
2013012410;3;1;1;1;7;440;16/06/2013
2013012411;1;1;1;1;6;440;28/07/2013
2013012412;1;1;1;1;2;440;23/08/2013
2013012413;3;1;1;8;6;440;01/10/2013
2013012414;3;1;1;1;6;440;09/10/2013
2013012415;1;1;1;1;7;440;26/10/2013
2013012416;3;1;9;1;3;470;03/01/2013
2013012417;1;1;1;3;2;470;18/06/2013
2013012418;1;1;1;1;7;470;14/08/2013
2013012419;1;1;1;4;5;820;21/01/2013
2013012420;1;1;1;1;7;820;09/03/2013
2013012421;1;1;1;1;2;820;08/04/2013
2013012422;1;1;1;1;6;820;23/04/2013
2013012423;1;1;1;1;4;820;16/07/2013
2013012424;1;1;1;1;6;820;01/08/2013
2013012425;1;1;1;2;6;820;29/09/2013
2013012426;3;1;1;1;6;820;03/10/2013
2013012427;3;2;1;3;7;201;13/01/2013
2013012428;1;1;1;1;1;201;21/05/2013
2013012429;3;1;1;1;1;201;21/07/2013
2013012430;3;1;1;9;2;390;02/12/2013
2013012431;2;2;4;1;1;380;07/01/2013
2013012432;2;2;1;8;1;380;11/03/2013
2013012433;1;2;6;1;1;380;26/03/2013
2013012434;1;2;1;2;6;380;09/04/2013
2013012435;1;2;1;1;3;380;13/12/2013
2013012436;5;2;1;1;1;60;08/02/2013
2013012437;3;1;1;2;1;60;22/02/2013
2013012438;1;2;1;1;7;60;28/02/2013
2013012439;1;2;1;1;3;60;12/04/2013
2013012440;5;2;6;1;3;60;22/04/2013
2013012441;1;2;6;1;3;60;15/04/2013
2013012442;5;1;1;1;6;60;02/06/2013
2013012443;1;2;1;1;1;60;29/06/2013
2013012444;1;2;2;1;3;60;22/07/2013
2013012445;1;2;6;1;3;60;02/10/2013
2013012446;5;2;1;1;3;60;21/10/2013
2013012447;3;2;1;1;3;60;05/11/2013
2013012448;1;1;6;1;1;60;04/12/2013
2013012449;1;1;1;1;3;780;11/01/2013
2013012450;1;1;1;3;5;780;17/06/2013
2013012451;1;2;1;1;3;780;23/06/2013
2013012452;1;2;1;9;1;780;09/10/2013
2013012453;1;1;2;1;1;330;06/05/2013
2013012454;1;2;9;1;6;330;10/09/2013
2013012455;1;2;1;3;1;330;04/10/2013
2013012456;3;2;1;1;6;340;11/12/2013
2013012457;1;1;1;1;2;660;31/01/2013
2013012458;1;2;1;1;6;660;10/05/2013
2013012459;1;2;1;1;6;660;20/07/2013
2013012460;3;1;1;1;7;660;01/09/2013
2013012461;1;1;1;8;6;670;27/01/2013
2013012462;3;1;1;1;6;670;16/03/2013
2013012463;3;1;9;1;6;670;19/05/2013
2013012464;1;1;1;1;1;670;16/06/2013
2013012465;1;1;1;1;2;670;09/07/2013
2013012466;1;1;1;1;6;670;07/09/2013
2013012467;3;1;1;1;6;670;03/10/2013
2013012468;1;1;1;1;3;790;07/04/2013
2013012469;1;1;1;1;7;790;11/08/2013
2013012470;3;1;1;1;3;740;21/03/2013
2013012471;1;1;1;1;2;740;23/04/2013
2013012472;3;1;1;1;2;740;22/05/2013
2013012473;1;1;1;3;6;740;28/07/2013
2013012474;2;1;1;1;7;740;25/09/2013
2013012475;1;1;1;1;2;740;03/10/2013
2013012476;1;1;1;3;6;740;20/10/2013
2013012477;5;2;3;3;3;220;15/01/2013
2013012478;1;1;4;8;2;220;04/04/2013
2013012479;1;1;1;1;6;220;26/04/2013
2013012480;1;1;3;1;3;220;26/05/2013
2013012481;5;1;1;1;7;220;28/07/2013
2013012482;1;1;1;1;6;201;22/05/2013
2013012483;3;1;1;1;7;201;29/07/2013
2013012484;3;1;1;1;5;201;08/08/2013
2013012485;1;1;1;1;3;201;16/08/2013
2013012486;1;1;1;1;7;201;21/08/2013
2013012487;1;1;1;8;7;201;29/09/2013
2013012488;3;1;1;1;7;201;17/10/2013
2013012489;3;1;1;1;1;740;04/01/2013
2013012490;1;2;1;8;3;740;17/03/2013
2013012491;5;2;1;1;7;740;14/04/2013
2013012492;1;2;1;2;1;740;15/05/2013
2013012493;1;2;1;1;6;740;14/06/2013
2013012494;1;2;1;1;6;740;21/07/2013
2013012495;1;2;1;1;7;740;23/08/2013
2013012496;3;1;4;3;1;740;07/09/2013
2013012497;1;2;1;1;6;740;28/09/2013
2013012498;1;1;2;1;5;740;26/10/2013
2013012499;1;1;1;1;5;740;26/10/2013
2013012500;1;1;1;1;2;10;22/01/2013
2013012501;3;1;1;1;2;10;29/01/2013
2013012502;2;1;1;1;7;10;30/01/2013
2013012503;3;1;1;1;7;10;18/04/2013
2013012504;2;1;1;1;6;380;16/06/2013
2013012505;1;1;1;1;1;690;05/09/2013
2013012506;3;1;1;1;2;10;09/09/2013
2013012507;3;1;1;1;4;10;31/10/2013
2013012508;5;2;2;3;3;420;10/01/2013
2013012509;1;2;1;1;1;420;19/02/2013
2013012510;1;2;1;1;6;420;17/06/2013
2013012511;1;2;1;1;2;420;22/06/2013
2013012512;1;1;2;1;3;420;23/07/2013
2013012513;1;1;1;1;3;420;10/08/2013
2013012514;1;1;1;8;1;420;05/10/2013
2013012515;1;2;1;1;1;420;28/10/2013
2013012516;3;1;1;2;7;420;02/11/2013
2013012517;1;1;2;1;3;910;07/06/2013
2013012518;3;2;1;1;7;910;26/08/2013
2013012519;3;1;6;1;2;910;11/11/2013
2013012520;5;2;3;1;1;910;22/11/2013
2013012521;5;2;1;3;6;910;14/12/2013
2013012522;1;1;1;9;6;510;25/01/2013
2013012523;1;1;1;1;1;510;19/02/2013
2013012524;1;1;1;8;6;510;30/05/2013
2013012525;1;2;1;1;1;510;26/06/2013
2013012526;1;1;2;1;3;510;04/07/2013
2013012527;3;1;1;1;6;510;08/08/2013
2013012528;1;1;2;1;3;510;01/09/2013
2013012529;1;2;1;1;3;510;04/09/2013
2013012530;1;1;3;1;3;510;27/09/2013
2013012531;1;1;1;1;2;510;08/10/2013
2013012532;2;1;1;1;6;510;26/10/2013
2013012533;1;1;1;1;1;510;03/11/2013
2013012534;5;2;1;1;6;510;16/11/2013
2013012535;1;2;1;1;6;310;21/03/2013
2013012536;1;2;6;1;3;310;18/04/2013
2013012537;5;2;2;1;1;310;27/04/2013
2013012538;1;2;1;1;7;310;05/05/2013
2013012539;5;2;1;1;6;310;31/08/2013
2013012540;1;2;1;1;3;310;09/09/2013
2013012541;1;2;1;1;6;310;27/12/2013
2013012542;1;2;1;1;7;60;08/01/2013
2013012543;1;1;1;3;1;60;20/01/2013
2013012544;3;1;1;1;1;60;21/01/2013
2013012545;1;1;1;1;1;60;02/02/2013
2013012546;5;1;1;1;6;60;12/02/2013
2013012547;1;1;1;1;3;60;19/03/2013
2013012548;1;2;1;1;6;60;09/04/2013
2013012549;1;1;1;1;7;60;29/05/2013
2013012550;1;1;1;1;6;60;08/08/2013
2013012551;1;1;1;1;6;60;06/09/2013
2013012552;1;2;1;1;1;60;18/09/2013
2013012553;1;2;1;1;5;60;20/09/2013
2013012554;1;1;6;1;2;60;01/10/2013
2013012555;3;1;1;1;6;60;08/10/2013
2013012556;3;1;1;1;7;60;29/10/2013
2013012557;1;1;1;1;3;60;02/11/2013
2013012558;2;2;6;1;3;690;14/02/2013
2013012559;1;2;1;2;1;690;28/04/2013
2013012560;1;1;1;1;1;690;03/12/2013
2013012561;1;2;1;2;1;690;28/01/2013
2013012562;1;2;4;1;3;690;19/06/2013
2013012563;1;2;1;1;6;690;26/06/2013
2013012564;1;2;2;1;5;690;29/09/2013
2013012565;1;2;1;1;7;690;07/10/2013
2013012566;5;2;2;8;3;690;27/12/2013
2013012567;5;2;1;1;6;380;09/01/2013
2013012568;1;2;1;1;6;380;23/01/2013
2013012569;3;1;1;1;6;380;23/03/2013
2013012570;1;2;1;1;2;380;10/05/2013
2013012571;1;1;1;1;3;380;18/06/2013
2013012572;1;2;1;1;7;380;08/07/2013
2013012573;5;2;1;1;7;380;12/07/2013
2013012574;1;1;1;1;3;380;06/09/2013
2013012575;2;1;1;1;6;380;09/11/2013
2013012576;1;2;1;1;3;380;14/11/2013
2013012577;1;1;1;1;1;740;17/04/2013
2013012578;1;1;1;1;1;740;13/05/2013
2013012579;1;2;4;1;3;740;12/07/2013
2013012580;5;2;1;3;3;740;07/09/2013
2013012581;1;1;1;1;1;740;21/09/2013
2013012582;2;1;1;1;1;740;11/11/2013
2013012583;3;1;1;1;7;740;11/12/2013
2013012584;2;1;1;1;1;340;08/01/2013
2013012585;3;1;1;1;7;340;16/03/2013
2013012586;1;2;9;1;6;340;05/07/2013
2013012587;1;2;1;2;3;340;19/11/2013
2013012588;1;2;1;1;1;340;24/12/2013
2013012589;1;1;1;1;7;10;06/04/2013
2013012590;1;1;1;1;6;10;03/06/2013
2013012591;1;1;1;3;4;10;08/08/2013
2013012592;3;1;1;1;6;20;16/03/2013
2013012593;3;1;1;1;6;20;03/07/2013
2013012594;1;1;1;7;6;20;09/07/2013
2013012595;1;1;3;1;5;20;11/08/2013
2013012596;3;1;1;1;2;20;17/08/2013
2013012597;1;1;1;1;1;20;03/09/2013
2013012598;1;1;1;1;6;20;05/09/2013
2013012599;3;1;1;1;6;20;21/09/2013
2013012600;2;1;1;9;6;20;10/12/2013
2013012601;1;1;1;1;2;20;21/12/2013
2013012602;1;2;1;1;7;780;28/01/2013
2013012603;3;1;1;9;7;780;20/04/2013
2013012604;5;2;1;1;6;780;19/07/2013
2013012605;5;2;1;1;6;780;20/09/2013
2013012606;3;2;1;3;7;780;01/11/2013
2013012607;3;1;1;1;5;780;16/12/2013
2013012608;4;1;3;2;3;130;30/03/2013
2013012609;1;1;1;1;2;130;30/03/2013
2013012610;3;1;1;1;3;130;24/04/2013
2013012611;3;2;1;1;6;130;06/07/2013
2013012612;3;1;1;1;5;130;26/11/2013
2013012613;1;1;1;1;3;950;28/11/2013
2013012614;5;2;8;4;2;90;01/01/2013
2013012615;3;1;1;2;1;90;10/01/2013
2013012616;1;1;1;9;7;90;31/01/2013
2013012617;1;2;1;1;1;90;26/05/2013
2013012618;1;1;1;1;6;90;19/07/2013
2013012619;1;1;1;1;5;90;25/09/2013
2013012620;1;1;1;1;3;90;26/10/2013
2013012621;5;2;1;1;6;350;08/01/2013
2013012622;1;1;9;1;6;350;10/03/2013
2013012623;3;1;1;1;7;350;09/05/2013
2013012624;1;1;1;1;1;350;22/07/2013
2013012625;2;1;3;1;1;350;17/09/2013
2013012626;1;2;6;1;6;350;10/10/2013
2013012627;1;1;1;1;7;560;01/01/2013
2013012628;1;1;1;2;1;560;28/12/2013
2013012629;1;2;1;1;6;560;30/04/2013
2013012630;1;1;1;8;3;560;20/05/2013
2013012631;1;1;1;1;5;560;09/06/2013
2013012632;1;1;9;1;6;560;28/06/2013
2013012633;1;1;1;1;2;560;01/08/2013
2013012634;1;1;9;1;3;560;10/08/2013
2013012635;1;2;1;1;3;560;12/08/2013
2013012636;1;1;1;1;6;420;15/07/2013
2013012637;1;1;1;1;6;420;11/08/2013
2013012638;1;1;1;1;7;420;06/02/2013
2013012639;3;1;1;9;5;420;13/10/2013
2013012640;1;1;1;1;1;880;13/05/2013
2013012641;1;1;1;1;2;880;25/05/2013
2013012642;1;1;1;1;1;880;29/05/2013
2013012643;3;1;1;1;2;880;01/10/2013
2013012644;4;2;1;1;6;380;25/02/2013
2013012645;1;1;1;3;4;380;23/05/2013
2013012646;1;2;1;1;3;380;03/06/2013
2013012647;1;1;1;1;1;380;17/06/2013
2013012648;1;1;1;1;3;380;19/07/2013
2013012649;3;1;1;1;2;130;20/01/2013
2013012650;3;1;1;1;6;130;03/05/2013
2013012651;1;1;1;1;3;130;09/08/2013
2013012652;1;1;1;1;6;130;09/09/2013
2013012653;1;1;1;1;6;130;09/09/2013
2013012654;3;1;1;1;6;130;25/11/2013
2013012655;1;1;1;5;1;130;23/12/2013
2013012656;1;1;1;1;6;130;24/12/2013
2013012657;3;1;1;1;2;180;13/03/2013
2013012658;1;1;1;1;6;180;27/04/2013
2013012659;1;1;1;1;6;180;01/06/2013
2013012660;1;1;1;8;6;180;18/06/2013
2013012661;1;1;1;1;3;180;07/07/2013
2013012662;5;1;1;1;6;180;09/07/2013
2013012663;1;1;1;1;6;180;14/08/2013
2013012664;1;1;1;1;1;180;08/09/2013
2013012665;1;1;9;1;4;180;23/09/2013
2013012666;2;1;1;8;6;180;17/10/2013
2013012667;1;1;1;1;1;180;19/10/2013
2013012668;1;1;1;1;6;180;16/11/2013
2013012669;1;1;1;6;3;340;18/01/2013
2013012670;3;1;1;1;1;340;22/01/2013
2013012671;3;1;1;9;7;340;17/03/2013
2013012672;1;1;1;1;3;340;07/04/2013
2013012673;2;1;1;1;6;340;15/05/2013
2013012674;3;1;1;1;1;340;03/10/2013
2013012675;2;1;1;1;6;340;08/11/2013
2013012676;3;1;1;1;3;340;27/11/2013
2013012677;3;1;1;1;4;10;24/02/2013
2013012678;2;1;1;1;7;10;05/09/2013
2013012679;2;1;1;9;6;10;19/09/2013
2013012680;1;1;1;1;4;10;28/09/2013
2013012681;1;1;1;1;6;10;19/10/2013
2013012682;3;1;1;1;6;10;18/11/2013
2013012683;2;1;1;8;2;10;14/12/2013
2013012684;3;1;1;3;3;140;24/12/2013
2013012685;3;1;1;1;7;130;28/02/2013
2013012686;1;1;1;8;1;130;04/03/2013
2013012687;1;1;1;1;6;130;05/03/2013
2013012688;1;2;1;6;1;130;14/03/2013
2013012689;3;1;1;2;6;130;30/03/2013
2013012690;3;1;1;1;7;130;11/05/2013
2013012691;1;1;1;1;1;130;24/05/2013
2013012692;1;1;2;1;1;130;27/05/2013
2013012693;5;1;1;1;3;130;22/06/2013
2013012694;1;1;1;1;6;130;04/07/2013
2013012695;3;1;1;1;6;130;14/07/2013
2013012696;1;2;1;7;6;130;09/10/2013
2013012697;1;1;2;1;3;130;08/11/2013
2013012698;1;1;1;1;1;50;16/06/2013
2013012699;1;1;1;1;1;50;10/08/2013
2013012700;1;1;1;1;3;50;14/09/2013
2013012701;2;1;1;1;2;30;09/01/2013
2013012702;1;1;1;1;6;30;11/08/2013
2013012703;1;1;1;1;2;30;13/08/2013
2013012704;2;1;1;2;6;30;05/10/2013
2013012705;2;1;1;1;2;630;11/07/2013
2013012706;1;1;1;1;1;630;24/09/2013
2013012707;1;1;1;4;4;630;15/11/2013
2013012708;1;1;1;1;3;630;26/11/2013
2013012709;1;1;1;1;2;60;07/01/2013
2013012710;1;2;1;1;1;60;20/05/2013
2013012711;1;1;1;1;4;490;08/05/2013
2013012712;3;1;9;1;6;490;23/08/2013
2013012713;1;1;1;1;3;490;06/10/2013
2013012714;1;1;1;1;7;490;29/10/2013
2013012715;5;1;1;2;6;490;11/11/2013
2013012716;1;1;1;1;2;490;02/12/2013
2013012717;3;1;1;3;4;400;27/01/2013
2013012718;2;1;1;1;7;400;16/07/2013
2013012719;3;1;1;1;6;400;20/07/2013
2013012720;1;1;1;1;2;400;31/07/2013
2013012721;1;1;1;1;6;400;13/08/2013
2013012722;1;1;1;1;7;400;09/09/2013
2013012723;3;1;1;1;2;400;05/10/2013
2013012724;3;1;1;2;7;400;12/11/2013
2013012725;1;1;1;1;4;400;29/03/2013
2013012726;1;1;1;1;6;400;17/04/2013
2013012727;2;1;1;1;2;400;15/05/2013
2013012728;1;1;1;1;2;400;21/07/2013
2013012729;1;1;1;1;2;400;23/09/2013
2013012730;1;1;1;1;6;630;31/03/2013
2013012731;1;1;2;1;3;630;07/06/2013
2013012732;1;1;1;1;6;630;15/06/2013
2013012733;1;1;2;1;3;630;21/07/2013
2013012734;1;1;1;7;1;630;15/08/2013
2013012735;1;1;1;1;7;630;26/09/2013
2013012736;1;1;1;1;6;630;10/12/2013
2013012737;1;2;1;1;1;100;11/01/2013
2013012738;2;2;1;1;6;100;17/01/2013
2013012739;5;2;1;2;1;100;31/01/2013
2013012740;5;2;1;3;6;100;01/02/2013
2013012741;1;2;1;1;4;100;13/02/2013
2013012742;5;2;1;2;1;100;04/01/2013
2013012743;1;2;1;1;6;100;09/02/2013
2013012744;1;2;1;1;6;100;07/01/2013
2013012745;1;2;1;1;6;100;22/02/2013
2013012746;1;2;3;1;3;100;05/03/2013
2013012747;1;2;2;1;3;100;16/03/2013
2013012748;1;2;3;1;3;100;16/03/2013
2013012749;1;2;1;1;4;100;20/02/2013
2013012750;1;2;1;1;6;100;26/03/2013
2013012751;1;1;1;1;6;100;31/03/2013
2013012752;1;2;1;1;2;100;04/04/2013
2013012753;1;2;1;1;6;100;05/04/2013
2013012754;2;2;1;1;6;100;06/04/2013
2013012755;1;2;1;1;6;100;12/04/2013
2013012756;1;2;1;1;6;100;15/04/2013
2013012757;1;2;9;1;3;100;20/04/2013
2013012758;1;2;1;1;6;100;30/04/2013
2013012759;1;2;1;2;6;100;30/04/2013
2013012760;1;2;1;2;6;100;06/05/2013
2013012761;1;2;1;1;2;100;15/05/2013
2013012762;2;2;1;1;7;100;18/05/2013
2013012763;1;2;1;1;2;100;27/05/2013
2013012764;1;2;1;2;6;100;21/05/2013
2013012765;1;2;1;8;6;100;24/05/2013
2013012766;5;2;2;1;3;100;29/05/2013
2013012767;1;2;2;1;5;100;29/05/2013
2013012768;1;2;3;1;1;100;06/05/2013
2013012769;1;2;9;1;6;100;01/06/2013
2013012770;1;2;1;1;6;100;12/06/2013
2013012771;1;2;1;1;2;100;04/06/2013
2013012772;1;2;1;1;1;100;17/06/2013
2013012773;1;2;1;1;6;100;21/06/2013
2013012774;1;1;1;1;1;100;21/06/2013
2013012775;1;2;1;1;2;100;05/06/2013
2013012776;1;2;3;1;3;100;26/06/2013
2013012777;1;2;3;8;6;100;28/06/2013
2013012778;1;2;1;1;6;100;06/06/2013
2013012779;1;2;6;1;3;100;09/07/2013
2013012780;1;2;2;1;3;100;10/07/2013