num_acc;lum;agg;inter;atm;col;dep;date
2013012781;1;2;3;1;3;100;19/07/2013
2013012782;1;2;1;1;6;100;26/07/2013
2013012783;1;2;1;1;4;100;12/07/2013
2013012784;1;2;2;1;3;100;04/08/2013
2013012785;1;2;1;1;3;100;08/08/2013
2013012786;1;2;3;1;3;100;24/07/2013
2013012787;3;2;1;1;6;100;21/08/2013
2013012788;1;2;2;1;6;100;22/07/2013
2013012789;2;2;6;1;6;100;23/08/2013
2013012790;1;2;1;1;6;100;04/09/2013
2013012791;1;2;2;1;3;100;04/09/2013
2013012792;1;2;1;1;6;100;09/08/2013
2013012793;1;2;1;1;2;100;14/09/2013
2013012794;1;2;1;1;6;100;15/09/2013
2013012795;1;2;1;1;7;100;30/09/2013
2013012796;1;2;1;1;6;100;10/10/2013
2013012797;1;2;1;2;6;100;10/10/2013
2013012798;5;2;1;2;3;100;22/10/2013
2013012799;1;2;1;1;6;100;01/10/2013
2013012800;5;2;2;1;3;100;05/11/2013
2013012801;5;2;1;2;6;100;26/10/2013
2013012802;1;2;1;8;3;100;18/11/2013
2013012803;1;2;2;1;3;100;25/11/2013
2013012804;2;2;1;1;6;100;29/11/2013
2013012805;5;2;1;2;6;100;15/11/2013
2013012806;5;2;6;1;2;100;09/12/2013
2013012807;1;2;1;2;3;670;26/04/2013
2013012808;1;2;6;1;3;670;15/06/2013
2013012809;1;1;3;1;5;670;18/06/2013
2013012810;1;1;6;1;2;670;18/06/2013
2013012811;1;2;1;8;6;670;11/09/2013
2013012812;2;2;1;8;4;670;19/11/2013
2013012813;1;2;1;1;4;670;20/12/2013
2013012814;1;2;1;1;5;670;11/01/2013
2013012815;1;2;1;2;3;670;16/05/2013
2013012816;1;2;1;2;1;670;16/05/2013
2013012817;1;2;1;1;2;670;08/06/2013
2013012818;1;2;1;1;6;670;15/06/2013
2013012819;1;2;1;1;6;670;16/06/2013
2013012820;1;2;1;1;6;670;18/06/2013
2013012821;1;1;3;1;3;670;05/08/2013
2013012822;5;2;1;1;6;670;28/09/2013
2013012823;3;1;1;1;6;670;11/11/2013
2013012824;1;2;1;1;3;670;15/11/2013
2013012825;1;2;1;1;6;670;20/12/2013
2013012826;1;2;1;8;1;60;08/01/2013
2013012827;1;2;1;8;3;60;13/01/2013
2013012828;3;1;1;1;3;60;10/02/2013
2013012829;1;2;1;1;3;60;05/05/2013
2013012830;1;1;1;1;6;60;23/06/2013
2013012831;1;1;1;1;2;60;01/07/2013
2013012832;1;1;1;1;1;60;28/07/2013
2013012833;1;2;1;8;2;60;28/09/2013
2013012834;1;2;1;1;4;60;01/11/2013
2013012835;2;1;1;1;6;60;25/10/2013
2013012836;3;2;1;1;1;60;15/12/2013
2013012837;3;1;1;4;6;650;24/02/2013
2013012838;1;1;1;1;5;650;02/03/2013
2013012839;1;1;1;4;6;650;23/03/2013
2013012840;3;1;1;2;6;650;02/05/2013
2013012841;1;1;1;1;6;650;10/05/2013
2013012842;2;1;1;1;7;650;29/06/2013
2013012843;1;1;1;1;7;650;13/07/2013
2013012844;3;1;1;1;5;650;04/08/2013
2013012845;3;1;1;1;6;640;01/09/2013
2013012846;1;1;1;4;4;650;21/11/2013
2013012847;2;1;1;9;6;20;14/02/2013
2013012848;1;1;1;1;6;20;29/04/2013
2013012849;3;1;1;1;2;20;30/06/2013
2013012850;1;1;2;1;3;20;03/07/2013
2013012851;1;1;1;1;6;20;24/07/2013
2013012852;1;1;1;1;6;20;26/07/2013
2013012853;3;1;1;1;3;20;02/08/2013
2013012854;1;1;1;1;2;20;08/08/2013
2013012855;1;2;3;1;3;20;11/08/2013
2013012856;2;1;1;1;1;20;08/09/2013
2013012857;1;1;1;1;6;20;08/09/2013
2013012858;1;2;1;8;3;20;25/09/2013
2013012859;1;1;1;1;1;20;09/10/2013
2013012860;1;2;1;1;6;20;19/10/2013
2013012861;1;1;1;1;6;20;24/10/2013
2013012862;2;1;1;2;2;20;04/12/2013
2013012863;3;1;1;1;3;20;21/12/2013
2013012864;3;1;1;8;1;380;05/01/2013
2013012865;1;1;1;2;5;380;30/05/2013
2013012866;2;2;1;1;6;380;16/06/2013
2013012867;1;2;1;1;2;380;27/06/2013
2013012868;1;2;3;1;3;380;22/08/2013
2013012869;1;1;1;1;3;380;30/08/2013
2013012870;1;1;1;1;3;380;02/11/2013
2013012871;1;1;1;1;1;30;19/06/2013
2013012872;1;1;1;1;6;30;17/07/2013
2013012873;1;1;1;7;6;30;29/10/2013
2013012874;3;1;1;1;6;50;12/01/2013
2013012875;3;1;1;3;6;50;17/03/2013
2013012876;3;1;1;1;5;50;24/05/2013
2013012877;1;1;1;1;2;40;13/09/2013
2013012878;1;1;1;1;6;50;22/09/2013
2013012879;1;1;1;1;2;40;03/10/2013
2013012880;1;1;1;1;6;40;27/12/2013
2013012881;1;1;1;1;6;130;08/04/2013
2013012882;1;1;1;7;6;130;13/04/2013
2013012883;2;1;1;3;1;130;29/04/2013
2013012884;1;1;1;1;5;130;04/06/2013
2013012885;1;2;1;1;6;130;15/06/2013
2013012886;1;1;1;1;5;130;04/07/2013
2013012887;1;2;1;1;1;130;11/07/2013
2013012888;2;1;1;1;6;130;11/08/2013
2013012889;3;1;9;4;7;730;19/01/2013
2013012890;5;1;9;3;6;730;17/03/2013
2013012891;1;1;1;8;7;730;21/04/2013
2013012892;1;1;1;5;6;380;27/03/2013
2013012893;1;1;1;1;6;380;25/03/2013
2013012894;1;1;1;1;6;380;17/09/2013
2013012895;1;1;1;1;3;350;20/04/2013
2013012896;3;1;1;1;7;350;09/07/2013
2013012897;1;1;1;1;2;350;30/08/2013
2013012898;1;1;1;1;2;350;11/09/2013
2013012899;1;1;1;1;3;350;05/10/2013
2013012900;3;1;1;4;7;670;14/02/2013
2013012901;1;1;1;1;7;670;27/05/2013
2013012902;1;1;1;1;6;670;07/10/2013
2013012903;1;2;1;1;3;620;25/04/2013
2013012904;1;2;1;2;1;620;12/06/2013
2013012905;1;1;1;1;7;620;25/06/2013
2013012906;2;2;1;1;6;620;11/12/2013
2013012907;1;1;3;1;3;110;26/01/2013
2013012908;1;2;1;1;6;110;13/02/2013
2013012909;1;2;1;1;2;110;04/01/2013
2013012910;1;1;1;1;2;110;31/03/2013
2013012911;1;1;1;1;3;110;16/04/2013
2013012912;1;2;1;1;6;110;04/06/2013
2013012913;1;1;1;1;2;110;12/06/2013
2013012914;5;2;1;1;3;110;25/06/2013
2013012915;1;2;1;1;1;110;28/06/2013
2013012916;2;1;1;1;2;110;08/01/2013
2013012917;1;1;1;1;3;110;09/01/2013
2013012918;1;1;1;1;6;110;10/08/2013
2013012919;1;2;1;1;3;110;10/01/2013
2013012920;1;1;1;1;2;110;06/09/2013
2013012921;1;2;1;1;6;110;23/09/2013
2013012922;1;1;1;1;6;110;11/01/2013
2013012923;5;2;1;1;7;110;11/01/2013
2013012924;3;1;1;1;6;110;07/12/2013
2013012925;1;2;1;1;6;110;21/12/2013
2013012926;5;2;3;1;3;110;28/12/2013
2013012927;1;1;1;1;1;110;19/01/2013
2013012928;1;1;1;1;7;110;23/01/2013
2013012929;1;2;1;1;3;110;25/01/2013
2013012930;1;2;1;1;6;110;26/01/2013
2013012931;1;1;1;1;2;110;31/01/2013
2013012932;2;1;1;1;7;110;31/01/2013
2013012933;2;1;1;1;3;110;04/02/2013
2013012934;2;2;1;1;6;110;05/02/2013
2013012935;1;1;1;1;6;110;05/02/2013
2013012936;3;1;1;1;3;110;05/02/2013
2013012937;1;1;1;1;7;110;06/02/2013
2013012938;1;1;1;1;7;110;08/02/2013
2013012939;2;2;1;1;7;110;08/02/2013
2013012940;3;1;1;1;6;110;09/02/2013
2013012941;1;1;1;1;7;110;13/02/2013
2013012942;2;2;1;1;6;110;15/02/2013
2013012943;2;2;1;1;7;110;18/02/2013
2013012944;1;2;1;1;6;110;16/02/2013
2013012945;1;1;1;1;7;110;18/02/2013
2013012946;2;2;1;1;6;110;21/02/2013
2013012947;1;2;1;1;4;110;22/02/2013
2013012948;1;2;1;1;6;110;22/02/2013
2013012949;3;1;1;1;3;110;23/02/2013
2013012950;2;2;3;1;3;110;27/02/2013
2013012951;5;2;1;1;7;110;28/02/2013
2013012952;5;2;1;1;6;110;28/02/2013
2013012953;5;2;1;1;6;110;04/03/2013
2013012954;1;1;1;1;2;110;07/03/2013
2013012955;1;1;1;1;3;110;08/03/2013
2013012956;1;2;1;1;6;110;11/03/2013
2013012957;1;2;1;1;6;110;12/03/2013
2013012958;1;1;1;1;3;110;13/03/2013
2013012959;1;2;1;1;2;110;25/03/2013
2013012960;1;1;1;1;5;110;28/03/2013
2013012961;1;2;1;1;6;110;02/04/2013
2013012962;1;1;1;1;2;110;02/04/2013
2013012963;1;1;1;1;6;110;03/04/2013
2013012964;2;2;1;1;3;110;05/04/2013
2013012965;1;1;1;1;6;110;06/04/2013
2013012966;1;1;1;1;2;110;11/04/2013
2013012967;1;2;1;1;6;110;14/04/2013
2013012968;1;2;1;1;2;110;15/04/2013
2013012969;1;2;1;1;1;110;15/04/2013
2013012970;1;2;1;1;2;110;16/04/2013
2013012971;1;2;1;1;6;110;19/04/2013
2013012972;2;2;1;1;4;110;20/04/2013
2013012973;1;1;1;1;2;110;23/04/2013
2013012974;1;2;1;1;2;110;26/04/2013
2013012975;3;2;3;1;3;110;26/04/2013
2013012976;1;1;1;1;7;110;28/04/2013
2013012977;2;2;1;1;1;110;29/04/2013
2013012978;1;2;1;1;3;110;30/04/2013
2013012979;1;1;1;1;3;110;30/04/2013
2013012980;1;1;1;1;4;110;30/04/2013
2013012981;1;1;1;1;7;110;04/05/2013
2013012982;1;2;3;1;6;110;07/05/2013
2013012983;1;1;1;1;7;110;07/05/2013
2013012984;1;1;1;1;7;110;07/05/2013
2013012985;1;1;1;1;6;110;12/05/2013
2013012986;1;2;1;1;6;110;17/05/2013
2013012987;1;2;1;1;1;110;17/05/2013
2013012988;3;1;3;1;6;110;19/05/2013
2013012989;3;2;1;1;6;110;01/06/2013
2013012990;2;1;1;1;1;110;02/06/2013
2013012991;1;1;1;1;7;110;09/06/2013
2013012992;1;2;2;1;3;110;11/06/2013
2013012993;1;1;1;1;2;110;11/06/2013
2013012994;1;2;1;1;2;110;13/06/2013
2013012995;3;2;1;1;7;110;15/06/2013
2013012996;1;1;1;1;6;110;17/06/2013
2013012997;1;1;1;1;6;110;22/06/2013
2013012998;2;1;1;1;7;110;23/06/2013
2013012999;1;2;1;1;3;110;25/06/2013
2013013000;1;1;1;1;2;110;25/06/2013
2013013001;1;2;1;1;6;110;26/06/2013
2013013002;1;1;1;1;6;110;26/06/2013
2013013003;1;2;1;1;3;110;02/07/2013
2013013004;1;1;1;1;4;110;03/07/2013
2013013005;3;1;1;1;2;110;05/07/2013
2013013006;3;1;1;1;3;110;06/07/2013
2013013007;1;1;1;1;3;110;08/07/2013
2013013008;1;2;1;1;2;110;09/07/2013
2013013009;3;1;1;1;1;110;11/07/2013
2013013010;3;1;1;1;7;110;12/07/2013
2013013011;3;1;1;1;7;110;14/07/2013
2013013012;1;2;1;1;3;110;14/07/2013
2013013013;1;1;1;1;7;110;17/07/2013
2013013014;1;1;1;1;7;110;20/07/2013
2013013015;1;1;1;1;3;110;26/07/2013
2013013016;1;1;1;1;3;110;26/07/2013
2013013017;1;2;1;1;2;110;26/07/2013
2013013018;1;2;1;1;6;110;27/07/2013
2013013019;1;1;1;1;1;110;31/07/2013
2013013020;5;2;3;1;3;110;03/08/2013
2013013021;3;1;1;1;7;110;04/08/2013
2013013022;3;2;1;1;3;110;04/08/2013
2013013023;1;1;1;1;3;110;10/08/2013
2013013024;1;1;1;1;7;110;12/08/2013
2013013025;5;2;1;1;6;110;16/08/2013
2013013026;1;1;1;1;3;110;21/08/2013
2013013027;1;1;1;1;1;110;23/08/2013
2013013028;1;2;1;1;6;110;26/08/2013
2013013029;1;2;1;1;7;110;02/09/2013
2013013030;1;2;1;1;6;110;03/09/2013
2013013031;5;2;1;1;3;110;04/09/2013
2013013032;2;1;1;1;1;110;06/09/2013
2013013033;2;1;1;1;1;110;10/09/2013
2013013034;1;2;1;1;7;110;13/09/2013
2013013035;1;2;1;1;2;110;20/09/2013
2013013036;4;1;1;1;7;110;21/09/2013
2013013037;1;2;1;1;7;110;26/09/2013
2013013038;1;2;1;1;3;110;27/09/2013
2013013039;1;1;1;1;6;110;28/09/2013
2013013040;3;2;3;1;3;110;03/10/2013
2013013041;1;1;1;1;2;110;04/10/2013
2013013042;1;2;3;1;3;110;10/10/2013
2013013043;1;1;1;1;3;110;11/10/2013
2013013044;2;2;1;1;2;110;16/10/2013
2013013045;1;1;1;1;3;110;16/10/2013
2013013046;3;2;1;1;7;110;18/10/2013
2013013047;1;2;1;1;7;110;23/10/2013
2013013048;1;1;1;1;2;110;25/10/2013
2013013049;1;1;1;1;6;110;27/10/2013
2013013050;1;1;1;1;3;110;06/11/2013
2013013051;1;2;1;1;3;110;09/11/2013
2013013052;1;1;1;1;7;110;11/11/2013
2013013053;1;1;1;1;2;110;14/11/2013
2013013054;5;2;1;1;6;110;16/11/2013
2013013055;1;1;1;1;3;110;19/11/2013
2013013056;1;2;1;1;6;110;19/11/2013
2013013057;3;1;1;1;3;110;24/11/2013
2013013058;3;2;1;1;6;110;01/12/2013
2013013059;2;1;1;1;1;110;04/12/2013
2013013060;1;1;1;1;3;110;04/12/2013
2013013061;3;1;1;1;3;110;09/12/2013
2013013062;1;2;1;1;2;110;12/12/2013
2013013063;5;1;1;1;7;110;12/12/2013
2013013064;3;1;1;1;5;110;17/12/2013
2013013065;1;1;1;1;3;110;18/12/2013
2013013066;1;1;1;1;3;110;18/12/2013
2013013067;5;2;1;1;6;110;27/12/2013
2013013068;1;2;1;1;6;110;28/12/2013
2013013069;1;2;1;1;6;110;30/12/2013
2013013070;5;2;1;1;3;110;21/03/2013
2013013071;1;2;2;1;3;110;26/03/2013
2013013072;1;1;2;1;3;110;07/04/2013
2013013073;1;1;1;8;5;310;11/02/2013
2013013074;1;1;3;1;3;310;28/10/2013
2013013075;2;1;1;9;2;310;15/11/2013
2013013076;1;1;3;2;3;310;22/11/2013
2013013077;3;1;1;8;6;310;24/11/2013
2013013078;1;1;1;4;3;770;05/02/2013
2013013079;1;1;1;2;2;770;27/06/2013
2013013080;1;1;1;1;5;770;14/12/2013
2013013081;3;1;1;3;4;770;24/12/2013
2013013082;1;1;1;1;6;770;27/12/2013
2013013083;2;1;1;1;7;20;05/09/2013
2013013084;1;2;1;2;3;110;03/10/2013
2013013085;1;2;1;1;4;110;02/01/2013
2013013086;1;2;1;1;6;110;07/01/2013
2013013087;1;2;1;1;6;110;07/01/2013
2013013088;1;2;2;1;3;110;08/01/2013
2013013089;1;2;3;1;3;110;15/02/2013
2013013090;1;2;1;1;2;110;22/02/2013
2013013091;1;2;1;1;3;110;14/01/2013
2013013092;1;2;1;1;3;110;15/02/2013
2013013093;1;2;1;8;3;110;18/01/2013
2013013094;1;2;1;1;2;110;03/04/2013
2013013095;5;2;2;1;3;110;03/04/2013
2013013096;1;2;1;1;2;110;23/01/2013
2013013097;1;2;2;1;3;110;21/04/2013
2013013098;1;2;1;1;6;110;25/01/2013
2013013099;5;2;1;1;7;110;25/01/2013
2013013100;1;2;3;1;2;110;26/04/2013
2013013101;1;2;3;1;2;110;04/05/2013
2013013102;1;2;1;1;6;110;18/04/2013
2013013103;2;2;1;1;3;110;08/05/2013
2013013104;1;2;1;6;6;110;11/05/2013
2013013105;1;2;6;2;6;110;08/05/2013
2013013106;1;2;2;1;3;110;16/05/2013
2013013107;1;2;1;1;6;110;17/05/2013
2013013108;1;2;1;1;3;110;23/05/2013
2013013109;1;2;1;1;2;110;31/01/2013
2013013110;5;2;2;1;6;110;29/05/2013
2013013111;5;2;1;1;6;110;02/02/2013
2013013112;1;2;1;1;6;110;03/02/2013
2013013113;1;2;1;1;6;110;12/06/2013
2013013114;2;2;1;1;1;110;05/02/2013
2013013115;1;2;1;1;6;110;21/06/2013
2013013116;5;2;1;1;2;110;07/02/2013
2013013117;1;2;1;1;3;110;27/06/2013
2013013118;1;2;1;1;6;110;11/02/2013
2013013119;1;2;2;1;3;110;20/07/2013
2013013120;1;2;1;1;6;110;14/02/2013
2013013121;1;2;1;8;2;110;19/02/2013
2013013122;1;2;3;1;3;110;19/08/2013
2013013123;5;2;3;1;3;110;20/08/2013
2013013124;1;2;1;1;3;110;20/02/2013
2013013125;1;2;1;1;3;110;27/08/2013
2013013126;2;2;1;1;6;110;31/08/2013
2013013127;1;2;6;1;3;110;04/09/2013
2013013128;2;2;3;1;6;110;25/02/2013
2013013129;1;2;1;1;6;110;10/09/2013
2013013130;5;2;1;1;3;110;14/09/2013
2013013131;1;2;1;1;4;110;17/09/2013
2013013132;1;2;2;1;3;110;08/08/2013
2013013133;1;2;1;1;3;110;24/09/2013
2013013134;1;2;1;1;7;110;26/09/2013
2013013135;1;2;3;1;3;110;25/09/2013
2013013136;1;2;1;1;2;110;04/03/2013
2013013137;1;2;3;1;3;110;08/10/2013
2013013138;1;2;1;1;2;110;08/10/2013
2013013139;1;2;2;1;1;110;10/10/2013
2013013140;1;2;1;1;3;110;11/10/2013
2013013141;1;2;1;1;6;110;16/10/2013
2013013142;1;2;1;1;1;110;20/10/2013
2013013143;1;2;1;1;6;110;24/10/2013
2013013144;5;2;2;1;3;110;07/03/2013
2013013145;1;2;1;1;3;110;28/10/2013
2013013146;1;2;1;1;6;110;02/11/2013
2013013147;1;2;1;1;6;110;01/11/2013
2013013148;1;2;1;1;2;110;11/03/2013
2013013149;1;2;3;1;3;110;14/11/2013
2013013150;1;2;1;1;6;110;12/11/2013
2013013151;1;2;1;1;7;110;05/08/2013
2013013152;5;2;1;1;6;110;08/11/2013
2013013153;5;2;6;2;6;110;22/11/2013
2013013154;1;2;1;1;6;110;21/11/2013
2013013155;1;2;1;1;7;110;21/11/2013
2013013156;1;2;1;8;3;110;20/11/2013
2013013157;1;1;1;1;6;110;12/12/2013
2013013158;1;2;1;1;7;110;19/03/2013
2013013159;2;2;1;1;2;110;19/03/2013
2013013160;1;2;1;1;6;110;26/03/2013
2013013161;5;2;2;1;3;110;07/04/2013
2013013162;1;2;1;1;4;110;08/04/2013
2013013163;1;2;2;1;3;110;08/04/2013
2013013164;1;2;1;1;6;110;26/04/2013
2013013165;1;2;1;2;7;110;30/04/2013
2013013166;1;2;1;1;6;110;09/05/2013
2013013167;1;2;1;1;7;110;10/05/2013
2013013168;1;1;1;1;3;110;14/05/2013
2013013169;1;2;1;1;6;110;17/05/2013
2013013170;1;2;1;1;3;110;22/05/2013
2013013171;1;2;1;1;7;110;27/05/2013
2013013172;1;2;2;2;3;110;28/05/2013
2013013173;1;2;1;8;4;110;28/05/2013
2013013174;1;2;1;8;6;110;29/05/2013
2013013175;1;2;1;1;7;110;04/06/2013
2013013176;1;2;6;1;7;110;05/06/2013
2013013177;2;2;1;1;3;110;06/06/2013
2013013178;1;2;1;1;6;110;16/06/2013
2013013179;1;2;1;1;6;110;18/06/2013
2013013180;1;1;3;1;3;110;21/06/2013
2013013181;1;2;2;1;3;110;30/06/2013
2013013182;1;1;1;1;2;110;01/07/2013
2013013183;1;2;3;1;3;110;02/07/2013
2013013184;1;2;1;1;2;110;03/07/2013
2013013185;1;2;1;1;6;110;04/07/2013
2013013186;1;2;3;1;3;110;05/07/2013
2013013187;5;2;3;1;3;110;06/07/2013
2013013188;1;2;1;1;3;110;07/07/2013
2013013189;1;2;1;1;2;110;10/07/2013
2013013190;1;2;1;1;2;110;12/07/2013
2013013191;1;2;3;1;3;110;13/07/2013
2013013192;1;1;1;1;3;110;21/07/2013
2013013193;1;2;1;1;2;110;22/07/2013
2013013194;1;2;1;1;2;110;26/07/2013
2013013195;2;2;1;2;1;110;29/07/2013
2013013196;1;2;1;1;4;110;09/08/2013
2013013197;1;2;1;3;7;110;17/08/2013
2013013198;1;2;1;3;6;110;17/08/2013
2013013199;1;2;1;1;1;110;21/08/2013
2013013200;1;2;1;1;2;110;20/08/2013
2013013201;1;2;1;1;6;110;01/09/2013
2013013202;1;2;2;1;2;110;02/09/2013
2013013203;1;2;1;1;2;110;07/09/2013
2013013204;1;2;1;1;5;110;10/09/2013
2013013205;1;2;1;1;2;110;13/09/2013
2013013206;1;2;1;1;4;110;14/09/2013
2013013207;1;2;1;1;3;110;05/10/2013
2013013208;1;2;1;1;3;110;09/10/2013
2013013209;1;2;1;1;2;110;12/10/2013
2013013210;1;2;1;1;2;110;14/10/2013
2013013211;1;2;1;1;7;110;16/10/2013
2013013212;1;2;1;1;6;110;21/10/2013
2013013213;1;2;1;1;3;110;30/10/2013
2013013214;2;2;1;1;2;110;31/10/2013
2013013215;1;2;1;1;6;110;06/11/2013
2013013216;1;2;3;1;3;110;15/11/2013
2013013217;5;2;3;2;3;110;18/11/2013
2013013218;5;2;1;1;2;110;19/11/2013
2013013219;1;2;1;1;6;110;25/11/2013
2013013220;5;2;1;1;6;110;02/12/2013
2013013221;1;2;1;1;3;110;06/12/2013
2013013222;1;2;1;1;3;110;09/12/2013
2013013223;1;2;1;5;7;110;10/12/2013
2013013224;1;2;1;1;2;110;10/12/2013
2013013225;1;1;1;1;3;110;10/12/2013
2013013226;2;2;1;1;6;110;14/12/2013
2013013227;5;2;2;1;3;110;15/12/2013
2013013228;1;2;2;1;3;110;15/12/2013
2013013229;1;2;1;1;3;110;30/12/2013
2013013230;3;1;1;1;3;950;23/02/2013
2013013231;1;1;1;1;6;600;28/07/2013
2013013232;1;1;1;1;6;600;30/09/2013
2013013233;3;1;1;2;6;950;09/11/2013
2013013234;1;2;1;1;1;130;22/07/2013
2013013235;1;2;1;1;6;130;23/12/2013
2013013236;2;1;1;1;7;850;09/10/2013
2013013237;3;1;1;4;2;850;28/12/2013
2013013238;1;1;1;4;6;310;06/02/2013
2013013239;3;1;1;1;3;310;23/02/2013
2013013240;1;1;1;1;5;310;10/04/2013
2013013241;1;1;1;1;1;310;01/10/2013
2013013242;5;2;1;1;7;310;01/10/2013
2013013243;1;1;1;1;3;310;13/11/2013
2013013244;5;1;1;2;2;310;14/12/2013
2013013245;1;1;1;1;6;760;16/01/2013
2013013246;3;1;1;1;5;760;06/03/2013
2013013247;1;1;1;1;6;760;25/05/2013
2013013248;1;1;1;1;2;760;18/06/2013
2013013249;1;1;1;1;2;760;06/07/2013
2013013250;2;1;1;1;7;760;05/11/2013
2013013251;1;1;1;1;7;760;10/11/2013
2013013252;1;1;1;1;6;310;25/07/2013
2013013253;2;1;1;1;3;310;12/10/2013
2013013254;1;2;1;1;6;740;05/04/2013
2013013255;1;1;1;1;7;740;09/06/2013
2013013256;1;1;1;1;2;740;17/10/2013
2013013257;1;1;1;3;6;740;20/10/2013
2013013258;1;1;1;1;6;800;24/03/2013
2013013259;3;1;1;1;7;800;23/03/2013
2013013260;1;1;1;1;6;800;14/04/2013
2013013261;1;1;1;1;6;800;25/07/2013
2013013262;3;1;1;8;6;800;10/09/2013
2013013263;1;1;1;1;6;800;28/09/2013
2013013264;1;1;1;1;7;800;02/12/2013
2013013265;3;1;1;1;1;800;16/12/2013
2013013266;1;1;1;9;6;800;26/01/2013
2013013267;1;1;1;1;6;800;31/03/2013
2013013268;3;1;1;1;6;800;10/05/2013
2013013269;3;1;1;5;3;800;06/07/2013
2013013270;1;1;1;1;6;730;16/03/2013
2013013271;2;1;1;1;2;390;19/04/2013
2013013272;1;1;1;1;2;710;01/06/2013
2013013273;3;1;1;1;2;390;03/09/2013
2013013274;1;1;1;2;6;390;07/09/2013
2013013275;1;2;3;1;3;120;22/02/2013
2013013276;1;2;1;1;7;120;26/02/2013
2013013277;1;2;3;8;3;120;06/04/2013
2013013278;1;1;3;1;3;120;30/08/2013
2013013279;2;2;9;7;6;120;23/09/2013
2013013280;1;2;1;1;3;120;26/09/2013
2013013281;1;2;3;1;1;120;22/10/2013
2013013282;1;2;1;2;1;120;09/11/2013
2013013283;1;2;3;1;3;120;28/11/2013
2013013284;1;2;1;8;6;120;03/12/2013
2013013285;1;1;1;9;7;120;15/12/2013
2013013286;5;2;1;1;6;120;25/12/2013
2013013287;5;2;1;1;6;120;12/01/2013
2013013288;5;2;6;1;3;120;02/03/2013
2013013289;1;2;1;2;3;120;18/03/2013
2013013290;2;2;1;2;2;120;18/03/2013
2013013291;1;2;1;1;7;120;25/04/2013
2013013292;1;1;1;1;6;120;02/05/2013
2013013293;1;2;1;1;3;120;04/06/2013
2013013294;1;1;1;1;6;120;12/07/2013
2013013295;1;1;1;1;1;120;04/08/2013
2013013296;1;2;1;1;6;120;11/12/2013
2013013297;1;1;3;4;1;120;21/01/2013
2013013298;5;2;1;1;6;120;31/01/2013
2013013299;5;2;1;1;4;120;13/02/2013
2013013300;1;1;1;1;7;120;16/02/2013
2013013301;1;2;1;1;2;120;16/02/2013
2013013302;1;1;1;7;7;120;10/03/2013
2013013303;1;2;2;4;2;120;13/03/2013
2013013304;5;2;1;2;6;120;24/03/2013
2013013305;5;2;1;3;7;120;30/03/2013
2013013306;5;2;1;2;3;120;30/03/2013
2013013307;1;2;1;1;7;120;07/04/2013
2013013308;1;2;1;1;3;120;08/04/2013
2013013309;1;1;1;1;6;120;16/04/2013
2013013310;1;2;1;1;6;120;01/05/2013
2013013311;1;1;1;1;6;120;07/05/2013
2013013312;1;1;1;3;2;120;15/05/2013
2013013313;1;2;1;1;1;120;21/05/2013
2013013314;1;2;1;2;4;120;25/05/2013
2013013315;1;2;1;2;2;120;30/05/2013
2013013316;5;2;2;2;1;120;31/05/2013
2013013317;1;2;1;1;6;120;04/06/2013
2013013318;1;2;9;1;1;120;10/06/2013
2013013319;1;2;1;1;6;120;18/06/2013
2013013320;1;2;1;1;2;120;27/06/2013
2013013321;1;2;1;8;1;120;28/06/2013
2013013322;1;2;1;1;6;120;02/07/2013
2013013323;2;1;1;1;7;120;06/07/2013
2013013324;1;2;1;1;7;120;11/07/2013
2013013325;1;2;1;1;1;120;17/07/2013
2013013326;3;1;1;1;1;120;24/07/2013
2013013327;1;2;6;1;6;120;26/07/2013
2013013328;5;2;1;3;6;120;28/07/2013
2013013329;1;2;4;1;6;120;29/07/2013
2013013330;1;2;1;1;4;120;29/07/2013
2013013331;1;2;1;1;7;120;30/07/2013
2013013332;1;2;9;1;1;120;03/08/2013
2013013333;2;1;1;2;1;120;17/08/2013
2013013334;1;2;1;1;7;120;21/08/2013
2013013335;1;2;6;1;6;120;04/09/2013
2013013336;1;2;1;1;6;120;19/09/2013
2013013337;5;2;1;2;3;120;20/09/2013
2013013338;2;2;1;2;7;120;20/09/2013
2013013339;1;2;1;1;1;120;03/10/2013
2013013340;5;1;1;1;3;120;09/10/2013
2013013341;1;2;9;1;1;120;28/10/2013
2013013342;1;2;1;2;6;120;19/11/2013
2013013343;1;1;1;1;2;120;21/11/2013
2013013344;1;1;2;4;5;120;22/11/2013
2013013345;3;2;6;1;6;120;26/11/2013
2013013346;5;1;2;1;1;120;10/12/2013
2013013347;5;2;1;1;4;120;12/12/2013
2013013348;1;1;1;2;7;120;20/12/2013
2013013349;5;2;1;1;2;120;20/12/2013
2013013350;1;2;1;1;6;120;31/12/2013
2013013351;5;1;1;8;2;460;14/09/2013
2013013352;3;1;1;1;2;450;29/04/2013
2013013353;1;1;1;1;6;450;04/05/2013
2013013354;1;1;1;1;2;450;29/06/2013
2013013355;1;1;1;1;6;450;03/10/2013
2013013356;1;2;1;1;3;240;08/02/2013
2013013357;1;1;1;1;7;240;24/07/2013
2013013358;1;1;1;1;1;240;09/08/2013
2013013359;3;1;1;2;6;630;10/01/2013