num_acc;lum;agg;inter;atm;col;dep;date
2013015092;1;2;1;1;5;130;08/07/2013
2013015093;1;2;1;1;6;130;08/07/2013
2013015094;1;2;1;1;3;130;16/06/2013
2013015095;1;2;1;1;3;130;24/06/2013
2013015096;5;2;2;1;3;130;28/06/2013
2013015097;1;2;1;1;4;130;09/07/2013
2013015098;2;2;1;1;6;130;04/06/2013
2013015099;1;2;1;1;3;130;17/06/2013
2013015100;2;2;1;1;6;130;01/07/2013
2013015101;1;2;1;1;2;130;21/06/2013
2013015102;1;2;1;1;7;130;03/05/2013
2013015103;1;2;1;1;3;130;30/05/2013
2013015104;1;2;1;1;3;130;30/05/2013
2013015105;1;2;1;1;3;130;28/06/2013
2013015106;1;2;1;1;6;130;08/06/2013
2013015107;1;2;1;1;7;130;24/06/2013
2013015108;5;2;1;1;3;130;02/07/2013
2013015109;1;2;1;1;6;130;31/05/2013
2013015110;1;2;1;1;3;130;21/06/2013
2013015111;1;2;1;1;6;130;10/07/2013
2013015112;1;2;1;1;2;130;04/06/2013
2013015113;1;2;1;1;2;130;17/06/2013
2013015114;1;2;1;1;5;130;19/06/2013
2013015115;1;2;3;1;3;130;19/06/2013
2013015116;1;2;1;1;3;130;17/06/2013
2013015117;1;2;1;1;2;130;12/06/2013
2013015118;1;2;1;1;3;130;12/06/2013
2013015119;1;2;1;1;1;130;12/06/2013
2013015120;1;2;1;1;6;130;18/06/2013
2013015121;1;2;1;1;7;130;02/05/2013
2013015122;1;2;1;1;6;130;24/06/2013
2013015123;1;2;1;1;3;130;15/06/2013
2013015124;1;2;3;1;3;130;29/05/2013
2013015125;1;2;1;1;2;130;14/06/2013
2013015126;5;2;1;1;2;130;22/06/2013
2013015127;1;2;1;1;5;130;29/06/2013
2013015128;1;2;2;1;3;130;26/03/2013
2013015129;1;2;2;1;5;130;27/06/2013
2013015130;1;2;1;1;6;130;25/06/2013
2013015131;1;2;1;1;3;130;18/06/2013
2013015132;5;2;1;1;6;130;13/07/2013
2013015133;5;2;1;1;6;130;11/07/2013
2013015134;5;2;1;2;7;130;14/07/2013
2013015135;5;2;7;1;3;130;12/07/2013
2013015136;5;2;3;1;3;130;12/07/2013
2013015137;5;2;2;1;3;130;10/07/2013
2013015138;1;2;1;1;2;130;06/07/2013
2013015139;1;2;1;1;6;130;18/06/2013
2013015140;1;2;1;1;3;130;29/06/2013
2013015141;1;1;1;1;4;130;06/06/2013
2013015142;1;2;1;1;3;130;18/06/2013
2013015143;1;2;1;1;6;130;06/07/2013
2013015144;1;2;1;1;7;130;05/07/2013
2013015145;1;2;1;1;2;130;06/07/2013
2013015146;1;2;2;1;6;130;02/04/2013
2013015147;1;2;1;1;2;130;22/04/2013
2013015148;1;2;1;1;6;130;16/07/2013
2013015149;1;2;9;2;3;130;16/05/2013
2013015150;1;2;1;1;2;130;13/06/2013
2013015151;1;2;1;1;6;130;04/07/2013
2013015152;5;2;1;1;2;130;20/05/2013
2013015153;1;2;1;1;2;130;17/06/2013
2013015154;2;2;1;1;3;130;07/06/2013
2013015155;1;2;1;1;3;130;13/06/2013
2013015156;1;2;1;1;2;130;24/06/2013
2013015157;1;1;1;1;3;130;07/05/2013
2013015158;1;2;1;1;3;130;10/07/2013
2013015159;1;2;1;1;3;130;17/07/2013
2013015160;1;2;1;1;6;130;15/06/2013
2013015161;1;2;1;1;6;130;22/06/2013
2013015162;1;2;1;1;6;130;04/07/2013
2013015163;1;2;1;1;6;130;29/06/2013
2013015164;1;2;1;1;3;130;26/02/2013
2013015165;1;2;1;1;2;130;02/05/2013
2013015166;1;2;1;1;7;130;03/07/2013
2013015167;1;2;2;1;7;130;26/05/2013
2013015168;5;2;1;1;2;130;07/06/2013
2013015169;1;2;1;1;4;130;11/07/2013
2013015170;1;2;1;1;3;130;11/07/2013
2013015171;5;2;1;1;6;130;18/07/2013
2013015172;5;2;2;1;3;130;19/04/2013
2013015173;1;2;9;1;1;130;27/06/2013
2013015174;1;2;1;1;7;130;23/06/2013
2013015175;1;2;1;1;2;130;21/06/2013
2013015176;1;2;1;1;3;130;09/07/2013
2013015177;1;2;2;1;3;130;11/07/2013
2013015178;1;2;2;1;6;130;16/07/2013
2013015179;5;2;1;1;3;130;01/07/2013
2013015180;1;2;1;1;6;130;08/05/2013
2013015181;1;2;1;1;4;130;14/05/2013
2013015182;1;2;1;1;3;130;23/07/2013
2013015183;1;2;1;1;6;130;23/07/2013
2013015184;1;2;1;1;4;130;06/07/2013
2013015185;1;2;1;1;3;130;12/06/2013
2013015186;1;2;1;1;3;130;24/06/2013
2013015187;1;2;1;1;3;130;14/07/2013
2013015188;1;2;3;1;3;130;10/07/2013
2013015189;1;2;1;1;3;130;14/07/2013
2013015190;5;2;2;1;3;130;03/07/2013
2013015191;1;2;1;1;3;130;16/07/2013
2013015192;1;2;1;1;6;130;25/07/2013
2013015193;1;2;3;1;5;130;24/07/2013
2013015194;1;2;1;1;7;130;28/07/2013
2013015195;5;2;1;1;1;130;22/06/2013
2013015196;1;2;1;1;2;130;25/07/2013
2013015197;1;2;1;1;6;130;21/06/2013
2013015198;1;2;1;1;6;130;13/06/2013
2013015199;1;2;3;1;2;130;02/07/2013
2013015200;1;2;1;1;4;130;11/07/2013
2013015201;5;2;1;1;6;130;16/07/2013
2013015202;1;2;1;1;6;130;12/07/2013
2013015203;2;2;1;1;6;130;14/07/2013
2013015204;1;2;1;1;5;130;17/07/2013
2013015205;1;2;2;1;3;130;04/06/2013
2013015206;1;1;1;1;1;130;13/07/2013
2013015207;1;2;1;1;2;130;16/07/2013
2013015208;1;2;9;1;2;130;24/06/2013
2013015209;1;2;1;1;3;130;19/07/2013
2013015210;5;2;1;1;6;130;17/07/2013
2013015211;1;1;3;1;3;130;19/07/2013
2013015212;1;2;1;1;3;130;05/07/2013
2013015213;1;2;3;1;3;130;04/07/2013
2013015214;2;2;2;1;3;130;16/07/2013
2013015215;1;2;2;1;7;130;19/07/2013
2013015216;1;2;3;3;3;130;18/07/2013
2013015217;1;2;1;1;7;130;18/07/2013
2013015218;5;2;1;1;6;130;02/03/2013
2013015219;1;2;1;1;2;130;21/05/2013
2013015220;1;2;1;1;1;130;08/07/2013
2013015221;1;1;1;2;6;130;03/07/2013
2013015222;5;2;1;1;6;130;24/07/2013
2013015223;1;2;1;1;2;130;17/07/2013
2013015224;1;2;2;1;6;130;17/07/2013
2013015225;5;2;1;1;6;130;13/07/2013
2013015226;5;2;1;1;3;130;17/07/2013
2013015227;1;2;1;1;6;130;02/07/2013
2013015228;1;2;1;1;2;130;20/07/2013
2013015229;1;2;1;1;2;130;03/07/2013
2013015230;1;2;6;1;2;130;19/07/2013
2013015231;1;2;2;1;3;130;16/06/2013
2013015232;1;2;1;1;3;130;06/06/2013
2013015233;1;2;3;1;1;130;03/07/2013
2013015234;2;2;1;1;6;130;25/07/2013
2013015235;1;2;1;7;4;130;11/04/2013
2013015236;1;2;1;1;3;130;11/06/2013
2013015237;1;2;1;1;3;130;27/06/2013
2013015238;1;2;1;1;2;130;13/06/2013
2013015239;1;2;1;1;3;130;10/07/2013
2013015240;1;2;1;1;6;130;03/07/2013
2013015241;1;2;1;1;1;130;08/07/2013
2013015242;1;2;1;1;3;130;28/06/2013
2013015243;1;2;1;2;6;130;03/07/2013
2013015244;1;2;2;1;3;130;24/06/2013
2013015245;5;2;1;1;6;130;25/07/2013
2013015246;2;2;1;1;2;130;09/07/2013
2013015247;1;2;1;1;6;130;01/07/2013
2013015248;1;2;2;1;6;130;26/07/2013
2013015249;1;2;1;1;2;130;14/07/2013
2013015250;1;2;1;1;6;130;11/07/2013
2013015251;1;2;1;1;3;130;12/07/2013
2013015252;1;2;1;1;4;130;01/07/2013
2013015253;2;2;1;1;6;130;15/05/2013
2013015254;1;1;1;1;6;130;16/07/2013
2013015255;1;2;1;1;3;130;16/07/2013
2013015256;1;2;1;1;3;130;21/06/2013
2013015257;1;2;1;1;2;130;03/07/2013
2013015258;1;2;1;1;6;130;31/07/2013
2013015259;3;1;1;1;7;130;08/07/2013
2013015260;1;2;1;1;3;130;24/07/2013
2013015261;1;2;2;1;3;130;21/07/2013
2013015262;5;2;1;1;7;130;23/07/2013
2013015263;1;2;6;1;3;130;31/07/2013
2013015264;2;2;1;1;7;130;25/07/2013
2013015265;2;2;1;1;6;130;26/07/2013
2013015266;5;2;2;1;2;130;27/07/2013
2013015267;1;2;1;1;6;130;05/08/2013
2013015268;1;2;2;1;3;130;04/08/2013
2013015269;1;2;1;1;4;130;21/05/2013
2013015270;1;2;1;1;5;130;06/07/2013
2013015271;1;2;1;1;6;130;08/07/2013
2013015272;1;2;3;1;6;130;17/07/2013
2013015273;1;2;2;1;3;130;18/07/2013
2013015274;1;2;1;1;3;130;22/07/2013
2013015275;1;2;3;1;3;130;23/07/2013
2013015276;1;2;1;1;6;130;25/07/2013
2013015277;1;2;1;1;7;130;29/07/2013
2013015278;1;2;1;1;6;130;30/07/2013
2013015279;1;2;1;1;3;130;30/07/2013
2013015280;5;2;1;1;7;130;06/06/2013
2013015281;1;2;1;1;1;130;04/06/2013
2013015282;2;2;1;1;2;130;25/07/2013
2013015283;1;2;1;1;6;130;27/07/2013
2013015284;1;2;1;1;7;130;27/05/2013
2013015285;1;2;1;1;2;130;23/07/2013
2013015286;1;2;1;1;6;130;24/07/2013
2013015287;1;2;3;1;3;130;24/07/2013
2013015288;1;2;1;1;6;130;30/07/2013
2013015289;5;2;1;1;6;130;27/07/2013
2013015290;5;2;1;1;6;130;31/05/2013
2013015291;1;2;1;1;2;130;13/06/2013
2013015292;1;2;1;1;7;130;02/07/2013
2013015293;1;2;1;1;3;130;23/07/2013
2013015294;1;2;1;1;2;130;24/07/2013
2013015295;1;2;6;1;3;130;23/07/2013
2013015296;1;2;1;1;6;130;10/07/2013
2013015297;1;2;1;1;3;130;28/07/2013
2013015298;1;2;1;1;6;130;01/08/2013
2013015299;1;2;1;1;6;130;02/08/2013
2013015300;1;2;1;1;6;130;25/07/2013
2013015301;1;1;1;1;6;130;26/07/2013
2013015302;1;2;1;1;1;130;06/07/2013
2013015303;1;2;1;1;2;130;20/06/2013
2013015304;1;2;1;1;3;130;18/07/2013
2013015305;1;2;5;1;6;130;24/07/2013
2013015306;1;2;1;1;7;130;29/07/2013
2013015307;1;2;8;1;6;130;28/06/2013
2013015308;1;2;1;1;6;130;19/07/2013
2013015309;1;2;1;1;6;130;29/07/2013
2013015310;1;2;6;1;7;130;30/07/2013
2013015311;1;2;1;1;2;130;11/06/2013
2013015312;5;2;1;1;6;130;19/07/2013
2013015313;5;2;2;1;3;130;09/08/2013
2013015314;1;2;1;1;1;130;29/07/2013
2013015315;2;2;2;1;6;130;04/08/2013
2013015316;1;2;1;1;7;130;06/08/2013
2013015317;1;2;1;1;2;130;26/04/2013
2013015318;5;2;2;1;3;130;11/08/2013
2013015319;1;2;3;1;3;130;26/05/2013
2013015320;1;2;3;2;3;130;01/07/2013
2013015321;1;2;1;1;3;130;02/07/2013
2013015322;1;2;1;1;7;130;20/07/2013
2013015323;1;2;1;1;3;130;06/08/2013
2013015324;1;2;1;1;6;130;09/08/2013
2013015325;1;2;1;1;3;130;01/08/2013
2013015326;1;2;1;1;6;130;16/07/2013
2013015327;1;2;1;1;3;130;20/06/2013
2013015328;2;2;1;7;6;130;13/08/2013
2013015329;1;2;1;1;3;130;06/08/2013
2013015330;1;2;1;1;1;130;15/08/2013
2013015331;1;2;1;1;6;130;07/08/2013
2013015332;1;1;1;1;6;130;08/08/2013
2013015333;5;2;9;1;1;130;03/08/2013
2013015334;1;2;1;1;6;130;09/08/2013
2013015335;1;2;1;1;3;130;09/08/2013
2013015336;5;2;1;1;6;130;22/06/2013
2013015337;1;2;1;1;6;130;23/07/2013
2013015338;1;2;3;1;3;130;30/05/2013
2013015339;1;2;1;1;3;130;11/06/2013
2013015340;5;2;4;1;3;130;27/03/2013
2013015341;1;2;1;1;6;130;31/07/2013
2013015342;1;2;1;1;6;130;18/08/2013
2013015343;1;2;1;1;3;130;19/08/2013
2013015344;1;2;1;1;4;130;13/05/2013
2013015345;1;2;1;1;3;130;15/04/2013
2013015346;1;2;1;1;5;130;26/06/2013
2013015347;1;2;1;1;6;130;07/08/2013
2013015348;1;2;1;1;6;130;02/08/2013
2013015349;5;2;2;1;3;130;13/08/2013
2013015350;1;2;1;1;6;130;19/07/2013
2013015351;1;2;1;1;6;130;24/07/2013
2013015352;1;2;1;1;3;130;02/07/2013
2013015353;1;2;1;1;6;130;03/08/2013
2013015354;1;2;1;1;3;130;23/08/2013
2013015355;1;2;1;1;2;130;25/08/2013
2013015356;1;2;4;1;3;130;12/08/2013
2013015357;1;2;1;1;2;130;05/08/2013
2013015358;1;1;1;1;3;130;09/08/2013
2013015359;1;2;1;1;1;130;09/08/2013
2013015360;1;2;2;1;3;130;27/07/2013
2013015361;1;2;3;1;2;130;15/08/2013
2013015362;1;2;1;1;4;130;13/08/2013
2013015363;3;2;2;1;3;130;26/07/2013
2013015364;1;2;1;1;3;130;30/07/2013
2013015365;1;2;1;1;3;130;30/07/2013
2013015366;1;2;1;1;2;130;01/08/2013
2013015367;5;2;6;1;6;130;11/04/2013
2013015368;5;2;4;1;3;130;14/08/2013
2013015369;5;2;3;1;6;130;19/05/2013
2013015370;1;2;1;1;6;130;05/06/2013
2013015371;5;2;1;1;5;130;05/06/2013
2013015372;5;2;2;1;3;130;22/06/2013
2013015373;1;2;6;1;6;130;30/07/2013
2013015374;1;2;6;1;6;130;01/08/2013
2013015375;2;2;1;2;2;130;04/08/2013
2013015376;1;2;1;1;6;130;06/08/2013
2013015377;1;2;1;1;4;130;11/08/2013
2013015378;1;2;1;1;6;130;13/08/2013
2013015379;1;2;9;1;3;130;27/08/2013
2013015380;1;2;1;1;5;130;07/06/2013
2013015381;1;2;1;1;3;130;27/07/2013
2013015382;1;2;1;1;3;130;06/07/2013
2013015383;1;2;1;1;3;130;30/07/2013
2013015384;1;2;1;1;4;130;12/08/2013
2013015385;5;2;1;1;7;130;26/07/2013
2013015386;5;2;1;1;3;130;28/07/2013
2013015387;1;2;1;1;3;130;01/06/2013
2013015388;1;2;6;1;2;130;10/08/2013
2013015389;1;2;1;1;2;130;10/07/2013
2013015390;1;2;1;1;7;130;20/08/2013
2013015391;5;2;1;1;6;130;15/08/2013
2013015392;1;2;1;1;6;130;07/08/2013
2013015393;5;2;1;1;6;130;11/08/2013
2013015394;5;2;1;1;2;130;13/05/2013
2013015395;1;2;1;1;3;130;17/07/2013
2013015396;1;2;1;1;6;130;12/04/2013
2013015397;1;2;2;1;3;130;10/06/2013
2013015398;1;2;1;1;2;130;29/07/2013
2013015399;1;2;1;1;3;130;14/08/2013
2013015400;1;2;1;1;3;130;21/08/2013
2013015401;5;2;1;1;6;130;23/08/2013
2013015402;1;2;1;1;6;130;22/08/2013
2013015403;1;2;1;1;3;130;28/06/2013
2013015404;1;2;1;1;6;130;26/07/2013
2013015405;1;2;1;1;1;130;09/07/2013
2013015406;1;2;1;1;3;130;30/08/2013
2013015407;2;2;1;1;2;130;31/08/2013
2013015408;5;2;1;1;7;130;30/08/2013
2013015409;5;2;1;1;6;130;30/08/2013
2013015410;1;2;1;1;2;130;10/06/2013
2013015411;1;2;2;1;3;130;31/07/2013
2013015412;1;2;1;1;6;130;01/08/2013
2013015413;5;2;1;1;7;130;03/08/2013
2013015414;1;2;1;1;6;130;06/08/2013
2013015415;5;2;1;1;6;130;12/08/2013
2013015416;5;2;3;1;3;130;18/08/2013
2013015417;1;2;1;1;4;130;22/08/2013
2013015418;1;2;1;1;7;130;23/08/2013
2013015419;1;2;2;1;2;130;23/08/2013
2013015420;1;2;1;1;3;130;22/08/2013
2013015421;1;2;1;1;6;130;03/09/2013
2013015422;1;2;1;1;6;130;10/06/2013
2013015423;1;2;1;1;3;130;18/08/2013
2013015424;1;2;1;1;3;130;18/08/2013
2013015425;1;2;1;1;6;130;25/08/2013
2013015426;5;2;2;1;3;130;13/08/2013
2013015427;1;2;1;1;2;130;10/03/2013
2013015428;1;2;1;1;2;130;27/07/2013
2013015429;1;2;1;1;1;130;28/07/2013
2013015430;1;2;1;1;2;130;30/07/2013
2013015431;1;2;1;1;4;130;26/08/2013
2013015432;1;2;1;2;3;130;03/07/2013
2013015433;5;2;6;1;3;130;21/07/2013
2013015434;1;2;3;1;3;130;21/08/2013
2013015435;1;2;3;1;1;130;04/09/2013
2013015436;5;2;1;1;6;130;04/09/2013
2013015437;1;2;3;1;3;130;10/07/2013
2013015438;1;2;1;1;6;130;15/07/2013
2013015439;1;2;1;1;3;130;05/09/2013
2013015440;5;2;1;1;3;130;23/07/2013
2013015441;1;2;6;1;3;130;24/08/2013
2013015442;5;2;1;1;3;130;27/08/2013
2013015443;1;2;1;1;6;130;19/06/2013
2013015444;1;2;1;1;6;130;02/07/2013
2013015445;1;2;1;1;3;130;22/07/2013
2013015446;5;2;1;1;3;130;15/08/2013
2013015447;5;2;1;1;3;130;18/08/2013
2013015448;1;2;1;1;6;130;05/07/2013
2013015449;1;2;1;1;3;130;02/08/2013
2013015450;1;2;1;1;2;130;07/08/2013
2013015451;5;2;2;1;3;130;09/08/2013
2013015452;1;2;1;1;5;130;14/08/2013
2013015453;1;2;1;1;3;130;16/08/2013
2013015454;5;2;1;1;3;130;19/08/2013
2013015455;3;1;1;1;3;130;25/08/2013
2013015456;5;2;1;1;6;130;04/09/2013
2013015457;5;2;1;1;6;130;02/08/2013
2013015458;5;2;3;1;3;130;18/08/2013
2013015459;5;2;1;1;7;130;18/08/2013
2013015460;3;1;1;1;7;130;22/08/2013
2013015461;1;2;1;1;6;130;07/09/2013
2013015462;1;2;1;1;6;130;03/09/2013
2013015463;1;2;1;1;2;130;07/08/2013
2013015464;1;2;1;1;6;130;20/08/2013
2013015465;1;2;1;1;7;130;21/08/2013
2013015466;1;2;1;1;6;130;03/07/2013
2013015467;1;2;1;1;6;130;17/07/2013
2013015468;1;1;1;1;6;130;17/08/2013
2013015469;1;2;1;1;6;130;18/08/2013
2013015470;1;2;2;1;5;130;29/08/2013
2013015471;1;2;1;1;2;130;31/08/2013
2013015472;1;2;1;1;2;130;15/07/2013
2013015473;1;2;1;1;1;130;15/08/2013
2013015474;1;2;1;1;6;130;03/09/2013
2013015475;2;2;3;1;6;130;31/08/2013
2013015476;1;2;1;1;3;130;28/08/2013
2013015477;1;2;3;1;6;130;22/08/2013
2013015478;2;2;1;1;6;130;22/07/2013
2013015479;1;2;1;1;3;130;10/09/2013
2013015480;1;2;1;1;6;130;12/09/2013
2013015481;1;2;1;1;6;130;06/09/2013
2013015482;5;2;1;1;6;130;10/08/2013
2013015483;5;2;1;1;3;130;07/09/2013
2013015484;1;2;1;1;2;130;20/07/2013
2013015485;5;2;3;1;3;130;10/06/2013
2013015486;1;2;1;1;3;130;04/09/2013
2013015487;1;1;1;1;6;130;05/09/2013
2013015488;2;2;3;7;6;130;03/09/2013
2013015489;1;2;1;1;2;130;04/09/2013
2013015490;1;2;2;1;3;130;02/09/2013
2013015491;1;2;1;1;2;130;08/08/2013
2013015492;1;2;1;1;2;130;04/09/2013
2013015493;1;2;1;1;2;130;07/08/2013
2013015494;5;2;3;1;3;130;31/08/2013
2013015495;1;2;1;1;6;130;28/08/2013
2013015496;1;2;1;1;6;130;03/09/2013
2013015497;1;2;1;1;6;130;14/05/2013
2013015498;1;2;1;1;7;130;06/09/2013
2013015499;5;2;6;1;7;130;13/09/2013
2013015500;2;2;1;1;6;130;19/08/2013
2013015501;1;2;1;1;6;130;03/09/2013
2013015502;1;2;3;1;3;130;04/07/2013
2013015503;1;2;1;1;6;130;04/09/2013
2013015504;1;2;1;1;2;130;03/09/2013
2013015505;1;2;1;7;6;130;05/09/2013
2013015506;1;2;1;1;6;130;03/09/2013
2013015507;1;2;1;1;2;130;04/09/2013
2013015508;1;2;1;1;6;130;03/09/2013
2013015509;1;2;1;1;6;130;11/08/2013
2013015510;1;2;2;1;6;130;16/09/2013
2013015511;5;2;1;1;6;130;10/09/2013
2013015512;1;2;1;1;3;130;05/09/2013
2013015513;1;2;1;1;3;130;11/09/2013
2013015514;1;1;1;1;3;130;06/09/2013
2013015515;2;2;3;1;3;130;11/09/2013
2013015516;1;2;1;1;6;130;02/09/2013
2013015517;1;2;1;1;4;130;10/09/2013
2013015518;1;2;1;1;2;130;11/09/2013
2013015519;1;2;1;1;6;130;11/09/2013
2013015520;1;2;1;1;7;130;31/08/2013
2013015521;1;1;1;1;2;130;16/07/2013
2013015522;1;2;1;1;2;130;10/09/2013
2013015523;1;2;3;1;5;130;21/08/2013
2013015524;1;2;2;1;3;130;30/08/2013
2013015525;1;2;3;1;3;130;03/09/2013
2013015526;1;2;1;1;6;130;13/09/2013
2013015527;1;2;1;1;6;130;03/09/2013
2013015528;1;2;1;1;6;130;19/06/2013
2013015529;1;2;1;1;3;130;31/08/2013
2013015530;5;2;1;1;1;130;20/09/2013
2013015531;5;2;1;1;3;130;21/09/2013
2013015532;5;2;1;1;2;130;21/09/2013
2013015533;1;2;1;1;6;130;25/09/2013
2013015534;1;2;1;1;6;130;20/06/2013
2013015535;1;2;1;1;6;130;04/09/2013
2013015536;1;2;1;1;6;130;10/09/2013
2013015537;1;2;1;1;2;130;12/09/2013
2013015538;1;2;3;1;3;130;12/09/2013
2013015539;1;2;1;1;6;130;18/09/2013
2013015540;1;2;1;1;2;130;12/06/2013
2013015541;5;2;1;1;3;130;12/09/2013
2013015542;5;2;1;1;3;130;13/09/2013
2013015543;3;2;1;1;6;130;19/09/2013
2013015544;1;2;1;1;6;130;06/02/2013
2013015545;1;2;1;1;6;130;07/09/2013
2013015546;1;2;1;1;2;130;14/09/2013
2013015547;1;2;1;1;2;130;05/09/2013
2013015548;1;2;1;1;2;130;10/09/2013
2013015549;1;2;1;1;6;130;03/09/2013
2013015550;1;2;1;1;2;130;12/09/2013
2013015551;5;2;1;1;2;130;31/08/2013
2013015552;1;2;1;1;2;130;03/09/2013
2013015553;1;2;1;1;3;130;05/09/2013
2013015554;1;2;1;1;2;130;12/09/2013
2013015555;1;2;1;1;3;130;12/09/2013
2013015556;1;2;1;1;6;130;18/09/2013
2013015557;1;2;1;1;6;130;21/05/2013
2013015558;1;2;1;1;4;130;24/06/2013
2013015559;1;2;1;1;5;130;02/08/2013
2013015560;1;2;3;1;3;130;23/08/2013
2013015561;1;2;2;1;3;130;15/09/2013
2013015562;1;2;2;1;3;130;11/09/2013
2013015563;1;2;1;1;6;130;15/09/2013
2013015564;1;2;1;1;6;130;18/09/2013
2013015565;1;2;1;1;6;130;06/09/2013
2013015566;1;2;1;1;6;130;29/08/2013
2013015567;1;2;2;1;6;130;05/07/2013
2013015568;1;2;1;1;6;130;08/07/2013
2013015569;5;2;1;1;2;130;24/08/2013
2013015570;1;1;1;1;5;130;25/09/2013
2013015571;1;2;1;1;2;130;16/08/2013
2013015572;1;2;2;1;7;130;13/09/2013
2013015573;1;2;1;1;1;130;15/01/2013
2013015574;1;2;1;1;6;130;06/09/2013
2013015575;1;2;1;1;3;130;09/09/2013
2013015576;1;2;1;1;1;130;13/09/2013
2013015577;1;2;1;1;7;130;04/09/2013
2013015578;1;2;2;1;3;130;13/09/2013
2013015579;1;1;1;1;7;130;13/09/2013
2013015580;1;2;2;2;3;130;15/09/2013
2013015581;1;2;1;1;6;130;29/09/2013
2013015582;1;2;1;1;6;130;27/09/2013
2013015583;1;1;1;1;3;130;19/09/2013
2013015584;1;2;1;1;6;130;22/09/2013
2013015585;1;2;1;1;1;130;27/09/2013
2013015586;1;2;1;1;6;130;27/09/2013
2013015587;1;2;1;1;6;130;13/08/2013
2013015588;1;2;1;1;3;130;07/06/2013
2013015589;5;1;2;1;3;130;20/07/2013
2013015590;1;2;1;1;3;130;12/09/2013
2013015591;1;2;1;1;6;130;06/07/2013
2013015592;1;2;1;1;3;130;16/07/2013
2013015593;1;2;1;1;3;130;20/09/2013
2013015594;1;2;3;1;6;130;10/09/2013
2013015595;5;2;1;1;6;130;30/09/2013
2013015596;1;2;1;1;6;130;25/09/2013
2013015597;1;2;1;1;6;130;30/09/2013
2013015598;1;2;1;1;5;130;02/10/2013
2013015599;1;2;4;3;3;130;01/04/2013
2013015600;1;2;1;1;6;130;30/09/2013
2013015601;1;2;1;1;6;130;30/09/2013
2013015602;1;2;1;1;2;130;10/09/2013
2013015603;1;2;1;1;6;130;13/09/2013
2013015604;2;2;1;1;2;130;22/09/2013
2013015605;1;2;1;1;6;130;13/09/2013
2013015606;1;2;1;1;1;130;27/09/2013
2013015607;2;2;1;1;6;130;01/10/2013
2013015608;1;2;1;1;6;130;28/09/2013
2013015609;1;2;1;1;1;130;03/10/2013
2013015610;1;2;1;1;6;130;07/10/2013
2013015611;1;2;2;1;3;130;22/07/2013
2013015612;1;2;1;1;3;130;18/09/2013
2013015613;1;2;1;1;6;130;17/09/2013
2013015614;1;2;1;1;6;130;24/09/2013
2013015615;1;2;1;1;2;130;25/09/2013
2013015616;1;2;3;1;2;130;19/09/2013
2013015617;1;1;1;1;7;130;19/09/2013
2013015618;5;2;6;1;2;130;21/09/2013
2013015619;5;2;1;1;3;130;23/09/2013
2013015620;1;2;1;1;6;130;06/09/2013
2013015621;1;2;2;1;3;130;24/09/2013
2013015622;1;2;1;1;3;130;08/09/2013
2013015623;1;1;1;2;6;130;29/09/2013
2013015624;1;2;3;1;2;130;18/09/2013
2013015625;1;2;1;7;6;130;23/09/2013
2013015626;1;2;3;1;3;130;26/09/2013
2013015627;1;2;3;1;7;130;06/09/2013
2013015628;5;2;1;1;6;130;07/10/2013
2013015629;5;2;2;1;3;130;10/09/2013
2013015630;1;2;1;1;6;130;17/09/2013
2013015631;1;2;1;1;6;130;09/09/2013
2013015632;5;2;1;1;7;130;14/09/2013
2013015633;5;2;3;1;1;130;16/09/2013
2013015634;1;2;1;1;6;130;18/09/2013
2013015635;1;2;1;1;3;130;21/09/2013
2013015636;1;2;2;1;7;130;30/07/2013
2013015637;1;2;2;1;3;130;26/09/2013
2013015638;1;2;1;1;6;130;29/09/2013
2013015639;1;2;1;1;3;130;04/07/2013
2013015640;1;2;1;1;3;130;07/10/2013
2013015641;1;2;1;1;2;130;23/07/2013
2013015642;1;2;1;1;3;130;29/07/2013
2013015643;1;2;1;1;2;130;17/09/2013
2013015644;5;2;1;1;3;130;18/09/2013
2013015645;1;2;1;1;1;130;19/09/2013
2013015646;1;2;1;1;1;130;22/09/2013
2013015647;1;2;1;1;3;130;21/09/2013
2013015648;1;2;3;1;3;130;26/09/2013
2013015649;5;2;3;1;2;130;29/09/2013
2013015650;1;2;2;1;6;130;08/10/2013
2013015651;1;2;1;1;1;130;19/09/2013
2013015652;5;2;1;1;3;130;26/09/2013
2013015653;1;2;1;1;6;130;30/09/2013
2013015654;1;2;1;1;6;130;09/10/2013
2013015655;1;2;1;1;2;130;23/09/2013
2013015656;1;2;1;1;6;130;04/09/2013
2013015657;1;2;4;1;3;130;15/09/2013
2013015658;1;2;1;1;6;130;27/09/2013
2013015659;1;2;1;1;6;130;10/09/2013
2013015660;1;2;1;1;6;130;23/09/2013
2013015661;1;2;1;1;7;130;20/09/2013
2013015662;1;2;1;1;1;130;21/09/2013
2013015663;1;2;2;1;6;130;05/09/2013
2013015664;1;2;2;1;3;130;01/10/2013
2013015665;1;2;1;1;6;130;03/10/2013
2013015666;1;2;2;1;3;130;04/10/2013
2013015667;2;2;3;1;3;130;05/10/2013
2013015668;1;2;1;1;6;130;02/05/2013