num_acc;lum;agg;inter;atm;col;dep;date
2013016246;1;2;1;1;2;130;31/07/2013
2013016247;3;2;1;1;7;130;01/08/2013
2013016248;1;2;1;1;7;130;06/08/2013
2013016249;1;1;1;1;2;130;08/08/2013
2013016250;1;2;3;1;6;130;10/08/2013
2013016251;3;1;6;1;7;130;17/08/2013
2013016252;2;2;1;1;6;130;21/08/2013
2013016253;1;2;3;1;3;130;12/08/2013
2013016254;1;2;1;1;6;130;28/08/2013
2013016255;1;1;1;1;2;130;07/09/2013
2013016256;1;2;6;1;6;130;08/09/2013
2013016257;1;1;1;1;7;130;15/09/2013
2013016258;2;1;1;1;3;130;17/09/2013
2013016259;1;2;1;1;6;130;21/09/2013
2013016260;1;2;6;1;4;130;30/09/2013
2013016261;1;1;9;1;2;130;19/09/2013
2013016262;1;2;1;1;6;130;24/09/2013
2013016263;1;2;6;1;6;130;01/10/2013
2013016264;1;2;1;1;4;130;11/10/2013
2013016265;5;1;1;1;6;130;09/10/2013
2013016266;1;2;2;1;1;130;15/10/2013
2013016267;1;1;1;1;2;130;14/10/2013
2013016268;2;2;1;1;6;130;12/10/2013
2013016269;1;2;1;1;6;130;20/10/2013
2013016270;5;2;1;1;1;130;25/10/2013
2013016271;1;1;1;1;2;130;29/10/2013
2013016272;2;2;1;1;2;130;10/11/2013
2013016273;5;2;1;6;1;130;11/11/2013
2013016274;1;2;1;1;6;130;05/11/2013
2013016275;1;1;1;1;2;130;12/11/2013
2013016276;1;2;3;1;3;130;13/11/2013
2013016277;3;1;1;1;5;130;13/11/2013
2013016278;1;2;1;1;6;130;06/11/2013
2013016279;1;2;1;1;6;130;14/11/2013
2013016280;5;2;2;1;1;130;15/11/2013
2013016281;2;1;1;1;3;130;18/11/2013
2013016282;1;1;1;1;3;130;02/12/2013
2013016283;1;2;1;2;6;130;04/11/2013
2013016284;2;2;1;1;2;130;29/11/2013
2013016285;1;2;1;1;2;130;25/11/2013
2013016286;3;1;1;1;3;130;04/12/2013
2013016287;1;2;1;1;2;130;06/12/2013
2013016288;2;1;1;1;4;130;11/12/2013
2013016289;3;2;1;1;6;130;23/12/2013
2013016290;2;2;1;1;3;130;28/12/2013
2013016291;2;2;1;7;2;130;05/12/2013
2013016292;3;1;1;1;6;130;03/02/2013
2013016293;1;2;1;1;6;130;19/03/2013
2013016294;1;2;1;1;7;130;21/03/2013
2013016295;1;2;1;1;6;130;22/03/2013
2013016296;1;2;1;1;6;130;30/03/2013
2013016297;1;2;1;1;3;130;25/05/2013
2013016298;1;1;1;1;5;130;30/05/2013
2013016299;3;1;1;1;5;130;14/06/2013
2013016300;1;2;2;1;3;130;04/08/2013
2013016301;1;2;2;1;6;130;08/08/2013
2013016302;1;2;2;1;3;130;27/08/2013
2013016303;1;2;1;1;6;130;23/09/2013
2013016304;1;1;1;1;6;130;30/09/2013
2013016305;1;2;2;1;5;130;07/10/2013
2013016306;3;2;1;1;6;130;20/10/2013
2013016307;1;2;1;2;3;130;04/11/2013
2013016308;5;2;1;1;2;130;25/11/2013
2013016309;5;2;2;1;3;130;30/11/2013
2013016310;3;2;1;1;7;130;30/11/2013
2013016311;2;2;3;1;2;130;05/12/2013
2013016312;3;1;1;1;2;130;08/12/2013
2013016313;5;2;1;1;4;130;30/12/2013
2013016314;1;1;1;1;7;130;04/01/2013
2013016315;1;2;1;1;6;130;01/02/2013
2013016316;1;1;3;1;3;130;19/02/2013
2013016317;3;1;1;1;1;300;24/02/2013
2013016318;1;1;1;1;5;300;25/02/2013
2013016319;5;2;1;1;1;300;07/04/2013
2013016320;1;1;3;1;3;130;12/04/2013
2013016321;1;1;1;1;7;130;02/05/2013
2013016322;3;1;1;1;7;300;11/05/2013
2013016323;1;2;3;1;3;130;17/05/2013
2013016324;1;1;1;1;5;300;27/05/2013
2013016325;1;2;1;1;6;300;04/06/2013
2013016326;1;1;4;1;3;300;07/06/2013
2013016327;1;1;6;1;2;130;12/06/2013
2013016328;1;1;2;1;3;300;14/06/2013
2013016329;1;2;1;1;6;130;14/06/2013
2013016330;5;2;6;1;7;300;16/06/2013
2013016331;1;2;1;1;2;130;22/06/2013
2013016332;1;2;1;1;6;300;01/07/2013
2013016333;1;1;1;1;7;300;05/07/2013
2013016334;1;2;1;1;4;300;13/07/2013
2013016335;3;1;1;1;7;130;15/07/2013
2013016336;1;1;1;1;7;300;16/07/2013
2013016337;1;1;1;1;1;300;24/07/2013
2013016338;3;1;1;1;7;300;25/07/2013
2013016339;1;1;9;1;7;130;30/07/2013
2013016340;1;1;1;1;7;130;27/07/2013
2013016341;1;1;1;1;7;130;02/08/2013
2013016342;5;2;1;1;7;300;02/08/2013
2013016343;1;1;1;1;6;300;07/08/2013
2013016344;1;1;1;1;1;130;14/08/2013
2013016345;1;2;2;1;3;130;10/08/2013
2013016346;1;2;1;1;7;130;15/08/2013
2013016347;1;1;1;1;7;130;19/08/2013
2013016348;1;1;1;1;3;130;23/08/2013
2013016349;3;1;1;1;7;130;24/08/2013
2013016350;1;1;2;1;3;300;24/08/2013
2013016351;1;1;1;1;7;130;01/09/2013
2013016352;2;1;1;1;7;130;01/09/2013
2013016353;3;1;1;1;7;300;03/09/2013
2013016354;1;2;1;1;2;300;04/09/2013
2013016355;1;1;1;1;1;300;06/09/2013
2013016356;1;1;3;1;3;130;22/09/2013
2013016357;1;1;6;1;2;130;28/09/2013
2013016358;3;1;1;1;6;300;27/09/2013
2013016359;5;2;1;1;6;300;23/10/2013
2013016360;3;1;1;1;6;130;24/10/2013
2013016361;4;2;1;1;7;300;28/10/2013
2013016362;1;1;1;1;6;300;31/10/2013
2013016363;5;2;1;1;6;130;02/11/2013
2013016364;3;1;1;1;7;130;15/11/2013
2013016365;1;1;1;2;7;130;18/11/2013
2013016366;1;1;9;1;3;130;22/11/2013
2013016367;1;2;1;1;2;130;20/11/2013
2013016368;1;1;1;1;7;130;27/11/2013
2013016369;3;1;1;1;7;300;29/11/2013
2013016370;1;2;1;1;6;130;09/12/2013
2013016371;2;1;3;3;5;300;20/12/2013
2013016372;1;2;1;1;6;130;17/12/2013
2013016373;1;1;1;1;7;130;19/12/2013
2013016374;1;1;1;1;7;300;14/12/2013
2013016375;5;2;1;1;7;300;21/12/2013
2013016376;3;1;1;2;7;130;22/12/2013
2013016377;1;1;3;1;7;130;02/01/2013
2013016378;1;1;1;1;7;130;10/01/2013
2013016379;1;1;1;1;2;130;10/01/2013
2013016380;1;1;1;2;7;130;13/01/2013
2013016381;5;1;1;1;1;130;14/01/2013
2013016382;1;1;1;1;5;130;14/01/2013
2013016383;1;1;1;1;6;130;14/01/2013
2013016384;3;1;1;1;3;130;17/01/2013
2013016385;1;1;1;8;5;130;18/01/2013
2013016386;5;2;1;2;7;130;19/01/2013
2013016387;1;1;1;2;6;130;23/01/2013
2013016388;1;1;1;1;2;130;24/01/2013
2013016389;1;2;1;1;2;130;24/01/2013
2013016390;5;1;1;1;6;130;25/01/2013
2013016391;5;2;9;1;3;130;26/01/2013
2013016392;1;1;1;1;7;130;28/01/2013
2013016393;3;2;2;1;6;130;31/01/2013
2013016394;1;2;4;1;3;130;31/01/2013
2013016395;1;2;3;1;3;130;04/02/2013
2013016396;1;1;1;1;3;130;05/02/2013
2013016397;2;2;3;1;3;130;05/02/2013
2013016398;2;1;1;3;2;130;07/02/2013
2013016399;5;1;1;1;7;130;14/02/2013
2013016400;5;1;1;1;6;130;14/02/2013
2013016401;1;1;6;1;3;130;15/02/2013
2013016402;1;2;1;1;6;130;16/02/2013
2013016403;5;2;1;1;7;130;20/02/2013
2013016404;1;2;1;1;6;130;23/02/2013
2013016405;1;1;1;1;7;130;01/03/2013
2013016406;1;1;1;1;2;130;04/03/2013
2013016407;1;2;1;6;1;130;06/03/2013
2013016408;1;1;1;1;3;130;06/03/2013
2013016409;1;2;1;1;3;130;12/03/2013
2013016410;5;2;1;1;1;130;20/03/2013
2013016411;1;1;3;1;3;130;21/03/2013
2013016412;1;2;1;1;5;130;22/03/2013
2013016413;1;1;1;1;3;130;23/03/2013
2013016414;1;2;1;3;6;130;24/03/2013
2013016415;1;1;1;1;2;130;25/03/2013
2013016416;1;2;8;1;6;130;25/03/2013
2013016417;1;2;1;3;7;130;28/03/2013
2013016418;1;2;1;1;1;130;30/03/2013
2013016419;1;2;1;1;6;130;30/03/2013
2013016420;1;1;1;1;2;130;31/03/2013
2013016421;1;1;1;1;7;130;02/04/2013
2013016422;1;1;1;1;6;130;03/04/2013
2013016423;1;1;6;1;2;130;09/04/2013
2013016424;1;2;1;1;2;130;09/04/2013
2013016425;1;2;9;1;3;130;10/04/2013
2013016426;1;2;3;1;3;130;12/04/2013
2013016427;1;2;1;1;3;130;12/04/2013
2013016428;1;2;3;1;3;130;15/04/2013
2013016429;1;1;1;1;6;130;21/04/2013
2013016430;1;1;1;1;6;130;22/04/2013
2013016431;1;1;1;1;4;130;23/04/2013
2013016432;1;2;1;2;7;130;27/04/2013
2013016433;3;2;6;1;2;130;28/04/2013
2013016434;1;1;1;2;4;130;28/04/2013
2013016435;1;2;1;3;6;130;28/04/2013
2013016436;1;2;1;1;6;130;30/04/2013
2013016437;3;1;1;1;2;130;03/06/2013
2013016438;1;2;1;1;2;130;04/06/2013
2013016439;1;1;1;1;7;130;05/06/2013
2013016440;1;1;1;1;4;130;07/06/2013
2013016441;1;2;1;1;6;130;11/06/2013
2013016442;1;2;1;1;4;130;13/06/2013
2013016443;1;2;6;1;3;130;14/06/2013
2013016444;1;2;1;1;2;130;15/06/2013
2013016445;1;2;6;1;3;130;17/06/2013
2013016446;1;2;1;1;1;130;20/06/2013
2013016447;1;1;1;1;3;130;20/06/2013
2013016448;1;1;1;1;3;130;26/06/2013
2013016449;1;2;1;1;3;130;27/06/2013
2013016450;3;2;1;1;6;130;30/06/2013
2013016451;1;1;3;1;1;130;01/07/2013
2013016452;1;1;1;1;5;130;02/07/2013
2013016453;5;1;1;1;6;130;03/07/2013
2013016454;1;2;9;1;2;130;03/07/2013
2013016455;1;1;1;1;7;130;05/07/2013
2013016456;2;2;1;1;6;130;07/07/2013
2013016457;1;1;3;1;3;130;09/07/2013
2013016458;1;1;1;1;2;130;10/07/2013
2013016459;5;1;1;1;7;130;10/07/2013
2013016460;4;1;1;1;6;130;11/07/2013
2013016461;1;2;3;1;3;130;13/07/2013
2013016462;1;2;1;1;3;130;15/07/2013
2013016463;1;1;1;1;3;130;17/07/2013
2013016464;1;2;1;1;3;130;17/07/2013
2013016465;1;2;1;1;2;130;20/07/2013
2013016466;5;2;9;1;3;130;22/07/2013
2013016467;1;1;3;1;3;130;23/07/2013
2013016468;1;2;1;1;3;130;23/07/2013
2013016469;5;2;1;1;6;130;24/07/2013
2013016470;1;2;1;1;2;130;24/07/2013
2013016471;1;1;1;1;2;130;26/07/2013
2013016472;1;1;1;1;5;130;27/07/2013
2013016473;2;1;1;3;6;130;29/07/2013
2013016474;2;1;1;3;6;130;29/07/2013
2013016475;1;2;3;1;2;130;30/07/2013
2013016476;1;1;1;1;4;130;30/07/2013
2013016477;1;2;3;1;2;130;29/07/2013
2013016478;1;2;1;1;2;130;02/08/2013
2013016479;1;2;1;1;2;130;03/08/2013
2013016480;3;1;1;1;6;130;07/08/2013
2013016481;1;2;1;8;6;130;07/08/2013
2013016482;2;1;1;2;7;130;08/08/2013
2013016483;3;2;1;1;7;130;09/08/2013
2013016484;1;2;1;1;6;130;10/08/2013
2013016485;1;1;1;1;2;130;12/08/2013
2013016486;1;2;1;1;6;130;15/08/2013
2013016487;1;2;1;1;2;130;23/08/2013
2013016488;1;2;1;1;6;130;01/09/2013
2013016489;1;2;4;1;6;130;01/09/2013
2013016490;2;2;1;1;6;130;04/09/2013
2013016491;1;2;1;1;1;130;04/09/2013
2013016492;1;1;1;1;3;130;04/09/2013
2013016493;1;2;3;1;3;130;05/09/2013
2013016494;1;1;1;1;7;130;05/09/2013
2013016495;1;1;1;1;2;130;05/09/2013
2013016496;1;1;1;1;2;130;06/09/2013
2013016497;1;2;9;1;3;130;06/09/2013
2013016498;1;1;1;1;4;130;10/09/2013
2013016499;1;2;1;1;6;130;13/09/2013
2013016500;1;2;1;1;6;130;13/09/2013
2013016501;1;1;2;1;3;130;19/09/2013
2013016502;1;2;1;1;2;130;20/09/2013
2013016503;1;2;2;1;6;130;22/09/2013
2013016504;2;1;1;1;6;130;23/09/2013
2013016505;1;2;1;1;2;130;23/09/2013
2013016506;1;2;1;1;3;130;26/09/2013
2013016507;1;2;1;1;1;130;26/09/2013
2013016508;1;2;1;1;2;130;26/09/2013
2013016509;1;1;1;1;3;130;27/09/2013
2013016510;1;1;1;1;7;130;29/09/2013
2013016511;1;2;1;1;2;130;01/10/2013
2013016512;1;2;1;1;3;130;03/10/2013
2013016513;1;2;1;1;6;130;03/10/2013
2013016514;1;1;1;1;7;130;05/10/2013
2013016515;1;2;9;1;2;130;06/10/2013
2013016516;1;2;1;1;4;130;08/10/2013
2013016517;1;1;1;1;6;130;10/10/2013
2013016518;1;1;1;1;7;130;14/10/2013
2013016519;1;2;1;1;6;130;14/10/2013
2013016520;1;1;3;1;3;130;16/10/2013
2013016521;1;2;2;1;3;130;17/10/2013
2013016522;1;2;1;1;4;130;19/10/2013
2013016523;5;1;1;2;6;130;23/10/2013
2013016524;1;1;1;1;6;130;23/10/2013
2013016525;1;1;3;1;3;130;25/10/2013
2013016526;5;2;6;1;7;130;27/10/2013
2013016527;5;2;1;1;6;130;28/10/2013
2013016528;5;2;1;1;6;130;27/10/2013
2013016529;5;2;3;1;3;130;29/10/2013
2013016530;1;1;4;1;3;130;31/10/2013
2013016531;3;2;3;1;3;130;31/10/2013
2013016532;1;2;1;1;7;130;31/10/2013
2013016533;1;1;1;2;6;130;31/10/2013
2013016534;1;2;1;1;3;130;02/11/2013
2013016535;1;2;2;1;3;130;03/11/2013
2013016536;1;2;1;2;7;130;04/11/2013
2013016537;3;1;1;1;6;130;04/11/2013
2013016538;3;1;1;1;3;130;05/11/2013
2013016539;1;2;3;1;1;130;07/11/2013
2013016540;1;2;6;1;3;130;07/11/2013
2013016541;1;2;1;1;3;130;08/11/2013
2013016542;1;1;1;1;6;130;09/11/2013
2013016543;1;2;1;1;2;130;12/11/2013
2013016544;1;1;1;2;6;130;18/11/2013
2013016545;3;2;1;1;6;130;18/11/2013
2013016546;1;1;1;1;2;130;19/11/2013
2013016547;5;1;1;2;7;130;20/11/2013
2013016548;1;1;1;8;3;130;21/11/2013
2013016549;2;2;1;1;6;130;23/11/2013
2013016550;5;1;6;1;3;130;28/11/2013
2013016551;1;1;6;1;3;130;28/11/2013
2013016552;1;1;1;1;7;130;28/11/2013
2013016553;1;1;1;1;6;130;28/11/2013
2013016554;1;2;1;1;6;130;29/11/2013
2013016555;3;2;1;8;3;130;30/11/2013
2013016556;1;2;3;1;3;130;04/12/2013
2013016557;1;2;2;1;3;130;05/12/2013
2013016558;1;2;1;1;4;130;05/12/2013
2013016559;1;2;1;1;3;130;06/12/2013
2013016560;3;1;1;1;4;130;06/12/2013
2013016561;3;1;1;1;3;130;10/12/2013
2013016562;3;1;1;1;3;130;11/12/2013
2013016563;3;1;1;1;3;130;12/12/2013
2013016564;1;2;1;1;3;130;14/12/2013
2013016565;3;1;1;1;3;130;16/12/2013
2013016566;2;2;1;1;3;130;17/12/2013
2013016567;1;1;1;1;3;130;18/12/2013
2013016568;1;1;1;3;6;130;19/12/2013
2013016569;3;2;1;3;4;130;19/12/2013
2013016570;1;2;1;2;2;130;20/12/2013
2013016571;3;1;1;2;1;130;20/12/2013
2013016572;3;2;1;1;7;130;21/12/2013
2013016573;1;1;1;1;1;130;22/12/2013
2013016574;1;2;1;1;1;130;23/12/2013
2013016575;1;1;1;1;7;130;23/12/2013
2013016576;5;1;1;2;6;130;23/12/2013
2013016577;1;2;1;1;3;130;24/12/2013
2013016578;1;2;1;3;6;130;20/12/2013
2013016579;1;2;1;1;2;130;30/12/2013
2013016580;3;1;1;1;6;130;30/12/2013
2013016581;3;1;1;4;6;680;19/01/2013
2013016582;3;1;1;1;7;680;20/02/2013
2013016583;1;1;1;8;6;680;31/03/2013
2013016584;1;1;1;1;2;680;20/04/2013
2013016585;2;1;1;1;7;680;02/05/2013
2013016586;1;1;6;1;3;680;15/05/2013
2013016587;2;1;1;1;5;680;17/07/2013
2013016588;1;1;1;1;2;680;18/07/2013
2013016589;3;1;1;1;2;680;26/07/2013
2013016590;1;1;1;1;4;680;01/08/2013
2013016591;1;1;1;1;6;680;02/09/2013
2013016592;1;1;1;1;3;680;06/09/2013
2013016593;2;1;1;1;6;680;21/10/2013
2013016594;1;1;1;1;2;680;24/10/2013
2013016595;3;1;1;1;2;680;26/10/2013
2013016596;3;1;1;2;6;680;10/11/2013
2013016597;3;1;1;5;2;680;22/11/2013
2013016598;3;1;1;2;1;780;27/01/2013
2013016599;5;2;1;2;6;780;11/10/2013
2013016600;1;1;1;1;2;780;13/10/2013
2013016601;1;1;2;1;3;410;21/08/2013
2013016602;3;1;1;2;2;240;04/02/2013
2013016603;1;1;1;4;7;720;10/03/2013
2013016604;1;1;1;1;6;720;08/05/2013
2013016605;1;1;1;1;2;720;25/06/2013
2013016606;1;1;1;1;3;720;16/08/2013
2013016607;1;1;1;1;3;720;23/08/2013
2013016608;1;1;1;1;7;720;30/09/2013
2013016609;2;1;1;5;7;720;18/10/2013
2013016610;1;1;1;1;2;720;31/10/2013
2013016611;1;2;1;1;1;720;21/02/2013
2013016612;1;1;1;1;5;720;29/04/2013
2013016613;1;1;1;1;7;720;13/06/2013
2013016614;1;2;1;1;7;720;19/06/2013
2013016615;1;1;1;1;1;720;28/12/2013
2013016616;3;1;1;1;6;950;07/01/2013
2013016617;1;2;2;1;3;950;02/04/2013
2013016618;1;2;1;1;3;950;17/07/2013
2013016619;1;2;1;1;6;950;18/07/2013
2013016620;1;2;1;1;3;950;07/09/2013
2013016621;1;1;1;1;7;950;07/09/2013
2013016622;2;2;1;8;6;950;15/10/2013
2013016623;1;1;1;1;5;950;30/10/2013
2013016624;1;2;1;3;6;950;20/11/2013
2013016625;1;1;1;1;6;720;22/07/2013
2013016626;1;1;1;1;2;490;06/05/2013
2013016627;1;1;1;1;2;490;27/06/2013
2013016628;1;1;1;1;2;490;11/07/2013
2013016629;1;1;1;1;6;490;10/08/2013
2013016630;3;1;1;2;6;240;30/03/2013
2013016631;3;1;1;1;6;240;18/10/2013
2013016632;2;1;1;2;6;680;13/04/2013
2013016633;1;1;1;2;6;680;21/05/2013
2013016634;3;1;1;1;6;680;26/06/2013
2013016635;2;1;1;1;6;680;30/06/2013
2013016636;1;2;1;1;3;680;02/07/2013
2013016637;1;2;1;1;6;680;30/09/2013
2013016638;1;2;1;1;3;680;27/09/2013
2013016639;5;2;7;1;6;680;28/10/2013
2013016640;1;2;1;1;3;680;16/12/2013
2013016641;5;2;1;2;6;680;19/12/2013
2013016642;3;1;1;1;6;190;16/04/2013
2013016643;1;1;1;1;7;190;13/07/2013
2013016644;1;1;1;1;7;190;18/10/2013
2013016645;1;2;3;1;3;670;06/03/2013
2013016646;1;2;1;1;1;670;08/04/2013
2013016647;2;2;1;1;1;670;09/04/2013
2013016648;1;2;1;1;6;670;08/05/2013
2013016649;1;1;1;1;1;670;19/06/2013
2013016650;3;1;1;5;1;670;14/12/2013
2013016651;3;1;1;8;6;670;23/12/2013
2013016652;2;2;1;1;6;140;04/01/2013
2013016653;4;2;1;1;6;140;08/01/2013
2013016654;3;1;1;1;7;140;13/01/2013
2013016655;2;2;1;2;6;140;21/01/2013
2013016656;2;2;1;8;6;140;22/01/2013
2013016657;1;2;1;1;1;140;24/01/2013
2013016658;4;2;1;1;6;140;24/01/2013
2013016659;5;2;1;1;2;140;31/01/2013
2013016660;1;2;1;1;3;140;06/02/2013
2013016661;5;2;1;1;2;140;06/02/2013
2013016662;1;2;1;1;3;140;05/02/2013
2013016663;2;2;1;1;6;140;05/02/2013
2013016664;3;1;1;1;2;140;11/02/2013
2013016665;1;2;1;1;6;140;12/02/2013
2013016666;1;2;3;1;6;140;11/02/2013
2013016667;5;2;2;1;3;140;16/02/2013
2013016668;5;1;1;1;6;140;16/02/2013
2013016669;1;2;1;1;2;140;15/02/2013
2013016670;1;2;2;1;3;140;18/02/2013
2013016671;1;2;2;1;6;140;19/02/2013
2013016672;1;2;1;1;3;140;20/02/2013
2013016673;1;2;1;1;3;140;22/02/2013
2013016674;5;2;1;1;6;140;23/02/2013
2013016675;1;2;1;1;3;140;27/02/2013
2013016676;5;2;1;1;6;140;01/03/2013
2013016677;1;2;2;1;6;140;05/03/2013
2013016678;5;2;1;1;6;140;16/03/2013
2013016679;1;2;1;1;6;140;21/03/2013
2013016680;5;2;1;1;6;140;21/03/2013
2013016681;1;2;1;1;2;140;26/03/2013
2013016682;1;2;1;1;5;140;29/03/2013
2013016683;1;2;3;2;3;140;13/04/2013
2013016684;5;2;1;1;6;140;16/04/2013
2013016685;1;2;1;1;2;140;27/04/2013
2013016686;1;2;3;1;3;140;29/04/2013
2013016687;5;1;1;1;3;140;29/04/2013
2013016688;5;2;1;1;6;140;01/05/2013
2013016689;5;2;1;1;6;140;04/05/2013
2013016690;1;2;3;1;6;140;09/05/2013
2013016691;1;2;1;1;6;140;10/05/2013
2013016692;3;2;7;1;6;140;15/05/2013
2013016693;1;2;3;1;2;140;04/06/2013
2013016694;1;2;1;1;5;140;04/06/2013
2013016695;1;2;1;1;3;140;10/06/2013
2013016696;5;2;1;1;6;140;13/06/2013
2013016697;5;2;1;1;6;140;16/06/2013
2013016698;1;2;1;1;6;140;18/06/2013
2013016699;1;2;1;1;6;140;21/06/2013
2013016700;5;2;1;1;6;140;22/06/2013
2013016701;1;1;6;1;1;140;26/06/2013
2013016702;5;2;2;1;3;140;28/06/2013
2013016703;5;2;1;9;6;140;29/06/2013
2013016704;1;2;3;1;3;140;12/06/2013
2013016705;1;2;1;1;6;140;27/06/2013
2013016706;1;2;1;1;2;140;01/07/2013
2013016707;1;1;1;1;2;140;06/07/2013
2013016708;1;2;1;1;2;140;09/07/2013
2013016709;1;2;3;1;3;140;15/07/2013
2013016710;5;1;1;1;3;140;13/07/2013
2013016711;2;2;1;1;7;140;13/07/2013
2013016712;1;1;1;1;7;140;24/07/2013
2013016713;1;2;1;1;3;140;25/07/2013
2013016714;1;2;1;1;6;140;31/07/2013
2013016715;1;2;1;1;3;140;20/06/2013
2013016716;1;2;1;1;6;140;06/08/2013
2013016717;5;2;2;1;3;140;30/06/2013
2013016718;1;2;1;1;6;140;10/08/2013
2013016719;1;2;1;1;3;140;11/08/2013
2013016720;3;1;1;1;6;140;14/08/2013
2013016721;5;1;1;1;7;140;20/08/2013
2013016722;3;1;1;1;6;140;23/08/2013
2013016723;5;2;1;1;6;140;31/08/2013
2013016724;1;2;1;1;6;140;04/09/2013
2013016725;1;2;1;1;6;140;05/09/2013
2013016726;1;2;1;1;6;140;09/09/2013
2013016727;5;2;1;1;6;140;12/09/2013
2013016728;1;2;1;1;6;140;14/09/2013
2013016729;1;2;1;1;2;140;20/09/2013
2013016730;1;1;1;1;5;140;24/09/2013
2013016731;1;2;3;1;3;140;26/09/2013
2013016732;1;2;1;1;3;140;27/09/2013
2013016733;1;2;2;1;3;140;27/09/2013
2013016734;1;2;6;1;2;140;02/10/2013
2013016735;1;2;2;1;6;140;02/10/2013
2013016736;1;1;1;1;2;140;04/10/2013
2013016737;1;2;1;1;6;140;04/10/2013
2013016738;1;2;3;1;3;140;08/10/2013
2013016739;5;2;1;1;2;140;10/10/2013
2013016740;2;1;2;2;5;140;11/10/2013
2013016741;1;2;1;2;6;140;28/10/2013
2013016742;1;2;1;2;6;140;07/11/2013
2013016743;1;2;2;2;3;140;08/11/2013
2013016744;5;2;1;1;1;140;11/11/2013
2013016745;1;2;1;1;2;140;13/11/2013
2013016746;1;2;2;1;1;140;15/11/2013
2013016747;5;2;1;1;6;140;23/11/2013
2013016748;1;2;1;1;6;140;26/11/2013
2013016749;1;2;1;2;6;140;22/11/2013
2013016750;5;2;1;1;6;140;29/11/2013
2013016751;5;2;1;1;6;140;01/12/2013
2013016752;1;2;2;8;1;140;30/11/2013
2013016753;1;2;1;1;7;140;19/11/2013
2013016754;1;2;1;1;3;140;10/12/2013
2013016755;1;2;1;1;1;140;16/12/2013
2013016756;1;2;1;1;6;140;16/12/2013
2013016757;5;2;1;1;6;140;16/12/2013
2013016758;1;2;1;1;6;140;26/12/2013
2013016759;5;2;1;1;4;140;28/12/2013
2013016760;3;1;1;3;6;310;11/02/2013
2013016761;1;1;1;1;1;310;24/04/2013
2013016762;1;2;2;1;3;140;29/04/2013
2013016763;1;2;6;1;6;140;29/05/2013
2013016764;1;2;3;1;3;140;06/07/2013
2013016765;1;2;1;1;2;140;31/07/2013
2013016766;1;2;2;1;3;140;05/08/2013
2013016767;1;2;1;1;6;140;06/08/2013
2013016768;1;2;3;1;3;140;10/08/2013
2013016769;1;2;3;1;3;140;15/08/2013
2013016770;1;1;1;2;6;140;18/08/2013
2013016771;1;2;2;1;6;140;12/09/2013
2013016772;1;2;1;1;7;140;25/09/2013
2013016773;1;1;1;1;5;140;27/09/2013
2013016774;1;2;3;1;3;140;30/11/2013
2013016775;5;2;4;3;3;140;22/12/2013
2013016776;1;2;3;1;7;140;21/12/2013
2013016777;2;1;1;1;5;300;26/02/2013
2013016778;3;1;1;2;3;300;30/04/2013
2013016779;1;2;1;1;1;300;04/05/2013
2013016780;1;1;6;1;3;300;08/05/2013
2013016781;1;1;1;1;3;300;11/06/2013
2013016782;1;2;1;1;3;300;21/06/2013
2013016783;1;1;1;1;2;300;26/06/2013
2013016784;1;2;1;1;6;300;28/06/2013
2013016785;3;1;1;1;2;300;13/07/2013
2013016786;1;2;1;1;1;300;11/09/2013
2013016787;1;1;1;1;4;300;14/10/2013
2013016788;1;1;1;1;2;300;04/11/2013
2013016789;1;1;5;8;3;300;15/11/2013
2013016790;2;1;1;1;6;300;19/11/2013
2013016791;3;1;6;6;3;300;25/11/2013
2013016792;3;1;1;2;1;300;19/12/2013
2013016793;1;1;1;7;1;80;30/06/2013
2013016794;2;1;1;2;1;80;11/09/2013
2013016795;1;1;1;9;7;80;03/12/2013
2013016796;2;2;1;2;6;80;05/12/2013
2013016797;1;1;3;1;1;80;25/04/2013
2013016798;1;1;2;1;3;80;18/07/2013
2013016799;1;2;3;2;6;80;06/11/2013
2013016800;3;1;1;1;1;80;16/12/2013
2013016801;3;2;1;8;7;80;23/11/2013
2013016802;1;1;1;1;6;80;04/09/2013
2013016803;2;1;1;1;6;80;08/06/2013
2013016804;1;2;1;1;6;80;09/03/2013
2013016805;2;1;9;9;7;80;17/12/2013
2013016806;1;1;1;1;3;520;04/07/2013
2013016807;1;1;1;8;7;520;05/01/2013
2013016808;5;2;1;1;7;520;06/07/2013
2013016809;1;2;2;7;3;520;06/09/2013
2013016810;1;1;1;1;7;520;01/12/2013
2013016811;1;2;2;1;3;140;29/01/2013
2013016812;1;2;1;1;6;140;08/04/2013
2013016813;1;2;1;7;7;140;01/05/2013
2013016814;1;1;1;1;6;140;26/05/2013
2013016815;1;2;9;7;2;140;02/06/2013
2013016816;1;1;4;1;7;140;04/06/2013
2013016817;3;2;1;1;6;140;08/06/2013
2013016818;1;2;7;1;7;140;13/06/2013
2013016819;1;2;2;1;3;140;23/06/2013
2013016820;1;2;1;2;7;140;24/07/2013
2013016821;1;2;6;8;3;140;31/07/2013
2013016822;1;1;1;1;6;140;20/07/2013
2013016823;1;1;1;1;4;140;06/08/2013