num_acc;lum;agg;inter;atm;col;dep;date
2013016824;1;2;1;7;4;140;10/08/2013
2013016825;1;2;1;1;6;140;27/08/2013
2013016826;1;2;1;8;3;140;14/09/2013
2013016827;3;2;1;1;7;140;21/09/2013
2013016828;1;1;1;3;5;140;05/11/2013
2013016829;1;2;1;1;2;140;07/12/2013
2013016830;1;2;6;7;7;140;11/12/2013
2013016831;1;2;6;1;6;140;12/12/2013
2013016832;3;2;1;2;3;140;21/12/2013
2013016833;1;2;1;2;6;140;24/12/2013
2013016834;1;1;1;1;7;520;27/07/2013
2013016835;2;1;1;3;1;520;01/02/2013
2013016836;1;2;1;1;6;520;25/05/2013
2013016837;3;1;1;2;1;520;07/09/2013
2013016838;1;1;1;1;6;480;23/08/2013
2013016839;3;1;1;1;6;480;01/09/2013
2013016840;1;1;1;1;6;480;15/09/2013
2013016841;1;1;1;3;6;480;15/05/2013
2013016842;1;1;1;2;3;480;16/09/2013
2013016843;1;2;1;1;6;480;27/10/2013
2013016844;1;1;1;8;1;480;18/11/2013
2013016845;1;1;1;2;6;480;08/06/2013
2013016846;1;1;1;1;6;480;21/07/2013
2013016847;1;1;1;1;7;480;16/08/2013
2013016848;1;1;1;4;7;480;15/11/2013
2013016849;3;1;1;3;6;480;19/11/2013
2013016850;1;2;7;1;6;480;06/12/2013
2013016851;3;1;1;2;1;300;28/12/2013
2013016852;1;1;3;1;3;370;29/03/2013
2013016853;5;2;1;1;6;370;14/04/2013
2013016854;1;2;1;1;1;370;06/08/2013
2013016855;1;1;2;1;1;370;10/10/2013
2013016856;1;1;1;1;6;370;29/10/2013
2013016857;3;1;9;2;3;370;03/11/2013
2013016858;2;1;2;2;1;370;01/02/2013
2013016859;5;2;1;1;3;370;19/04/2013
2013016860;4;1;1;1;6;370;24/07/2013
2013016861;4;2;1;1;6;370;28/07/2013
2013016862;3;1;1;9;6;370;10/08/2013
2013016863;1;2;1;7;6;370;04/09/2013
2013016864;1;1;1;8;1;370;16/10/2013
2013016865;3;1;1;1;6;370;18/10/2013
2013016866;1;2;2;2;3;370;30/10/2013
2013016867;5;2;1;2;1;370;04/11/2013
2013016868;3;1;1;1;6;370;14/11/2013
2013016869;5;2;1;1;6;370;15/12/2013
2013016870;3;1;1;2;1;370;21/12/2013
2013016871;1;1;1;1;1;370;08/04/2013
2013016872;1;1;1;1;1;370;06/05/2013
2013016873;3;1;1;1;3;370;05/12/2013
2013016874;1;1;1;1;6;370;20/12/2013
2013016875;5;2;1;2;6;140;08/11/2013
2013016876;3;1;1;1;1;140;13/11/2013
2013016877;2;2;1;2;6;140;25/11/2013
2013016878;3;1;1;2;6;140;05/12/2013
2013016879;2;2;1;1;6;140;09/12/2013
2013016880;1;2;1;1;6;140;10/12/2013
2013016881;1;2;1;1;7;140;17/12/2013
2013016882;5;2;1;1;6;140;20/12/2013
2013016883;5;2;3;6;6;140;23/12/2013
2013016884;1;2;3;1;3;140;26/12/2013
2013016885;1;2;2;1;6;140;28/12/2013
2013016886;5;2;1;2;6;140;10/01/2013
2013016887;1;2;1;1;3;140;12/01/2013
2013016888;1;2;3;1;3;140;16/01/2013
2013016889;2;1;1;4;7;140;20/01/2013
2013016890;1;2;1;1;2;140;30/01/2013
2013016891;1;2;6;2;6;140;31/01/2013
2013016892;5;2;1;1;1;140;02/02/2013
2013016893;5;1;3;1;5;140;04/02/2013
2013016894;5;2;2;2;6;140;09/02/2013
2013016895;1;2;4;1;6;140;16/02/2013
2013016896;1;2;1;4;7;140;11/03/2013
2013016897;1;2;1;2;7;140;18/03/2013
2013016898;1;2;1;1;6;140;19/03/2013
2013016899;1;2;1;1;6;140;26/03/2013
2013016900;1;2;1;1;2;140;03/04/2013
2013016901;1;2;1;1;6;140;07/04/2013
2013016902;1;1;1;1;6;140;08/04/2013
2013016903;1;1;2;1;3;140;09/04/2013
2013016904;1;2;1;1;6;140;10/04/2013
2013016905;1;2;1;1;4;140;20/04/2013
2013016906;1;2;7;1;6;140;23/04/2013
2013016907;1;2;1;1;4;140;25/04/2013
2013016908;1;1;1;1;6;140;30/04/2013
2013016909;1;2;1;1;5;140;23/05/2013
2013016910;1;2;1;2;6;140;30/05/2013
2013016911;1;2;1;1;6;140;07/06/2013
2013016912;1;1;1;1;6;140;08/06/2013
2013016913;1;1;1;1;3;140;11/06/2013
2013016914;1;2;3;1;3;140;13/06/2013
2013016915;1;2;1;1;6;140;18/06/2013
2013016916;1;2;2;1;3;140;01/07/2013
2013016917;1;1;2;1;2;140;05/07/2013
2013016918;1;1;1;1;6;140;09/07/2013
2013016919;2;2;1;1;7;140;18/07/2013
2013016920;1;1;3;1;2;140;20/07/2013
2013016921;1;1;1;1;7;140;21/07/2013
2013016922;1;2;1;2;6;140;29/07/2013
2013016923;1;2;3;1;3;140;01/08/2013
2013016924;1;2;2;1;6;140;23/08/2013
2013016925;1;2;2;1;3;140;26/08/2013
2013016926;1;2;1;1;3;140;31/08/2013
2013016927;1;2;1;1;6;140;05/09/2013
2013016928;1;2;3;1;4;140;06/09/2013
2013016929;1;2;1;1;6;140;07/09/2013
2013016930;1;2;6;1;2;140;07/09/2013
2013016931;1;2;3;1;3;140;12/09/2013
2013016932;1;2;1;1;3;140;12/09/2013
2013016933;1;2;1;3;7;140;17/09/2013
2013016934;1;1;3;1;3;140;25/09/2013
2013016935;4;2;1;1;7;140;26/09/2013
2013016936;5;2;1;1;7;140;26/09/2013
2013016937;1;2;3;1;6;140;09/10/2013
2013016938;5;2;1;1;7;140;26/10/2013
2013016939;1;1;2;1;3;370;06/12/2013
2013016940;1;2;1;1;3;370;31/07/2013
2013016941;1;1;1;3;6;370;23/06/2013
2013016942;3;1;1;1;1;370;15/06/2013
2013016943;3;1;1;1;6;370;16/10/2013
2013016944;2;1;1;1;7;370;06/07/2013
2013016945;1;1;1;1;1;370;10/06/2013
2013016946;1;2;1;1;1;370;05/08/2013
2013016947;5;2;9;8;5;870;03/01/2013
2013016948;1;1;1;1;2;870;14/04/2013
2013016949;1;1;2;1;1;870;16/06/2013
2013016950;1;1;1;1;1;870;09/08/2013
2013016951;3;1;1;2;1;870;10/02/2013
2013016952;1;1;2;1;3;870;26/03/2013
2013016953;1;1;1;1;6;870;27/08/2013
2013016954;1;1;3;1;5;870;30/09/2013
2013016955;1;1;1;8;5;870;15/11/2013
2013016956;3;1;1;1;6;870;14/08/2013
2013016957;1;1;1;2;7;870;02/02/2013
2013016958;1;1;1;1;1;870;11/05/2013
2013016959;1;1;1;9;7;870;12/12/2013
2013016960;1;2;1;1;6;870;15/04/2013
2013016961;1;1;1;1;6;870;03/06/2013
2013016962;1;1;1;1;6;870;25/06/2013
2013016963;1;1;1;1;3;870;10/08/2013
2013016964;2;1;1;1;6;870;03/10/2013
2013016965;1;1;1;1;7;230;16/02/2013
2013016966;5;2;3;2;3;230;04/11/2013
2013016967;1;1;1;1;6;230;24/04/2013
2013016968;1;1;1;1;6;230;06/07/2013
2013016969;5;2;1;1;6;230;31/10/2013
2013016970;3;1;1;4;3;230;19/11/2013
2013016971;1;1;1;2;1;230;11/05/2013
2013016972;1;1;1;1;6;230;01/09/2013
2013016973;1;1;1;1;7;230;04/09/2013
2013016974;2;1;1;1;7;170;04/03/2013
2013016975;1;1;1;1;1;170;20/03/2013
2013016976;1;2;1;1;6;170;25/05/2013
2013016977;3;1;1;1;5;170;03/02/2013
2013016978;1;1;1;2;5;280;25/08/2013
2013016979;1;1;1;2;6;280;05/11/2013
2013016980;2;1;1;1;6;280;16/02/2013
2013016981;1;1;1;8;6;270;07/02/2013
2013016982;2;1;1;9;7;270;20/03/2013
2013016983;1;1;1;1;7;270;04/05/2013
2013016984;1;1;1;1;3;270;28/08/2013
2013016985;4;1;6;1;6;270;30/08/2013
2013016986;1;2;1;1;2;270;02/10/2013
2013016987;1;1;1;1;1;270;05/10/2013
2013016988;1;1;1;1;6;270;04/11/2013
2013016989;3;1;1;5;1;270;10/12/2013
2013016990;1;1;1;9;1;270;10/12/2013
2013016991;3;1;1;5;1;270;13/12/2013
2013016992;3;2;1;6;6;270;23/12/2013
2013016993;1;1;1;1;3;270;18/04/2013
2013016994;1;1;1;1;3;270;24/09/2013
2013016995;3;1;1;2;6;270;06/02/2013
2013016996;1;1;1;1;5;270;26/06/2013
2013016997;1;1;3;1;3;270;14/08/2013
2013016998;3;1;1;1;7;270;17/08/2013
2013016999;1;1;1;1;2;270;20/08/2013
2013017000;2;1;1;1;6;270;19/09/2013
2013017001;3;2;1;1;6;270;17/11/2013
2013017002;1;2;1;1;6;270;24/01/2013
2013017003;1;2;2;1;1;270;06/02/2013
2013017004;3;1;1;1;2;270;10/03/2013
2013017005;1;1;1;5;6;270;07/07/2013
2013017006;3;1;1;1;6;270;27/07/2013
2013017007;1;1;2;7;3;270;03/08/2013
2013017008;1;1;1;1;1;270;15/08/2013
2013017009;1;2;1;1;1;270;27/08/2013
2013017010;3;1;1;1;6;270;30/08/2013
2013017011;3;2;1;1;1;270;20/10/2013
2013017012;1;1;1;1;6;270;18/10/2013
2013017013;5;2;1;1;1;270;06/12/2013
2013017014;1;1;1;1;1;270;19/01/2013
2013017015;2;1;1;1;5;270;28/01/2013
2013017016;1;2;1;1;3;270;05/03/2013
2013017017;1;1;1;1;3;270;08/04/2013
2013017018;1;1;3;1;3;270;17/08/2013
2013017019;1;1;1;2;7;270;13/09/2013
2013017020;1;1;1;1;1;270;14/09/2013
2013017021;1;1;1;2;1;270;30/09/2013
2013017022;5;2;9;2;3;270;29/11/2013
2013017023;3;1;1;1;6;270;11/12/2013
2013017024;1;2;1;1;2;270;06/06/2013
2013017025;1;1;1;2;1;270;08/04/2013
2013017026;1;1;2;1;5;270;13/04/2013
2013017027;2;1;1;1;3;270;29/05/2013
2013017028;3;1;1;1;1;270;19/07/2013
2013017029;2;2;1;1;7;270;08/09/2013
2013017030;2;1;1;3;1;270;29/09/2013
2013017031;2;1;1;5;1;270;21/04/2013
2013017032;3;1;1;1;2;270;05/10/2013
2013017033;1;1;1;1;3;40;10/06/2013
2013017034;1;1;1;2;1;40;20/07/2013
2013017035;3;1;1;1;6;40;11/11/2013
2013017036;1;1;1;1;2;40;09/03/2013
2013017037;1;1;1;1;3;40;17/09/2013
2013017038;1;2;1;8;6;40;29/01/2013
2013017039;1;1;1;1;1;40;07/10/2013
2013017040;1;1;2;1;3;40;11/10/2013
2013017041;2;2;1;1;7;40;31/10/2013
2013017042;1;2;1;1;6;40;06/11/2013
2013017043;1;2;3;1;3;40;04/12/2013
2013017044;1;1;1;1;7;40;02/01/2013
2013017045;1;1;1;1;3;40;26/01/2013
2013017046;3;1;1;1;7;40;02/02/2013
2013017047;1;1;1;8;7;40;26/04/2013
2013017048;1;2;1;1;1;40;30/04/2013
2013017049;1;1;1;1;3;40;26/05/2013
2013017050;1;1;1;1;3;40;18/06/2013
2013017051;1;1;1;1;6;40;21/06/2013
2013017052;1;1;1;1;5;40;23/08/2013
2013017053;1;1;3;1;3;40;16/10/2013
2013017054;5;1;1;1;5;40;13/11/2013
2013017055;3;2;1;3;7;40;19/12/2013
2013017056;1;1;1;9;7;40;29/12/2013
2013017057;3;1;1;1;6;40;27/07/2013
2013017058;1;1;2;1;3;40;16/04/2013
2013017059;1;1;1;1;3;40;03/05/2013
2013017060;1;1;2;1;3;240;12/08/2013
2013017061;1;1;1;1;7;240;30/01/2013
2013017062;1;2;1;1;7;240;15/07/2013
2013017063;5;1;1;3;1;240;21/11/2013
2013017064;3;1;1;1;2;240;29/11/2013
2013017065;1;1;1;1;1;240;12/04/2013
2013017066;3;1;1;1;6;240;13/05/2013
2013017067;1;1;1;1;7;240;27/05/2013
2013017068;1;1;1;3;7;240;18/06/2013
2013017069;1;1;1;1;3;240;13/07/2013
2013017070;3;2;1;1;1;240;08/10/2013
2013017071;3;1;1;1;6;240;09/03/2013
2013017072;3;1;1;1;7;240;01/08/2013
2013017073;1;1;2;1;3;240;13/08/2013
2013017074;1;1;1;2;7;240;04/10/2013
2013017075;3;1;1;2;6;240;02/11/2013
2013017076;1;2;9;1;1;240;22/11/2013
2013017077;1;1;1;1;7;240;05/04/2013
2013017078;1;2;1;1;7;240;04/07/2013
2013017079;1;2;1;7;6;240;12/07/2013
2013017080;1;1;3;1;1;240;01/12/2013
2013017081;3;1;1;1;1;240;29/11/2013
2013017082;1;2;1;1;1;240;08/12/2013
2013017083;3;1;1;3;6;240;03/08/2013
2013017084;1;1;1;8;6;240;07/01/2013
2013017085;1;1;1;1;6;240;24/02/2013
2013017086;1;1;3;1;3;240;18/06/2013
2013017087;1;1;1;1;1;240;29/07/2013
2013017088;1;2;1;1;7;240;05/08/2013
2013017089;1;1;9;1;3;240;17/08/2013
2013017090;3;1;1;2;6;240;22/09/2013
2013017091;1;1;1;1;7;240;02/10/2013
2013017092;3;1;1;8;6;240;15/10/2013
2013017093;1;1;1;1;6;240;13/12/2013
2013017094;1;1;1;1;1;240;24/03/2013
2013017095;1;1;1;1;7;240;19/04/2013
2013017096;1;1;3;3;5;240;11/03/2013
2013017097;1;2;1;1;1;240;11/09/2013
2013017098;1;1;1;1;5;240;02/10/2013
2013017099;1;1;1;2;6;400;03/07/2013
2013017100;1;2;1;1;2;400;24/11/2013
2013017101;1;1;1;1;5;400;03/09/2013
2013017102;1;1;9;1;6;400;18/08/2013
2013017103;3;1;1;1;6;210;15/04/2013
2013017104;1;1;1;1;1;210;22/06/2013
2013017105;3;1;3;1;3;210;10/07/2013
2013017106;1;1;1;1;7;210;26/10/2013
2013017107;1;2;4;1;3;210;11/06/2013
2013017108;1;2;1;7;6;210;17/08/2013
2013017109;3;1;1;1;1;210;31/10/2013
2013017110;1;1;1;1;1;210;05/08/2013
2013017111;1;1;1;1;3;210;23/05/2013
2013017112;3;1;1;1;7;210;25/05/2013
2013017113;5;2;1;1;6;210;11/06/2013
2013017114;1;1;1;1;2;210;02/10/2013
2013017115;1;1;1;1;6;210;03/10/2013
2013017116;3;1;1;1;1;210;26/10/2013
2013017117;1;1;1;4;3;210;09/03/2013
2013017118;3;1;1;1;7;210;15/03/2013
2013017119;1;1;1;1;2;210;21/03/2013
2013017120;3;1;1;1;7;210;06/04/2013
2013017121;1;1;1;3;6;210;30/04/2013
2013017122;1;1;1;1;7;210;17/06/2013
2013017123;3;1;1;1;7;210;27/02/2013
2013017124;1;1;1;1;1;530;08/05/2013
2013017125;1;1;3;1;1;530;24/08/2013
2013017126;1;1;1;1;7;530;13/02/2013
2013017127;1;1;3;1;1;530;26/06/2013
2013017128;1;1;9;1;3;530;10/07/2013
2013017129;1;1;1;1;6;530;04/08/2013
2013017130;1;1;1;1;3;530;20/08/2013
2013017131;3;1;2;3;3;530;14/10/2013
2013017132;1;1;1;1;7;530;17/10/2013
2013017133;1;1;1;2;1;530;04/11/2013
2013017134;1;1;1;9;1;530;11/12/2013
2013017135;1;2;1;1;6;530;17/05/2013
2013017136;3;2;1;3;6;530;17/06/2013
2013017137;1;2;1;1;1;530;25/07/2013
2013017138;1;1;1;1;3;530;27/07/2013
2013017139;1;1;1;1;5;530;05/08/2013
2013017140;1;2;2;1;2;530;19/11/2013
2013017141;1;1;2;1;3;530;01/03/2013
2013017142;3;1;1;1;1;530;07/12/2013
2013017143;3;1;1;2;6;530;05/04/2013
2013017144;2;1;1;1;1;530;11/07/2013
2013017145;1;1;1;1;6;530;13/05/2013
2013017146;3;1;1;2;1;530;16/10/2013
2013017147;1;1;1;4;1;70;07/02/2013
2013017148;5;2;1;1;6;70;07/03/2013
2013017149;1;1;1;1;1;70;04/05/2013
2013017150;1;1;1;1;3;70;15/07/2013
2013017151;3;1;1;1;6;70;10/08/2013
2013017152;1;1;1;1;3;70;02/10/2013
2013017153;1;1;1;8;5;70;05/11/2013
2013017154;1;1;1;1;6;70;12/11/2013
2013017155;1;1;3;1;3;70;25/03/2013
2013017156;1;1;1;1;3;70;22/04/2013
2013017157;1;1;1;1;1;70;21/06/2013
2013017158;1;1;1;1;3;70;12/09/2013
2013017159;1;1;1;1;6;70;11/05/2013
2013017160;1;1;1;1;1;70;21/08/2013
2013017161;1;1;1;1;7;70;13/08/2013
2013017162;1;1;1;8;1;70;15/10/2013
2013017163;3;1;1;4;7;70;18/01/2013
2013017164;3;1;1;1;7;70;14/06/2013
2013017165;1;1;1;1;6;70;28/06/2013
2013017166;1;1;1;1;6;70;29/11/2013
2013017167;3;1;1;1;6;70;30/11/2013
2013017168;1;2;3;1;1;70;16/01/2013
2013017169;1;1;1;1;1;70;14/04/2013
2013017170;3;1;6;1;6;70;01/09/2013
2013017171;1;2;1;1;6;70;20/09/2013
2013017172;1;2;1;1;6;70;11/12/2013
2013017173;1;1;1;2;1;70;30/05/2013
2013017174;3;1;9;1;1;70;30/10/2013
2013017175;1;1;1;1;6;70;12/08/2013
2013017176;1;1;1;1;3;70;20/08/2013
2013017177;1;2;1;1;1;70;30/09/2013
2013017178;1;1;1;4;7;70;06/12/2013
2013017179;3;1;1;1;6;160;03/04/2013
2013017180;1;1;1;1;6;160;05/07/2013
2013017181;1;1;1;7;2;160;20/07/2013
2013017182;1;1;1;7;1;160;28/07/2013
2013017183;3;2;1;1;3;160;28/10/2013
2013017184;3;1;1;1;6;160;30/03/2013
2013017185;1;2;1;1;6;160;13/04/2013
2013017186;1;1;1;1;1;160;23/06/2013
2013017187;2;1;1;1;6;160;20/07/2013
2013017188;5;1;1;1;6;160;27/10/2013
2013017189;3;1;1;2;6;160;10/02/2013
2013017190;1;1;1;1;3;160;19/09/2013
2013017191;1;1;1;9;6;160;01/12/2013
2013017192;1;1;2;2;3;160;16/03/2013
2013017193;2;1;1;1;6;160;06/04/2013
2013017194;1;2;3;1;3;160;18/04/2013
2013017195;1;1;1;1;7;160;27/08/2013
2013017196;3;1;1;2;1;160;08/11/2013
2013017197;1;1;1;1;6;160;22/02/2013
2013017198;1;1;1;1;6;160;20/04/2013
2013017199;1;1;1;1;6;160;10/06/2013
2013017200;3;1;1;1;6;160;13/08/2013
2013017201;2;1;1;1;6;160;01/11/2013
2013017202;1;1;1;1;2;160;07/02/2013
2013017203;1;1;1;1;1;160;01/06/2013
2013017204;1;1;2;1;3;160;23/06/2013
2013017205;3;1;1;2;1;160;07/11/2013
2013017206;1;1;1;1;6;360;02/08/2013
2013017207;1;1;1;7;3;360;14/08/2013
2013017208;1;2;1;1;6;202;06/11/2013
2013017209;3;1;1;8;7;360;07/02/2013
2013017210;1;1;1;1;6;360;29/05/2013
2013017211;1;1;1;1;1;360;09/06/2013
2013017212;1;1;1;1;6;360;20/07/2013
2013017213;1;2;1;1;6;360;25/07/2013
2013017214;1;1;1;1;1;360;20/08/2013
2013017215;1;1;1;2;3;360;18/09/2013
2013017216;1;1;1;1;6;360;28/09/2013
2013017217;1;1;1;2;1;360;13/12/2013
2013017218;3;1;1;1;6;360;16/11/2013
2013017219;1;2;2;8;6;360;04/01/2013
2013017220;1;1;1;1;1;360;05/04/2013
2013017221;1;2;4;1;3;360;10/04/2013
2013017222;1;1;1;1;7;360;19/04/2013
2013017223;3;1;1;2;6;360;25/05/2013
2013017224;1;1;1;1;1;360;18/07/2013
2013017225;1;1;1;1;7;360;24/09/2013
2013017226;1;1;1;1;3;100;15/02/2013
2013017227;1;2;1;3;3;100;09/04/2013
2013017228;1;1;1;1;7;100;12/05/2013
2013017229;2;1;1;2;6;100;29/09/2013
2013017230;3;1;1;1;7;100;20/12/2013
2013017231;5;2;1;2;6;100;24/12/2013
2013017232;1;1;1;8;6;100;12/03/2013
2013017233;1;2;3;1;3;100;26/06/2013
2013017234;1;1;2;1;3;100;23/08/2013
2013017235;2;1;1;1;1;100;01/10/2013
2013017236;1;1;1;2;2;100;05/11/2013
2013017237;3;1;1;8;5;100;20/11/2013
2013017238;1;1;1;1;1;100;02/01/2013
2013017239;1;1;1;1;6;100;08/07/2013
2013017240;1;1;1;1;6;100;23/08/2013
2013017241;1;2;1;1;6;100;24/08/2013
2013017242;3;1;1;2;6;100;12/09/2013
2013017243;1;1;1;1;6;100;22/09/2013
2013017244;1;1;1;9;6;100;11/12/2013
2013017245;1;1;1;9;7;100;11/12/2013
2013017246;5;1;1;1;6;100;02/02/2013
2013017247;1;2;1;1;6;100;13/04/2013
2013017248;1;1;1;1;6;100;15/06/2013
2013017249;2;1;1;1;6;100;22/06/2013
2013017250;2;2;2;1;3;100;28/06/2013
2013017251;3;1;1;1;7;100;26/07/2013
2013017252;3;1;1;8;5;100;03/08/2013
2013017253;1;2;3;1;1;100;03/10/2013
2013017254;1;2;1;8;6;100;12/12/2013
2013017255;1;1;3;1;3;430;03/09/2013
2013017256;1;1;3;1;3;430;03/09/2013
2013017257;1;1;2;2;1;430;08/10/2013
2013017258;1;1;1;2;5;430;02/04/2013
2013017259;1;2;7;1;6;430;24/05/2013
2013017260;1;1;3;8;3;430;07/08/2013
2013017261;1;1;1;1;1;430;07/08/2013
2013017262;1;1;2;1;3;430;15/08/2013
2013017263;1;2;1;1;6;430;31/08/2013
2013017264;3;1;1;1;6;430;21/12/2013
2013017265;1;1;1;2;6;430;28/07/2013
2013017266;1;2;1;2;6;430;19/04/2013
2013017267;1;1;3;1;3;430;21/12/2013
2013017268;1;1;3;1;3;430;14/06/2013
2013017269;3;1;1;1;7;430;13/07/2013
2013017270;1;1;1;1;6;430;27/10/2013
2013017271;1;1;1;1;4;180;24/03/2013
2013017272;1;1;1;2;3;180;24/05/2013
2013017273;1;1;2;1;3;180;04/07/2013
2013017274;1;1;1;1;6;180;21/09/2013
2013017275;1;2;1;1;3;180;04/12/2013
2013017276;4;2;1;1;7;180;31/12/2013
2013017277;1;1;1;4;1;180;21/01/2013
2013017278;3;1;1;5;7;180;16/02/2013
2013017279;2;1;1;1;7;180;17/02/2013
2013017280;1;2;1;1;3;180;21/02/2013
2013017281;5;2;1;1;1;180;25/02/2013
2013017282;1;1;1;1;7;180;14/04/2013
2013017283;3;1;1;1;7;180;12/05/2013
2013017284;2;2;1;1;6;180;10/06/2013
2013017285;1;1;1;1;6;180;19/06/2013
2013017286;1;1;1;1;6;180;29/06/2013
2013017287;1;2;1;1;6;180;20/07/2013
2013017288;2;1;1;1;6;180;20/07/2013
2013017289;1;1;1;1;3;180;01/09/2013
2013017290;1;1;1;1;7;180;04/09/2013
2013017291;2;1;1;1;6;180;07/09/2013
2013017292;2;1;1;8;1;180;09/09/2013
2013017293;1;1;1;1;1;180;24/09/2013
2013017294;1;1;1;3;7;180;14/10/2013
2013017295;3;1;1;1;1;180;19/10/2013
2013017296;1;2;1;2;2;180;05/11/2013
2013017297;5;2;1;1;6;180;14/11/2013
2013017298;5;2;1;1;6;180;13/12/2013
2013017299;1;2;1;1;6;180;16/03/2013
2013017300;1;1;1;1;7;180;16/05/2013
2013017301;1;1;1;1;6;180;07/07/2013
2013017302;1;1;1;1;6;180;21/07/2013
2013017303;1;1;1;1;1;180;11/09/2013
2013017304;1;2;1;1;6;180;20/10/2013
2013017305;5;2;6;8;6;180;27/10/2013
2013017306;1;2;2;1;1;180;11/11/2013
2013017307;1;1;3;7;3;180;30/11/2013
2013017308;3;1;1;1;6;180;31/05/2013
2013017309;1;1;2;1;3;180;14/06/2013
2013017310;1;1;1;1;6;180;19/06/2013
2013017311;1;1;1;1;6;180;02/07/2013
2013017312;3;1;1;1;6;180;09/08/2013
2013017313;1;1;1;1;1;180;10/09/2013
2013017314;2;1;1;1;1;180;16/02/2013
2013017315;3;1;1;2;6;180;10/03/2013
2013017316;3;1;1;1;6;180;02/06/2013
2013017317;1;1;1;1;1;180;09/06/2013
2013017318;1;1;2;2;3;180;03/01/2013
2013017319;1;1;1;1;1;180;14/03/2013
2013017320;1;1;3;1;3;180;17/04/2013
2013017321;1;1;1;2;2;180;26/04/2013
2013017322;3;1;3;1;1;180;04/06/2013
2013017323;2;1;1;1;6;180;07/07/2013
2013017324;1;1;1;1;5;180;05/07/2013
2013017325;1;1;1;1;6;180;17/07/2013
2013017326;1;2;1;1;3;180;22/07/2013
2013017327;1;1;1;2;2;180;18/09/2013
2013017328;3;1;1;1;6;180;28/09/2013
2013017329;2;2;1;2;6;180;17/10/2013
2013017330;1;2;1;1;6;180;09/11/2013
2013017331;2;2;1;1;6;180;09/12/2013
2013017332;1;1;1;1;1;180;09/12/2013
2013017333;1;1;1;8;2;180;16/02/2013
2013017334;2;1;1;1;3;180;10/03/2013
2013017335;1;1;1;1;7;180;29/03/2013
2013017336;3;1;1;1;6;180;14/04/2013
2013017337;3;1;1;1;6;180;05/05/2013
2013017338;1;1;1;8;7;180;05/05/2013
2013017339;3;1;1;1;6;180;22/05/2013
2013017340;1;1;1;1;7;180;11/08/2013
2013017341;1;2;1;3;1;180;14/10/2013
2013017342;1;2;1;1;7;180;31/10/2013
2013017343;1;1;1;8;3;180;08/01/2013
2013017344;3;1;1;2;6;180;15/01/2013
2013017345;1;2;1;1;6;180;25/04/2013
2013017346;1;1;1;1;1;180;23/05/2013
2013017347;1;2;2;1;2;180;09/07/2013
2013017348;1;1;6;1;2;180;11/07/2013
2013017349;1;1;1;1;7;180;20/07/2013
2013017350;1;1;2;1;3;180;25/07/2013
2013017351;1;2;2;1;3;180;01/08/2013
2013017352;1;1;1;1;3;180;03/11/2013
2013017353;3;1;1;2;6;180;02/12/2013
2013017354;3;2;1;9;6;180;09/12/2013
2013017355;1;2;1;1;6;730;26/02/2013
2013017356;3;1;1;1;6;730;27/03/2013
2013017357;1;2;9;1;3;730;19/01/2013
2013017358;1;1;1;1;6;730;05/04/2013
2013017359;1;1;3;1;2;730;14/04/2013
2013017360;1;1;6;1;4;730;10/09/2013
2013017361;1;1;4;1;3;730;11/12/2013
2013017362;1;1;1;1;7;730;21/12/2013
2013017363;3;1;1;9;6;730;13/01/2013
2013017364;1;1;1;1;7;730;05/05/2013
2013017365;1;1;1;2;1;730;15/05/2013
2013017366;1;1;1;1;1;730;01/06/2013
2013017367;1;1;1;1;3;730;07/06/2013
2013017368;1;1;1;1;7;730;16/06/2013
2013017369;1;1;1;1;1;730;30/07/2013
2013017370;4;1;1;2;6;730;14/11/2013
2013017371;4;2;6;9;7;730;27/01/2013
2013017372;1;1;2;1;3;730;12/02/2013
2013017373;5;2;1;1;7;730;26/05/2013
2013017374;5;1;2;4;3;730;10/01/2013
2013017375;1;1;1;4;2;730;15/01/2013
2013017376;5;2;1;1;6;730;27/10/2013
2013017377;1;2;1;1;4;730;23/01/2013
2013017378;1;1;1;1;6;730;26/01/2013
2013017379;1;2;1;1;6;730;04/05/2013
2013017380;1;1;1;1;1;730;14/09/2013
2013017381;1;1;1;9;7;730;26/01/2013
2013017382;1;1;1;1;1;730;19/02/2013
2013017383;1;1;1;1;1;730;21/07/2013
2013017384;2;1;1;1;7;730;27/07/2013
2013017385;2;1;1;1;5;730;09/08/2013
2013017386;3;2;1;1;6;730;27/12/2013
2013017387;1;1;1;1;7;640;15/03/2013
2013017388;1;2;9;1;6;640;31/07/2013
2013017389;1;1;1;7;2;640;26/11/2013
2013017390;1;2;1;1;1;640;06/04/2013
2013017391;1;1;1;1;7;640;17/10/2013
2013017392;2;1;1;2;6;640;19/11/2013
2013017393;1;1;6;1;7;640;30/12/2013
2013017394;1;2;1;1;6;640;08/01/2013
2013017395;1;1;1;7;3;640;12/06/2013
2013017396;1;1;1;1;7;640;25/06/2013
2013017397;3;1;1;1;6;640;14/07/2013
2013017398;1;1;2;8;3;640;10/08/2013
2013017399;1;2;1;1;6;640;26/11/2013
2013017400;5;2;1;2;1;640;18/04/2013
2013017401;1;1;2;1;3;640;21/12/2013
2013017402;1;1;1;1;1;640;04/09/2013