num_acc;lum;agg;inter;atm;col;dep;date
2013017403;1;1;1;7;1;640;11/01/2013
2013017404;1;2;1;1;3;640;02/07/2013
2013017405;1;1;1;2;2;640;28/09/2013
2013017406;1;1;1;1;1;640;30/07/2013
2013017407;5;2;1;1;6;450;11/01/2013
2013017408;1;1;1;1;5;450;07/03/2013
2013017409;2;2;1;3;6;450;11/03/2013
2013017410;1;1;2;1;3;450;16/03/2013
2013017411;1;2;1;1;1;450;08/04/2013
2013017412;1;1;1;7;3;450;19/04/2013
2013017413;1;1;1;2;6;450;08/06/2013
2013017414;1;1;1;2;6;450;08/06/2013
2013017415;3;1;1;5;6;450;14/06/2013
2013017416;1;1;2;1;3;450;20/06/2013
2013017417;1;1;1;1;6;450;21/06/2013
2013017418;1;1;2;1;3;450;29/06/2013
2013017419;1;1;1;1;1;450;06/07/2013
2013017420;1;1;1;1;6;450;07/07/2013
2013017421;1;1;1;7;6;450;16/08/2013
2013017422;1;1;1;1;5;450;03/09/2013
2013017423;3;1;4;1;2;450;22/10/2013
2013017424;3;1;1;3;6;450;25/10/2013
2013017425;4;2;1;1;6;450;07/04/2013
2013017426;1;1;1;1;6;450;27/06/2013
2013017427;1;1;1;1;1;450;27/09/2013
2013017428;1;1;1;2;1;450;17/10/2013
2013017429;3;1;1;1;6;450;18/10/2013
2013017430;3;2;1;8;6;450;05/11/2013
2013017431;3;1;1;9;1;450;16/12/2013
2013017432;1;1;1;6;1;600;04/02/2013
2013017433;2;2;1;2;2;600;05/02/2013
2013017434;3;1;1;1;6;600;16/04/2013
2013017435;1;1;1;1;1;600;04/06/2013
2013017436;1;1;4;1;3;600;08/06/2013
2013017437;1;2;1;1;3;600;09/10/2013
2013017438;1;1;1;1;1;600;23/03/2013
2013017439;1;1;1;2;1;600;17/10/2013
2013017440;1;1;2;1;3;600;15/11/2013
2013017441;1;1;1;1;6;600;15/11/2013
2013017442;1;2;1;9;6;600;20/12/2013
2013017443;3;1;1;2;6;600;28/01/2013
2013017444;1;2;1;1;6;600;21/02/2013
2013017445;1;1;1;1;6;600;03/03/2013
2013017446;1;1;1;6;7;600;22/03/2013
2013017447;1;2;1;1;7;600;29/03/2013
2013017448;3;1;1;1;7;600;11/05/2013
2013017449;1;1;1;1;7;600;02/06/2013
2013017450;1;2;2;1;3;600;10/07/2013
2013017451;1;1;1;1;6;600;14/07/2013
2013017452;1;1;2;1;5;600;21/07/2013
2013017453;1;1;1;1;1;600;28/07/2013
2013017454;5;1;1;1;6;600;07/08/2013
2013017455;1;1;1;1;1;600;22/08/2013
2013017456;3;2;1;1;6;600;06/09/2013
2013017457;1;1;1;1;6;600;12/10/2013
2013017458;5;2;1;1;6;600;18/10/2013
2013017459;5;2;1;2;6;600;14/11/2013
2013017460;5;1;1;2;6;600;27/12/2013
2013017461;1;1;1;4;6;600;28/01/2013
2013017462;1;1;1;2;1;600;07/03/2013
2013017463;1;1;1;7;7;600;11/07/2013
2013017464;2;1;1;9;1;600;14/02/2013
2013017465;2;1;1;2;1;600;03/04/2013
2013017466;1;1;2;3;3;600;20/05/2013
2013017467;3;1;1;1;6;600;18/08/2013
2013017468;1;2;1;1;6;600;07/10/2013
2013017469;3;1;1;1;5;600;06/12/2013
2013017470;1;2;1;1;6;600;24/12/2013
2013017471;1;2;1;8;6;600;08/01/2013
2013017472;1;1;2;1;3;600;06/03/2013
2013017473;1;1;1;1;1;600;25/04/2013
2013017474;2;1;1;1;6;600;07/07/2013
2013017475;2;1;1;8;1;600;28/01/2013
2013017476;3;1;1;2;7;600;27/01/2013
2013017477;3;1;1;9;6;600;08/02/2013
2013017478;1;1;1;8;3;600;12/02/2013
2013017479;1;2;1;1;6;600;05/04/2013
2013017480;1;2;1;1;6;600;04/05/2013
2013017481;1;1;1;2;7;600;13/06/2013
2013017482;5;2;1;1;6;600;15/06/2013
2013017483;3;2;1;1;3;600;01/09/2013
2013017484;1;1;2;1;3;600;21/09/2013
2013017485;1;1;1;1;7;600;16/10/2013
2013017486;1;2;1;1;1;600;30/11/2013
2013017487;5;2;3;8;6;600;27/11/2013
2013017488;3;1;1;1;6;600;16/12/2013
2013017489;3;1;1;1;2;600;02/01/2013
2013017490;3;1;1;1;7;600;15/02/2013
2013017491;1;2;1;1;3;600;04/04/2013
2013017492;1;2;1;1;6;600;15/06/2013
2013017493;1;1;1;1;6;600;15/06/2013
2013017494;1;1;1;1;3;600;05/08/2013
2013017495;1;2;1;1;6;600;07/08/2013
2013017496;1;1;2;1;3;600;15/09/2013
2013017497;3;1;1;2;6;600;25/10/2013
2013017498;1;1;1;1;6;600;15/12/2013
2013017499;1;1;1;9;7;600;15/08/2013
2013017500;1;1;1;1;6;600;02/03/2013
2013017501;1;1;1;1;1;600;01/07/2013
2013017502;3;1;1;1;6;600;14/08/2013
2013017503;1;2;1;2;3;600;13/09/2013
2013017504;1;1;3;1;1;600;12/10/2013
2013017505;1;2;2;2;3;600;01/02/2013
2013017506;1;2;1;1;6;600;18/02/2013
2013017507;2;2;1;1;6;600;05/05/2013
2013017508;1;2;1;1;3;600;19/08/2013
2013017509;1;1;1;2;1;600;01/11/2013
2013017510;5;2;1;2;1;600;04/11/2013
2013017511;4;2;1;1;5;600;18/12/2013
2013017512;5;2;1;1;6;90;17/04/2013
2013017513;5;2;1;1;6;90;21/10/2013
2013017514;3;1;1;1;1;90;06/11/2013
2013017515;3;1;1;4;6;90;14/03/2013
2013017516;2;1;1;2;1;90;13/11/2013
2013017517;1;1;1;1;3;830;14/04/2013
2013017518;1;1;1;1;7;830;21/04/2013
2013017519;1;1;1;1;6;830;09/08/2013
2013017520;1;1;1;1;6;830;06/01/2013
2013017521;1;1;1;1;1;830;14/06/2013
2013017522;5;2;1;4;1;900;12/02/2013
2013017523;1;1;1;3;7;900;20/10/2013
2013017524;2;1;1;2;6;900;14/09/2013
2013017525;3;2;1;1;6;900;08/03/2013
2013017526;3;1;1;8;6;900;03/04/2013
2013017527;3;1;1;1;6;900;19/04/2013
2013017528;2;2;1;1;6;900;10/05/2013
2013017529;2;1;1;3;1;900;21/05/2013
2013017530;3;1;1;1;6;900;11/11/2013
2013017531;3;1;4;1;7;500;04/01/2013
2013017532;1;2;1;1;6;500;02/07/2013
2013017533;1;1;1;1;1;500;09/07/2013
2013017534;3;1;1;5;7;500;22/09/2013
2013017535;1;2;1;1;6;500;12/10/2013
2013017536;1;1;3;1;3;500;30/08/2013
2013017537;1;1;2;1;3;500;02/10/2013
2013017538;1;1;1;1;6;500;10/01/2013
2013017539;1;1;3;1;3;500;10/05/2013
2013017540;1;1;1;1;1;500;27/05/2013
2013017541;3;2;1;2;6;500;28/05/2013
2013017542;1;1;1;1;6;500;02/06/2013
2013017543;1;2;1;1;6;500;03/06/2013
2013017544;1;2;1;1;7;500;14/06/2013
2013017545;1;1;2;1;3;500;15/07/2013
2013017546;1;1;1;1;7;500;11/08/2013
2013017547;1;1;2;1;3;500;14/08/2013
2013017548;1;1;2;1;3;500;29/09/2013
2013017549;1;1;1;1;1;500;21/11/2013
2013017550;1;1;2;1;3;500;12/05/2013
2013017551;1;2;2;1;3;500;24/04/2013
2013017552;5;2;1;1;3;500;10/09/2013
2013017553;3;1;3;1;3;500;16/08/2013
2013017554;1;1;1;1;6;500;29/08/2013
2013017555;1;1;1;1;2;500;27/05/2013
2013017556;5;2;1;2;6;500;24/12/2013
2013017557;3;1;1;1;1;500;30/12/2013
2013017558;1;1;1;2;1;140;20/05/2013
2013017559;3;1;1;2;6;140;31/12/2013
2013017560;1;2;9;1;2;140;29/05/2013
2013017561;1;2;1;1;2;140;17/07/2013
2013017562;1;1;1;1;6;140;05/10/2013
2013017563;1;1;1;1;7;140;03/04/2013
2013017564;1;2;1;1;6;140;19/07/2013
2013017565;1;1;2;1;3;140;20/09/2013
2013017566;3;1;1;3;6;140;14/01/2013
2013017567;3;1;1;1;2;140;24/01/2013
2013017568;1;1;1;8;1;140;08/02/2013
2013017569;1;1;3;1;3;140;09/03/2013
2013017570;1;1;1;1;6;140;09/06/2013
2013017571;1;1;1;1;3;140;02/07/2013
2013017572;2;1;1;8;1;140;09/12/2013
2013017573;1;1;1;1;3;140;10/08/2013
2013017574;1;1;1;1;1;140;14/08/2013
2013017575;1;1;2;1;1;140;09/03/2013
2013017576;4;1;1;1;6;140;04/04/2013
2013017577;2;1;1;1;6;140;31/05/2013
2013017578;1;1;2;2;3;140;13/05/2013
2013017579;1;1;1;3;7;140;11/01/2013
2013017580;2;1;1;2;6;140;09/02/2013
2013017581;3;1;1;2;6;140;26/02/2013
2013017582;1;1;1;2;6;140;23/03/2013
2013017583;4;2;1;5;6;140;14/07/2013
2013017584;1;1;1;1;3;140;26/07/2013
2013017585;1;1;1;1;1;140;02/08/2013
2013017586;3;1;1;1;6;140;01/09/2013
2013017587;3;1;1;1;1;140;05/09/2013
2013017588;3;1;1;1;1;140;21/09/2013
2013017589;1;2;3;1;2;140;15/04/2013
2013017590;1;2;6;1;3;140;07/06/2013
2013017591;1;1;1;1;3;140;09/11/2013
2013017592;3;1;1;1;6;140;03/03/2013
2013017593;1;2;6;1;6;140;25/04/2013
2013017594;1;1;1;1;5;140;28/06/2013
2013017595;1;1;1;2;6;140;13/09/2013
2013017596;1;1;1;1;1;60;17/11/2013
2013017597;1;1;1;1;7;60;16/06/2013
2013017598;1;1;1;1;3;60;21/07/2013
2013017599;1;1;1;1;1;60;01/09/2013
2013017600;3;1;1;1;6;60;19/10/2013
2013017601;1;1;1;7;2;60;16/10/2013
2013017602;1;1;1;1;3;60;06/05/2013
2013017603;1;2;1;1;3;60;24/07/2013
2013017604;1;1;1;1;6;60;12/09/2013
2013017605;1;1;1;1;1;60;20/07/2013
2013017606;1;1;1;8;6;720;02/01/2013
2013017607;3;1;1;2;6;720;08/01/2013
2013017608;1;1;6;1;2;720;30/03/2013
2013017609;1;1;1;1;2;720;06/03/2013
2013017610;1;1;1;1;2;720;17/06/2013
2013017611;5;2;1;1;6;720;11/07/2013
2013017612;3;1;1;1;7;720;12/07/2013
2013017613;2;1;1;1;6;720;21/08/2013
2013017614;3;1;1;2;2;720;03/11/2013
2013017615;1;2;1;1;2;720;17/03/2013
2013017616;5;2;1;1;6;720;16/08/2013
2013017617;1;1;1;1;6;720;06/04/2013
2013017618;1;1;1;1;3;720;28/08/2013
2013017619;3;1;1;1;6;720;31/08/2013
2013017620;1;1;1;1;3;720;24/10/2013
2013017621;3;1;1;8;1;720;26/10/2013
2013017622;3;1;1;4;6;720;18/01/2013
2013017623;3;1;1;4;2;720;18/01/2013
2013017624;1;1;1;1;1;720;07/05/2013
2013017625;1;1;9;1;3;720;01/07/2013
2013017626;1;1;1;3;5;720;28/07/2013
2013017627;5;1;1;2;6;720;02/10/2013
2013017628;2;1;1;8;6;720;21/11/2013
2013017629;1;2;1;1;6;720;18/01/2013
2013017630;1;1;1;7;3;720;26/05/2013
2013017631;1;2;1;1;6;720;10/11/2013
2013017632;5;2;3;1;6;720;08/01/2013
2013017633;1;2;1;1;6;720;08/05/2013
2013017634;1;1;2;1;5;720;20/09/2013
2013017635;1;1;1;2;1;720;01/10/2013
2013017636;1;1;1;8;6;720;20/01/2013
2013017637;1;1;1;1;6;720;26/02/2013
2013017638;1;1;1;2;3;720;12/04/2013
2013017639;1;2;1;1;6;720;28/07/2013
2013017640;3;1;1;2;7;540;04/01/2013
2013017641;2;2;1;1;6;540;07/07/2013
2013017642;1;1;2;1;3;540;13/04/2013
2013017643;1;1;2;1;3;540;05/05/2013
2013017644;2;1;1;1;6;540;18/04/2013
2013017645;1;2;1;1;3;540;05/06/2013
2013017646;1;2;3;1;3;540;26/07/2013
2013017647;1;1;1;1;6;540;18/12/2013
2013017648;1;1;9;1;6;540;30/07/2013
2013017649;2;2;1;3;6;540;05/11/2013
2013017650;1;2;1;1;6;540;27/09/2013
2013017651;1;1;1;1;6;540;14/10/2013
2013017652;1;1;1;1;6;540;05/05/2013
2013017653;1;1;1;2;7;540;26/12/2013
2013017654;3;1;1;1;6;540;19/08/2013
2013017655;3;1;1;1;6;660;28/07/2013
2013017656;5;2;2;1;3;660;28/09/2013
2013017657;1;2;1;1;6;660;19/06/2013
2013017658;2;1;1;1;3;140;30/06/2013
2013017659;5;2;1;1;3;140;17/02/2013
2013017660;1;1;1;1;1;660;06/09/2013
2013017661;1;1;3;1;3;660;08/09/2013
2013017662;3;1;1;1;6;660;29/09/2013
2013017663;1;2;2;1;7;140;27/08/2013
2013017664;1;2;1;1;2;140;30/03/2013
2013017665;5;2;1;1;6;140;06/04/2013
2013017666;1;2;1;2;6;140;12/11/2013
2013017667;1;1;1;1;7;140;16/04/2013
2013017668;1;2;1;1;6;140;01/05/2013
2013017669;1;2;1;1;6;140;03/05/2013
2013017670;1;2;1;1;3;140;05/05/2013
2013017671;1;1;2;1;3;140;11/05/2013
2013017672;5;2;3;1;3;140;14/06/2013
2013017673;1;2;1;1;7;140;14/07/2013
2013017674;1;2;1;1;7;140;19/07/2013
2013017675;1;1;2;1;3;140;21/07/2013
2013017676;3;1;1;1;7;140;04/08/2013
2013017677;1;1;6;1;7;140;09/08/2013
2013017678;1;2;1;1;5;140;20/08/2013
2013017679;1;2;1;1;2;140;20/08/2013
2013017680;1;2;1;1;6;140;22/09/2013
2013017681;1;2;1;1;6;140;01/10/2013
2013017682;1;1;1;1;7;140;03/10/2013
2013017683;5;2;1;1;7;140;30/10/2013
2013017684;1;1;1;1;7;140;24/11/2013
2013017685;5;2;1;1;7;140;28/11/2013
2013017686;3;1;1;1;7;140;06/12/2013
2013017687;1;2;1;1;6;140;19/12/2013
2013017688;1;2;1;1;3;140;26/12/2013
2013017689;5;2;1;1;7;140;31/12/2013
2013017690;1;1;1;1;1;660;06/01/2013
2013017691;3;1;1;1;3;660;09/08/2013
2013017692;1;1;1;1;6;660;31/08/2013
2013017693;2;2;1;1;6;660;21/09/2013
2013017694;1;1;1;4;5;660;17/01/2013
2013017695;1;1;1;3;1;660;07/09/2013
2013017696;1;2;1;1;5;660;20/03/2013
2013017697;1;1;1;1;2;660;29/03/2013
2013017698;1;1;1;8;6;660;01/04/2013
2013017699;1;1;1;1;7;660;20/07/2013
2013017700;1;1;1;7;6;660;26/07/2013
2013017701;1;2;1;1;3;660;15/08/2013
2013017702;3;1;1;1;7;660;18/08/2013
2013017703;3;1;1;5;6;660;27/10/2013
2013017704;1;1;1;1;6;580;10/06/2013
2013017705;5;2;1;1;1;580;01/12/2013
2013017706;1;2;1;2;1;580;06/02/2013
2013017707;1;1;1;1;1;580;30/03/2013
2013017708;1;1;1;8;7;580;14/09/2013
2013017709;2;1;1;2;1;580;16/09/2013
2013017710;3;1;1;3;6;580;01/02/2013
2013017711;1;1;1;4;3;580;09/02/2013
2013017712;3;1;1;1;6;580;15/03/2013
2013017713;3;1;1;3;6;580;27/07/2013
2013017714;1;1;1;1;7;580;26/03/2013
2013017715;1;1;1;8;1;580;07/11/2013
2013017716;3;2;1;1;6;580;27/11/2013
2013017717;3;1;1;1;6;580;12/12/2013
2013017718;5;2;1;1;6;260;20/02/2013
2013017719;1;1;1;2;6;260;20/04/2013
2013017720;1;1;1;2;1;260;26/04/2013
2013017721;1;2;1;1;2;260;02/05/2013
2013017722;1;2;1;1;3;260;03/05/2013
2013017723;1;1;1;1;1;260;06/05/2013
2013017724;1;1;1;1;3;260;22/05/2013
2013017725;3;2;1;1;7;260;16/12/2013
2013017726;5;2;1;1;2;260;23/08/2013
2013017727;1;1;1;1;7;260;08/11/2013
2013017728;3;1;1;1;7;260;31/12/2013
2013017729;1;1;1;1;7;260;08/06/2013
2013017730;3;1;2;1;1;260;11/01/2013
2013017731;5;1;1;1;2;260;12/02/2013
2013017732;3;1;1;1;1;260;12/03/2013
2013017733;1;1;1;1;6;260;07/07/2013
2013017734;1;1;6;1;6;260;24/05/2013
2013017735;1;2;1;1;6;260;12/06/2013
2013017736;1;1;1;1;1;260;12/06/2013
2013017737;1;1;1;1;7;260;17/08/2013
2013017738;1;1;1;1;6;260;23/12/2013
2013017739;1;1;1;1;5;260;14/06/2013
2013017740;1;1;1;1;6;260;13/04/2013
2013017741;1;2;1;1;6;260;23/06/2013
2013017742;5;1;1;4;6;700;23/02/2013
2013017743;1;1;1;1;3;700;29/03/2013
2013017744;1;2;6;1;3;700;17/04/2013
2013017745;1;1;2;1;3;700;21/06/2013
2013017746;1;2;1;1;6;700;23/04/2013
2013017747;1;1;1;7;1;700;08/07/2013
2013017748;5;2;1;1;7;700;13/07/2013
2013017749;5;2;1;1;6;700;22/09/2013
2013017750;4;2;1;1;6;700;01/01/2013
2013017751;5;2;1;1;7;700;16/02/2013
2013017752;5;2;6;2;7;700;18/03/2013
2013017753;3;2;1;1;6;700;20/04/2013
2013017754;1;2;1;1;1;700;25/04/2013
2013017755;1;2;1;8;6;700;12/09/2013
2013017756;1;1;1;2;1;700;13/09/2013
2013017757;3;1;1;1;6;850;03/05/2013
2013017758;1;1;1;4;5;10;06/02/2013
2013017759;1;2;2;1;3;10;23/06/2013
2013017760;1;1;1;1;4;10;27/01/2013
2013017761;2;1;1;1;3;10;28/01/2013
2013017762;1;1;1;1;6;10;15/04/2013
2013017763;3;1;1;1;6;10;07/07/2013
2013017764;1;1;2;8;3;10;19/09/2013
2013017765;1;2;1;1;7;10;21/08/2013
2013017766;1;1;1;8;6;10;24/11/2013
2013017767;5;2;1;1;6;10;16/12/2013
2013017768;1;1;1;1;7;10;16/08/2013
2013017769;1;1;1;2;1;10;27/08/2013
2013017770;1;1;1;8;7;10;30/01/2013
2013017771;1;1;9;2;3;10;11/04/2013
2013017772;1;1;1;2;7;10;27/04/2013
2013017773;1;1;1;1;6;10;19/05/2013
2013017774;1;2;1;1;6;10;18/09/2013
2013017775;1;2;1;1;5;10;17/09/2013
2013017776;3;1;1;4;1;10;22/11/2013
2013017777;1;1;1;5;1;10;09/06/2013
2013017778;1;1;2;1;3;10;16/10/2013
2013017779;1;1;1;1;6;10;31/03/2013
2013017780;3;1;1;2;7;10;21/04/2013
2013017781;1;2;1;1;6;10;23/05/2013
2013017782;1;1;1;1;1;10;26/05/2013
2013017783;1;1;1;8;1;10;24/05/2013
2013017784;1;1;1;1;3;10;31/07/2013
2013017785;1;1;1;1;6;10;15/03/2013
2013017786;1;2;9;4;6;10;07/02/2013
2013017787;2;1;1;4;5;10;10/01/2013
2013017788;3;1;1;1;6;10;28/02/2013
2013017789;3;1;1;4;7;10;18/03/2013
2013017790;1;1;1;1;1;10;14/05/2013
2013017791;1;1;1;1;7;10;08/07/2013
2013017792;5;1;1;1;3;10;26/07/2013
2013017793;3;1;1;4;6;10;02/02/2013
2013017794;1;2;1;1;3;10;14/07/2013
2013017795;1;2;1;2;3;10;22/05/2013
2013017796;1;2;1;1;2;10;03/08/2013
2013017797;3;1;1;1;1;10;03/10/2013
2013017798;1;1;3;1;3;10;11/03/2013
2013017799;1;1;1;2;6;10;25/05/2013
2013017800;5;2;2;1;3;10;05/07/2013
2013017801;1;2;2;1;3;10;13/08/2013
2013017802;1;2;1;1;3;10;11/08/2013
2013017803;5;1;1;1;7;10;02/03/2013
2013017804;1;1;4;3;1;150;04/10/2013
2013017805;1;2;1;1;1;150;28/09/2013
2013017806;1;2;1;2;6;150;08/11/2013
2013017807;1;1;1;1;3;150;14/11/2013
2013017808;1;1;1;1;6;150;23/04/2013
2013017809;3;1;1;9;7;150;05/01/2013
2013017810;1;2;1;1;3;150;14/09/2013
2013017811;1;1;1;1;3;150;09/12/2013
2013017812;1;2;1;1;6;150;16/03/2013
2013017813;1;1;1;1;6;150;07/04/2013
2013017814;3;1;1;5;7;150;22/09/2013
2013017815;1;1;1;1;7;150;29/06/2013
2013017816;1;2;7;1;6;150;18/06/2013
2013017817;1;1;1;1;7;150;10/04/2013
2013017818;5;1;1;1;6;150;12/03/2013
2013017819;2;1;1;1;1;150;28/06/2013
2013017820;3;1;1;1;1;30;04/11/2013
2013017821;1;1;1;1;6;30;30/11/2013
2013017822;1;1;1;1;2;30;12/06/2013
2013017823;1;1;1;1;5;30;02/08/2013
2013017824;1;1;1;1;3;30;27/10/2013
2013017825;1;1;1;4;3;30;22/11/2013
2013017826;1;1;1;7;1;30;09/12/2013
2013017827;5;2;1;1;6;30;24/12/2013
2013017828;3;1;1;1;7;30;18/03/2013
2013017829;1;1;1;1;6;30;12/05/2013
2013017830;1;2;1;1;6;30;17/10/2013
2013017831;3;1;1;2;6;30;05/11/2013
2013017832;2;1;1;8;6;30;11/01/2013
2013017833;1;1;2;1;3;30;28/02/2013
2013017834;2;1;1;1;1;30;29/06/2013
2013017835;1;1;1;8;3;30;23/07/2013
2013017836;3;1;6;1;6;30;11/08/2013
2013017837;1;2;6;1;6;30;03/11/2013
2013017838;3;1;1;1;7;30;08/03/2013
2013017839;1;2;3;1;3;30;08/03/2013
2013017840;1;1;1;1;3;30;16/06/2013
2013017841;1;1;1;1;1;30;01/06/2013
2013017842;1;1;1;8;7;30;03/11/2013
2013017843;3;1;1;1;1;30;28/11/2013
2013017844;1;1;1;4;6;30;20/01/2013
2013017845;3;1;1;1;7;840;06/06/2013
2013017846;3;1;1;1;6;840;13/07/2013
2013017847;1;1;1;2;7;840;03/08/2013
2013017848;2;1;1;2;7;840;20/10/2013
2013017849;1;1;1;4;3;20;05/02/2013
2013017850;1;1;1;1;2;20;20/04/2013
2013017851;1;1;2;1;3;20;16/06/2013
2013017852;1;1;1;3;6;20;24/08/2013
2013017853;3;1;1;1;7;20;15/12/2013
2013017854;1;2;1;1;6;20;01/01/2013
2013017855;1;1;2;1;3;20;19/02/2013
2013017856;5;2;2;1;3;20;01/06/2013
2013017857;1;2;1;1;6;20;10/06/2013
2013017858;1;2;1;1;5;20;01/08/2013
2013017859;1;2;3;5;3;20;13/12/2013
2013017860;3;2;1;2;7;20;09/01/2013
2013017861;1;2;1;1;2;20;23/01/2013
2013017862;1;2;1;1;6;20;06/06/2013
2013017863;1;2;1;1;1;20;09/05/2013
2013017864;1;2;2;1;3;20;02/07/2013
2013017865;1;1;1;2;1;20;08/03/2013
2013017866;3;1;1;1;6;20;04/04/2013
2013017867;1;1;3;1;3;20;04/05/2013
2013017868;4;2;1;1;7;20;05/06/2013
2013017869;1;2;1;1;6;20;01/03/2013
2013017870;1;2;3;8;3;20;21/03/2013
2013017871;1;1;1;1;4;20;17/04/2013
2013017872;1;1;1;1;7;20;18/04/2013
2013017873;1;2;1;3;7;20;24/05/2013
2013017874;1;1;9;2;6;20;22/06/2013
2013017875;5;2;6;1;6;20;05/10/2013
2013017876;3;1;1;1;7;20;27/10/2013
2013017877;1;1;1;8;6;20;23/03/2013
2013017878;1;2;2;1;6;20;12/12/2013
2013017879;1;2;1;1;7;20;05/05/2013
2013017880;1;1;1;1;1;20;06/05/2013
2013017881;3;1;1;1;6;130;04/02/2013
2013017882;1;1;1;1;6;130;22/04/2013
2013017883;1;2;1;1;1;130;03/05/2013
2013017884;1;1;1;1;1;130;30/06/2013
2013017885;5;2;1;3;6;380;24/03/2013
2013017886;5;2;1;1;1;380;01/04/2013
2013017887;1;2;1;1;2;380;03/09/2013
2013017888;1;1;1;1;1;380;31/05/2013
2013017889;1;1;1;1;1;380;13/08/2013
2013017890;1;1;1;1;7;380;24/06/2013
2013017891;1;1;1;1;1;380;05/07/2013
2013017892;1;1;1;1;1;380;15/07/2013
2013017893;4;1;1;1;1;380;30/07/2013
2013017894;1;2;1;1;1;380;26/08/2013
2013017895;1;1;1;7;2;380;02/10/2013
2013017896;1;1;1;1;5;380;19/10/2013
2013017897;1;1;1;1;7;380;02/11/2013
2013017898;5;2;1;1;6;380;18/02/2013
2013017899;1;2;1;1;6;380;19/06/2013
2013017900;1;1;1;1;3;380;31/10/2013
2013017901;1;1;1;2;6;380;05/02/2013
2013017902;1;1;1;1;7;380;07/07/2013
2013017903;1;1;1;1;3;380;09/07/2013
2013017904;1;2;1;1;3;380;22/08/2013
2013017905;1;2;7;1;6;380;19/09/2013
2013017906;2;2;1;2;3;380;12/10/2013
2013017907;1;1;1;1;1;380;15/04/2013
2013017908;1;2;1;3;6;380;28/05/2013
2013017909;1;1;1;1;6;380;16/07/2013
2013017910;1;2;1;1;6;380;11/09/2013
2013017911;1;1;1;1;6;380;19/10/2013
2013017912;2;2;3;1;3;380;20/02/2013
2013017913;1;1;1;1;1;380;17/08/2013
2013017914;3;1;2;2;2;380;06/01/2013
2013017915;3;1;1;1;2;380;08/01/2013
2013017916;2;1;4;4;7;380;06/02/2013
2013017917;1;2;4;1;1;380;07/06/2013
2013017918;1;1;1;1;2;380;14/07/2013
2013017919;1;1;1;1;6;380;13/08/2013
2013017920;3;1;1;2;1;380;08/09/2013
2013017921;1;2;1;7;1;380;23/09/2013
2013017922;1;2;1;1;4;380;11/12/2013
2013017923;3;1;1;2;6;380;01/02/2013
2013017924;1;1;3;1;2;380;16/02/2013
2013017925;1;1;1;2;3;380;12/04/2013
2013017926;1;2;1;1;3;380;20/05/2013
2013017927;1;1;1;1;6;380;03/06/2013
2013017928;1;2;1;1;1;380;01/07/2013
2013017929;5;2;2;5;1;380;20/01/2013
2013017930;1;1;1;2;1;380;26/04/2013
2013017931;1;1;3;2;3;380;17/05/2013
2013017932;1;1;1;1;1;380;16/07/2013
2013017933;1;1;1;1;6;380;20/07/2013
2013017934;1;2;2;1;3;380;24/07/2013
2013017935;1;1;2;1;3;380;04/09/2013
2013017936;1;2;1;1;6;310;18/02/2013
2013017937;1;1;1;1;6;310;26/06/2013
2013017938;1;1;1;1;1;310;12/07/2013
2013017939;1;1;2;1;3;310;16/08/2013
2013017940;1;2;1;1;1;310;18/10/2013
2013017941;1;2;2;1;3;310;17/02/2013
2013017942;5;2;1;1;1;310;13/11/2013
2013017943;1;1;1;4;1;310;26/12/2013
2013017944;1;1;1;1;6;310;17/09/2013
2013017945;1;1;1;8;6;310;16/11/2013
2013017946;1;1;2;1;3;290;24/03/2013
2013017947;1;2;1;1;1;290;15/07/2013
2013017948;1;1;1;1;1;290;13/08/2013
2013017949;1;1;6;2;6;290;01/02/2013
2013017950;2;2;1;1;2;290;28/02/2013
2013017951;1;1;1;1;1;290;04/01/2013
2013017952;1;1;1;1;1;290;22/01/2013
2013017953;1;1;1;1;3;290;17/03/2013
2013017954;1;2;1;1;1;290;01/04/2013
2013017955;1;1;1;1;5;290;28/05/2013
2013017956;1;1;1;1;7;290;23/06/2013
2013017957;1;2;1;1;2;290;20/07/2013
2013017958;2;1;1;1;1;290;26/03/2013
2013017959;1;2;1;1;3;290;29/05/2013
2013017960;1;1;1;1;6;290;13/05/2013
2013017961;3;1;1;1;6;290;26/07/2013
2013017962;2;1;1;1;3;290;20/09/2013
2013017963;1;1;1;1;6;290;22/10/2013
2013017964;5;2;1;1;6;290;30/12/2013
2013017965;1;1;1;7;6;290;18/02/2013
2013017966;3;1;1;1;2;290;08/01/2013
2013017967;1;1;1;1;1;290;28/07/2013
2013017968;2;1;1;8;7;290;10/08/2013
2013017969;1;1;1;1;1;290;17/02/2013
2013017970;1;1;1;1;1;290;08/08/2013
2013017971;2;1;1;1;6;290;24/11/2013
2013017972;5;2;1;1;6;290;01/12/2013
2013017973;2;1;1;1;3;290;28/05/2013
2013017974;1;2;1;7;1;290;01/08/2013
2013017975;2;1;1;1;6;290;02/03/2013
2013017976;1;1;1;1;6;290;19/04/2013
2013017977;1;2;1;3;3;290;02/07/2013
2013017978;1;1;1;1;1;290;13/07/2013
2013017979;1;1;1;1;6;290;24/07/2013
2013017980;3;1;1;1;6;340;10/02/2013
2013017981;3;1;1;1;2;340;09/03/2013
2013017982;1;2;1;1;1;340;09/05/2013
2013017983;1;2;1;1;6;340;19/05/2013