num_acc;lum;agg;inter;atm;col;dep;date
2013017984;2;2;1;1;3;340;09/10/2013
2013017985;3;1;1;1;6;350;20/01/2013
2013017986;3;1;1;1;6;350;02/03/2013
2013017987;1;2;2;1;3;350;09/03/2013
2013017988;1;1;1;1;1;350;16/05/2013
2013017989;1;2;1;1;1;350;17/08/2013
2013017990;1;1;3;1;1;350;12/10/2013
2013017991;3;1;1;2;6;350;10/02/2013
2013017992;1;1;1;8;1;350;10/03/2013
2013017993;1;1;1;1;1;350;23/03/2013
2013017994;1;2;2;1;1;350;20/03/2013
2013017995;1;1;9;1;2;350;25/04/2013
2013017996;1;1;1;1;6;350;21/04/2013
2013017997;1;1;1;1;6;350;26/05/2013
2013017998;5;2;1;3;6;350;30/05/2013
2013017999;1;1;2;1;3;350;22/08/2013
2013018000;1;2;1;1;6;350;25/10/2013
2013018001;3;1;1;1;6;350;27/11/2013
2013018002;3;2;2;1;6;350;13/07/2013
2013018003;1;2;2;1;3;350;02/08/2013
2013018004;1;1;1;1;2;350;17/02/2013
2013018005;1;1;1;1;2;350;08/06/2013
2013018006;3;1;1;1;6;350;06/07/2013
2013018007;1;1;1;1;1;350;16/07/2013
2013018008;3;1;2;2;2;350;20/10/2013
2013018009;3;1;1;9;6;350;10/12/2013
2013018010;5;1;2;1;6;350;14/12/2013
2013018011;3;1;1;1;7;350;16/01/2013
2013018012;1;1;1;1;5;350;13/03/2013
2013018013;1;2;1;1;6;350;07/01/2013
2013018014;1;1;1;1;5;350;23/04/2013
2013018015;2;1;1;1;3;350;11/02/2013
2013018016;1;2;1;1;6;350;14/02/2013
2013018017;1;1;1;1;3;350;12/04/2013
2013018018;1;1;1;1;7;350;19/04/2013
2013018019;1;2;1;1;6;350;27/04/2013
2013018020;3;2;1;1;6;350;17/07/2013
2013018021;1;2;3;1;3;350;01/08/2013
2013018022;3;1;3;1;6;350;17/10/2013
2013018023;3;1;1;1;6;350;29/11/2013
2013018024;1;2;1;9;1;350;11/12/2013
2013018025;5;1;1;3;6;440;29/01/2013
2013018026;2;1;3;1;3;440;25/05/2013
2013018027;1;1;1;1;1;440;26/05/2013
2013018028;1;2;1;1;6;440;23/09/2013
2013018029;1;2;6;1;3;440;15/11/2013
2013018030;1;1;1;1;1;440;24/07/2013
2013018031;1;1;1;1;3;440;13/09/2013
2013018032;1;1;1;1;1;440;07/02/2013
2013018033;3;1;1;1;6;440;01/03/2013
2013018034;3;1;1;1;6;440;01/08/2013
2013018035;1;1;1;1;3;440;18/10/2013
2013018036;3;1;1;1;7;440;31/08/2013
2013018037;5;1;6;1;7;440;23/11/2013
2013018038;1;2;1;1;3;440;18/06/2013
2013018039;1;1;1;1;6;440;20/06/2013
2013018040;3;1;1;8;5;440;22/10/2013
2013018041;3;1;1;1;7;440;11/12/2013
2013018042;1;1;1;1;6;440;26/12/2013
2013018043;1;1;1;6;7;440;17/03/2013
2013018044;1;2;1;7;1;440;23/07/2013
2013018045;1;1;1;1;2;440;02/08/2013
2013018046;1;1;2;1;1;440;26/03/2013
2013018047;1;1;1;1;1;440;24/06/2013
2013018048;3;1;1;1;6;440;04/07/2013
2013018049;1;1;1;2;1;440;05/11/2013
2013018050;2;1;1;1;1;440;27/11/2013
2013018051;3;1;2;1;3;440;27/11/2013
2013018052;2;1;1;2;3;440;29/11/2013
2013018053;1;1;1;1;6;440;03/03/2013
2013018054;1;1;1;1;1;440;24/05/2013
2013018055;2;2;9;2;3;440;31/10/2013
2013018056;5;2;1;2;3;440;18/12/2013
2013018057;5;2;3;2;3;440;21/03/2013
2013018058;3;1;1;2;1;440;29/03/2013
2013018059;1;1;1;1;3;440;26/04/2013
2013018060;1;1;1;1;7;440;25/06/2013
2013018061;1;1;1;1;4;440;20/07/2013
2013018062;1;1;1;1;6;440;26/06/2013
2013018063;1;2;1;1;7;250;30/04/2013
2013018064;1;1;1;1;4;250;19/07/2013
2013018065;1;2;1;1;1;250;18/05/2013
2013018066;3;1;1;1;6;250;05/06/2013
2013018067;3;1;1;8;7;250;12/11/2013
2013018068;1;2;1;1;6;250;21/05/2013
2013018069;1;1;1;2;1;250;21/05/2013
2013018070;1;1;1;3;6;250;03/07/2013
2013018071;1;2;1;1;6;250;28/08/2013
2013018072;1;2;1;4;3;250;06/02/2013
2013018073;1;1;1;8;1;250;09/04/2013
2013018074;1;1;1;1;1;250;03/06/2013
2013018075;1;2;1;1;2;250;13/06/2013
2013018076;2;1;2;1;3;250;05/07/2013
2013018077;1;1;1;1;6;250;21/07/2013
2013018078;3;1;1;2;6;250;07/08/2013
2013018079;3;1;1;1;6;250;31/10/2013
2013018080;3;1;1;5;6;250;05/05/2013
2013018081;1;1;1;1;1;250;01/09/2013
2013018082;1;1;1;1;5;730;30/06/2013
2013018083;1;1;1;1;2;730;09/09/2013
2013018084;3;1;1;5;6;390;08/01/2013
2013018085;1;1;1;8;7;390;17/02/2013
2013018086;3;1;1;1;3;390;15/03/2013
2013018087;1;1;1;2;6;390;16/05/2013
2013018088;1;1;1;1;2;390;20/06/2013
2013018089;1;1;1;1;5;390;21/06/2013
2013018090;1;1;1;1;6;390;09/10/2013
2013018091;1;1;1;2;1;390;17/05/2013
2013018092;1;2;1;1;3;390;27/07/2013
2013018093;3;1;1;8;6;390;25/12/2013
2013018094;3;1;1;5;2;390;09/01/2013
2013018095;1;1;1;5;6;390;09/09/2013
2013018096;1;2;1;1;6;390;08/02/2013
2013018097;1;1;1;8;1;390;23/03/2013
2013018098;1;1;1;1;1;390;11/03/2013
2013018099;1;2;1;1;1;390;16/06/2013
2013018100;1;1;1;2;6;390;28/06/2013
2013018101;2;1;1;5;1;390;10/12/2013
2013018102;1;1;1;8;5;390;30/01/2013
2013018103;1;1;1;8;1;390;10/07/2013
2013018104;3;1;1;2;1;220;09/01/2013
2013018105;4;2;4;8;3;220;24/01/2013
2013018106;1;2;1;1;3;220;11/06/2013
2013018107;1;1;1;7;3;220;11/07/2013
2013018108;1;2;1;1;3;220;24/09/2013
2013018109;1;2;1;1;6;220;24/09/2013
2013018110;3;1;1;2;3;220;20/12/2013
2013018111;3;1;1;3;3;220;01/02/2013
2013018112;1;1;3;1;3;220;01/07/2013
2013018113;3;1;1;1;1;220;16/11/2013
2013018114;1;1;1;1;3;220;06/04/2013
2013018115;2;1;2;1;3;220;13/02/2013
2013018116;1;1;1;1;1;220;21/10/2013
2013018117;1;1;2;2;3;220;07/02/2013
2013018118;2;2;1;9;1;220;18/02/2013
2013018119;1;1;1;1;1;220;12/07/2013
2013018120;3;1;6;3;6;220;03/11/2013
2013018121;1;1;3;1;3;220;18/07/2013
2013018122;3;1;1;2;6;220;01/11/2013
2013018123;5;2;6;1;6;220;12/11/2013
2013018124;1;2;1;3;6;680;10/09/2013
2013018125;5;2;1;1;3;680;03/03/2013
2013018126;3;1;1;1;6;680;22/08/2013
2013018127;1;2;9;1;6;680;06/02/2013
2013018128;1;1;1;1;1;680;18/05/2013
2013018129;1;1;1;1;7;680;29/06/2013
2013018130;1;1;1;1;3;680;02/08/2013
2013018131;1;1;1;1;7;680;13/08/2013
2013018132;1;1;1;1;7;680;04/07/2013
2013018133;3;1;1;1;6;680;06/12/2013
2013018134;1;1;1;1;1;340;02/11/2013
2013018135;2;1;1;1;1;340;11/01/2013
2013018136;1;1;1;1;7;340;24/04/2013
2013018137;1;2;1;1;3;340;31/07/2013
2013018138;1;1;1;1;6;340;16/03/2013
2013018139;1;1;1;1;1;340;20/03/2013
2013018140;3;1;1;1;6;340;26/05/2013
2013018141;3;1;1;4;6;340;23/02/2013
2013018142;5;2;1;1;7;340;14/03/2013
2013018143;1;1;1;1;7;340;04/08/2013
2013018144;1;1;1;1;7;340;18/08/2013
2013018145;5;2;1;1;6;340;02/05/2013
2013018146;1;2;1;1;3;340;21/05/2013
2013018147;1;1;1;1;1;340;26/07/2013
2013018148;1;2;6;1;3;340;03/09/2013
2013018149;1;1;1;1;2;340;07/01/2013
2013018150;3;1;1;1;6;340;10/02/2013
2013018151;3;1;1;1;2;340;20/02/2013
2013018152;1;1;1;1;6;340;14/05/2013
2013018153;2;1;1;1;6;340;10/08/2013
2013018154;2;1;1;1;7;340;09/09/2013
2013018155;1;1;1;1;6;340;22/09/2013
2013018156;1;1;1;2;3;340;27/09/2013
2013018157;1;2;1;1;6;340;05/10/2013
2013018158;1;2;1;1;6;340;11/11/2013
2013018159;1;1;1;2;6;340;28/12/2013
2013018160;2;2;2;1;3;340;26/02/2013
2013018161;1;2;1;7;6;150;17/01/2013
2013018162;1;2;1;1;6;150;08/02/2013
2013018163;1;2;6;7;6;150;18/02/2013
2013018164;1;2;6;2;6;150;30/04/2013
2013018165;1;2;1;2;3;150;11/05/2013
2013018166;1;2;1;1;6;150;13/05/2013
2013018167;1;1;1;1;7;150;30/06/2013
2013018168;2;2;1;1;6;150;09/08/2013
2013018169;1;2;1;1;3;150;10/09/2013
2013018170;2;2;2;1;3;150;24/09/2013
2013018171;1;2;3;1;3;150;24/10/2013
2013018172;5;2;1;9;1;150;06/12/2013
2013018173;1;1;1;1;6;340;18/01/2013
2013018174;3;1;1;1;6;340;22/03/2013
2013018175;2;1;1;1;1;340;19/04/2013
2013018176;1;2;1;1;7;340;12/07/2013
2013018177;1;1;1;1;2;340;10/08/2013
2013018178;1;1;1;1;7;340;01/11/2013
2013018179;1;1;1;1;2;340;12/11/2013
2013018180;3;1;3;1;3;340;08/02/2013
2013018181;1;2;1;1;3;340;13/06/2013
2013018182;1;1;1;1;6;340;09/08/2013
2013018183;5;1;1;1;1;340;09/08/2013
2013018184;3;1;1;1;6;340;01/09/2013
2013018185;1;2;1;1;6;340;27/11/2013
2013018186;5;2;4;1;1;340;26/01/2013
2013018187;1;1;1;2;1;340;11/03/2013
2013018188;1;2;1;1;3;340;08/07/2013
2013018189;3;1;1;1;7;340;16/07/2013
2013018190;1;1;1;1;5;340;15/09/2013
2013018191;3;2;1;1;6;340;02/11/2013
2013018192;3;1;1;1;1;340;01/12/2013
2013018193;3;1;1;1;6;340;08/12/2013
2013018194;1;1;1;1;1;860;22/01/2013
2013018195;1;1;1;1;3;860;20/04/2013
2013018196;3;2;1;1;6;860;21/04/2013
2013018197;1;1;1;3;6;860;28/09/2013
2013018198;1;2;1;1;6;860;23/11/2013
2013018199;3;1;1;5;6;860;07/01/2013
2013018200;1;1;1;2;2;860;18/01/2013
2013018201;2;1;1;1;7;860;20/07/2013
2013018202;3;1;1;1;6;860;04/08/2013
2013018203;1;2;1;1;6;860;03/01/2013
2013018204;1;1;2;8;3;860;25/01/2013
2013018205;1;2;1;1;6;860;29/04/2013
2013018206;1;1;2;1;5;860;23/05/2013
2013018207;1;1;1;2;3;860;09/06/2013
2013018208;1;1;1;1;1;860;05/07/2013
2013018209;1;1;1;1;6;860;03/08/2013
2013018210;1;2;3;1;3;860;07/08/2013
2013018211;1;1;1;2;7;860;25/08/2013
2013018212;1;1;1;1;3;860;05/09/2013
2013018213;1;1;1;8;7;860;16/09/2013
2013018214;1;1;1;7;2;860;04/12/2013
2013018215;3;2;1;1;3;860;06/02/2013
2013018216;3;1;1;1;6;860;26/12/2013
2013018217;1;1;3;1;5;860;29/06/2013
2013018218;1;1;1;1;6;860;20/07/2013
2013018219;2;1;1;1;5;860;16/09/2013
2013018220;1;1;2;1;3;860;05/10/2013
2013018221;1;2;1;1;3;860;09/10/2013
2013018222;1;1;1;1;3;860;30/11/2013
2013018223;3;1;1;1;5;860;20/12/2013
2013018224;2;1;1;1;3;860;21/08/2013
2013018225;3;1;1;1;6;860;26/10/2013
2013018226;1;2;1;1;6;290;08/04/2013
2013018227;1;1;6;1;7;290;10/05/2013
2013018228;3;2;1;1;6;290;21/07/2013
2013018229;1;1;1;1;2;290;08/08/2013
2013018230;1;1;1;1;6;290;19/08/2013
2013018231;1;1;1;1;1;290;20/08/2013
2013018232;3;1;1;2;7;290;29/12/2013
2013018233;5;2;1;2;6;410;18/01/2013
2013018234;1;1;1;1;3;410;04/02/2013
2013018235;3;1;1;1;6;410;20/02/2013
2013018236;1;1;1;1;3;410;01/04/2013
2013018237;1;1;1;1;3;410;24/05/2013
2013018238;3;1;1;1;6;410;25/06/2013
2013018239;1;1;1;1;3;410;06/07/2013
2013018240;1;2;1;1;1;410;12/07/2013
2013018241;1;2;1;1;6;410;15/07/2013
2013018242;1;1;1;1;7;410;18/07/2013
2013018243;1;2;6;1;3;410;19/08/2013
2013018244;1;1;1;1;1;410;28/03/2013
2013018245;3;1;1;1;6;410;20/04/2013
2013018246;3;1;1;1;7;410;09/06/2013
2013018247;1;1;3;1;3;410;08/09/2013
2013018248;1;1;2;1;1;410;07/02/2013
2013018249;3;1;1;4;7;410;26/02/2013
2013018250;5;2;1;1;6;410;08/04/2013
2013018251;1;1;1;1;2;410;25/05/2013
2013018252;1;1;1;1;6;410;15/06/2013
2013018253;1;2;1;1;3;410;29/06/2013
2013018254;1;1;1;1;7;410;15/07/2013
2013018255;1;1;1;1;2;410;17/07/2013
2013018256;1;2;1;1;7;410;22/07/2013
2013018257;1;1;2;1;3;410;11/08/2013
2013018258;3;1;1;1;3;410;08/10/2013
2013018259;1;1;1;2;1;410;14/10/2013
2013018260;1;1;2;1;7;410;18/10/2013
2013018261;1;1;1;1;6;410;29/10/2013
2013018262;1;2;7;1;6;410;17/11/2013
2013018263;3;1;1;5;7;410;01/12/2013
2013018264;1;1;1;1;7;410;20/12/2013
2013018265;1;2;1;2;1;410;28/12/2013
2013018266;1;1;1;1;7;410;23/05/2013
2013018267;1;2;1;1;6;410;02/09/2013
2013018268;2;1;1;1;3;410;20/11/2013
2013018269;3;1;1;2;1;410;22/11/2013
2013018270;5;2;1;1;1;410;04/12/2013
2013018271;3;1;1;1;6;410;11/12/2013
2013018272;3;1;1;1;1;410;08/12/2013
2013018273;3;1;1;1;3;410;14/12/2013
2013018274;1;1;3;1;3;410;19/12/2013
2013018275;3;1;1;3;1;410;24/12/2013
2013018276;3;1;1;2;1;470;14/02/2013
2013018277;3;1;1;1;1;470;13/06/2013
2013018278;1;1;1;1;7;470;25/06/2013
2013018279;1;1;1;1;1;470;23/10/2013
2013018280;1;2;1;1;5;470;07/11/2013
2013018281;1;2;1;1;6;470;08/11/2013
2013018282;1;2;1;1;2;470;20/11/2013
2013018283;2;1;1;5;3;470;12/12/2013
2013018284;1;2;1;2;1;470;24/12/2013
2013018285;1;1;1;1;3;470;03/05/2013
2013018286;1;1;2;1;3;470;05/06/2013
2013018287;1;1;1;1;1;470;29/06/2013
2013018288;1;1;1;1;5;470;01/07/2013
2013018289;4;1;1;1;7;470;03/03/2013
2013018290;1;1;1;1;6;470;27/07/2013
2013018291;2;1;1;1;1;470;30/08/2013
2013018292;1;2;1;1;1;470;31/12/2013
2013018293;1;1;1;1;7;470;27/07/2013
2013018294;1;2;1;1;4;470;19/10/2013
2013018295;2;1;3;1;3;470;22/10/2013
2013018296;1;1;1;1;7;470;01/11/2013
2013018297;1;2;1;1;1;470;12/11/2013
2013018298;2;1;1;8;2;470;16/12/2013
2013018299;1;1;1;1;6;470;01/08/2013
2013018300;1;1;1;1;2;470;06/10/2013
2013018301;5;2;1;1;6;470;26/11/2013
2013018302;2;1;1;1;6;470;22/01/2013
2013018303;1;1;1;2;7;470;16/03/2013
2013018304;3;1;1;1;6;470;25/03/2013
2013018305;1;1;1;2;6;470;01/04/2013
2013018306;1;1;1;1;6;470;23/04/2013
2013018307;2;2;1;7;6;470;05/09/2013
2013018308;1;2;1;1;6;460;28/06/2013
2013018309;1;1;1;2;1;420;23/06/2013
2013018310;1;2;1;1;3;420;30/06/2013
2013018311;1;2;1;1;1;420;25/10/2013
2013018312;1;1;1;1;1;420;13/11/2013
2013018313;1;2;1;1;6;420;24/04/2013
2013018314;2;1;1;1;3;420;03/05/2013
2013018315;3;1;1;2;6;420;31/03/2013
2013018316;1;2;9;1;3;420;16/07/2013
2013018317;1;1;1;1;7;420;04/09/2013
2013018318;1;1;1;3;1;420;04/10/2013
2013018319;1;1;1;2;1;420;30/05/2013
2013018320;1;2;1;1;3;420;07/07/2013
2013018321;1;1;1;7;3;420;21/09/2013
2013018322;1;1;1;1;6;420;24/06/2013
2013018323;3;1;1;5;1;120;08/01/2013
2013018324;3;1;1;2;6;120;10/01/2013
2013018325;1;1;3;1;3;120;16/02/2013
2013018326;1;1;2;1;3;120;16/03/2013
2013018327;1;1;1;1;1;120;30/06/2013
2013018328;3;1;1;1;6;120;07/07/2013
2013018329;1;1;4;1;5;120;14/07/2013
2013018330;1;1;1;1;1;120;26/07/2013
2013018331;1;1;1;8;4;120;08/08/2013
2013018332;2;1;1;2;2;120;12/09/2013
2013018333;3;1;1;2;1;120;12/10/2013
2013018334;1;1;1;8;1;120;15/11/2013
2013018335;1;1;1;1;7;120;31/12/2013
2013018336;2;1;1;3;6;120;18/05/2013
2013018337;3;2;1;2;6;120;24/03/2013
2013018338;1;1;1;1;7;120;21/07/2013
2013018339;1;1;1;2;7;120;06/11/2013
2013018340;1;1;1;1;1;120;13/07/2013
2013018341;1;1;1;1;1;120;12/08/2013
2013018342;1;2;1;1;5;120;18/09/2013
2013018343;1;1;1;7;1;120;14/06/2013
2013018344;1;1;1;1;3;490;02/09/2013
2013018345;1;1;1;1;3;490;07/02/2013
2013018346;3;1;1;1;3;490;12/02/2013
2013018347;1;1;1;8;6;490;14/02/2013
2013018348;1;1;1;1;5;490;23/03/2013
2013018349;1;1;2;1;3;490;06/04/2013
2013018350;1;1;1;1;6;490;27/04/2013
2013018351;1;1;1;2;6;490;22/05/2013
2013018352;1;1;1;1;7;490;02/06/2013
2013018353;1;1;1;1;6;490;02/06/2013
2013018354;1;2;1;1;7;490;28/06/2013
2013018355;1;1;1;1;1;490;07/07/2013
2013018356;1;1;1;1;2;490;22/09/2013
2013018357;1;1;1;8;1;490;28/09/2013
2013018358;4;1;1;1;6;490;05/10/2013
2013018359;3;1;1;1;7;490;06/10/2013
2013018360;1;1;2;1;3;490;26/10/2013
2013018361;1;1;1;2;3;490;09/11/2013
2013018362;1;1;1;1;1;490;15/11/2013
2013018363;1;1;1;1;7;490;03/03/2013
2013018364;1;1;1;8;2;490;15/12/2013
2013018365;1;1;2;2;3;490;05/02/2013
2013018366;1;1;1;1;2;490;17/03/2013
2013018367;1;1;1;5;2;490;04/12/2013
2013018368;3;1;1;1;6;490;26/04/2013
2013018369;1;1;1;1;6;490;03/05/2013
2013018370;1;2;1;1;2;490;05/10/2013
2013018371;1;1;1;1;1;490;18/08/2013
2013018372;1;1;1;2;7;490;01/02/2013
2013018373;3;1;6;1;1;490;08/03/2013
2013018374;2;1;6;1;7;490;18/05/2013
2013018375;3;1;1;1;4;490;05/12/2013
2013018376;2;1;1;1;7;490;08/06/2013
2013018377;1;1;1;1;6;490;22/11/2013
2013018378;1;1;1;1;3;550;15/03/2013
2013018379;1;1;1;1;7;550;18/01/2013
2013018380;1;2;6;1;1;550;21/07/2013
2013018381;3;1;3;1;3;550;05/03/2013
2013018382;1;2;1;2;1;550;04/02/2013
2013018383;3;1;1;1;6;550;07/07/2013
2013018384;1;2;1;7;3;550;25/07/2013
2013018385;1;1;1;1;3;550;14/08/2013
2013018386;5;2;1;1;7;550;04/08/2013
2013018387;3;1;1;2;1;550;07/11/2013
2013018388;1;1;3;2;3;610;30/05/2013
2013018389;1;1;1;2;1;610;14/09/2013
2013018390;1;1;1;1;1;610;18/02/2013
2013018391;1;1;1;8;7;610;07/03/2013
2013018392;3;1;1;3;7;610;09/11/2013
2013018393;3;1;1;2;6;610;07/03/2013
2013018394;2;1;1;1;3;610;23/03/2013
2013018395;1;1;1;1;1;610;25/03/2013
2013018396;2;1;1;1;7;610;28/04/2013
2013018397;1;2;1;1;1;610;09/10/2013
2013018398;3;1;1;1;6;610;10/11/2013
2013018399;1;1;1;1;5;610;12/02/2013
2013018400;1;1;1;1;3;610;31/07/2013
2013018401;1;1;1;7;2;610;03/09/2013
2013018402;3;1;1;1;6;610;21/04/2013
2013018403;1;2;1;1;7;610;12/08/2013
2013018404;1;2;1;1;7;610;04/06/2013
2013018405;3;1;2;8;2;610;19/12/2013
2013018406;1;1;3;1;3;610;19/06/2013
2013018407;1;1;1;2;7;610;12/09/2013
2013018408;3;1;1;9;7;610;19/12/2013
2013018409;3;1;1;1;7;610;01/01/2013
2013018410;1;1;3;8;5;610;13/02/2013
2013018411;1;2;6;1;6;610;08/03/2013
2013018412;1;1;1;1;1;610;04/07/2013
2013018413;3;1;1;1;7;610;31/08/2013
2013018414;3;1;1;1;6;610;17/11/2013
2013018415;4;1;9;1;1;610;26/08/2013
2013018416;3;1;1;1;6;610;07/10/2013
2013018417;3;1;1;2;1;610;03/11/2013
2013018418;1;1;1;1;1;610;24/05/2013
2013018419;1;1;1;1;1;610;16/06/2013
2013018420;1;1;1;1;7;610;22/07/2013
2013018421;1;1;1;1;2;610;29/10/2013
2013018422;1;2;2;1;6;760;28/01/2013
2013018423;1;2;2;2;3;760;18/03/2013
2013018424;3;1;1;1;1;760;28/03/2013
2013018425;1;2;3;1;3;760;03/04/2013
2013018426;5;2;1;1;6;760;08/06/2013
2013018427;5;2;1;1;6;760;08/06/2013
2013018428;1;2;6;1;3;760;29/06/2013
2013018429;1;2;1;1;3;760;08/07/2013
2013018430;1;2;1;1;1;760;21/07/2013
2013018431;1;2;1;1;7;760;28/07/2013
2013018432;1;1;1;1;6;760;13/08/2013
2013018433;1;2;1;1;7;760;15/08/2013
2013018434;1;2;1;1;6;760;24/09/2013
2013018435;1;1;1;1;1;760;19/11/2013
2013018436;1;1;1;1;6;760;16/12/2013
2013018437;1;1;1;8;2;760;07/01/2013
2013018438;1;1;1;1;1;760;18/02/2013
2013018439;1;2;1;1;3;760;02/03/2013
2013018440;1;1;1;2;6;760;16/03/2013
2013018441;1;1;1;1;2;760;11/04/2013
2013018442;5;2;1;2;7;760;21/06/2013
2013018443;1;1;1;7;6;760;08/07/2013
2013018444;3;1;1;1;7;760;03/08/2013
2013018445;1;1;2;1;3;760;12/08/2013
2013018446;1;1;2;1;6;760;06/10/2013
2013018447;1;1;1;1;1;630;29/03/2013
2013018448;1;1;1;1;1;630;02/06/2013
2013018449;3;1;1;1;3;630;16/06/2013
2013018450;2;1;1;1;6;630;18/06/2013
2013018451;1;2;1;1;1;630;17/10/2013
2013018452;1;2;1;7;6;630;02/12/2013
2013018453;1;1;1;1;1;630;19/02/2013
2013018454;1;2;1;1;1;630;06/03/2013
2013018455;2;2;1;1;1;630;27/07/2013
2013018456;1;1;1;1;5;630;30/08/2013
2013018457;1;1;1;1;6;630;05/05/2013
2013018458;1;1;1;1;3;630;12/08/2013
2013018459;1;2;1;1;6;630;06/06/2013
2013018460;1;1;1;1;6;630;19/06/2013
2013018461;1;1;1;2;1;630;11/03/2013
2013018462;1;2;1;1;6;630;07/05/2013
2013018463;1;1;1;2;6;630;11/10/2013
2013018464;1;1;1;1;3;630;18/10/2013
2013018465;1;2;1;1;3;630;09/11/2013
2013018466;2;2;1;1;1;630;08/12/2013
2013018467;1;1;1;8;3;630;22/01/2013
2013018468;1;1;1;1;1;630;06/06/2013
2013018469;1;2;1;1;6;630;05/09/2013
2013018470;1;1;1;1;1;630;25/06/2013
2013018471;1;1;1;1;6;630;19/07/2013
2013018472;1;1;1;2;3;630;04/01/2013
2013018473;1;2;6;1;6;630;06/06/2013
2013018474;3;1;1;8;1;630;09/06/2013
2013018475;1;1;1;1;3;630;15/07/2013
2013018476;5;2;1;1;6;630;10/08/2013
2013018477;1;2;1;1;6;630;03/09/2013
2013018478;5;2;1;1;6;630;03/12/2013
2013018479;5;2;1;9;6;630;15/12/2013
2013018480;1;2;1;1;6;630;31/10/2013
2013018481;1;2;1;2;6;630;02/01/2013
2013018482;1;1;1;8;3;630;19/05/2013
2013018483;3;1;1;2;6;630;28/08/2013
2013018484;1;2;1;1;1;630;25/10/2013
2013018485;5;1;1;8;6;630;08/12/2013
2013018486;1;1;1;9;6;630;12/12/2013
2013018487;3;1;1;3;1;890;11/10/2013
2013018488;5;2;1;5;6;890;17/02/2013
2013018489;1;1;1;1;5;890;20/02/2013
2013018490;1;1;1;1;1;890;07/05/2013
2013018491;1;2;1;1;1;890;06/07/2013
2013018492;1;2;2;1;3;890;03/08/2013
2013018493;1;1;1;1;6;890;11/08/2013
2013018494;1;1;1;1;6;890;03/09/2013
2013018495;1;1;3;1;3;890;26/09/2013
2013018496;1;1;1;1;7;890;06/10/2013
2013018497;3;1;1;4;1;890;20/11/2013
2013018498;2;1;1;9;5;890;28/01/2013
2013018499;1;2;1;2;5;890;31/05/2013
2013018500;3;1;1;1;1;890;21/07/2013
2013018501;1;2;1;1;2;890;28/08/2013
2013018502;1;2;1;1;6;890;07/10/2013
2013018503;3;1;1;8;6;890;06/01/2013
2013018504;1;1;1;4;6;890;09/02/2013
2013018505;1;1;1;1;6;890;11/05/2013
2013018506;1;1;1;1;7;890;12/05/2013
2013018507;1;1;1;1;7;890;17/05/2013
2013018508;2;2;1;1;6;890;14/06/2013
2013018509;1;1;1;8;6;890;11/10/2013
2013018510;1;1;1;1;1;890;01/06/2013
2013018511;1;1;1;1;7;890;13/06/2013
2013018512;1;2;2;1;6;890;07/01/2013
2013018513;1;1;1;3;1;890;11/04/2013
2013018514;2;2;1;2;7;890;29/06/2013
2013018515;1;1;1;3;6;890;03/07/2013
2013018516;2;1;1;8;1;890;16/12/2013
2013018517;1;2;1;1;3;890;16/04/2013
2013018518;1;2;1;1;7;890;14/06/2013
2013018519;1;1;1;1;7;890;04/11/2013
2013018520;1;1;1;8;2;890;21/11/2013
2013018521;1;1;1;1;1;890;06/12/2013
2013018522;1;1;2;2;3;890;24/12/2013
2013018523;1;1;1;2;7;890;11/01/2013
2013018524;1;1;1;1;6;890;21/11/2013
2013018525;1;2;1;1;6;890;08/01/2013
2013018526;3;1;1;1;6;890;31/01/2013
2013018527;1;1;1;1;3;890;05/04/2013
2013018528;5;2;1;2;1;890;09/11/2013
2013018529;1;1;1;1;3;710;28/08/2013
2013018530;3;2;1;3;6;710;08/06/2013
2013018531;1;1;3;1;5;710;01/11/2013
2013018532;1;2;1;1;6;710;22/01/2013
2013018533;1;1;3;8;1;710;26/01/2013
2013018534;3;1;1;1;1;710;18/04/2013
2013018535;3;1;1;1;6;710;26/04/2013
2013018536;1;1;1;1;3;710;07/05/2013
2013018537;1;1;2;1;3;710;01/06/2013
2013018538;1;2;2;7;1;710;05/07/2013
2013018539;5;2;6;1;6;710;22/07/2013
2013018540;1;1;1;1;6;710;31/07/2013
2013018541;1;2;1;1;5;710;15/08/2013
2013018542;1;2;1;1;6;710;05/09/2013
2013018543;1;1;1;7;1;710;05/09/2013
2013018544;1;1;1;1;3;710;29/10/2013
2013018545;1;1;1;8;7;710;21/12/2013
2013018546;1;2;6;1;3;710;05/07/2013
2013018547;1;1;1;1;1;710;14/04/2013
2013018548;1;1;1;1;6;710;14/06/2013
2013018549;1;1;1;5;3;710;16/02/2013
2013018550;3;1;1;3;3;710;15/11/2013
2013018551;1;1;1;7;6;710;09/12/2013
2013018552;1;1;1;1;1;710;04/03/2013
2013018553;2;1;1;7;1;710;05/05/2013
2013018554;2;2;1;2;3;710;14/01/2013
2013018555;3;1;1;4;1;710;20/01/2013
2013018556;1;1;1;1;6;710;07/04/2013
2013018557;1;2;1;1;3;710;06/08/2013
2013018558;1;1;3;1;3;710;21/08/2013
2013018559;1;1;1;1;1;710;31/08/2013
2013018560;2;2;1;1;7;710;30/08/2013