num_acc;lum;agg;inter;atm;col;dep;date
2013018561;1;1;1;1;7;710;21/09/2013
2013018562;1;1;1;1;3;710;03/10/2013
2013018563;1;1;1;1;1;710;14/10/2013
2013018564;1;2;1;1;1;640;15/06/2013
2013018565;1;1;1;1;6;640;21/09/2013
2013018566;1;1;1;1;6;110;13/07/2013
2013018567;1;1;1;1;5;110;17/07/2013
2013018568;1;2;1;1;3;110;26/10/2013
2013018569;3;2;1;1;6;110;18/02/2013
2013018570;1;2;1;1;6;110;27/07/2013
2013018571;1;1;1;1;2;810;11/05/2013
2013018572;1;1;1;1;1;810;22/05/2013
2013018573;5;2;1;1;6;810;16/03/2013
2013018574;3;1;1;1;6;810;13/04/2013
2013018575;1;1;1;1;5;810;01/08/2013
2013018576;5;1;6;2;6;810;22/12/2013
2013018577;3;1;1;2;6;810;19/11/2013
2013018578;1;1;1;3;1;810;04/02/2013
2013018579;1;1;1;1;1;810;09/08/2013
2013018580;1;2;1;1;1;690;23/02/2013
2013018581;1;1;1;1;1;690;03/02/2013
2013018582;5;2;1;1;6;690;28/07/2013
2013018583;1;2;1;1;1;690;06/07/2013
2013018584;1;2;3;1;1;330;23/05/2013
2013018585;1;1;1;1;7;330;24/08/2013
2013018586;1;1;1;1;6;330;23/04/2013
2013018587;1;2;1;8;6;330;29/05/2013
2013018588;5;2;1;1;6;330;05/01/2013
2013018589;1;1;1;1;1;330;18/05/2013
2013018590;3;1;1;1;6;330;21/10/2013
2013018591;1;1;1;1;1;330;24/10/2013
2013018592;3;1;1;8;1;330;30/01/2013
2013018593;1;1;1;8;6;330;09/06/2013
2013018594;2;1;3;8;3;330;02/08/2013
2013018595;3;1;1;2;7;330;19/12/2013
2013018596;3;1;1;1;6;330;06/01/2013
2013018597;1;1;1;1;1;330;07/05/2013
2013018598;1;1;1;1;3;330;04/09/2013
2013018599;1;1;1;8;6;330;13/10/2013
2013018600;2;1;1;1;7;330;08/05/2013
2013018601;1;2;1;1;3;330;27/08/2013
2013018602;1;2;1;1;6;330;14/09/2013
2013018603;3;1;1;1;1;650;20/05/2013
2013018604;1;1;1;1;1;650;11/07/2013
2013018605;1;1;1;1;6;650;08/10/2013
2013018606;1;1;1;2;6;650;10/01/2013
2013018607;1;2;1;1;7;650;13/07/2013
2013018608;1;2;1;7;3;650;02/08/2013
2013018609;1;2;1;1;2;650;09/09/2013
2013018610;1;2;1;7;6;650;13/12/2013
2013018611;1;2;1;1;6;650;20/05/2013
2013018612;1;2;1;1;3;650;25/08/2013
2013018613;1;2;1;1;7;650;02/09/2013
2013018614;1;1;1;2;7;650;10/10/2013
2013018615;1;2;6;1;1;650;09/09/2013
2013018616;3;1;1;4;5;410;18/01/2013
2013018617;3;1;1;1;6;410;08/04/2013
2013018618;1;1;1;1;2;410;01/07/2013
2013018619;1;1;1;1;3;410;27/07/2013
2013018620;3;1;1;3;2;410;03/08/2013
2013018621;1;1;1;1;2;410;19/08/2013
2013018622;1;1;1;2;1;410;18/09/2013
2013018623;3;1;1;2;4;820;11/01/2013
2013018624;1;1;1;1;6;820;13/04/2013
2013018625;1;1;1;1;7;820;14/06/2013
2013018626;1;1;1;5;6;800;10/01/2013
2013018627;1;1;1;1;4;800;03/06/2013
2013018628;1;2;1;1;1;800;10/06/2013
2013018629;1;1;1;8;5;800;11/06/2013
2013018630;1;1;1;1;3;800;29/06/2013
2013018631;3;1;2;2;3;800;02/07/2013
2013018632;1;1;1;1;5;800;06/07/2013
2013018633;1;1;1;1;7;800;10/07/2013
2013018634;3;1;1;8;4;800;06/11/2013
2013018635;1;2;1;1;6;800;18/11/2013
2013018636;1;1;2;8;3;800;18/01/2013
2013018637;1;1;1;1;1;800;16/02/2013
2013018638;1;1;1;1;6;800;05/03/2013
2013018639;1;1;3;1;3;800;09/03/2013
2013018640;3;1;1;2;6;800;11/09/2013
2013018641;1;1;1;1;1;800;29/09/2013
2013018642;1;2;1;1;3;800;15/10/2013
2013018643;1;1;1;8;6;800;28/11/2013
2013018644;3;1;1;1;1;800;11/12/2013
2013018645;3;1;1;8;3;800;28/12/2013
2013018646;1;1;1;1;1;800;06/04/2013
2013018647;1;1;1;1;6;800;18/04/2013
2013018648;1;1;1;1;3;800;31/05/2013
2013018649;1;2;3;1;3;800;01/06/2013
2013018650;1;1;2;1;3;800;29/07/2013
2013018651;1;1;2;1;3;800;07/08/2013
2013018652;1;2;1;1;1;800;07/09/2013
2013018653;1;2;1;1;7;800;08/10/2013
2013018654;5;2;4;2;1;800;14/10/2013
2013018655;1;2;1;1;2;800;18/10/2013
2013018656;1;1;2;1;3;800;08/04/2013
2013018657;1;2;1;1;3;800;14/04/2013
2013018658;3;1;1;1;2;800;28/04/2013
2013018659;1;2;1;1;3;800;26/05/2013
2013018660;2;1;2;1;1;800;19/06/2013
2013018661;1;1;1;1;1;800;26/06/2013
2013018662;1;1;1;1;5;800;12/07/2013
2013018663;1;1;2;1;1;800;19/08/2013
2013018664;3;1;2;5;1;800;07/10/2013
2013018665;3;1;1;1;5;800;18/10/2013
2013018666;1;1;2;1;3;800;24/11/2013
2013018667;1;1;1;9;1;800;12/12/2013
2013018668;1;1;1;1;5;800;19/12/2013
2013018669;3;1;1;5;6;800;08/03/2013
2013018670;1;2;1;1;6;800;10/05/2013
2013018671;2;1;1;1;1;800;19/05/2013
2013018672;1;1;1;1;6;800;05/07/2013
2013018673;1;2;1;1;6;800;12/08/2013
2013018674;2;2;1;2;3;800;25/12/2013
2013018675;1;2;1;1;7;800;15/01/2013
2013018676;1;2;1;4;6;800;19/01/2013
2013018677;1;2;2;1;3;800;20/02/2013
2013018678;5;2;1;1;6;800;03/03/2013
2013018679;3;1;1;2;6;800;08/03/2013
2013018680;1;2;1;1;3;800;09/03/2013
2013018681;1;2;1;1;5;800;20/04/2013
2013018682;2;1;1;1;6;800;05/05/2013
2013018683;1;2;1;1;7;800;09/05/2013
2013018684;1;2;1;2;3;800;13/05/2013
2013018685;1;1;1;1;3;800;02/06/2013
2013018686;1;2;1;1;1;800;07/06/2013
2013018687;1;1;1;1;2;800;30/06/2013
2013018688;1;2;1;1;3;800;26/07/2013
2013018689;1;1;1;1;7;800;16/08/2013
2013018690;1;2;2;1;3;800;23/08/2013
2013018691;1;1;2;2;3;800;24/08/2013
2013018692;1;1;1;1;1;800;07/09/2013
2013018693;5;2;1;1;3;800;28/09/2013
2013018694;1;2;1;1;6;800;04/10/2013
2013018695;5;2;1;8;1;800;10/10/2013
2013018696;1;2;1;1;7;800;09/11/2013
2013018697;1;1;1;6;7;800;10/11/2013
2013018698;1;1;2;1;3;800;23/11/2013
2013018699;3;1;1;1;3;800;16/12/2013
2013018700;5;2;1;1;6;800;17/12/2013
2013018701;1;1;1;1;1;800;25/12/2013
2013018702;5;2;1;4;6;800;14/01/2013
2013018703;1;1;1;1;7;800;16/02/2013
2013018704;1;1;2;1;3;800;07/05/2013
2013018705;3;1;1;1;2;800;07/06/2013
2013018706;1;1;2;2;1;800;13/06/2013
2013018707;1;1;1;1;7;800;26/08/2013
2013018708;1;2;1;2;3;800;14/09/2013
2013018709;3;1;1;3;7;800;02/11/2013
2013018710;1;1;2;1;3;800;27/11/2013
2013018711;3;1;2;9;3;800;12/12/2013
2013018712;3;1;1;8;6;800;20/12/2013
2013018713;3;1;1;2;2;800;27/12/2013
2013018714;1;1;1;2;3;800;13/04/2013
2013018715;1;1;4;1;3;800;03/08/2013
2013018716;1;1;1;1;6;800;19/08/2013
2013018717;1;1;1;1;6;800;29/09/2013
2013018718;1;1;1;1;1;800;30/10/2013
2013018719;1;1;2;8;3;800;24/11/2013
2013018720;1;1;2;1;5;800;10/12/2013
2013018721;1;1;1;5;1;800;13/12/2013
2013018722;1;1;1;1;6;800;14/01/2013
2013018723;1;1;1;6;2;800;31/01/2013
2013018724;3;1;1;1;6;800;15/02/2013
2013018725;1;1;1;1;6;800;30/04/2013
2013018726;1;2;1;1;6;800;03/07/2013
2013018727;1;1;1;1;6;800;06/07/2013
2013018728;2;1;1;1;5;800;23/07/2013
2013018729;3;1;2;1;3;800;08/01/2013
2013018730;5;2;2;1;3;800;21/03/2013
2013018731;3;1;1;1;7;800;19/04/2013
2013018732;1;1;1;1;3;800;26/04/2013
2013018733;1;1;1;1;1;800;31/05/2013
2013018734;1;1;2;1;3;800;11/06/2013
2013018735;1;1;1;1;6;800;05/07/2013
2013018736;1;1;9;1;2;800;09/07/2013
2013018737;1;1;1;1;1;800;22/07/2013
2013018738;3;2;1;1;7;800;18/08/2013
2013018739;1;2;1;1;1;800;27/09/2013
2013018740;1;1;2;1;3;800;13/11/2013
2013018741;2;1;1;1;7;800;20/12/2013
2013018742;1;1;1;1;7;800;17/04/2013
2013018743;2;1;1;8;6;800;04/05/2013
2013018744;1;2;6;3;6;800;07/08/2013
2013018745;1;1;1;1;2;800;29/08/2013
2013018746;1;1;1;8;7;800;15/11/2013
2013018747;1;1;1;1;1;800;23/11/2013
2013018748;1;2;1;7;6;800;20/12/2013
2013018749;3;2;1;1;6;800;20/12/2013
2013018750;2;2;1;1;6;800;26/05/2013
2013018751;3;1;1;1;1;800;22/07/2013
2013018752;1;1;1;1;7;800;20/08/2013
2013018753;5;2;1;1;3;800;27/09/2013
2013018754;5;1;1;1;1;800;30/11/2013
2013018755;1;1;1;1;1;800;28/01/2013
2013018756;1;1;1;4;6;800;05/02/2013
2013018757;1;1;1;1;3;800;01/06/2013
2013018758;1;2;1;1;7;800;02/06/2013
2013018759;1;2;3;8;1;800;13/06/2013
2013018760;1;2;1;2;1;800;27/07/2013
2013018761;1;2;2;1;3;800;02/09/2013
2013018762;2;1;2;1;3;800;05/09/2013
2013018763;1;1;1;2;5;800;09/09/2013
2013018764;1;2;1;1;1;800;02/10/2013
2013018765;1;2;1;1;6;800;15/10/2013
2013018766;1;2;2;1;3;800;13/11/2013
2013018767;3;1;8;2;1;800;05/12/2013
2013018768;3;1;1;5;1;800;04/01/2013
2013018769;2;2;1;1;6;800;04/02/2013
2013018770;1;2;1;1;6;800;12/02/2013
2013018771;1;1;2;1;1;800;30/06/2013
2013018772;1;2;1;1;6;800;14/08/2013
2013018773;1;2;1;1;6;800;26/09/2013
2013018774;5;2;1;1;6;600;04/02/2013
2013018775;5;2;1;1;7;600;12/04/2013
2013018776;1;2;2;1;3;600;07/06/2013
2013018777;1;2;2;1;3;600;22/07/2013
2013018778;1;1;1;1;1;600;03/10/2013
2013018779;3;1;1;3;2;600;14/10/2013
2013018780;1;1;1;2;1;600;20/11/2013
2013018781;1;1;1;1;6;240;13/08/2013
2013018782;1;1;1;8;6;190;04/11/2013
2013018783;3;1;1;8;7;190;24/11/2013
2013018784;1;1;1;1;6;240;10/12/2013
2013018785;2;1;1;1;6;240;20/12/2013
2013018786;1;2;1;1;6;202;09/01/2013
2013018787;1;1;1;1;1;202;20/04/2013
2013018788;1;1;1;1;5;202;01/06/2013
2013018789;1;1;1;1;7;202;26/08/2013
2013018790;1;1;1;1;7;202;09/09/2013
2013018791;1;1;1;1;1;202;07/07/2013
2013018792;1;1;1;1;1;202;07/07/2013
2013018793;1;2;1;1;6;202;06/11/2013
2013018794;1;1;1;2;5;202;18/07/2013
2013018795;1;1;1;1;1;202;30/07/2013
2013018796;1;1;1;2;1;202;07/10/2013
2013018797;2;1;1;1;2;202;12/12/2013
2013018798;1;1;2;2;3;310;10/01/2013
2013018799;1;1;1;1;1;310;25/04/2013
2013018800;2;1;1;1;6;310;22/06/2013
2013018801;1;1;1;1;6;310;22/08/2013
2013018802;1;1;1;1;6;201;29/07/2013
2013018803;5;2;9;1;3;201;17/12/2013
2013018804;1;1;1;1;3;201;13/03/2013
2013018805;1;1;1;1;6;201;06/01/2013
2013018806;2;2;1;9;1;201;18/01/2013
2013018807;1;2;3;1;3;201;22/03/2013
2013018808;1;1;1;1;3;201;06/06/2013
2013018809;1;1;1;1;2;201;23/06/2013
2013018810;1;2;1;1;3;201;31/07/2013
2013018811;1;1;6;1;7;201;09/04/2013
2013018812;1;1;1;1;3;201;25/04/2013
2013018813;1;1;1;1;3;201;10/06/2013
2013018814;3;1;1;2;7;201;31/03/2013
2013018815;1;1;1;1;7;201;18/07/2013
2013018816;1;2;1;1;2;790;19/07/2013
2013018817;1;1;2;1;3;790;22/08/2013
2013018818;1;2;1;1;6;790;07/10/2013
2013018819;3;1;1;1;6;790;08/10/2013
2013018820;3;1;1;1;6;790;17/11/2013
2013018821;3;1;1;1;6;790;23/11/2013
2013018822;1;1;1;1;6;790;27/12/2013
2013018823;1;1;2;1;1;790;15/02/2013
2013018824;1;1;1;8;1;790;08/04/2013
2013018825;1;2;4;1;1;790;14/06/2013
2013018826;1;1;1;1;2;790;28/07/2013
2013018827;1;1;1;1;1;790;18/10/2013
2013018828;3;1;2;1;3;790;24/10/2013
2013018829;1;1;1;1;5;790;31/10/2013
2013018830;2;2;2;9;1;790;03/11/2013
2013018831;3;1;1;1;6;790;23/11/2013
2013018832;1;2;1;1;1;790;28/04/2013
2013018833;1;1;1;1;1;790;24/08/2013
2013018834;1;1;3;1;5;790;09/09/2013
2013018835;1;2;1;1;3;790;10/09/2013
2013018836;1;1;1;1;1;790;24/09/2013
2013018837;1;2;2;1;2;790;17/10/2013
2013018838;3;1;1;2;7;790;12/11/2013
2013018839;1;1;1;1;7;790;16/12/2013
2013018840;1;1;3;1;2;790;08/06/2013
2013018841;1;1;1;9;1;790;25/10/2013
2013018842;1;1;1;1;1;790;17/11/2013
2013018843;1;1;1;1;2;790;17/01/2013
2013018844;1;1;1;1;1;790;25/01/2013
2013018845;3;1;1;1;6;790;06/08/2013
2013018846;3;1;1;1;6;790;25/12/2013
2013018847;3;1;3;8;5;790;31/12/2013
2013018848;3;1;1;1;6;790;07/04/2013
2013018849;3;1;1;2;6;790;12/10/2013
2013018850;5;2;1;1;6;790;02/12/2013
2013018851;1;2;1;7;6;790;01/07/2013
2013018852;1;1;4;1;1;790;10/09/2013
2013018853;1;1;1;2;2;790;26/09/2013
2013018854;1;1;2;1;5;790;05/10/2013
2013018855;5;2;1;1;7;790;06/10/2013
2013018856;1;2;1;1;3;790;02/11/2013
2013018857;1;1;1;9;6;790;14/12/2013
2013018858;2;1;4;8;1;790;01/10/2013
2013018859;3;1;1;8;6;790;11/02/2013
2013018860;1;2;9;1;3;790;23/03/2013
2013018861;1;1;1;7;1;790;21/04/2013
2013018862;2;2;1;1;1;790;04/07/2013
2013018863;1;1;2;1;3;790;18/09/2013
2013018864;1;1;2;1;3;790;02/11/2013
2013018865;1;2;1;1;1;790;05/12/2013
2013018866;1;1;1;1;1;790;23/12/2013
2013018867;4;1;1;2;6;790;29/12/2013
2013018868;1;1;1;1;6;760;07/04/2013
2013018869;1;2;3;1;1;760;13/06/2013
2013018870;1;2;1;1;6;760;28/01/2013
2013018871;2;2;3;7;6;760;15/02/2013
2013018872;1;1;1;1;7;760;03/06/2013
2013018873;1;1;1;7;3;760;18/07/2013
2013018874;1;2;1;1;6;760;21/08/2013
2013018875;1;1;2;1;3;760;05/09/2013
2013018876;1;1;1;1;2;760;05/09/2013
2013018877;3;1;1;1;2;760;02/10/2013
2013018878;1;2;1;8;3;760;20/12/2013
2013018879;5;2;1;1;3;760;15/02/2013
2013018880;1;1;1;2;1;760;11/04/2013
2013018881;1;1;1;1;1;760;17/07/2013
2013018882;1;1;1;1;7;760;15/08/2013
2013018883;1;1;2;1;3;760;15/09/2013
2013018884;2;1;1;8;1;760;16/09/2013
2013018885;1;2;2;1;3;760;06/12/2013
2013018886;3;1;1;2;1;760;07/12/2013
2013018887;3;1;1;4;4;760;23/01/2013
2013018888;1;1;1;1;1;760;02/11/2013
2013018889;1;2;1;9;6;760;17/01/2013
2013018890;1;1;1;8;7;760;22/10/2013
2013018891;3;2;1;8;6;760;11/01/2013
2013018892;5;2;1;2;6;760;10/03/2013
2013018893;1;1;1;3;5;760;08/11/2013
2013018894;1;2;1;1;6;760;07/12/2013
2013018895;1;1;1;3;6;760;27/12/2013
2013018896;2;1;1;1;1;760;27/01/2013
2013018897;1;1;4;1;3;760;13/02/2013
2013018898;3;1;1;1;6;760;28/06/2013
2013018899;1;1;2;1;2;760;29/06/2013
2013018900;1;1;2;1;3;760;21/04/2013
2013018901;3;1;1;1;6;760;08/06/2013
2013018902;1;1;1;3;4;670;01/01/2013
2013018903;1;2;1;1;6;670;25/01/2013
2013018904;1;1;1;4;1;670;05/02/2013
2013018905;2;1;1;1;1;670;24/03/2013
2013018906;1;1;1;1;7;670;19/04/2013
2013018907;1;1;1;2;6;670;30/04/2013
2013018908;1;1;1;1;3;670;13/04/2013
2013018909;1;2;1;1;3;670;09/06/2013
2013018910;1;1;1;1;6;670;14/06/2013
2013018911;1;2;1;1;3;670;16/06/2013
2013018912;1;2;1;1;4;670;19/08/2013
2013018913;1;1;6;1;3;670;22/08/2013
2013018914;1;1;1;1;6;670;12/11/2013
2013018915;5;2;1;1;6;670;11/11/2013
2013018916;3;1;1;1;5;670;08/12/2013
2013018917;3;1;1;1;6;670;29/12/2013
2013018918;1;1;1;1;7;670;16/04/2013
2013018919;1;2;1;1;3;670;24/04/2013
2013018920;3;2;1;4;7;780;16/01/2013
2013018921;5;1;1;2;6;780;27/02/2013
2013018922;1;1;1;1;1;780;27/04/2013
2013018923;1;1;1;1;5;780;21/02/2013
2013018924;2;2;1;8;6;780;19/06/2013
2013018925;1;1;1;1;2;770;19/09/2013
2013018926;1;1;2;2;1;770;30/05/2013
2013018927;1;1;1;1;1;770;23/08/2013
2013018928;3;1;1;1;1;770;29/08/2013
2013018929;3;1;1;1;4;770;18/10/2013
2013018930;3;1;1;1;1;770;25/11/2013
2013018931;1;1;2;1;5;770;20/12/2013
2013018932;1;2;1;1;3;770;27/04/2013
2013018933;2;2;2;1;3;770;07/05/2013
2013018934;1;1;3;1;5;770;08/05/2013
2013018935;1;2;6;1;6;770;12/05/2013
2013018936;1;1;1;1;1;770;10/06/2013
2013018937;1;1;1;3;3;770;09/11/2013
2013018938;5;2;1;1;3;740;17/07/2013
2013018939;1;1;3;1;2;740;15/07/2013
2013018940;1;2;1;1;6;740;04/10/2013
2013018941;1;2;1;1;6;740;07/10/2013
2013018942;4;1;4;8;6;740;09/01/2013
2013018943;1;1;4;2;3;740;01/02/2013
2013018944;1;2;1;4;6;740;06/02/2013
2013018945;2;1;1;1;2;740;21/06/2013
2013018946;5;2;1;1;6;740;26/10/2013
2013018947;2;1;1;1;6;740;21/12/2013
2013018948;1;1;1;4;1;740;16/01/2013
2013018949;3;1;1;1;1;740;22/01/2013
2013018950;3;1;1;1;6;740;19/03/2013
2013018951;1;2;1;1;7;740;14/04/2013
2013018952;1;2;6;1;6;740;06/07/2013
2013018953;5;2;1;3;1;740;07/08/2013
2013018954;1;2;8;1;1;740;06/12/2013
2013018955;3;1;1;1;4;740;09/01/2013
2013018956;2;1;1;4;1;740;20/01/2013
2013018957;1;2;2;1;1;740;21/02/2013
2013018958;1;1;1;1;4;740;27/02/2013
2013018959;1;1;1;3;1;740;29/04/2013
2013018960;3;1;1;2;6;740;25/05/2013
2013018961;3;2;1;1;6;740;07/06/2013
2013018962;5;2;1;1;6;740;21/06/2013
2013018963;1;1;2;1;3;740;10/09/2013
2013018964;2;1;1;3;3;740;16/09/2013
2013018965;2;1;1;1;3;740;25/11/2013
2013018966;1;1;1;1;1;740;31/05/2013
2013018967;1;1;1;1;6;740;31/05/2013
2013018968;3;1;1;2;7;740;02/06/2013
2013018969;5;2;1;2;1;740;20/11/2013
2013018970;1;1;1;1;1;740;07/12/2013
2013018971;1;1;1;1;1;740;16/03/2013
2013018972;1;1;1;1;1;740;17/06/2013
2013018973;1;1;4;1;1;740;13/07/2013
2013018974;2;2;1;1;1;740;27/10/2013
2013018975;1;2;1;1;7;740;24/05/2013
2013018976;5;2;1;1;5;590;25/08/2013
2013018977;1;2;1;1;1;590;26/04/2013
2013018978;1;1;1;1;6;590;07/09/2013
2013018979;1;1;1;1;5;250;26/01/2013
2013018980;1;1;1;1;1;250;08/08/2013
2013018981;1;1;1;2;3;250;14/09/2013
2013018982;2;1;1;2;3;250;05/11/2013
2013018983;1;1;1;2;3;250;19/11/2013
2013018984;3;1;1;3;6;560;05/02/2013
2013018985;1;1;1;1;7;560;07/07/2013
2013018986;1;1;2;1;1;560;11/07/2013
2013018987;1;2;1;1;1;560;14/04/2013
2013018988;1;1;1;1;1;560;27/04/2013
2013018989;1;1;1;1;1;560;27/05/2013
2013018990;1;2;9;1;6;560;25/01/2013
2013018991;5;2;1;1;1;560;26/01/2013
2013018992;3;1;1;3;6;560;28/01/2013
2013018993;1;1;1;1;2;560;03/07/2013
2013018994;1;1;1;1;3;560;04/07/2013
2013018995;4;1;1;2;1;560;31/07/2013
2013018996;1;1;2;8;3;560;01/10/2013
2013018997;1;1;1;7;2;560;09/12/2013
2013018998;2;2;1;1;6;560;19/11/2013
2013018999;1;1;1;1;3;560;24/06/2013
2013019000;1;2;1;1;7;560;24/06/2013
2013019001;5;2;1;1;6;560;08/07/2013
2013019002;1;2;6;1;3;560;26/07/2013
2013019003;5;2;1;1;2;560;21/09/2013
2013019004;3;1;1;2;3;560;22/10/2013
2013019005;1;1;1;1;6;560;03/01/2013
2013019006;1;1;1;1;1;560;12/02/2013
2013019007;1;1;1;1;1;560;18/06/2013
2013019008;1;1;1;8;1;560;03/07/2013
2013019009;2;1;1;1;1;560;12/07/2013
2013019010;4;1;1;1;5;560;09/08/2013
2013019011;2;1;1;1;7;560;11/08/2013
2013019012;3;1;1;1;7;560;04/09/2013
2013019013;1;2;6;1;6;560;25/09/2013
2013019014;1;2;1;1;1;560;13/11/2013
2013019015;1;2;1;1;6;560;19/12/2013
2013019016;1;1;1;1;6;560;15/01/2013
2013019017;3;1;1;2;6;560;04/02/2013
2013019018;1;2;6;1;3;560;23/04/2013
2013019019;1;2;6;1;3;560;22/05/2013
2013019020;1;2;1;1;6;560;27/06/2013
2013019021;1;2;1;1;6;560;07/07/2013
2013019022;1;1;1;1;3;560;14/07/2013
2013019023;1;1;1;1;5;560;05/08/2013
2013019024;1;2;1;1;6;560;21/08/2013
2013019025;1;2;6;1;3;560;29/08/2013
2013019026;3;1;1;1;6;560;07/09/2013
2013019027;1;1;1;1;7;560;27/07/2013
2013019028;3;1;1;2;7;560;24/10/2013
2013019029;1;1;1;2;3;560;06/01/2013
2013019030;3;2;1;1;6;560;26/02/2013
2013019031;1;2;1;1;6;560;15/03/2013
2013019032;2;1;1;2;1;560;10/04/2013
2013019033;1;1;2;1;3;560;02/06/2013
2013019034;1;1;1;1;7;560;27/07/2013
2013019035;1;2;1;1;6;560;26/09/2013
2013019036;5;2;1;1;3;560;05/10/2013
2013019037;3;1;1;1;7;560;03/11/2013
2013019038;3;1;1;2;7;560;09/11/2013
2013019039;1;1;1;1;2;560;13/03/2013
2013019040;1;1;1;1;7;560;06/07/2013
2013019041;1;1;1;1;1;560;04/08/2013
2013019042;1;1;1;1;1;560;07/08/2013
2013019043;3;1;1;3;6;560;24/10/2013
2013019044;5;2;1;1;6;560;18/11/2013
2013019045;1;1;1;1;6;560;05/12/2013
2013019046;1;1;2;1;3;560;16/12/2013
2013019047;5;2;1;2;6;560;09/01/2013
2013019048;1;1;1;2;1;560;13/02/2013
2013019049;1;1;1;1;1;560;01/07/2013
2013019050;1;2;1;1;1;560;23/07/2013
2013019051;1;1;1;1;4;560;17/08/2013
2013019052;3;2;1;2;6;560;05/11/2013
2013019053;1;2;1;1;3;560;14/12/2013
2013019054;1;2;1;2;3;560;29/03/2013
2013019055;1;1;1;1;1;560;21/04/2013
2013019056;1;2;1;1;4;560;31/05/2013
2013019057;1;1;1;1;3;560;04/08/2013
2013019058;1;1;1;1;3;560;27/03/2013
2013019059;1;1;1;1;3;560;27/03/2013
2013019060;1;1;1;2;1;560;16/08/2013
2013019061;3;1;1;2;6;560;20/10/2013
2013019062;2;1;1;1;4;950;02/04/2013
2013019063;1;2;1;2;6;950;08/05/2013
2013019064;1;1;1;1;5;950;05/03/2013
2013019065;3;1;1;1;2;950;12/04/2013
2013019066;1;1;1;1;5;950;15/06/2013
2013019067;1;1;1;1;6;950;07/06/2013
2013019068;1;2;1;1;6;950;29/06/2013
2013019069;5;2;1;2;6;950;09/09/2013
2013019070;5;1;6;1;3;950;22/09/2013
2013019071;3;1;1;2;6;950;30/11/2013
2013019072;1;1;1;1;3;190;27/07/2013
2013019073;1;1;1;8;6;190;15/04/2013
2013019074;1;1;1;2;3;190;29/05/2013
2013019075;2;1;1;3;7;190;29/06/2013
2013019076;1;1;2;1;5;190;21/07/2013
2013019077;3;1;1;1;1;190;17/07/2013
2013019078;1;1;1;1;2;190;23/03/2013
2013019079;1;2;9;1;6;190;09/09/2013
2013019080;1;1;1;1;1;190;21/03/2013
2013019081;1;1;1;2;6;190;27/04/2013
2013019082;1;2;1;7;3;190;09/07/2013
2013019083;3;1;1;2;4;560;31/01/2013
2013019084;3;1;1;1;3;560;14/02/2013
2013019085;1;1;1;1;2;560;09/03/2013
2013019086;3;1;1;1;6;560;11/05/2013
2013019087;1;2;1;1;6;560;16/05/2013
2013019088;2;2;1;1;6;560;26/05/2013
2013019089;1;2;1;1;6;560;09/06/2013
2013019090;1;1;1;2;7;560;19/06/2013
2013019091;1;2;1;1;6;560;20/06/2013
2013019092;1;1;1;7;1;560;08/07/2013
2013019093;3;1;1;1;7;560;13/07/2013
2013019094;1;1;1;1;6;560;25/07/2013
2013019095;1;1;1;1;2;560;11/08/2013
2013019096;1;2;1;1;1;560;23/08/2013
2013019097;3;1;1;8;1;560;04/10/2013
2013019098;1;1;1;1;2;560;17/10/2013
2013019099;1;2;1;2;6;560;19/10/2013
2013019100;3;1;1;1;6;560;27/11/2013
2013019101;1;1;1;1;6;590;09/06/2013
2013019102;2;1;1;8;1;590;16/09/2013
2013019103;5;2;1;3;6;590;10/11/2013
2013019104;1;1;1;1;1;590;30/11/2013
2013019105;1;2;1;7;3;590;05/07/2013
2013019106;1;1;1;1;6;590;29/09/2013
2013019107;1;2;1;1;6;590;30/05/2013
2013019108;1;2;1;1;3;590;12/07/2013
2013019109;5;2;1;1;3;590;28/04/2013
2013019110;5;2;1;1;1;590;22/07/2013
2013019111;2;1;1;5;3;590;15/09/2013
2013019112;5;2;1;1;6;590;03/03/2013
2013019113;1;2;1;7;3;590;07/04/2013
2013019114;3;2;1;1;6;590;02/09/2013
2013019115;5;2;1;2;6;510;12/05/2013
2013019116;1;1;1;1;6;510;17/06/2013
2013019117;1;2;1;1;7;510;02/08/2013
2013019118;2;1;1;1;6;510;11/08/2013
2013019119;1;1;1;1;3;510;15/08/2013
2013019120;3;1;1;1;7;510;24/08/2013
2013019121;1;1;1;2;7;510;27/12/2013
2013019122;3;1;1;2;6;510;28/12/2013
2013019123;1;2;1;1;1;510;28/07/2013
2013019124;1;1;3;1;3;510;09/12/2013
2013019125;1;2;6;1;1;510;01/08/2013
2013019126;1;2;1;1;1;510;23/10/2013
2013019127;3;1;1;6;6;620;13/10/2013
2013019128;1;1;1;7;7;620;21/04/2013
2013019129;5;2;1;2;6;620;24/11/2013
2013019130;1;2;1;1;6;510;02/03/2013
2013019131;1;1;1;1;7;510;29/07/2013
2013019132;1;1;1;1;7;510;20/08/2013
2013019133;1;1;3;1;3;510;07/09/2013
2013019134;3;2;1;3;6;510;25/10/2013
2013019135;1;2;1;1;6;910;29/06/2013
2013019136;2;1;6;1;2;910;28/01/2013
2013019137;1;1;1;3;2;910;22/10/2013