num_acc;lum;agg;inter;atm;col;dep;date
2013019716;1;1;1;1;3;340;11/09/2013
2013019717;1;2;1;1;6;340;07/12/2013
2013019718;3;1;1;1;6;340;14/12/2013
2013019719;1;1;1;1;3;660;01/02/2013
2013019720;3;1;1;8;7;660;07/03/2013
2013019721;1;1;1;1;5;660;17/05/2013
2013019722;2;1;1;1;6;660;18/05/2013
2013019723;1;2;1;1;2;660;04/09/2013
2013019724;5;2;1;1;1;660;09/10/2013
2013019725;5;1;1;8;7;660;19/11/2013
2013019726;3;1;1;1;7;660;07/12/2013
2013019727;3;1;1;1;7;300;07/02/2013
2013019728;1;1;1;8;6;300;04/04/2013
2013019729;1;1;1;2;5;300;20/04/2013
2013019730;1;1;8;1;1;300;25/05/2013
2013019731;1;1;1;2;7;300;28/05/2013
2013019732;3;1;1;1;6;300;06/06/2013
2013019733;1;2;2;1;3;300;11/06/2013
2013019734;1;1;1;1;7;300;07/07/2013
2013019735;1;1;1;3;1;300;09/07/2013
2013019736;3;1;1;2;7;300;17/07/2013
2013019737;1;1;1;1;5;300;10/08/2013
2013019738;1;1;1;1;6;300;13/08/2013
2013019739;3;1;1;1;6;300;18/08/2013
2013019740;1;1;1;1;5;300;30/08/2013
2013019741;1;1;1;2;5;300;08/09/2013
2013019742;1;1;1;8;1;410;11/03/2013
2013019743;1;2;1;1;3;410;24/04/2013
2013019744;1;1;1;1;6;410;11/07/2013
2013019745;3;1;1;2;2;770;14/01/2013
2013019746;1;1;2;1;3;770;24/03/2013
2013019747;1;1;1;1;3;770;03/06/2013
2013019748;2;2;1;1;7;770;07/06/2013
2013019749;1;1;3;1;1;770;10/06/2013
2013019750;1;1;1;1;2;770;29/06/2013
2013019751;1;1;1;1;6;770;29/08/2013
2013019752;3;1;1;1;2;770;17/09/2013
2013019753;2;2;1;8;1;770;21/11/2013
2013019754;3;2;1;2;6;770;22/12/2013
2013019755;1;2;1;1;6;620;10/01/2013
2013019756;1;1;1;1;6;620;15/02/2013
2013019757;1;1;1;4;3;620;11/03/2013
2013019758;1;2;1;1;6;620;22/06/2013
2013019759;1;1;1;1;7;620;28/09/2013
2013019760;1;2;2;1;3;620;14/04/2013
2013019761;3;1;1;1;6;620;16/05/2013
2013019762;1;1;1;2;2;620;09/04/2013
2013019763;1;1;1;1;7;620;14/04/2013
2013019764;3;1;1;1;6;620;27/04/2013
2013019765;1;2;1;1;2;620;14/07/2013
2013019766;1;1;1;1;4;620;21/07/2013
2013019767;2;2;1;1;6;620;04/08/2013
2013019768;1;2;1;1;6;620;17/10/2013
2013019769;3;1;1;2;6;620;14/11/2013
2013019770;1;1;1;1;1;620;26/12/2013
2013019771;1;1;1;4;4;630;13/01/2013
2013019772;1;1;1;4;7;630;18/01/2013
2013019773;1;1;1;8;6;630;06/10/2013
2013019774;1;1;1;4;3;630;14/11/2013
2013019775;3;1;1;1;6;630;16/12/2013
2013019776;3;1;1;1;7;370;15/01/2013
2013019777;3;1;1;4;3;370;18/01/2013
2013019778;3;1;1;2;6;370;08/02/2013
2013019779;3;1;1;1;5;370;02/06/2013
2013019780;1;1;1;1;7;370;07/07/2013
2013019781;1;1;1;9;7;370;26/08/2013
2013019782;2;1;1;1;4;370;31/08/2013
2013019783;1;1;1;2;3;370;14/10/2013
2013019784;1;1;1;1;6;370;21/10/2013
2013019785;1;1;1;1;7;370;26/12/2013
2013019786;5;1;1;3;3;370;27/12/2013
2013019787;5;1;1;2;6;210;13/09/2013
2013019788;4;2;9;1;3;830;12/03/2013
2013019789;1;1;6;1;3;830;25/05/2013
2013019790;1;2;1;1;3;830;24/06/2013
2013019791;1;1;1;1;2;830;12/07/2013
2013019792;1;2;1;1;2;830;22/08/2013
2013019793;1;2;1;1;2;830;03/09/2013
2013019794;1;1;1;1;4;830;07/09/2013
2013019795;1;1;6;1;2;830;11/10/2013
2013019796;5;2;3;1;3;830;26/10/2013
2013019797;1;2;1;1;1;830;02/11/2013
2013019798;1;2;1;1;7;830;03/11/2013
2013019799;1;2;1;1;3;830;31/10/2013
2013019800;1;2;6;1;6;830;11/12/2013
2013019801;1;2;1;8;1;830;23/12/2013
2013019802;1;1;1;1;1;870;03/05/2013
2013019803;1;2;7;1;3;870;09/06/2013
2013019804;1;1;1;1;7;870;30/08/2013
2013019805;1;1;1;1;6;870;03/09/2013
2013019806;1;2;2;1;2;870;07/11/2013
2013019807;1;2;1;1;1;870;07/12/2013
2013019808;3;1;1;1;3;202;24/08/2013
2013019809;1;2;1;1;3;202;31/08/2013
2013019810;3;1;1;1;3;202;20/10/2013
2013019811;3;1;1;1;6;500;14/02/2013
2013019812;1;1;1;1;6;500;18/05/2013
2013019813;1;1;1;2;7;500;14/09/2013
2013019814;5;2;2;3;3;500;27/09/2013
2013019815;3;1;1;1;6;500;08/12/2013
2013019816;1;1;1;1;1;500;11/12/2013
2013019817;2;1;1;1;1;710;25/11/2013
2013019818;1;2;1;1;7;220;01/08/2013
2013019819;1;1;1;1;6;220;04/08/2013
2013019820;1;1;1;2;1;220;06/09/2013
2013019821;3;1;1;5;3;220;08/10/2013
2013019822;1;1;1;1;1;220;19/11/2013
2013019823;3;1;1;4;7;140;07/02/2013
2013019824;3;1;1;1;6;140;12/02/2013
2013019825;1;1;1;1;2;140;19/04/2013
2013019826;1;1;1;1;1;140;17/05/2013
2013019827;1;1;1;1;6;140;20/07/2013
2013019828;1;1;1;2;6;140;17/09/2013
2013019829;2;1;1;9;3;80;20/01/2013
2013019830;5;2;1;1;6;80;04/02/2013
2013019831;1;1;1;1;1;80;22/10/2013
2013019832;1;1;1;1;3;380;15/06/2013
2013019833;5;2;1;2;6;180;01/01/2013
2013019834;5;2;1;2;6;180;03/01/2013
2013019835;5;2;1;1;2;180;06/01/2013
2013019836;5;2;1;1;7;180;08/01/2013
2013019837;3;1;1;1;3;180;08/01/2013
2013019838;1;2;1;1;2;180;08/01/2013
2013019839;5;2;1;1;6;180;09/01/2013
2013019840;2;2;1;2;6;180;10/01/2013
2013019841;1;1;6;3;2;180;10/01/2013
2013019842;1;2;3;1;3;180;11/01/2013
2013019843;5;2;1;1;6;180;11/01/2013
2013019844;1;1;1;1;6;180;12/01/2013
2013019845;1;2;1;1;3;180;13/01/2013
2013019846;5;2;3;1;3;180;16/01/2013
2013019847;1;2;3;1;3;180;16/01/2013
2013019848;2;2;1;1;6;180;17/01/2013
2013019849;1;2;1;2;5;180;19/01/2013
2013019850;1;2;2;1;6;180;22/01/2013
2013019851;5;2;2;1;1;180;24/01/2013
2013019852;5;2;3;1;3;180;28/01/2013
2013019853;2;2;2;2;3;180;08/02/2013
2013019854;1;1;1;5;7;180;18/02/2013
2013019855;3;1;1;1;7;180;27/02/2013
2013019856;3;1;1;1;6;180;03/03/2013
2013019857;1;2;2;1;3;180;03/03/2013
2013019858;1;2;2;1;3;180;04/03/2013
2013019859;1;2;2;1;3;180;07/03/2013
2013019860;3;1;1;2;7;180;09/03/2013
2013019861;4;1;1;1;2;180;10/03/2013
2013019862;5;2;1;1;5;180;17/03/2013
2013019863;1;2;1;1;2;180;21/03/2013
2013019864;5;2;2;1;5;180;23/03/2013
2013019865;1;2;2;1;3;180;25/03/2013
2013019866;5;1;6;1;6;180;26/03/2013
2013019867;5;2;1;1;6;180;26/03/2013
2013019868;1;2;6;1;3;180;26/03/2013
2013019869;1;2;1;7;3;180;01/04/2013
2013019870;1;2;2;1;3;180;02/04/2013
2013019871;1;2;1;2;6;180;09/04/2013
2013019872;5;2;2;2;3;180;12/04/2013
2013019873;5;2;2;1;1;180;14/04/2013
2013019874;1;2;1;1;4;180;15/04/2013
2013019875;1;2;2;1;3;180;16/04/2013
2013019876;1;2;2;1;3;180;17/04/2013
2013019877;1;2;3;1;3;180;23/04/2013
2013019878;1;1;1;1;7;180;24/04/2013
2013019879;5;2;1;2;7;180;27/04/2013
2013019880;1;2;3;2;3;180;30/04/2013
2013019881;1;2;1;1;6;180;01/05/2013
2013019882;1;2;1;1;7;180;02/05/2013
2013019883;1;2;7;1;3;180;04/05/2013
2013019884;1;2;2;1;3;180;06/05/2013
2013019885;1;2;1;1;2;180;07/05/2013
2013019886;3;1;1;1;6;180;08/05/2013
2013019887;1;1;1;1;1;180;10/05/2013
2013019888;1;2;1;1;3;180;12/05/2013
2013019889;1;1;6;8;7;180;15/05/2013
2013019890;1;2;1;3;7;180;18/05/2013
2013019891;1;1;1;8;3;180;18/05/2013
2013019892;5;2;1;3;6;180;20/05/2013
2013019893;1;1;1;3;6;180;20/05/2013
2013019894;1;1;1;2;6;180;28/05/2013
2013019895;1;2;2;2;3;180;30/05/2013
2013019896;1;2;1;1;3;180;05/06/2013
2013019897;1;2;1;1;2;180;06/06/2013
2013019898;1;2;1;1;6;180;10/06/2013
2013019899;1;2;1;1;6;180;10/06/2013
2013019900;1;1;1;1;6;180;11/06/2013
2013019901;1;2;1;1;3;180;12/06/2013
2013019902;1;2;3;2;6;180;13/06/2013
2013019903;1;2;1;1;6;180;19/06/2013
2013019904;1;2;5;1;3;180;20/06/2013
2013019905;1;2;3;1;3;180;24/06/2013
2013019906;1;2;1;1;6;180;25/06/2013
2013019907;1;1;6;1;6;180;29/06/2013
2013019908;1;2;3;1;1;180;01/07/2013
2013019909;1;2;4;1;3;180;02/07/2013
2013019910;1;1;1;2;2;180;03/07/2013
2013019911;1;2;1;1;7;180;05/07/2013
2013019912;1;2;1;1;2;180;05/07/2013
2013019913;1;2;1;1;6;180;06/07/2013
2013019914;1;2;1;1;6;180;08/07/2013
2013019915;1;2;6;1;3;180;12/07/2013
2013019916;5;2;6;1;6;180;13/07/2013
2013019917;1;2;1;1;2;180;16/07/2013
2013019918;1;1;1;1;1;180;20/07/2013
2013019919;5;2;1;1;6;180;21/07/2013
2013019920;1;2;2;1;2;180;22/07/2013
2013019921;1;2;3;3;2;180;23/07/2013
2013019922;1;2;1;1;3;180;23/07/2013
2013019923;1;2;3;1;3;180;01/08/2013
2013019924;1;2;1;1;2;180;02/08/2013
2013019925;5;2;1;2;6;180;03/08/2013
2013019926;1;1;1;1;6;180;04/08/2013
2013019927;2;1;1;1;6;180;04/08/2013
2013019928;1;2;1;1;2;180;06/08/2013
2013019929;1;2;2;1;3;180;07/08/2013
2013019930;1;2;1;1;3;180;03/08/2013
2013019931;1;2;9;1;6;180;14/08/2013
2013019932;1;1;1;1;7;180;15/08/2013
2013019933;1;2;7;1;3;180;17/08/2013
2013019934;1;2;1;6;6;180;19/08/2013
2013019935;1;2;1;7;6;180;19/08/2013
2013019936;1;1;6;1;7;180;19/08/2013
2013019937;1;2;3;7;3;180;23/08/2013
2013019938;1;2;1;1;2;180;28/08/2013
2013019939;1;2;1;1;2;180;30/08/2013
2013019940;5;2;1;1;6;180;01/09/2013
2013019941;2;1;1;1;7;180;11/09/2013
2013019942;1;2;1;1;2;180;15/09/2013
2013019943;1;2;1;2;2;180;17/09/2013
2013019944;1;2;2;1;1;180;20/09/2013
2013019945;3;1;3;1;2;180;22/09/2013
2013019946;1;2;1;1;3;180;24/09/2013
2013019947;5;2;3;1;1;180;24/09/2013
2013019948;5;2;1;1;6;180;26/09/2013
2013019949;1;2;2;1;3;180;27/09/2013
2013019950;1;2;1;1;2;180;28/09/2013
2013019951;4;2;6;2;6;180;28/09/2013
2013019952;1;2;1;1;6;180;02/10/2013
2013019953;1;2;1;1;1;180;04/10/2013
2013019954;1;1;1;1;6;180;06/10/2013
2013019955;2;2;3;3;2;180;10/10/2013
2013019956;1;1;1;1;2;180;11/10/2013
2013019957;1;2;1;1;3;180;11/10/2013
2013019958;1;2;9;2;3;180;12/10/2013
2013019959;1;2;1;1;6;180;15/10/2013
2013019960;1;2;1;3;2;180;16/10/2013
2013019961;1;2;1;1;2;180;17/10/2013
2013019962;1;2;1;1;6;180;17/10/2013
2013019963;5;2;3;2;3;180;20/10/2013
2013019964;1;1;1;1;6;180;20/10/2013
2013019965;5;2;1;3;6;180;25/10/2013
2013019966;1;2;2;1;3;180;26/10/2013
2013019967;1;2;6;2;2;180;28/10/2013
2013019968;5;2;1;1;3;180;28/10/2013
2013019969;5;2;2;1;2;180;28/10/2013
2013019970;1;2;6;1;3;180;29/10/2013
2013019971;1;2;2;1;3;180;30/10/2013
2013019972;1;2;1;1;2;180;31/10/2013
2013019973;1;2;1;1;2;180;31/10/2013
2013019974;1;2;1;1;3;180;31/10/2013
2013019975;5;2;2;1;3;180;31/10/2013
2013019976;5;2;1;1;6;180;04/11/2013
2013019977;1;2;2;1;1;180;06/11/2013
2013019978;2;2;1;1;2;180;07/11/2013
2013019979;1;2;1;1;2;180;08/11/2013
2013019980;5;2;1;2;4;180;09/11/2013
2013019981;1;1;2;2;3;180;15/11/2013
2013019982;5;2;1;5;4;180;18/11/2013
2013019983;1;2;2;8;3;180;19/11/2013
2013019984;5;1;1;2;2;180;22/11/2013
2013019985;1;2;1;1;6;180;26/11/2013
2013019986;1;2;1;1;2;180;26/11/2013
2013019987;1;1;1;7;6;180;27/11/2013
2013019988;1;2;6;1;3;180;28/11/2013
2013019989;5;1;1;1;6;180;28/11/2013
2013019990;1;2;1;1;6;180;03/12/2013
2013019991;3;2;1;9;6;180;06/12/2013
2013019992;1;2;1;1;6;180;09/12/2013
2013019993;2;2;1;9;6;180;10/12/2013
2013019994;3;1;1;9;2;180;10/12/2013
2013019995;1;2;1;1;5;180;10/12/2013
2013019996;2;2;1;1;6;180;11/12/2013
2013019997;1;2;1;1;6;180;11/12/2013
2013019998;3;1;1;1;7;180;14/12/2013
2013019999;1;2;2;1;6;180;18/12/2013
2013020000;1;2;1;1;6;180;20/12/2013
2013020001;3;1;1;2;7;180;28/12/2013
2013020002;1;1;1;1;4;180;28/12/2013
2013020003;1;2;1;1;6;180;30/12/2013
2013020004;5;2;1;3;6;830;19/01/2013
2013020005;3;1;1;1;3;830;06/02/2013
2013020006;1;1;2;1;3;830;18/04/2013
2013020007;1;1;1;1;1;830;13/05/2013
2013020008;5;2;1;1;6;830;14/07/2013
2013020009;1;1;1;1;1;830;12/08/2013
2013020010;1;1;2;1;3;830;13/08/2013
2013020011;1;1;1;1;6;830;26/08/2013
2013020012;1;1;1;1;1;830;12/10/2013
2013020013;3;1;1;1;1;830;13/10/2013
2013020014;3;2;1;1;1;830;14/10/2013
2013020015;1;1;1;1;6;830;26/10/2013
2013020016;3;1;1;2;7;410;10/01/2013
2013020017;5;2;1;1;6;410;09/02/2013
2013020018;3;1;1;1;7;120;10/03/2013
2013020019;1;1;1;1;7;120;13/06/2013
2013020020;1;1;1;3;7;120;20/06/2013
2013020021;1;1;1;1;2;120;22/06/2013
2013020022;1;1;1;1;6;120;21/07/2013
2013020023;1;1;1;3;7;120;07/08/2013
2013020024;3;1;1;1;6;120;01/09/2013
2013020025;1;1;1;1;6;580;27/07/2013
2013020026;1;1;1;1;6;580;04/10/2013
2013020027;3;1;1;1;1;710;22/02/2013
2013020028;1;1;1;8;1;360;26/01/2013
2013020029;1;1;1;1;2;360;12/02/2013
2013020030;1;1;1;1;6;360;02/04/2013
2013020031;2;1;1;8;6;360;11/05/2013
2013020032;1;1;1;1;6;360;08/06/2013
2013020033;1;1;1;1;6;360;09/06/2013
2013020034;1;1;1;1;2;360;04/09/2013
2013020035;3;1;1;1;6;360;20/10/2013
2013020036;1;1;1;3;6;360;04/11/2013
2013020037;3;1;1;3;6;360;25/12/2013
2013020038;1;1;1;2;6;150;18/05/2013
2013020039;1;1;1;1;6;150;01/08/2013
2013020040;1;1;1;2;6;630;30/04/2013
2013020041;3;1;1;3;1;630;01/05/2013
2013020042;1;1;1;1;2;630;12/07/2013
2013020043;2;1;1;1;2;630;03/09/2013
2013020044;1;1;1;4;6;870;24/02/2013
2013020045;1;1;1;1;6;870;22/06/2013
2013020046;1;1;9;1;2;870;13/07/2013
2013020047;1;1;1;1;6;870;08/08/2013
2013020048;3;1;1;1;6;340;11/01/2013
2013020049;3;1;1;1;6;340;01/03/2013
2013020050;1;1;1;1;2;340;17/06/2013
2013020051;1;1;1;1;6;340;19/06/2013
2013020052;1;1;1;1;6;340;22/06/2013
2013020053;3;1;1;1;6;340;29/06/2013
2013020054;1;1;1;1;6;340;03/08/2013
2013020055;1;1;1;1;2;340;17/08/2013
2013020056;1;1;1;1;7;340;29/08/2013
2013020057;1;1;1;1;1;340;12/09/2013
2013020058;2;1;1;1;3;340;10/10/2013
2013020059;1;1;1;7;3;340;22/12/2013
2013020060;2;1;1;1;7;340;23/12/2013
2013020061;3;1;1;3;5;480;18/01/2013
2013020062;3;1;1;2;4;480;18/01/2013
2013020063;1;1;1;3;6;480;09/04/2013
2013020064;1;1;1;1;2;480;11/07/2013
2013020065;1;1;1;7;1;480;16/07/2013
2013020066;3;1;1;1;7;480;01/10/2013
2013020067;1;1;1;1;6;80;10/05/2013
2013020068;3;1;1;2;6;80;26/05/2013
2013020069;1;1;1;1;2;80;09/09/2013
2013020070;1;2;1;1;2;670;22/05/2013
2013020071;3;1;1;1;3;440;07/04/2013
2013020072;3;1;1;1;6;440;17/11/2013
2013020073;3;1;1;2;6;440;13/01/2013
2013020074;3;1;1;3;7;440;12/01/2013
2013020075;1;1;1;3;5;440;01/02/2013
2013020076;1;1;1;1;5;440;12/02/2013
2013020077;1;1;1;1;7;440;15/03/2013
2013020078;1;1;1;1;5;440;12/04/2013
2013020079;3;1;1;2;2;440;07/05/2013
2013020080;1;1;1;1;6;440;15/06/2013
2013020081;1;1;1;1;7;440;30/06/2013
2013020082;1;1;1;1;6;440;07/07/2013
2013020083;1;1;1;1;6;440;12/07/2013
2013020084;3;1;1;1;7;440;19/07/2013
2013020085;1;1;1;1;5;440;13/08/2013
2013020086;3;1;1;1;2;440;18/09/2013
2013020087;1;1;1;1;5;440;24/09/2013
2013020088;1;1;1;1;1;440;05/10/2013
2013020089;3;1;1;3;7;440;07/11/2013
2013020090;3;1;1;1;2;440;22/11/2013
2013020091;1;1;1;1;6;440;26/11/2013
2013020092;5;2;1;1;1;440;29/11/2013
2013020093;3;1;1;4;5;140;08/02/2013
2013020094;1;1;1;2;6;140;23/06/2013
2013020095;1;1;1;1;6;140;31/10/2013
2013020096;3;1;1;4;6;140;20/11/2013
2013020097;2;1;1;2;4;140;25/11/2013
2013020098;1;1;1;4;6;500;19/03/2013
2013020099;1;1;1;1;7;500;08/06/2013
2013020100;1;1;1;1;6;500;20/06/2013
2013020101;3;1;1;1;2;500;12/10/2013
2013020102;3;1;1;1;7;500;04/01/2013
2013020103;3;1;1;2;6;500;10/02/2013
2013020104;1;1;1;1;7;500;31/05/2013
2013020105;3;1;1;1;2;500;16/12/2013
2013020106;1;2;1;1;6;180;14/01/2013
2013020107;2;2;1;9;2;180;15/01/2013
2013020108;1;2;9;8;6;180;17/01/2013
2013020109;2;2;1;2;7;180;11/02/2013
2013020110;1;1;1;1;7;180;18/02/2013
2013020111;1;2;1;4;6;180;24/02/2013
2013020112;1;2;1;1;2;180;04/03/2013
2013020113;1;1;1;1;1;180;07/03/2013
2013020114;1;2;1;2;5;180;12/03/2013
2013020115;1;2;2;1;3;180;05/04/2013
2013020116;1;2;1;1;6;180;08/04/2013
2013020117;1;2;1;1;1;180;07/05/2013
2013020118;1;2;2;1;1;180;03/06/2013
2013020119;1;2;1;1;2;180;04/06/2013
2013020120;1;2;1;1;3;180;08/06/2013
2013020121;1;2;1;1;6;180;09/06/2013
2013020122;1;2;1;2;2;180;13/06/2013
2013020123;5;2;1;1;6;180;14/06/2013
2013020124;1;1;3;1;3;180;20/06/2013
2013020125;1;2;2;1;2;180;13/07/2013
2013020126;1;2;2;1;3;180;26/07/2013
2013020127;1;1;6;1;7;180;03/08/2013
2013020128;1;2;1;1;2;180;06/08/2013
2013020129;1;2;1;1;1;180;12/08/2013
2013020130;1;2;1;1;6;180;20/09/2013
2013020131;5;2;6;1;6;180;24/09/2013
2013020132;1;2;2;1;3;180;07/10/2013
2013020133;1;2;1;1;6;180;08/10/2013
2013020134;2;1;1;1;2;180;14/11/2013
2013020135;1;2;1;9;1;180;13/12/2013
2013020136;1;2;1;1;1;180;17/12/2013
2013020137;1;2;2;1;3;180;19/12/2013
2013020138;1;1;1;1;6;440;22/05/2013
2013020139;1;1;1;1;6;440;27/05/2013
2013020140;3;2;1;1;6;440;20/07/2013
2013020141;1;1;1;1;6;440;27/07/2013
2013020142;3;1;1;1;6;440;24/11/2013
2013020143;2;1;1;5;1;440;28/11/2013
2013020144;1;1;1;8;2;720;19/05/2013
2013020145;1;1;2;1;3;720;19/05/2013
2013020146;3;1;1;1;3;720;09/09/2013
2013020147;1;1;1;1;1;720;20/09/2013
2013020148;1;1;1;1;1;720;08/12/2013
2013020149;1;2;1;2;1;720;30/03/2013
2013020150;1;1;2;1;3;720;22/04/2013
2013020151;1;1;1;1;3;720;29/04/2013
2013020152;3;2;1;1;6;720;15/08/2013
2013020153;1;1;1;2;5;720;14/10/2013
2013020154;1;2;6;1;6;720;17/12/2013
2013020155;1;1;1;1;1;650;24/10/2013
2013020156;5;2;1;1;6;830;06/01/2013
2013020157;1;1;1;1;5;830;08/01/2013
2013020158;1;2;1;1;1;830;02/03/2013
2013020159;1;2;9;2;6;830;06/04/2013
2013020160;1;2;1;1;6;830;10/05/2013
2013020161;1;2;1;1;1;830;26/06/2013
2013020162;3;1;1;1;1;830;07/07/2013
2013020163;1;1;1;1;1;830;07/07/2013
2013020164;5;2;1;1;6;830;13/07/2013
2013020165;1;1;1;1;1;830;26/07/2013
2013020166;1;2;6;1;1;830;28/07/2013
2013020167;1;1;1;1;6;830;22/08/2013
2013020168;2;2;1;1;6;830;05/09/2013
2013020169;1;1;1;1;3;830;11/09/2013
2013020170;1;2;1;1;1;830;15/10/2013
2013020171;1;2;1;1;1;830;30/10/2013
2013020172;1;1;1;1;2;830;06/11/2013
2013020173;5;2;1;1;7;600;05/01/2013
2013020174;3;2;1;2;4;600;03/02/2013
2013020175;3;2;1;1;7;600;19/03/2013
2013020176;1;1;1;1;7;600;21/04/2013
2013020177;2;1;2;1;3;600;21/04/2013
2013020178;1;2;1;1;1;600;16/06/2013
2013020179;1;1;1;2;1;600;17/06/2013
2013020180;2;1;1;1;7;600;25/06/2013
2013020181;1;1;1;9;3;600;14/09/2013
2013020182;1;2;2;1;1;600;28/11/2013
2013020183;1;2;1;1;6;600;13/12/2013
2013020184;1;2;1;2;6;910;03/01/2013
2013020185;1;2;1;1;4;910;28/01/2013
2013020186;3;1;1;1;6;910;23/02/2013
2013020187;1;1;6;2;7;910;08/03/2013
2013020188;1;1;1;1;3;910;21/03/2013
2013020189;3;1;1;1;6;910;13/07/2013
2013020190;1;2;1;1;6;910;19/12/2013
2013020191;1;2;3;1;3;190;02/01/2013
2013020192;1;2;1;1;6;190;03/01/2013
2013020193;5;2;1;1;6;190;03/01/2013
2013020194;1;2;6;1;3;190;07/01/2013
2013020195;5;2;2;3;3;190;19/01/2013
2013020196;2;2;1;2;2;190;28/01/2013
2013020197;5;2;2;2;3;190;31/01/2013
2013020198;1;2;3;2;3;190;01/02/2013
2013020199;5;2;3;1;3;190;04/02/2013
2013020200;1;2;1;1;6;190;05/02/2013
2013020201;1;2;1;3;2;190;06/02/2013
2013020202;1;2;1;1;6;190;07/02/2013
2013020203;1;2;1;1;6;190;08/02/2013
2013020204;1;2;1;1;6;190;16/02/2013
2013020205;1;2;1;1;6;190;27/02/2013
2013020206;2;2;1;1;3;190;01/03/2013
2013020207;1;2;1;1;2;190;08/03/2013
2013020208;1;2;1;1;2;190;09/03/2013
2013020209;1;2;1;1;4;190;10/03/2013
2013020210;1;2;2;1;3;190;11/03/2013
2013020211;2;2;1;1;4;190;12/03/2013
2013020212;1;2;3;1;3;190;15/03/2013
2013020213;1;2;1;1;6;190;15/03/2013
2013020214;1;2;3;1;3;190;15/03/2013
2013020215;1;2;3;3;3;190;18/03/2013
2013020216;1;2;1;1;6;190;26/03/2013
2013020217;1;2;1;1;6;190;28/03/2013
2013020218;1;2;9;2;3;190;29/03/2013
2013020219;1;2;1;2;2;190;29/03/2013
2013020220;1;2;1;2;4;190;29/03/2013
2013020221;1;2;3;1;6;190;30/03/2013
2013020222;1;2;3;1;3;190;03/04/2013
2013020223;1;2;2;1;3;190;05/04/2013
2013020224;1;2;3;1;3;190;06/04/2013
2013020225;1;2;3;1;3;190;06/04/2013
2013020226;1;2;1;1;6;190;08/04/2013
2013020227;1;2;1;2;4;190;09/04/2013
2013020228;1;2;1;2;6;190;12/04/2013
2013020229;1;2;1;1;2;190;12/04/2013
2013020230;1;2;1;1;2;190;16/04/2013
2013020231;1;2;1;1;2;190;26/04/2013
2013020232;1;2;2;1;3;190;28/04/2013
2013020233;1;2;1;1;6;190;07/05/2013
2013020234;1;2;2;1;3;190;10/05/2013
2013020235;1;2;1;1;5;190;11/05/2013
2013020236;1;2;1;1;2;190;14/05/2013
2013020237;1;2;3;1;3;190;14/05/2013
2013020238;1;2;2;2;6;190;21/05/2013
2013020239;1;2;1;1;6;190;22/05/2013
2013020240;1;2;2;2;3;190;30/05/2013
2013020241;1;2;3;2;3;190;30/05/2013
2013020242;1;2;2;1;3;190;02/06/2013
2013020243;1;2;2;1;3;190;04/06/2013
2013020244;1;2;1;1;3;190;06/06/2013
2013020245;1;2;3;1;3;190;13/06/2013
2013020246;1;2;1;1;6;190;15/06/2013
2013020247;1;2;1;1;1;190;19/06/2013
2013020248;1;2;2;1;3;190;21/06/2013
2013020249;1;2;6;1;6;190;24/06/2013
2013020250;1;2;3;1;3;190;24/06/2013
2013020251;1;2;1;1;2;190;27/06/2013
2013020252;5;2;1;2;6;190;29/06/2013
2013020253;1;2;3;1;3;190;03/07/2013
2013020254;1;2;1;1;3;190;04/07/2013
2013020255;1;2;1;1;3;190;05/07/2013
2013020256;1;2;2;1;3;190;07/07/2013
2013020257;1;2;1;1;6;190;12/07/2013
2013020258;1;2;1;1;2;190;13/07/2013
2013020259;1;2;2;1;2;190;14/07/2013
2013020260;1;2;1;1;2;190;16/07/2013
2013020261;1;2;1;1;2;190;16/07/2013
2013020262;1;2;2;1;3;190;31/07/2013
2013020263;1;2;1;1;4;190;06/08/2013
2013020264;1;2;2;1;1;190;17/08/2013
2013020265;1;2;2;1;6;190;21/08/2013
2013020266;1;2;1;1;6;190;30/08/2013
2013020267;1;2;1;1;4;190;07/09/2013
2013020268;1;2;1;1;3;190;09/09/2013
2013020269;1;2;2;1;2;190;10/09/2013
2013020270;1;2;1;1;3;190;13/09/2013
2013020271;5;2;1;1;3;190;13/09/2013
2013020272;1;1;1;2;6;190;18/09/2013
2013020273;1;2;1;2;5;190;20/09/2013
2013020274;1;2;1;1;5;190;23/09/2013
2013020275;1;2;3;1;3;190;25/09/2013
2013020276;5;2;3;1;3;190;27/09/2013
2013020277;1;2;1;1;2;190;28/09/2013
2013020278;1;1;1;1;6;190;04/10/2013
2013020279;1;2;2;1;3;190;05/10/2013
2013020280;1;2;2;3;3;190;05/10/2013
2013020281;1;2;1;3;2;190;05/10/2013
2013020282;1;2;3;1;3;190;07/10/2013
2013020283;1;2;3;1;1;190;11/10/2013
2013020284;1;2;2;2;3;190;16/10/2013
2013020285;1;2;6;1;2;190;18/10/2013
2013020286;2;2;1;2;2;190;22/10/2013
2013020287;5;2;6;2;6;190;22/10/2013
2013020288;2;2;3;1;3;190;25/10/2013
2013020289;1;2;3;1;3;190;31/10/2013
2013020290;5;2;2;2;3;190;05/11/2013
2013020291;5;2;1;2;2;190;06/11/2013
2013020292;5;2;1;2;6;190;06/11/2013