num_acc;lum;agg;inter;atm;col;dep;date
2013020293;1;2;3;1;3;190;13/11/2013
2013020294;1;2;3;2;3;190;15/11/2013
2013020295;2;2;1;1;2;190;16/11/2013
2013020296;1;2;2;1;3;190;26/11/2013
2013020297;5;1;9;1;3;190;28/11/2013
2013020298;2;2;1;1;4;190;30/11/2013
2013020299;1;2;1;1;6;190;03/12/2013
2013020300;5;2;1;1;6;190;03/12/2013
2013020301;5;2;3;1;6;190;04/12/2013
2013020302;5;2;1;8;6;190;05/12/2013
2013020303;5;2;3;8;3;190;05/12/2013
2013020304;1;2;1;1;5;190;06/12/2013
2013020305;5;2;2;1;3;190;08/12/2013
2013020306;5;2;2;1;3;190;10/12/2013
2013020307;5;2;1;5;6;190;11/12/2013
2013020308;1;2;1;1;6;190;12/12/2013
2013020309;5;2;2;1;3;190;12/12/2013
2013020310;1;2;1;1;2;190;17/12/2013
2013020311;5;2;1;1;6;190;23/12/2013
2013020312;5;2;1;3;6;190;25/12/2013
2013020313;5;2;3;1;3;190;27/12/2013
2013020314;5;2;3;2;2;190;29/12/2013
2013020315;1;1;6;8;3;680;25/02/2013
2013020316;5;1;9;3;2;680;28/10/2013
2013020317;1;1;1;1;3;680;24/04/2013
2013020318;5;2;1;5;3;680;30/04/2013
2013020319;1;1;1;1;2;680;16/06/2013
2013020320;1;1;2;1;3;680;30/06/2013
2013020321;1;1;1;1;4;680;15/07/2013
2013020322;1;1;1;1;1;680;04/08/2013
2013020323;1;1;1;8;1;590;21/02/2013
2013020324;1;1;1;7;2;590;12/05/2013
2013020325;1;2;1;1;3;590;21/07/2013
2013020326;1;2;1;2;6;590;09/09/2013
2013020327;1;1;1;1;1;590;15/10/2013
2013020328;5;2;1;8;1;190;04/01/2013
2013020329;2;2;3;1;3;190;30/01/2013
2013020330;1;2;1;1;3;190;03/04/2013
2013020331;1;2;1;1;6;190;10/04/2013
2013020332;1;2;1;7;7;190;25/04/2013
2013020333;1;2;9;7;6;190;04/05/2013
2013020334;1;2;1;1;6;190;07/05/2013
2013020335;5;2;1;2;6;190;23/06/2013
2013020336;1;1;1;2;6;190;03/07/2013
2013020337;1;2;1;1;6;190;27/07/2013
2013020338;2;2;1;1;3;190;04/08/2013
2013020339;1;2;1;1;6;190;06/09/2013
2013020340;1;2;1;8;7;190;11/09/2013
2013020341;1;2;1;3;6;190;05/10/2013
2013020342;1;2;1;1;6;190;25/10/2013
2013020343;1;2;1;1;6;190;09/12/2013
2013020344;1;2;1;2;1;190;27/12/2013
2013020345;3;1;4;9;6;190;08/02/2013
2013020346;1;2;1;3;6;190;15/05/2013
2013020347;1;2;3;1;3;190;23/07/2013
2013020348;1;2;3;1;4;190;18/08/2013
2013020349;1;2;1;1;2;190;09/11/2013
2013020350;1;2;1;1;6;190;26/11/2013
2013020351;1;1;1;2;3;190;29/12/2013
2013020352;1;1;1;1;3;680;13/07/2013
2013020353;1;1;1;1;3;680;17/07/2013
2013020354;1;2;6;2;6;680;23/07/2013
2013020355;1;1;1;1;6;680;07/08/2013
2013020356;1;2;1;1;3;680;25/09/2013
2013020357;1;2;6;1;3;680;22/10/2013
2013020358;3;1;1;1;6;680;05/12/2013
2013020359;3;1;1;1;6;680;22/12/2013
2013020360;1;2;1;1;2;210;16/02/2013
2013020361;1;2;3;1;5;210;21/03/2013
2013020362;1;2;1;1;3;210;18/04/2013
2013020363;1;2;2;1;6;210;23/04/2013
2013020364;5;2;2;3;3;210;04/05/2013
2013020365;1;2;1;1;2;210;05/06/2013
2013020366;1;2;1;1;3;210;23/06/2013
2013020367;1;2;1;1;3;210;27/06/2013
2013020368;1;2;2;1;3;210;01/07/2013
2013020369;1;2;1;1;3;210;28/08/2013
2013020370;1;2;1;1;3;210;30/08/2013
2013020371;1;2;1;1;6;210;03/10/2013
2013020372;1;2;1;1;3;210;03/10/2013
2013020373;1;2;1;1;3;210;19/10/2013
2013020374;1;2;1;1;3;210;27/11/2013
2013020375;5;2;2;8;1;210;02/01/2013
2013020376;5;2;2;1;6;210;03/01/2013
2013020377;5;2;2;8;6;210;04/01/2013
2013020378;5;2;6;1;6;210;08/01/2013
2013020379;1;2;9;2;3;210;10/01/2013
2013020380;1;2;3;2;6;210;10/01/2013
2013020381;2;2;9;1;6;210;18/01/2013
2013020382;1;2;2;1;3;210;18/01/2013
2013020383;1;2;1;2;2;210;30/01/2013
2013020384;5;2;3;2;6;210;05/02/2013
2013020385;5;2;4;2;6;210;06/02/2013
2013020386;5;2;3;2;3;210;07/02/2013
2013020387;5;2;1;1;5;210;09/02/2013
2013020388;5;2;7;1;6;210;10/02/2013
2013020389;2;2;3;1;3;210;13/02/2013
2013020390;1;2;9;1;1;210;18/02/2013
2013020391;3;2;2;1;1;210;20/02/2013
2013020392;1;2;1;1;6;210;28/02/2013
2013020393;5;2;1;1;2;210;03/03/2013
2013020394;5;2;2;1;3;210;07/03/2013
2013020395;5;2;1;1;6;210;09/03/2013
2013020396;1;2;3;2;3;210;09/04/2013
2013020397;1;2;1;1;6;210;12/04/2013
2013020398;2;2;3;1;6;210;16/04/2013
2013020399;1;2;1;1;3;210;19/04/2013
2013020400;1;2;2;2;2;210;03/05/2013
2013020401;1;2;4;1;6;210;06/05/2013
2013020402;1;2;6;1;6;210;06/05/2013
2013020403;5;2;1;1;2;210;07/05/2013
2013020404;1;1;9;1;6;210;15/05/2013
2013020405;1;2;2;2;6;210;17/05/2013
2013020406;1;2;2;1;2;210;18/05/2013
2013020407;1;2;2;8;1;210;22/05/2013
2013020408;1;2;1;1;6;210;24/05/2013
2013020409;1;2;2;1;3;210;05/06/2013
2013020410;5;2;3;1;3;210;08/06/2013
2013020411;5;2;6;1;6;210;09/06/2013
2013020412;5;2;1;8;6;210;13/06/2013
2013020413;1;2;1;1;6;210;14/06/2013
2013020414;1;2;1;1;2;210;16/06/2013
2013020415;1;2;1;1;3;210;17/06/2013
2013020416;1;2;3;1;4;210;26/06/2013
2013020417;1;2;2;1;3;210;01/07/2013
2013020418;1;2;1;1;1;210;01/07/2013
2013020419;1;2;7;1;6;210;02/07/2013
2013020420;1;2;7;1;6;210;02/07/2013
2013020421;1;2;2;1;3;210;02/07/2013
2013020422;1;2;1;1;6;210;05/07/2013
2013020423;5;2;1;1;3;210;08/07/2013
2013020424;1;2;1;1;3;210;09/07/2013
2013020425;1;2;1;1;3;210;11/07/2013
2013020426;1;2;2;1;3;210;14/07/2013
2013020427;1;2;1;1;2;210;16/07/2013
2013020428;1;2;2;1;1;210;16/07/2013
2013020429;5;2;2;1;6;210;17/07/2013
2013020430;5;2;2;1;3;210;19/07/2013
2013020431;1;2;3;1;6;210;16/07/2013
2013020432;1;2;7;8;6;210;07/08/2013
2013020433;1;2;3;1;6;210;09/08/2013
2013020434;1;2;2;1;1;210;10/08/2013
2013020435;1;2;3;1;6;210;13/08/2013
2013020436;5;2;2;1;3;210;14/08/2013
2013020437;1;2;4;1;4;210;21/08/2013
2013020438;5;2;7;1;2;210;22/08/2013
2013020439;1;2;1;1;2;210;22/08/2013
2013020440;1;2;3;1;1;210;30/08/2013
2013020441;5;2;7;2;2;210;07/09/2013
2013020442;5;2;2;2;2;210;11/09/2013
2013020443;5;2;3;1;6;210;14/09/2013
2013020444;1;2;2;2;3;210;05/10/2013
2013020445;1;2;9;2;5;210;15/10/2013
2013020446;1;2;2;1;6;210;16/10/2013
2013020447;5;2;1;2;5;210;16/10/2013
2013020448;1;2;2;1;3;210;17/10/2013
2013020449;1;2;3;1;6;210;26/10/2013
2013020450;5;2;2;2;6;210;05/11/2013
2013020451;1;2;3;1;6;210;06/11/2013
2013020452;5;2;3;1;6;210;06/11/2013
2013020453;1;2;1;2;3;210;08/11/2013
2013020454;5;2;3;2;3;210;14/11/2013
2013020455;1;2;1;1;2;210;15/11/2013
2013020456;1;2;3;1;3;210;22/11/2013
2013020457;1;2;3;1;1;210;23/11/2013
2013020458;1;2;3;1;3;210;24/11/2013
2013020459;5;2;2;1;6;210;27/11/2013
2013020460;5;2;2;1;1;210;28/11/2013
2013020461;1;2;2;1;1;210;06/12/2013
2013020462;5;2;6;1;6;210;18/12/2013
2013020463;5;2;7;1;7;210;20/12/2013
2013020464;5;2;9;2;1;210;28/12/2013
2013020465;1;1;3;1;3;420;01/05/2013
2013020466;1;1;1;1;1;420;26/05/2013
2013020467;3;1;1;1;7;420;20/07/2013
2013020468;3;1;1;8;7;420;20/07/2013
2013020469;2;2;1;2;1;420;27/08/2013
2013020470;1;1;1;1;1;420;11/11/2013
2013020471;3;1;1;8;1;420;18/12/2013
2013020472;5;2;1;2;6;220;10/01/2013
2013020473;1;2;1;4;6;220;14/03/2013
2013020474;3;1;1;1;7;220;06/04/2013
2013020475;2;2;3;1;3;220;21/04/2013
2013020476;1;2;1;1;1;220;02/05/2013
2013020477;1;2;1;1;6;220;23/05/2013
2013020478;1;2;1;1;6;220;15/07/2013
2013020479;1;2;3;1;3;220;16/07/2013
2013020480;1;2;1;7;6;220;22/08/2013
2013020481;1;2;1;1;6;220;20/08/2013
2013020482;1;2;1;1;2;220;03/01/2013
2013020483;1;2;1;2;6;220;09/01/2013
2013020484;1;2;1;3;1;220;21/01/2013
2013020485;3;2;1;1;7;220;23/01/2013
2013020486;1;1;1;2;5;220;12/02/2013
2013020487;1;1;6;9;7;220;18/02/2013
2013020488;1;2;6;8;7;220;21/02/2013
2013020489;1;2;1;1;6;220;27/02/2013
2013020490;1;2;6;1;3;220;09/03/2013
2013020491;1;2;1;1;6;220;08/04/2013
2013020492;1;2;6;2;2;220;12/04/2013
2013020493;1;1;1;2;4;220;12/04/2013
2013020494;1;2;2;1;3;220;07/05/2013
2013020495;1;2;1;1;6;220;07/05/2013
2013020496;1;2;1;1;2;220;31/05/2013
2013020497;1;2;1;1;3;220;13/06/2013
2013020498;1;2;1;1;7;220;09/06/2013
2013020499;1;2;6;1;6;220;14/06/2013
2013020500;1;2;3;1;3;220;27/06/2013
2013020501;1;1;1;1;3;220;10/07/2013
2013020502;1;2;1;1;2;220;13/07/2013
2013020503;1;2;1;1;2;220;14/08/2013
2013020504;1;1;1;1;2;220;16/08/2013
2013020505;1;2;1;1;4;220;20/08/2013
2013020506;1;2;6;1;3;220;22/08/2013
2013020507;1;2;1;1;7;220;16/08/2013
2013020508;1;2;1;1;6;220;24/09/2013
2013020509;1;2;3;9;3;220;28/09/2013
2013020510;1;2;1;1;7;220;04/10/2013
2013020511;5;1;6;3;3;220;21/11/2013
2013020512;3;1;1;1;2;220;25/11/2013
2013020513;3;1;1;2;6;220;15/12/2013
2013020514;1;2;1;1;7;220;07/12/2013
2013020515;1;1;1;1;7;220;13/12/2013
2013020516;1;1;9;1;3;220;14/12/2013
2013020517;2;2;1;1;7;220;09/12/2013
2013020518;1;1;1;1;6;220;22/07/2013
2013020519;5;2;1;1;4;220;03/01/2013
2013020520;5;2;3;1;3;220;04/01/2013
2013020521;1;2;1;1;3;220;09/01/2013
2013020522;1;1;1;1;6;220;11/01/2013
2013020523;1;2;1;1;1;220;11/01/2013
2013020524;5;2;3;1;3;220;12/01/2013
2013020525;5;2;1;1;7;220;12/01/2013
2013020526;5;2;1;2;6;220;15/01/2013
2013020527;5;2;3;1;3;220;16/01/2013
2013020528;2;1;1;4;7;220;21/01/2013
2013020529;1;2;1;2;1;220;22/01/2013
2013020530;5;2;2;2;1;220;26/01/2013
2013020531;3;1;6;1;7;220;31/01/2013
2013020532;3;1;1;1;7;220;06/02/2013
2013020533;1;2;1;8;7;220;11/02/2013
2013020534;5;2;1;1;3;220;16/02/2013
2013020535;2;2;1;1;2;220;19/02/2013
2013020536;1;1;1;8;7;220;23/02/2013
2013020537;5;2;1;1;7;220;24/02/2013
2013020538;2;2;1;1;6;220;26/02/2013
2013020539;2;2;3;1;3;220;26/02/2013
2013020540;1;1;3;1;4;220;05/03/2013
2013020541;1;2;1;1;4;220;05/03/2013
2013020542;1;2;6;1;3;220;07/03/2013
2013020543;1;1;3;1;2;220;08/03/2013
2013020544;1;2;3;1;3;220;20/03/2013
2013020545;2;1;1;3;2;220;21/03/2013
2013020546;1;2;6;1;3;220;21/03/2013
2013020547;1;2;3;1;3;220;28/03/2013
2013020548;1;1;1;2;3;220;29/03/2013
2013020549;2;1;1;2;7;220;29/03/2013
2013020550;3;2;1;1;7;220;29/03/2013
2013020551;1;2;3;1;3;220;30/03/2013
2013020552;1;1;1;1;3;220;30/03/2013
2013020553;1;2;1;1;6;220;03/04/2013
2013020554;2;2;6;1;6;220;03/04/2013
2013020555;2;1;1;8;4;220;05/04/2013
2013020556;1;1;1;2;7;220;05/04/2013
2013020557;1;2;1;3;2;220;11/04/2013
2013020558;1;2;1;1;7;220;11/04/2013
2013020559;1;1;1;1;7;220;13/04/2013
2013020560;1;1;1;1;1;220;15/04/2013
2013020561;5;2;6;1;7;220;21/04/2013
2013020562;1;2;1;1;7;220;19/04/2013
2013020563;1;1;3;1;5;220;26/04/2013
2013020564;1;2;1;1;7;220;25/04/2013
2013020565;4;2;1;1;7;220;27/04/2013
2013020566;5;2;1;1;7;220;05/05/2013
2013020567;1;2;1;1;6;220;07/05/2013
2013020568;2;2;1;1;7;220;13/05/2013
2013020569;1;2;4;1;3;220;13/05/2013
2013020570;1;2;6;1;7;220;14/05/2013
2013020571;3;2;1;1;7;220;01/05/2013
2013020572;2;2;6;1;3;220;16/05/2013
2013020573;1;2;1;1;7;220;21/05/2013
2013020574;1;2;6;1;3;220;21/05/2013
2013020575;1;2;2;1;3;220;23/05/2013
2013020576;1;2;2;1;3;220;24/05/2013
2013020577;1;2;1;1;6;220;05/06/2013
2013020578;1;1;1;1;7;220;09/06/2013
2013020579;1;2;1;1;6;220;14/06/2013
2013020580;1;2;6;1;7;220;15/06/2013
2013020581;1;2;6;1;3;220;22/06/2013
2013020582;1;2;1;1;7;220;26/06/2013
2013020583;1;2;1;2;7;220;29/06/2013
2013020584;2;2;1;8;3;220;01/07/2013
2013020585;1;2;3;1;2;220;01/07/2013
2013020586;1;2;2;2;3;220;02/07/2013
2013020587;1;2;1;1;6;220;03/07/2013
2013020588;1;2;2;1;2;220;09/07/2013
2013020589;1;1;1;1;2;220;10/07/2013
2013020590;1;2;1;1;6;220;11/07/2013
2013020591;2;1;3;1;2;220;11/07/2013
2013020592;5;2;3;1;3;220;13/07/2013
2013020593;1;2;1;1;7;220;16/07/2013
2013020594;2;2;2;1;1;220;20/07/2013
2013020595;1;2;6;1;3;220;20/07/2013
2013020596;1;2;1;1;4;220;24/07/2013
2013020597;1;2;1;1;3;220;23/07/2013
2013020598;1;2;1;1;6;220;24/07/2013
2013020599;5;2;6;1;7;220;28/07/2013
2013020600;1;2;1;2;3;220;27/07/2013
2013020601;1;1;1;3;1;220;27/07/2013
2013020602;1;2;1;1;4;220;29/07/2013
2013020603;1;2;1;1;2;220;30/07/2013
2013020604;1;2;1;1;2;220;31/07/2013
2013020605;1;2;4;1;7;220;05/08/2013
2013020606;1;1;3;1;3;220;08/08/2013
2013020607;1;2;2;1;7;220;08/08/2013
2013020608;1;2;1;1;3;220;14/08/2013
2013020609;1;2;1;1;2;220;17/08/2013
2013020610;1;2;2;1;1;220;20/08/2013
2013020611;1;2;1;1;4;220;20/08/2013
2013020612;5;2;1;1;6;220;22/08/2013
2013020613;1;1;1;1;7;220;22/08/2013
2013020614;1;2;6;1;2;220;27/08/2013
2013020615;1;2;4;1;3;220;28/08/2013
2013020616;1;2;1;1;7;220;28/08/2013
2013020617;1;2;1;1;6;220;28/08/2013
2013020618;5;2;6;1;3;220;02/09/2013
2013020619;1;2;6;1;3;220;01/09/2013
2013020620;2;2;3;1;3;220;01/09/2013
2013020621;1;1;1;1;3;220;03/09/2013
2013020622;1;2;1;1;6;220;03/09/2013
2013020623;1;2;3;1;6;220;05/09/2013
2013020624;1;2;3;1;1;220;05/09/2013
2013020625;1;2;1;1;7;220;12/09/2013
2013020626;2;2;6;2;7;220;06/09/2013
2013020627;5;2;1;1;7;220;07/09/2013
2013020628;1;2;1;1;7;220;09/09/2013
2013020629;1;2;1;1;6;220;17/09/2013
2013020630;1;2;6;1;3;220;19/09/2013
2013020631;1;2;3;1;3;220;18/09/2013
2013020632;1;2;1;2;7;220;18/09/2013
2013020633;1;2;3;1;3;220;20/09/2013
2013020634;5;2;6;1;3;220;20/09/2013
2013020635;1;1;1;1;2;220;24/09/2013
2013020636;3;1;1;1;7;220;28/09/2013
2013020637;3;1;1;1;7;220;29/09/2013
2013020638;3;2;1;1;7;220;29/09/2013
2013020639;1;2;1;1;2;220;30/09/2013
2013020640;2;2;1;1;6;220;01/10/2013
2013020641;1;1;1;1;7;220;27/09/2013
2013020642;1;2;1;1;3;220;05/10/2013
2013020643;1;2;3;1;3;220;06/10/2013
2013020644;5;1;4;1;3;220;04/10/2013
2013020645;1;2;1;7;6;220;07/10/2013
2013020646;1;2;9;2;6;220;11/10/2013
2013020647;1;2;9;1;3;220;11/10/2013
2013020648;3;1;6;1;7;220;12/10/2013
2013020649;5;2;9;1;6;220;13/10/2013
2013020650;2;1;1;1;7;220;17/10/2013
2013020651;1;2;1;1;6;220;18/10/2013
2013020652;1;1;2;1;3;220;20/10/2013
2013020653;1;2;1;1;6;220;18/10/2013
2013020654;1;1;1;1;6;220;17/10/2013
2013020655;1;2;1;1;7;220;21/10/2013
2013020656;1;2;1;1;7;220;21/10/2013
2013020657;1;2;2;1;2;220;22/10/2013
2013020658;1;2;1;1;2;220;18/10/2013
2013020659;5;2;6;1;6;220;27/10/2013
2013020660;1;2;1;1;7;220;28/10/2013
2013020661;5;2;1;1;7;220;29/10/2013
2013020662;1;2;1;2;3;220;01/11/2013
2013020663;5;2;1;2;6;220;05/11/2013
2013020664;4;2;1;1;6;220;08/11/2013
2013020665;4;1;9;2;5;220;08/11/2013
2013020666;3;2;1;3;2;220;07/11/2013
2013020667;1;1;1;1;7;220;09/11/2013
2013020668;2;1;1;1;6;220;13/11/2013
2013020669;2;2;2;1;6;220;15/11/2013
2013020670;1;2;1;1;7;220;16/11/2013
2013020671;1;2;2;2;3;220;19/11/2013
2013020672;3;1;1;4;6;220;20/11/2013
2013020673;3;1;1;2;2;220;21/11/2013
2013020674;1;1;6;2;7;220;22/11/2013
2013020675;1;2;3;1;6;220;25/11/2013
2013020676;3;1;1;1;7;220;25/11/2013
2013020677;5;2;1;1;6;220;25/11/2013
2013020678;1;2;2;1;3;220;26/11/2013
2013020679;5;2;2;2;2;220;27/11/2013
2013020680;1;2;6;1;6;220;28/11/2013
2013020681;1;1;1;1;7;220;30/11/2013
2013020682;5;2;6;1;6;220;01/12/2013
2013020683;1;2;3;1;2;220;02/12/2013
2013020684;1;2;1;1;6;220;04/12/2013
2013020685;1;2;2;1;7;220;05/12/2013
2013020686;3;1;2;1;3;220;06/12/2013
2013020687;1;2;6;1;3;220;09/12/2013
2013020688;2;2;2;1;6;220;10/12/2013
2013020689;5;2;6;1;3;220;13/12/2013
2013020690;5;1;1;2;1;220;14/12/2013
2013020691;1;1;1;1;7;220;17/12/2013
2013020692;5;2;2;2;6;220;18/12/2013
2013020693;1;2;3;1;2;220;18/12/2013
2013020694;1;1;1;1;2;220;19/12/2013
2013020695;3;1;1;9;6;220;20/12/2013
2013020696;2;2;1;2;6;220;20/12/2013
2013020697;5;2;3;1;6;220;20/12/2013
2013020698;5;2;1;1;7;220;20/12/2013
2013020699;1;1;6;2;7;220;22/12/2013
2013020700;5;2;6;2;2;220;23/12/2013
2013020701;1;1;1;3;6;220;23/12/2013
2013020702;5;2;1;3;6;220;23/12/2013
2013020703;1;2;2;1;3;230;07/01/2013
2013020704;1;1;1;5;3;230;09/01/2013
2013020705;1;2;1;1;6;230;13/02/2013
2013020706;1;2;1;1;6;230;15/03/2013
2013020707;1;1;3;5;1;230;30/04/2013
2013020708;5;2;2;2;3;230;11/05/2013
2013020709;1;2;2;1;3;230;15/05/2013
2013020710;1;2;2;1;3;230;27/05/2013
2013020711;1;2;1;1;6;230;03/06/2013
2013020712;1;2;3;1;2;230;21/06/2013
2013020713;1;2;1;1;6;230;11/07/2013
2013020714;1;2;1;1;3;230;17/07/2013
2013020715;5;2;1;2;6;230;06/12/2013
2013020716;3;1;1;2;5;230;29/11/2013
2013020717;5;2;6;3;3;240;19/01/2013
2013020718;1;2;3;1;6;240;06/02/2013
2013020719;4;2;1;2;6;240;14/02/2013
2013020720;1;1;1;3;6;240;30/03/2013
2013020721;1;2;1;1;6;240;27/03/2013
2013020722;1;2;1;1;6;240;22/06/2013
2013020723;1;1;1;3;5;240;07/08/2013
2013020724;1;2;7;1;6;240;14/08/2013
2013020725;1;2;1;1;7;240;16/09/2013
2013020726;2;2;5;1;3;240;07/10/2013
2013020727;1;2;1;1;2;240;11/12/2013
2013020728;3;1;1;2;6;240;09/01/2013
2013020729;5;2;3;1;3;240;25/01/2013
2013020730;3;2;1;2;6;240;30/01/2013
2013020731;5;2;1;3;6;240;08/02/2013
2013020732;1;2;1;2;6;240;20/03/2013
2013020733;1;2;1;1;6;240;23/03/2013
2013020734;1;2;1;1;6;240;30/03/2013
2013020735;1;2;1;1;6;240;10/04/2013
2013020736;5;2;1;1;2;240;04/05/2013
2013020737;1;1;1;3;1;240;16/05/2013
2013020738;1;2;1;1;2;240;25/05/2013
2013020739;1;2;1;1;6;240;06/07/2013
2013020740;1;2;6;1;6;240;11/06/2013
2013020741;1;2;1;1;1;240;16/07/2013
2013020742;1;1;1;1;7;240;28/07/2013
2013020743;1;2;1;1;3;240;29/07/2013
2013020744;1;2;3;1;3;240;30/07/2013
2013020745;1;1;1;1;1;240;02/08/2013
2013020746;1;2;1;7;6;240;13/08/2013
2013020747;1;1;1;1;1;240;29/08/2013
2013020748;1;2;1;1;6;240;16/09/2013
2013020749;1;2;1;1;6;240;18/09/2013
2013020750;1;2;2;1;5;240;14/10/2013
2013020751;5;2;1;1;5;240;16/11/2013
2013020752;1;2;1;1;6;240;25/11/2013
2013020753;1;2;1;8;3;250;08/01/2013
2013020754;5;2;1;1;6;250;10/01/2013
2013020755;1;2;1;2;6;250;11/01/2013
2013020756;1;2;1;1;6;250;14/01/2013
2013020757;5;2;4;3;3;250;19/01/2013
2013020758;5;2;1;1;2;250;25/01/2013
2013020759;1;2;1;2;4;250;29/01/2013
2013020760;2;2;1;3;6;250;29/01/2013
2013020761;5;2;1;1;1;250;31/01/2013
2013020762;1;2;2;2;1;250;02/02/2013
2013020763;5;2;1;2;1;250;03/02/2013
2013020764;1;2;1;4;6;250;06/02/2013
2013020765;1;2;1;1;6;250;07/02/2013
2013020766;1;2;4;4;3;250;07/02/2013
2013020767;1;1;1;4;6;250;12/02/2013
2013020768;1;2;2;1;3;250;14/02/2013
2013020769;5;2;2;1;3;250;28/02/2013
2013020770;5;2;1;1;6;250;01/03/2013
2013020771;1;2;1;1;3;250;01/03/2013
2013020772;1;2;1;1;6;250;01/03/2013
2013020773;2;2;1;1;6;250;01/03/2013
2013020774;1;2;2;1;3;250;02/03/2013
2013020775;5;2;1;1;2;250;13/03/2013
2013020776;1;2;1;1;6;250;16/03/2013
2013020777;1;2;2;2;6;250;20/03/2013
2013020778;1;2;1;1;6;250;26/03/2013
2013020779;1;2;1;1;4;250;10/04/2013
2013020780;1;2;2;1;3;250;14/04/2013
2013020781;1;2;1;8;6;250;19/04/2013
2013020782;1;2;1;3;1;250;27/04/2013
2013020783;2;2;1;3;6;250;27/04/2013
2013020784;5;2;2;3;3;250;27/04/2013
2013020785;1;1;1;8;1;250;28/04/2013
2013020786;1;2;1;1;3;250;07/05/2013
2013020787;5;2;4;1;6;250;08/05/2013
2013020788;1;2;2;1;3;250;10/05/2013
2013020789;1;2;1;1;6;250;13/05/2013
2013020790;5;2;1;3;6;250;17/05/2013
2013020791;1;2;1;8;7;250;23/05/2013
2013020792;1;2;1;1;6;250;23/05/2013
2013020793;1;2;1;1;6;250;27/05/2013
2013020794;1;2;1;1;3;250;28/05/2013
2013020795;1;2;1;1;3;250;07/06/2013
2013020796;1;2;1;1;3;250;06/06/2013
2013020797;1;2;1;1;3;250;15/06/2013
2013020798;1;2;1;1;6;250;20/06/2013
2013020799;2;2;1;1;6;250;22/06/2013
2013020800;1;2;2;1;3;250;25/06/2013
2013020801;1;2;1;1;3;250;27/06/2013
2013020802;1;2;1;1;6;250;02/07/2013
2013020803;1;2;1;3;6;250;04/07/2013
2013020804;1;2;2;1;3;250;04/07/2013
2013020805;1;2;1;1;6;250;08/07/2013
2013020806;1;2;6;1;3;250;12/07/2013
2013020807;5;2;1;2;7;250;18/07/2013
2013020808;2;1;1;1;6;250;20/07/2013
2013020809;1;2;1;2;1;250;29/07/2013
2013020810;5;2;1;1;6;250;30/07/2013
2013020811;1;2;3;1;1;250;06/08/2013
2013020812;1;2;1;7;6;250;15/08/2013
2013020813;1;2;1;1;2;250;20/08/2013
2013020814;1;2;1;1;3;250;29/08/2013
2013020815;1;2;2;1;3;250;03/09/2013
2013020816;1;2;1;1;7;250;09/09/2013
2013020817;2;2;2;8;3;250;11/09/2013
2013020818;5;2;1;2;3;250;15/09/2013
2013020819;1;2;1;1;5;250;16/09/2013
2013020820;1;2;3;1;3;250;25/09/2013
2013020821;5;2;1;2;6;250;27/09/2013
2013020822;1;2;4;1;3;250;27/09/2013
2013020823;1;2;3;1;3;250;03/10/2013
2013020824;1;2;3;1;7;250;08/10/2013
2013020825;1;2;1;1;2;250;17/10/2013
2013020826;1;2;1;1;3;250;19/10/2013
2013020827;1;2;1;1;3;250;24/10/2013
2013020828;2;1;1;1;6;250;26/10/2013
2013020829;1;2;1;1;1;250;26/10/2013
2013020830;1;2;1;1;1;250;28/10/2013
2013020831;5;2;1;2;6;250;28/10/2013
2013020832;5;2;1;3;6;250;28/10/2013
2013020833;1;2;1;1;3;250;31/10/2013
2013020834;5;2;1;1;1;250;31/10/2013
2013020835;1;2;1;1;2;250;02/11/2013
2013020836;1;2;1;1;6;250;03/11/2013
2013020837;1;2;1;1;6;250;04/11/2013
2013020838;2;2;1;3;6;250;04/11/2013
2013020839;1;2;1;1;2;250;06/11/2013
2013020840;5;2;3;2;3;250;08/11/2013
2013020841;5;2;1;1;6;250;12/11/2013
2013020842;1;2;1;1;3;250;13/11/2013
2013020843;5;2;1;3;6;250;14/11/2013
2013020844;5;2;1;5;7;250;19/11/2013
2013020845;1;2;1;2;6;250;20/11/2013
2013020846;1;2;1;2;6;250;21/11/2013
2013020847;5;2;1;4;6;250;22/11/2013
2013020848;1;2;1;1;7;250;22/11/2013
2013020849;3;2;1;2;5;250;22/11/2013
2013020850;1;2;1;1;6;250;23/11/2013
2013020851;2;2;1;1;6;250;23/11/2013
2013020852;1;2;1;1;7;250;26/11/2013
2013020853;1;2;2;1;3;250;26/11/2013
2013020854;1;2;1;1;1;250;27/11/2013
2013020855;1;2;2;1;3;250;28/11/2013
2013020856;1;2;1;1;5;250;28/11/2013
2013020857;5;2;1;9;6;250;08/12/2013
2013020858;1;2;1;1;2;250;09/12/2013
2013020859;1;2;1;9;1;250;17/12/2013
2013020860;5;2;1;1;6;250;17/12/2013
2013020861;3;2;1;1;6;250;17/12/2013
2013020862;5;2;1;2;6;250;20/12/2013
2013020863;1;2;1;1;2;250;22/12/2013
2013020864;1;2;1;2;6;250;26/12/2013
2013020865;2;2;1;2;6;250;28/12/2013
2013020866;5;2;1;2;6;250;28/12/2013
2013020867;5;2;2;1;3;250;01/02/2013
2013020868;5;2;1;3;6;250;01/02/2013
2013020869;5;2;2;1;3;250;01/03/2013