num_acc;lum;agg;inter;atm;col;dep;date
2013020870;5;2;1;1;6;250;09/03/2013
2013020871;1;2;1;1;6;250;12/03/2013
2013020872;1;2;2;1;3;250;25/04/2013
2013020873;5;2;3;1;3;250;17/04/2013
2013020874;1;1;1;1;5;250;14/05/2013
2013020875;1;2;1;1;3;250;11/06/2013
2013020876;1;2;1;1;2;250;17/06/2013
2013020877;1;2;1;1;6;250;18/06/2013
2013020878;1;2;1;1;6;250;13/07/2013
2013020879;1;2;2;1;3;250;17/08/2013
2013020880;1;2;1;1;6;250;19/08/2013
2013020881;1;2;1;1;7;250;21/08/2013
2013020882;1;2;1;1;3;250;23/08/2013
2013020883;1;2;3;1;3;250;26/08/2013
2013020884;4;2;1;1;1;250;31/08/2013
2013020885;1;2;1;1;7;250;21/08/2013
2013020886;1;2;2;1;1;250;09/08/2013
2013020887;1;1;1;1;3;250;05/08/2013
2013020888;1;2;3;1;2;250;01/09/2013
2013020889;5;2;3;1;6;250;26/07/2013
2013020890;1;2;1;1;3;250;26/09/2013
2013020891;5;1;1;1;6;250;27/09/2013
2013020892;5;2;2;1;3;250;29/09/2013
2013020893;1;2;1;2;1;250;10/10/2013
2013020894;2;2;1;1;1;250;13/10/2013
2013020895;1;2;1;1;6;250;14/10/2013
2013020896;5;2;1;1;6;250;21/10/2013
2013020897;5;2;1;2;7;250;23/10/2013
2013020898;5;2;4;1;6;250;29/11/2013
2013020899;1;2;1;1;6;250;15/12/2013
2013020900;5;2;3;9;6;250;11/12/2013
2013020901;1;2;1;1;1;250;28/08/2013
2013020902;5;2;2;2;3;250;21/10/2013
2013020903;1;2;6;1;3;250;09/12/2013
2013020904;1;2;3;1;3;250;10/12/2013
2013020905;1;2;1;1;3;250;04/03/2013
2013020906;5;2;6;1;6;250;17/03/2013
2013020907;3;1;1;1;6;250;22/03/2013
2013020908;1;2;1;1;7;250;30/04/2013
2013020909;5;2;1;1;6;250;22/06/2013
2013020910;1;2;6;1;3;250;22/06/2013
2013020911;1;2;6;1;3;250;26/06/2013
2013020912;3;1;1;1;6;250;13/07/2013
2013020913;1;2;1;1;6;250;26/07/2013
2013020914;4;2;3;1;3;250;02/09/2013
2013020915;1;2;1;1;3;250;04/09/2013
2013020916;1;2;1;1;7;250;19/09/2013
2013020917;1;2;1;1;6;250;12/11/2013
2013020918;3;1;1;1;7;840;19/03/2013
2013020919;1;1;1;2;1;840;06/04/2013
2013020920;1;1;1;1;6;840;07/04/2013
2013020921;3;1;1;1;6;840;08/05/2013
2013020922;1;1;1;1;3;840;04/10/2013
2013020923;1;1;1;1;1;840;12/10/2013
2013020924;3;1;1;1;1;840;17/11/2013
2013020925;3;1;2;1;3;840;01/12/2013
2013020926;1;1;1;1;1;590;20/03/2013
2013020927;1;1;1;1;1;590;23/04/2013
2013020928;1;1;1;2;1;590;30/07/2013
2013020929;1;2;1;1;6;590;01/10/2013
2013020930;3;1;1;1;1;590;09/10/2013
2013020931;2;1;1;1;3;590;23/10/2013
2013020932;5;2;1;1;1;620;18/02/2013
2013020933;1;2;1;9;7;620;11/04/2013
2013020934;1;2;1;1;6;620;21/04/2013
2013020935;1;2;1;1;6;620;12/05/2013
2013020936;1;2;1;1;2;620;30/05/2013
2013020937;1;2;1;1;3;620;10/06/2013
2013020938;1;2;6;1;1;620;05/07/2013
2013020939;1;2;2;2;3;620;23/07/2013
2013020940;2;1;2;1;3;620;26/07/2013
2013020941;1;1;1;1;6;620;26/07/2013
2013020942;3;1;2;1;3;620;01/08/2013
2013020943;1;1;1;1;6;620;28/08/2013
2013020944;1;1;2;8;3;620;20/10/2013
2013020945;1;2;1;1;2;590;05/03/2013
2013020946;1;1;2;1;3;590;29/05/2013
2013020947;1;2;1;1;3;590;12/06/2013
2013020948;1;2;1;7;2;590;24/06/2013
2013020949;1;1;1;1;5;590;01/07/2013
2013020950;1;2;1;1;1;590;24/07/2013
2013020951;1;1;3;1;3;590;01/08/2013
2013020952;1;2;1;1;6;740;15/06/2013
2013020953;1;1;2;1;1;740;21/06/2013
2013020954;1;1;1;1;7;740;05/07/2013
2013020955;1;1;1;1;6;740;09/07/2013
2013020956;5;2;2;1;3;10;23/02/2013
2013020957;1;1;1;8;1;10;08/06/2013
2013020958;1;2;1;1;6;10;12/07/2013
2013020959;1;2;1;1;7;10;05/05/2013
2013020960;1;1;1;3;1;10;07/08/2013
2013020961;1;1;1;1;3;830;21/07/2013
2013020962;1;1;1;1;6;830;14/09/2013
2013020963;1;1;1;1;1;540;10/10/2013
2013020964;1;2;1;1;3;260;18/12/2013
2013020965;3;1;1;1;3;260;08/01/2013
2013020966;1;2;1;1;3;260;05/01/2013
2013020967;5;2;1;1;3;260;10/01/2013
2013020968;1;2;1;3;3;260;19/01/2013
2013020969;5;2;1;1;3;260;03/03/2013
2013020970;1;2;6;1;3;260;14/03/2013
2013020971;1;2;6;1;2;260;02/04/2013
2013020972;1;1;1;1;2;260;14/04/2013
2013020973;1;1;1;3;7;260;01/05/2013
2013020974;1;2;1;2;3;260;09/05/2013
2013020975;1;2;1;1;6;260;03/05/2013
2013020976;1;1;1;1;3;260;12/05/2013
2013020977;1;2;1;2;6;260;15/05/2013
2013020978;1;1;1;1;5;260;22/05/2013
2013020979;5;1;1;1;6;260;15/06/2013
2013020980;3;1;1;1;1;260;18/06/2013
2013020981;1;1;1;1;1;260;23/06/2013
2013020982;1;2;4;1;1;260;21/06/2013
2013020983;1;2;1;1;6;260;03/07/2013
2013020984;1;2;1;1;3;260;29/06/2013
2013020985;1;2;1;1;3;260;16/07/2013
2013020986;1;2;1;1;2;260;25/07/2013
2013020987;1;1;1;1;3;260;18/08/2013
2013020988;1;2;6;1;3;260;29/08/2013
2013020989;1;2;6;1;3;260;09/09/2013
2013020990;1;1;1;1;6;260;23/09/2013
2013020991;5;2;6;1;7;260;24/09/2013
2013020992;1;2;1;1;7;260;15/09/2013
2013020993;4;1;1;1;6;260;12/09/2013
2013020994;1;1;1;1;6;260;30/09/2013
2013020995;1;1;1;1;6;260;03/10/2013
2013020996;1;1;3;1;3;260;11/10/2013
2013020997;2;2;1;1;7;260;09/10/2013
2013020998;5;2;9;1;5;260;18/10/2013
2013020999;1;2;1;1;6;260;28/10/2013
2013021000;5;2;1;1;2;260;30/10/2013
2013021001;1;2;1;1;7;260;13/11/2013
2013021002;5;1;1;2;3;260;02/11/2013
2013021003;1;2;1;1;3;260;17/11/2013
2013021004;1;2;1;1;7;260;28/11/2013
2013021005;5;2;1;1;3;260;05/12/2013
2013021006;5;2;1;1;3;260;11/12/2013
2013021007;5;2;1;1;3;260;07/01/2013
2013021008;1;1;1;1;3;260;10/01/2013
2013021009;5;2;2;2;6;260;11/01/2013
2013021010;5;2;1;1;7;260;19/01/2013
2013021011;1;2;3;8;3;260;26/01/2013
2013021012;1;2;1;1;2;260;29/01/2013
2013021013;1;2;3;1;1;260;13/02/2013
2013021014;1;1;2;1;3;260;19/02/2013
2013021015;2;2;1;1;6;260;19/02/2013
2013021016;1;2;1;1;2;260;13/03/2013
2013021017;1;2;9;1;3;260;18/03/2013
2013021018;1;2;1;2;2;260;28/03/2013
2013021019;1;2;1;2;7;260;28/03/2013
2013021020;1;2;3;2;1;260;05/04/2013
2013021021;1;2;1;7;6;260;13/04/2013
2013021022;5;2;1;2;1;260;20/04/2013
2013021023;5;2;1;1;6;260;22/04/2013
2013021024;1;2;1;1;3;260;23/04/2013
2013021025;1;2;2;2;3;260;31/05/2013
2013021026;1;2;2;1;3;260;06/06/2013
2013021027;1;2;2;1;3;260;08/06/2013
2013021028;1;2;3;1;3;260;16/06/2013
2013021029;1;2;1;1;1;260;16/06/2013
2013021030;1;2;1;1;1;260;25/06/2013
2013021031;1;2;2;1;6;260;26/06/2013
2013021032;1;2;1;1;6;260;28/06/2013
2013021033;1;2;3;1;3;260;30/06/2013
2013021034;1;2;3;1;6;260;02/07/2013
2013021035;1;2;1;2;6;260;03/07/2013
2013021036;1;1;1;1;3;260;03/07/2013
2013021037;1;2;1;1;1;260;04/07/2013
2013021038;1;1;2;1;6;260;09/07/2013
2013021039;1;2;2;1;3;260;10/07/2013
2013021040;1;1;1;1;6;260;11/07/2013
2013021041;1;1;3;1;6;260;11/07/2013
2013021042;1;2;1;1;6;260;16/07/2013
2013021043;1;2;2;1;6;260;16/07/2013
2013021044;1;2;1;1;6;260;18/07/2013
2013021045;1;2;7;1;6;260;20/07/2013
2013021046;1;2;1;1;6;260;21/07/2013
2013021047;1;2;1;1;3;260;24/07/2013
2013021048;1;2;1;1;7;260;29/07/2013
2013021049;1;2;1;1;7;260;01/08/2013
2013021050;1;2;2;1;1;260;09/08/2013
2013021051;1;2;2;1;7;260;13/08/2013
2013021052;1;1;1;1;3;260;13/08/2013
2013021053;1;2;2;1;3;260;16/08/2013
2013021054;1;2;6;1;3;260;18/08/2013
2013021055;1;2;2;1;3;260;22/08/2013
2013021056;1;2;1;1;5;260;26/08/2013
2013021057;1;2;1;1;4;260;03/09/2013
2013021058;1;2;1;1;3;260;05/09/2013
2013021059;1;1;1;1;2;260;05/09/2013
2013021060;5;2;1;2;6;260;08/09/2013
2013021061;1;1;1;1;4;260;11/09/2013
2013021062;1;2;1;1;3;260;14/09/2013
2013021063;1;2;6;1;6;260;24/09/2013
2013021064;5;2;6;1;2;260;24/09/2013
2013021065;2;2;1;1;6;260;24/09/2013
2013021066;1;1;1;1;2;260;28/09/2013
2013021067;1;2;1;1;7;260;01/10/2013
2013021068;1;1;2;1;2;260;02/10/2013
2013021069;1;2;6;2;3;260;15/10/2013
2013021070;1;2;1;1;7;260;16/10/2013
2013021071;1;2;1;1;3;260;17/10/2013
2013021072;5;2;1;1;1;260;21/10/2013
2013021073;1;2;1;1;1;260;22/10/2013
2013021074;1;2;2;1;3;260;22/10/2013
2013021075;1;2;2;1;3;260;24/10/2013
2013021076;5;2;3;1;3;260;27/10/2013
2013021077;1;2;1;1;6;260;29/10/2013
2013021078;1;2;6;2;3;260;03/11/2013
2013021079;4;2;3;2;3;260;05/11/2013
2013021080;2;2;1;1;4;260;06/11/2013
2013021081;1;1;6;1;7;260;09/11/2013
2013021082;5;2;2;1;3;260;16/11/2013
2013021083;2;1;1;2;6;260;19/11/2013
2013021084;1;1;1;1;3;260;27/11/2013
2013021085;5;2;6;1;2;260;27/11/2013
2013021086;5;2;1;1;6;260;03/12/2013
2013021087;2;2;3;1;6;260;05/12/2013
2013021088;3;1;6;1;7;260;09/12/2013
2013021089;2;2;3;2;7;260;20/12/2013
2013021090;1;2;2;1;6;260;21/12/2013
2013021091;5;2;2;1;6;260;24/12/2013
2013021092;5;2;2;1;3;260;29/12/2013
2013021093;1;1;1;1;6;260;30/12/2013
2013021094;1;2;2;1;3;260;30/12/2013
2013021095;1;2;1;1;7;260;01/01/2013
2013021096;4;1;1;1;6;260;05/01/2013
2013021097;2;2;1;1;6;260;11/01/2013
2013021098;1;2;2;1;3;260;23/01/2013
2013021099;2;2;2;1;3;260;28/01/2013
2013021100;5;1;1;1;6;260;28/01/2013
2013021101;1;2;1;1;6;260;08/02/2013
2013021102;3;2;3;2;6;260;07/02/2013
2013021103;4;2;1;1;7;260;06/02/2013
2013021104;1;2;2;1;3;260;15/02/2013
2013021105;1;2;1;1;7;260;23/02/2013
2013021106;5;2;1;2;7;260;24/02/2013
2013021107;4;1;1;1;7;260;03/03/2013
2013021108;1;1;6;1;2;260;08/03/2013
2013021109;1;2;1;1;6;260;13/03/2013
2013021110;1;2;1;1;4;260;15/03/2013
2013021111;1;2;2;1;3;260;19/03/2013
2013021112;1;2;1;1;6;260;23/03/2013
2013021113;5;2;2;1;3;260;26/03/2013
2013021114;1;2;2;1;6;260;28/03/2013
2013021115;2;2;1;2;3;260;08/04/2013
2013021116;1;2;1;1;6;260;11/04/2013
2013021117;1;1;2;1;3;260;10/04/2013
2013021118;1;1;1;1;5;260;10/04/2013
2013021119;1;2;1;1;3;260;12/04/2013
2013021120;1;1;1;1;6;260;13/04/2013
2013021121;1;2;1;1;1;260;14/04/2013
2013021122;1;2;1;1;2;260;13/04/2013
2013021123;1;1;1;1;7;260;14/04/2013
2013021124;1;2;1;1;6;260;12/04/2013
2013021125;1;2;1;1;2;260;11/04/2013
2013021126;1;2;2;2;3;260;19/04/2013
2013021127;1;2;1;1;3;260;25/04/2013
2013021128;1;2;2;1;3;260;23/04/2013
2013021129;1;2;2;1;6;260;29/04/2013
2013021130;1;2;1;1;6;260;03/05/2013
2013021131;1;1;1;1;2;260;17/05/2013
2013021132;1;1;6;1;3;260;20/05/2013
2013021133;5;2;1;1;6;260;01/06/2013
2013021134;1;2;1;1;3;260;01/06/2013
2013021135;1;2;1;1;3;260;05/06/2013
2013021136;1;2;6;1;3;260;05/06/2013
2013021137;1;2;2;1;3;260;05/06/2013
2013021138;1;1;1;1;2;260;07/06/2013
2013021139;1;2;3;1;3;260;11/06/2013
2013021140;1;2;2;1;3;260;15/06/2013
2013021141;1;2;6;1;6;260;25/06/2013
2013021142;5;2;6;1;3;260;19/06/2013
2013021143;1;2;1;1;3;260;28/06/2013
2013021144;1;1;1;1;2;260;02/07/2013
2013021145;1;2;1;1;2;260;09/07/2013
2013021146;1;1;1;1;3;260;10/07/2013
2013021147;3;2;1;1;7;260;14/07/2013
2013021148;1;2;2;1;3;260;15/07/2013
2013021149;3;1;1;1;7;260;12/07/2013
2013021150;1;2;2;1;3;260;16/07/2013
2013021151;1;1;1;1;2;260;20/07/2013
2013021152;1;2;1;1;3;260;25/07/2013
2013021153;5;2;1;1;6;260;27/07/2013
2013021154;3;1;1;1;1;260;30/07/2013
2013021155;1;2;1;1;3;260;26/07/2013
2013021156;1;1;2;1;3;260;05/08/2013
2013021157;1;2;1;1;3;260;06/08/2013
2013021158;1;2;1;1;1;260;18/08/2013
2013021159;1;2;3;1;3;260;22/08/2013
2013021160;1;2;1;1;6;260;26/08/2013
2013021161;1;1;1;1;4;260;01/08/2013
2013021162;3;1;1;1;7;260;29/08/2013
2013021163;1;2;1;1;3;260;04/09/2013
2013021164;1;2;3;1;3;260;04/09/2013
2013021165;1;2;1;1;6;260;06/09/2013
2013021166;1;2;1;1;6;260;10/09/2013
2013021167;1;2;1;1;6;260;10/09/2013
2013021168;1;2;1;1;6;260;12/09/2013
2013021169;1;2;1;1;6;260;16/09/2013
2013021170;1;2;1;1;2;260;17/09/2013
2013021171;1;1;3;1;3;260;19/09/2013
2013021172;1;2;1;1;6;260;22/09/2013
2013021173;5;2;2;1;3;260;26/09/2013
2013021174;5;2;6;1;3;260;30/09/2013
2013021175;1;2;1;1;6;260;01/10/2013
2013021176;5;1;2;1;3;260;03/10/2013
2013021177;3;2;1;3;6;260;04/10/2013
2013021178;1;2;1;2;1;260;05/10/2013
2013021179;1;2;1;1;4;260;05/10/2013
2013021180;5;2;1;2;2;260;11/10/2013
2013021181;1;2;1;1;6;260;08/10/2013
2013021182;1;2;1;1;6;260;14/10/2013
2013021183;1;2;1;1;6;260;21/10/2013
2013021184;3;1;1;1;6;260;17/10/2013
2013021185;1;1;3;1;3;260;18/10/2013
2013021186;1;1;1;3;7;260;23/10/2013
2013021187;3;2;1;1;1;260;31/10/2013
2013021188;3;1;1;2;7;260;02/11/2013
2013021189;1;2;1;2;6;260;04/11/2013
2013021190;5;2;1;1;7;260;16/11/2013
2013021191;2;2;1;2;6;260;19/11/2013
2013021192;1;2;1;1;6;260;26/11/2013
2013021193;1;2;1;1;6;260;03/12/2013
2013021194;1;1;1;1;1;260;05/12/2013
2013021195;5;2;6;1;6;260;09/12/2013
2013021196;1;1;1;1;2;260;20/12/2013
2013021197;1;1;1;1;6;260;20/12/2013
2013021198;1;2;1;1;6;840;15/02/2013
2013021199;3;1;1;1;6;840;23/02/2013
2013021200;2;1;1;1;6;840;21/04/2013
2013021201;3;1;1;1;2;840;07/08/2013
2013021202;1;1;1;1;7;840;22/08/2013
2013021203;3;1;1;2;1;840;24/12/2013
2013021204;1;1;1;1;6;60;15/07/2013
2013021205;1;1;1;1;6;380;13/09/2013
2013021206;3;1;1;1;5;380;26/09/2013
2013021207;3;1;1;1;1;380;12/10/2013
2013021208;3;1;1;2;6;380;28/10/2013
2013021209;2;1;4;1;6;380;03/02/2013
2013021210;1;1;1;5;5;380;08/03/2013
2013021211;1;1;1;1;6;380;17/03/2013
2013021212;1;2;2;1;3;380;04/05/2013
2013021213;1;2;1;1;6;380;27/05/2013
2013021214;1;1;1;1;6;380;06/06/2013
2013021215;1;1;1;1;2;380;07/07/2013
2013021216;4;1;1;1;6;380;12/09/2013
2013021217;1;1;6;1;6;380;13/09/2013
2013021218;1;1;1;2;7;380;15/09/2013
2013021219;3;1;1;9;6;380;15/10/2013
2013021220;5;1;1;1;3;380;26/10/2013
2013021221;3;1;1;1;1;380;30/10/2013
2013021222;3;1;1;3;5;380;14/11/2013
2013021223;2;1;4;1;1;380;27/11/2013
2013021224;5;2;2;1;5;690;21/07/2013
2013021225;5;1;1;1;1;690;28/09/2013
2013021226;2;1;1;2;6;690;10/11/2013
2013021227;5;2;1;1;6;690;28/11/2013
2013021228;1;1;2;2;3;620;16/03/2013
2013021229;1;2;1;5;3;620;18/10/2013
2013021230;1;1;1;2;3;620;11/12/2013
2013021231;3;1;1;4;6;410;19/01/2013
2013021232;3;1;1;1;7;410;22/02/2013
2013021233;1;1;1;1;2;410;29/03/2013
2013021234;3;1;1;1;3;410;21/04/2013
2013021235;1;1;1;1;6;410;29/04/2013
2013021236;1;1;1;2;1;410;24/05/2013
2013021237;1;1;9;2;5;410;28/06/2013
2013021238;2;1;1;1;7;410;02/07/2013
2013021239;1;1;1;7;2;410;08/07/2013
2013021240;3;1;1;1;7;410;11/07/2013
2013021241;1;1;1;1;4;410;22/07/2013
2013021242;1;1;1;1;6;410;24/07/2013
2013021243;1;1;1;2;6;410;16/09/2013
2013021244;1;1;1;1;6;410;13/09/2013
2013021245;1;1;1;8;2;410;29/09/2013
2013021246;2;1;1;2;5;410;10/10/2013
2013021247;1;1;1;2;2;410;15/10/2013
2013021248;3;1;1;1;2;410;18/10/2013
2013021249;3;1;1;1;7;410;28/11/2013
2013021250;5;1;1;1;6;270;17/01/2013
2013021251;1;2;1;1;6;270;22/01/2013
2013021252;5;2;1;1;2;270;09/02/2013
2013021253;1;2;2;1;3;270;19/02/2013
2013021254;1;2;3;1;3;270;19/02/2013
2013021255;5;2;1;1;2;270;02/03/2013
2013021256;1;2;1;1;3;270;16/04/2013
2013021257;1;2;2;1;3;270;29/04/2013
2013021258;1;2;1;1;6;270;03/05/2013
2013021259;1;2;1;1;2;270;16/05/2013
2013021260;1;2;1;2;2;270;25/05/2013
2013021261;1;2;2;1;3;270;27/05/2013
2013021262;1;2;5;1;3;270;07/06/2013
2013021263;5;2;1;1;6;270;30/06/2013
2013021264;1;2;1;1;7;270;22/07/2013
2013021265;2;2;1;1;7;270;01/09/2013
2013021266;1;2;1;1;3;270;02/09/2013
2013021267;1;2;1;1;6;270;05/09/2013
2013021268;2;2;2;2;3;270;13/09/2013
2013021269;2;2;1;1;3;270;20/09/2013
2013021270;5;2;1;1;6;270;20/09/2013
2013021271;2;2;1;1;6;270;21/09/2013
2013021272;5;2;1;1;2;270;03/10/2013
2013021273;5;2;1;1;3;270;05/10/2013
2013021274;5;2;1;1;7;270;18/10/2013
2013021275;5;2;1;1;3;270;19/10/2013
2013021276;5;2;2;1;3;270;30/10/2013
2013021277;1;2;2;1;3;270;02/11/2013
2013021278;2;2;2;1;3;270;12/11/2013
2013021279;1;2;1;1;3;270;18/11/2013
2013021280;1;2;1;1;6;270;27/11/2013
2013021281;2;2;1;1;6;270;06/12/2013
2013021282;1;2;1;1;6;270;12/12/2013
2013021283;1;2;1;1;6;270;20/12/2013
2013021284;5;2;1;1;3;270;22/12/2013
2013021285;1;1;1;1;6;350;05/06/2013
2013021286;1;1;1;1;6;350;20/07/2013
2013021287;1;2;1;2;3;350;07/11/2013
2013021288;1;2;1;2;6;270;08/02/2013
2013021289;2;2;2;1;1;270;05/03/2013
2013021290;1;2;1;1;6;270;24/04/2013
2013021291;1;1;3;1;6;270;09/05/2013
2013021292;1;2;1;1;6;270;15/06/2013
2013021293;1;2;1;1;1;270;30/06/2013
2013021294;1;2;1;1;2;270;10/07/2013
2013021295;1;2;1;1;6;270;10/07/2013
2013021296;1;2;1;1;6;270;12/07/2013
2013021297;1;2;1;1;6;270;19/07/2013
2013021298;1;2;1;1;3;270;24/07/2013
2013021299;1;2;2;1;5;270;06/08/2013
2013021300;1;1;1;8;7;270;05/11/2013
2013021301;5;1;6;1;7;270;16/11/2013
2013021302;1;2;3;1;1;270;16/11/2013
2013021303;1;1;1;8;7;270;22/11/2013
2013021304;2;2;1;1;6;270;18/12/2013
2013021305;1;1;1;1;6;140;15/04/2013
2013021306;1;1;1;1;6;140;27/06/2013
2013021307;1;1;1;1;2;140;03/07/2013
2013021308;1;1;1;1;2;140;25/07/2013
2013021309;1;1;1;1;2;140;17/08/2013
2013021310;5;1;1;1;3;140;02/10/2013
2013021311;1;1;1;1;6;140;04/11/2013
2013021312;1;1;1;4;7;140;22/11/2013
2013021313;1;2;1;1;3;60;10/04/2013
2013021314;1;2;1;3;6;60;28/12/2013
2013021315;1;2;1;1;6;60;17/01/2013
2013021316;1;2;1;1;1;60;14/02/2013
2013021317;1;1;1;1;7;60;19/07/2013
2013021318;1;1;1;1;6;60;11/08/2013
2013021319;1;1;1;1;6;60;13/08/2013
2013021320;2;2;9;1;2;270;20/02/2013
2013021321;2;2;1;1;6;270;05/03/2013
2013021322;1;2;3;1;3;270;24/06/2013
2013021323;1;2;9;1;3;270;26/06/2013
2013021324;1;2;1;1;7;270;16/04/2013
2013021325;1;2;3;1;3;270;05/08/2013
2013021326;1;2;4;1;3;270;29/08/2013
2013021327;1;2;3;1;7;270;29/08/2013
2013021328;2;2;1;1;6;270;09/11/2013
2013021329;1;1;1;8;1;170;27/12/2013
2013021330;3;1;1;1;3;170;02/08/2013
2013021331;3;1;1;1;3;250;17/02/2013
2013021332;2;1;1;2;6;250;09/06/2013
2013021333;1;1;1;1;2;250;12/06/2013
2013021334;1;1;1;2;5;250;08/08/2013
2013021335;1;2;1;1;1;910;19/03/2013
2013021336;1;1;1;1;3;910;18/06/2013
2013021337;1;1;1;2;6;910;14/09/2013
2013021338;2;2;1;2;2;910;29/09/2013
2013021339;5;2;1;1;6;910;05/10/2013
2013021340;5;1;9;9;5;910;02/12/2013
2013021341;3;1;1;1;6;910;12/12/2013
2013021342;3;1;1;4;3;760;24/02/2013
2013021343;3;1;1;3;6;760;08/05/2013
2013021344;1;1;1;2;6;760;13/05/2013
2013021345;1;1;1;1;6;760;02/06/2013
2013021346;3;1;1;1;6;760;04/06/2013
2013021347;1;1;1;1;2;760;05/06/2013
2013021348;1;1;1;2;7;760;23/06/2013
2013021349;1;1;1;3;7;760;09/09/2013
2013021350;3;1;1;1;2;760;28/05/2013
2013021351;1;1;1;3;6;870;08/05/2013
2013021352;1;1;1;1;6;870;07/06/2013
2013021353;1;1;1;1;2;870;19/08/2013
2013021354;3;1;1;8;5;870;27/12/2013
2013021355;2;1;1;8;1;190;19/03/2013
2013021356;3;1;1;1;2;190;13/05/2013
2013021357;1;1;1;1;6;190;08/07/2013
2013021358;1;1;1;1;2;190;04/08/2013
2013021359;2;1;1;1;5;190;06/12/2013
2013021360;1;1;1;1;7;590;01/06/2013
2013021361;5;2;1;3;1;590;18/09/2013
2013021362;3;1;1;1;7;590;22/10/2013
2013021363;3;2;1;1;5;590;30/11/2013
2013021364;5;2;2;2;3;280;08/01/2013
2013021365;5;2;1;1;2;280;11/01/2013
2013021366;1;2;3;1;3;280;15/01/2013
2013021367;1;1;1;1;7;280;17/01/2013
2013021368;1;2;1;1;6;280;18/01/2013
2013021369;2;2;2;1;3;280;19/01/2013
2013021370;5;2;1;1;2;280;25/01/2013
2013021371;5;2;1;2;6;280;30/01/2013
2013021372;5;2;1;1;3;280;30/01/2013
2013021373;1;2;1;1;5;280;02/02/2013
2013021374;2;2;1;1;6;280;04/02/2013
2013021375;1;2;3;1;6;280;06/02/2013
2013021376;2;1;1;1;5;280;05/02/2013
2013021377;5;1;1;8;1;280;08/02/2013
2013021378;5;2;3;2;6;280;14/02/2013
2013021379;5;2;1;1;7;280;14/02/2013
2013021380;1;2;1;1;3;280;17/02/2013
2013021381;5;2;6;1;6;280;19/02/2013
2013021382;1;2;1;1;3;280;21/02/2013
2013021383;1;2;1;1;3;280;27/02/2013
2013021384;1;2;2;1;3;280;05/03/2013
2013021385;1;2;1;1;2;280;07/03/2013
2013021386;1;2;1;2;2;280;08/03/2013
2013021387;1;2;1;1;3;280;09/03/2013
2013021388;2;2;1;1;3;280;09/03/2013
2013021389;1;2;1;1;2;280;14/03/2013
2013021390;1;2;1;1;2;280;15/03/2013
2013021391;1;2;1;1;3;280;19/03/2013
2013021392;5;2;1;1;3;280;22/03/2013
2013021393;5;2;1;1;6;280;22/03/2013
2013021394;1;2;1;1;6;280;25/03/2013
2013021395;1;2;1;1;2;280;25/03/2013
2013021396;5;2;3;1;3;280;26/03/2013
2013021397;1;2;1;1;2;280;27/03/2013
2013021398;1;2;1;1;3;280;27/03/2013
2013021399;5;2;1;1;6;280;01/04/2013
2013021400;1;2;3;1;2;280;11/04/2013
2013021401;1;2;1;1;7;280;15/04/2013
2013021402;1;2;1;1;3;280;11/04/2013
2013021403;5;2;2;1;3;280;25/04/2013
2013021404;2;2;1;1;5;280;26/04/2013
2013021405;1;2;1;1;6;280;29/04/2013
2013021406;2;2;1;1;3;280;01/05/2013
2013021407;1;2;1;1;6;280;12/05/2013
2013021408;1;2;1;1;6;280;14/05/2013
2013021409;1;2;2;1;3;280;14/05/2013
2013021410;1;1;1;2;7;280;20/05/2013
2013021411;2;2;2;2;3;280;21/05/2013
2013021412;1;2;1;2;1;280;21/05/2013
2013021413;1;1;1;1;1;280;21/05/2013
2013021414;1;2;1;1;3;280;23/05/2013
2013021415;1;2;2;2;3;280;28/05/2013
2013021416;1;2;1;1;7;280;31/05/2013
2013021417;1;2;1;3;6;280;08/06/2013
2013021418;1;1;1;1;2;280;06/06/2013
2013021419;1;2;1;1;6;280;07/06/2013
2013021420;1;1;6;2;3;280;12/06/2013
2013021421;1;2;3;1;6;280;18/06/2013
2013021422;1;2;1;1;6;280;19/06/2013
2013021423;5;2;1;1;6;280;20/06/2013
2013021424;1;1;1;1;5;280;21/06/2013
2013021425;1;2;1;1;6;280;22/06/2013
2013021426;1;2;1;1;2;280;22/06/2013
2013021427;1;2;1;1;6;280;26/06/2013
2013021428;1;2;2;1;3;280;30/06/2013
2013021429;1;2;9;1;6;280;03/07/2013
2013021430;1;2;1;1;3;280;03/07/2013
2013021431;1;2;2;1;3;280;06/07/2013
2013021432;1;2;1;1;6;280;09/07/2013
2013021433;1;2;1;1;2;280;10/07/2013
2013021434;1;2;2;1;3;280;11/07/2013
2013021435;1;2;2;1;3;280;11/07/2013
2013021436;1;2;1;1;6;280;13/07/2013
2013021437;1;2;1;1;6;280;17/07/2013
2013021438;1;2;2;1;6;280;18/07/2013
2013021439;1;2;1;1;2;280;19/07/2013
2013021440;1;2;1;1;2;280;20/07/2013
2013021441;1;2;1;1;6;280;23/07/2013
2013021442;1;2;1;1;3;280;25/07/2013
2013021443;1;2;3;1;3;280;29/07/2013
2013021444;1;2;1;1;6;280;31/07/2013
2013021445;1;2;2;1;3;280;05/08/2013
2013021446;1;2;1;1;3;280;08/08/2013
2013021447;1;2;1;1;6;280;10/08/2013