num_acc;lum;agg;inter;atm;col;dep;date
2013021448;1;1;1;1;6;280;14/08/2013
2013021449;1;2;1;1;2;280;13/08/2013
2013021450;5;2;1;1;3;280;15/08/2013
2013021451;1;2;1;1;1;280;16/08/2013
2013021452;1;2;2;1;3;280;17/08/2013
2013021453;1;2;2;1;1;280;23/08/2013
2013021454;1;1;1;1;1;280;27/08/2013
2013021455;1;2;1;8;6;280;27/08/2013
2013021456;1;2;1;2;2;280;09/09/2013
2013021457;1;2;1;1;2;280;09/09/2013
2013021458;1;2;1;1;6;280;10/09/2013
2013021459;1;2;1;1;6;280;10/09/2013
2013021460;1;2;1;1;7;280;04/09/2013
2013021461;1;2;1;1;3;280;11/09/2013
2013021462;1;2;1;2;1;280;12/09/2013
2013021463;5;1;3;2;5;280;12/09/2013
2013021464;1;2;1;2;7;280;14/09/2013
2013021465;2;1;1;2;6;280;16/09/2013
2013021466;1;2;1;2;3;280;17/09/2013
2013021467;1;1;6;1;3;280;17/09/2013
2013021468;5;1;6;3;3;280;17/09/2013
2013021469;3;1;1;1;7;280;11/09/2013
2013021470;2;2;1;1;3;280;02/09/2013
2013021471;1;2;3;1;3;280;28/09/2013
2013021472;1;2;6;1;6;280;26/09/2013
2013021473;1;2;4;1;7;280;29/09/2013
2013021474;1;2;1;1;7;280;02/10/2013
2013021475;1;2;1;1;6;280;03/10/2013
2013021476;1;1;1;1;6;280;27/09/2013
2013021477;5;1;1;1;7;280;05/10/2013
2013021478;3;1;2;3;2;280;03/10/2013
2013021479;5;2;3;2;4;280;09/10/2013
2013021480;1;2;3;2;3;280;11/10/2013
2013021481;2;2;9;1;6;280;11/10/2013
2013021482;5;1;1;1;6;280;12/10/2013
2013021483;5;2;1;1;7;280;13/10/2013
2013021484;1;2;3;1;6;280;13/10/2013
2013021485;1;1;3;2;3;280;15/10/2013
2013021486;1;2;3;1;2;280;18/10/2013
2013021487;4;2;1;1;7;280;18/10/2013
2013021488;1;1;9;1;3;280;19/10/2013
2013021489;1;2;3;1;3;280;21/10/2013
2013021490;1;2;1;1;2;280;26/10/2013
2013021491;1;2;2;1;3;280;30/10/2013
2013021492;1;2;1;1;4;280;31/10/2013
2013021493;1;2;1;2;2;280;03/11/2013
2013021494;1;2;2;1;3;280;03/11/2013
2013021495;1;2;1;1;6;280;04/11/2013
2013021496;5;2;1;1;6;280;05/11/2013
2013021497;3;1;1;2;6;280;06/11/2013
2013021498;1;2;6;1;7;280;06/11/2013
2013021499;1;2;1;1;6;280;06/11/2013
2013021500;3;1;3;3;4;280;07/11/2013
2013021501;1;2;3;2;3;280;12/11/2013
2013021502;3;1;6;2;2;280;12/11/2013
2013021503;1;2;1;1;6;280;13/11/2013
2013021504;5;2;1;2;6;280;14/11/2013
2013021505;1;2;2;2;3;280;18/11/2013
2013021506;5;2;1;1;7;280;20/11/2013
2013021507;1;1;2;1;3;280;23/11/2013
2013021508;1;2;1;1;3;280;24/11/2013
2013021509;3;1;1;1;6;280;29/11/2013
2013021510;1;1;1;1;7;280;30/11/2013
2013021511;3;2;3;1;7;280;02/12/2013
2013021512;1;2;2;1;3;280;02/12/2013
2013021513;5;2;1;1;6;280;02/12/2013
2013021514;3;1;1;1;3;280;03/12/2013
2013021515;5;2;1;1;3;280;14/11/2013
2013021516;1;2;1;1;2;280;06/12/2013
2013021517;1;2;2;1;7;280;09/12/2013
2013021518;1;2;2;1;3;280;09/12/2013
2013021519;5;2;1;8;7;280;09/12/2013
2013021520;1;1;1;9;4;280;11/12/2013
2013021521;1;2;1;9;7;280;13/12/2013
2013021522;1;2;3;1;7;280;14/12/2013
2013021523;1;2;2;1;6;280;15/12/2013
2013021524;1;2;1;1;2;280;15/12/2013
2013021525;1;2;3;1;1;280;15/12/2013
2013021526;5;2;3;1;6;280;15/12/2013
2013021527;2;2;1;1;7;280;16/12/2013
2013021528;1;2;1;7;4;280;17/12/2013
2013021529;1;2;1;1;5;280;17/12/2013
2013021530;2;1;1;1;2;280;16/12/2013
2013021531;1;2;1;1;7;280;23/12/2013
2013021532;3;1;1;2;7;280;31/12/2013
2013021533;1;2;6;2;2;420;30/10/2013
2013021534;1;2;1;1;1;420;14/10/2013
2013021535;1;1;9;2;1;420;04/01/2013
2013021536;3;1;1;1;1;420;20/01/2013
2013021537;1;1;1;1;4;420;01/02/2013
2013021538;1;1;1;8;6;420;08/03/2013
2013021539;1;1;1;4;5;420;14/03/2013
2013021540;1;2;1;2;3;420;29/03/2013
2013021541;1;1;1;2;6;420;11/04/2013
2013021542;1;1;1;1;2;420;13/05/2013
2013021543;1;2;6;1;7;420;18/06/2013
2013021544;1;2;1;1;3;420;25/06/2013
2013021545;1;1;1;1;7;420;10/07/2013
2013021546;1;2;1;1;6;420;21/07/2013
2013021547;3;1;1;1;6;420;15/08/2013
2013021548;1;2;1;7;3;420;04/09/2013
2013021549;1;2;1;1;6;420;28/11/2013
2013021550;5;2;3;8;6;280;15/01/2013
2013021551;5;1;1;1;2;280;02/02/2013
2013021552;1;2;1;1;3;280;18/02/2013
2013021553;1;2;1;1;3;280;18/02/2013
2013021554;1;2;2;1;3;280;25/03/2013
2013021555;1;2;1;1;6;280;26/03/2013
2013021556;1;1;1;1;2;280;01/04/2013
2013021557;1;1;1;1;5;280;11/04/2013
2013021558;1;2;1;1;6;280;14/04/2013
2013021559;1;2;1;1;6;280;18/04/2013
2013021560;3;1;1;2;2;280;10/05/2013
2013021561;1;2;2;1;3;280;16/06/2013
2013021562;1;1;1;1;1;280;03/07/2013
2013021563;1;2;1;1;3;280;14/07/2013
2013021564;1;2;1;1;3;280;18/07/2013
2013021565;1;2;1;1;3;280;23/07/2013
2013021566;1;1;1;7;1;280;05/08/2013
2013021567;1;1;2;2;2;280;12/09/2013
2013021568;1;2;1;4;3;280;14/09/2013
2013021569;1;2;6;7;6;280;10/10/2013
2013021570;1;1;3;7;3;280;29/10/2013
2013021571;5;2;1;2;3;280;05/11/2013
2013021572;1;2;6;1;3;280;07/12/2013
2013021573;1;2;1;1;1;280;14/12/2013
2013021574;1;2;3;1;3;280;29/12/2013
2013021575;1;1;1;2;2;710;14/02/2013
2013021576;3;1;1;1;6;710;05/04/2013
2013021577;1;1;1;1;5;710;12/04/2013
2013021578;3;1;1;1;5;710;13/05/2013
2013021579;1;1;1;1;5;710;19/06/2013
2013021580;2;1;1;8;2;710;28/06/2013
2013021581;1;1;1;1;6;710;10/07/2013
2013021582;1;1;1;1;2;710;12/07/2013
2013021583;1;1;1;1;6;710;13/07/2013
2013021584;3;1;1;1;2;710;27/07/2013
2013021585;2;1;1;1;6;710;10/08/2013
2013021586;1;1;1;1;2;710;15/08/2013
2013021587;3;2;1;1;6;710;18/08/2013
2013021588;1;1;1;1;3;710;01/09/2013
2013021589;1;1;1;8;1;710;08/09/2013
2013021590;3;1;1;2;6;710;10/10/2013
2013021591;2;1;1;1;5;710;25/10/2013
2013021592;1;1;1;1;2;710;14/12/2013
2013021593;1;1;1;8;7;710;27/12/2013
2013021594;1;1;1;1;3;740;04/03/2013
2013021595;1;2;4;1;3;740;22/04/2013
2013021596;1;1;2;1;3;740;18/04/2013
2013021597;1;1;1;1;1;740;26/04/2013
2013021598;1;1;1;1;6;740;05/05/2013
2013021599;1;2;1;2;6;740;21/05/2013
2013021600;5;1;1;1;6;740;21/06/2013
2013021601;3;1;1;1;1;740;22/06/2013
2013021602;1;1;1;1;7;740;11/07/2013
2013021603;3;1;1;9;1;740;04/12/2013
2013021604;1;1;2;1;3;140;29/03/2013
2013021605;1;1;2;1;3;140;01/04/2013
2013021606;1;1;2;1;3;140;11/04/2013
2013021607;1;1;3;1;3;140;17/04/2013
2013021608;1;1;1;1;1;140;13/07/2013
2013021609;4;1;1;8;7;220;31/01/2013
2013021610;1;1;1;2;1;220;09/02/2013
2013021611;3;1;1;1;2;220;22/02/2013
2013021612;1;1;1;4;7;220;25/02/2013
2013021613;1;1;1;1;7;220;26/04/2013
2013021614;1;1;1;1;4;220;28/04/2013
2013021615;4;1;1;1;2;220;09/06/2013
2013021616;1;1;1;1;2;220;26/07/2013
2013021617;1;1;1;1;6;220;29/07/2013
2013021618;1;1;1;1;2;220;17/08/2013
2013021619;2;1;1;5;7;220;22/09/2013
2013021620;3;1;1;1;2;220;08/12/2013
2013021621;1;1;1;1;7;220;13/02/2013
2013021622;1;1;9;1;3;220;22/02/2013
2013021623;1;1;1;4;2;220;23/02/2013
2013021624;3;1;1;1;7;220;05/03/2013
2013021625;2;1;1;3;7;220;11/03/2013
2013021626;3;1;1;4;7;220;12/03/2013
2013021627;1;1;1;1;7;220;15/03/2013
2013021628;1;1;1;1;6;220;28/04/2013
2013021629;1;1;9;1;7;220;15/06/2013
2013021630;1;1;1;1;2;220;15/07/2013
2013021631;1;1;1;1;7;220;31/07/2013
2013021632;1;1;1;1;6;220;15/10/2013
2013021633;3;1;1;1;2;220;02/12/2013
2013021634;1;1;1;1;6;220;10/12/2013
2013021635;3;1;1;1;7;220;10/12/2013
2013021636;1;1;1;2;7;220;25/12/2013
2013021637;3;1;1;2;7;220;25/12/2013
2013021638;1;1;1;1;6;220;26/12/2013
2013021639;3;1;9;1;6;220;29/12/2013
2013021640;3;1;1;1;6;290;01/07/2013
2013021641;1;1;1;1;7;290;30/06/2013
2013021642;1;1;1;1;6;290;15/07/2013
2013021643;1;1;1;1;6;290;18/08/2013
2013021644;3;1;1;5;7;290;29/08/2013
2013021645;1;1;9;2;6;290;22/10/2013
2013021646;1;1;1;1;7;290;15/08/2013
2013021647;1;1;1;1;2;290;18/09/2013
2013021648;3;1;1;1;6;350;21/02/2013
2013021649;2;1;1;1;4;350;08/03/2013
2013021650;2;1;1;1;2;350;18/05/2013
2013021651;1;1;1;1;5;350;04/06/2013
2013021652;1;1;1;1;6;350;10/06/2013
2013021653;1;1;1;1;5;350;19/06/2013
2013021654;1;1;1;1;6;350;23/06/2013
2013021655;2;1;1;1;6;350;06/10/2013
2013021656;1;1;1;3;2;350;15/10/2013
2013021657;3;1;1;3;5;350;20/10/2013
2013021658;5;2;1;1;2;350;13/11/2013
2013021659;3;1;2;1;3;350;08/09/2013
2013021660;3;1;1;1;7;350;11/10/2013
2013021661;1;1;1;1;2;10;14/04/2013
2013021662;1;1;1;1;3;10;30/04/2013
2013021663;1;1;1;1;7;10;21/06/2013
2013021664;1;1;3;1;3;10;10/09/2013
2013021665;1;1;1;1;6;10;01/11/2013
2013021666;1;1;1;1;3;10;28/06/2013
2013021667;1;1;1;1;1;10;24/12/2013
2013021668;1;2;2;1;3;10;08/07/2013
2013021669;1;2;9;1;1;10;23/07/2013
2013021670;1;2;6;1;6;10;01/09/2013
2013021671;3;1;1;9;7;540;11/01/2013
2013021672;3;1;1;1;3;540;27/01/2013
2013021673;5;2;1;4;1;540;11/03/2013
2013021674;2;1;1;1;7;540;07/04/2013
2013021675;1;2;1;1;6;540;12/04/2013
2013021676;1;1;1;1;2;540;14/04/2013
2013021677;1;1;1;2;7;540;25/05/2013
2013021678;4;2;1;1;6;540;15/06/2013
2013021679;1;2;1;1;3;540;06/07/2013
2013021680;1;1;1;1;1;540;10/07/2013
2013021681;1;1;1;1;7;540;25/07/2013
2013021682;1;1;1;1;7;540;27/07/2013
2013021683;1;1;1;1;7;540;05/08/2013
2013021684;2;1;1;5;6;540;25/09/2013
2013021685;1;2;1;1;6;540;25/09/2013
2013021686;1;1;1;1;7;540;20/10/2013
2013021687;1;1;1;2;6;540;20/10/2013
2013021688;1;2;1;1;6;540;27/11/2013
2013021689;1;1;1;1;3;540;20/12/2013
2013021690;2;1;1;8;1;670;18/03/2013
2013021691;1;1;1;1;2;670;27/07/2013
2013021692;1;1;1;2;7;670;09/09/2013
2013021693;3;1;1;3;5;670;11/09/2013
2013021694;3;1;1;2;1;670;09/10/2013
2013021695;2;1;1;1;1;830;18/02/2013
2013021696;1;1;1;2;1;830;08/03/2013
2013021697;1;1;1;1;1;830;03/05/2013
2013021698;1;1;1;1;1;830;04/06/2013
2013021699;1;2;3;1;3;830;21/06/2013
2013021700;1;2;1;1;6;830;21/06/2013
2013021701;5;2;1;1;6;830;02/07/2013
2013021702;1;2;1;1;6;830;22/08/2013
2013021703;1;1;1;1;5;830;11/10/2013
2013021704;1;2;1;1;6;830;03/12/2013
2013021705;2;2;1;1;3;350;20/01/2013
2013021706;1;1;1;8;7;350;22/01/2013
2013021707;1;1;1;1;6;350;25/08/2013
2013021708;1;1;1;1;6;350;19/10/2013
2013021709;2;1;1;7;6;860;17/07/2013
2013021710;3;1;1;3;6;860;05/11/2013
2013021711;1;1;1;1;7;620;09/07/2013
2013021712;1;2;1;1;6;620;20/10/2013
2013021713;3;1;1;8;6;210;02/01/2013
2013021714;1;1;1;1;1;210;02/07/2013
2013021715;1;1;1;1;6;210;16/08/2013
2013021716;1;1;1;1;6;210;21/08/2013
2013021717;1;1;1;1;6;210;13/09/2013
2013021718;1;1;1;2;2;210;13/09/2013
2013021719;1;1;1;1;7;210;20/09/2013
2013021720;1;1;1;3;5;860;20/05/2013
2013021721;5;2;1;2;6;10;29/01/2013
2013021722;1;1;1;1;5;10;01/04/2013
2013021723;1;1;1;1;2;10;21/09/2013
2013021724;1;1;1;1;1;10;09/11/2013
2013021725;5;2;1;2;6;120;10/01/2013
2013021726;1;1;1;1;2;120;29/01/2013
2013021727;1;1;1;7;1;120;03/03/2013
2013021728;3;1;1;2;6;120;30/03/2013
2013021729;1;1;1;2;6;120;09/04/2013
2013021730;1;1;1;1;2;120;02/05/2013
2013021731;1;2;1;2;6;120;19/12/2013
2013021732;3;1;1;8;7;640;17/11/2013
2013021733;5;1;1;1;2;640;12/12/2013
2013021734;2;1;2;5;3;10;16/01/2013
2013021735;1;2;1;1;6;10;06/03/2013
2013021736;1;1;2;7;3;10;23/04/2013
2013021737;1;2;3;1;3;10;18/06/2013
2013021738;1;1;1;1;6;10;25/07/2013
2013021739;1;1;2;1;3;10;06/08/2013
2013021740;5;2;1;2;2;290;01/01/2013
2013021741;2;2;1;1;6;290;02/01/2013
2013021742;1;2;1;1;3;290;03/01/2013
2013021743;5;2;1;3;6;290;11/01/2013
2013021744;5;2;1;1;6;290;15/01/2013
2013021745;5;1;6;3;6;290;17/01/2013
2013021746;1;2;1;1;6;290;18/01/2013
2013021747;5;2;3;1;3;290;18/01/2013
2013021748;5;2;1;1;2;290;20/01/2013
2013021749;5;2;6;1;3;290;22/01/2013
2013021750;1;2;2;1;3;290;25/01/2013
2013021751;5;2;3;1;3;290;26/01/2013
2013021752;2;2;1;1;6;290;28/01/2013
2013021753;5;2;1;3;6;290;29/01/2013
2013021754;1;2;1;1;6;290;29/01/2013
2013021755;2;2;1;1;3;290;30/01/2013
2013021756;1;2;6;1;3;290;30/01/2013
2013021757;5;2;2;1;3;290;31/01/2013
2013021758;1;2;1;2;6;290;01/02/2013
2013021759;1;2;1;1;6;290;01/02/2013
2013021760;1;2;3;1;3;290;02/02/2013
2013021761;1;2;6;1;3;290;04/02/2013
2013021762;1;2;1;2;6;290;14/02/2013
2013021763;2;2;1;1;6;290;16/02/2013
2013021764;4;2;3;1;3;290;22/02/2013
2013021765;1;2;3;1;6;290;24/02/2013
2013021766;1;2;1;1;4;290;26/02/2013
2013021767;1;2;2;1;3;290;27/02/2013
2013021768;5;2;1;1;2;290;28/02/2013
2013021769;1;2;6;1;6;290;02/03/2013
2013021770;5;2;2;2;3;290;07/03/2013
2013021771;1;2;6;2;2;290;11/03/2013
2013021772;1;2;1;1;6;290;11/03/2013
2013021773;1;2;6;1;6;290;14/03/2013
2013021774;1;2;1;1;6;290;16/03/2013
2013021775;4;2;1;2;3;290;17/03/2013
2013021776;1;2;2;1;3;290;18/03/2013
2013021777;1;2;1;2;6;290;21/03/2013
2013021778;1;2;1;1;6;290;25/03/2013
2013021779;1;2;1;1;6;290;31/03/2013
2013021780;5;2;6;1;2;290;31/03/2013
2013021781;1;2;6;1;6;290;03/04/2013
2013021782;1;2;1;2;2;290;04/04/2013
2013021783;1;1;1;1;6;290;06/04/2013
2013021784;1;2;2;1;3;290;15/04/2013
2013021785;5;2;1;1;6;290;13/04/2013
2013021786;1;2;1;1;6;290;21/04/2013
2013021787;1;2;2;1;3;290;23/04/2013
2013021788;5;2;3;1;3;290;24/04/2013
2013021789;1;2;1;1;3;290;25/04/2013
2013021790;1;2;6;1;3;290;27/04/2013
2013021791;1;2;1;1;3;290;02/05/2013
2013021792;1;2;1;1;6;290;07/05/2013
2013021793;1;2;1;1;3;290;07/05/2013
2013021794;5;2;2;1;6;290;10/05/2013
2013021795;1;2;1;1;2;290;10/05/2013
2013021796;1;2;1;1;3;290;15/05/2013
2013021797;1;2;6;1;3;290;17/05/2013
2013021798;5;2;1;1;3;290;25/05/2013
2013021799;1;2;6;1;3;290;25/05/2013
2013021800;1;2;1;1;3;290;28/05/2013
2013021801;5;2;1;1;2;290;31/05/2013
2013021802;1;2;1;1;3;290;01/06/2013
2013021803;1;2;1;1;2;290;03/06/2013
2013021804;1;2;3;1;3;290;04/06/2013
2013021805;1;2;1;1;2;290;07/06/2013
2013021806;1;2;2;3;3;290;07/06/2013
2013021807;1;2;2;1;6;290;07/06/2013
2013021808;1;2;2;1;3;290;08/06/2013
2013021809;1;2;6;1;3;290;10/06/2013
2013021810;1;2;1;2;6;290;11/06/2013
2013021811;1;2;1;1;1;290;15/06/2013
2013021812;1;2;1;2;2;290;16/06/2013
2013021813;1;2;4;1;3;290;17/06/2013
2013021814;1;2;1;1;6;290;19/06/2013
2013021815;1;2;1;2;3;290;20/06/2013
2013021816;1;2;2;8;5;290;20/06/2013
2013021817;1;2;3;1;3;290;24/06/2013
2013021818;1;2;1;1;6;290;24/06/2013
2013021819;1;2;2;1;3;290;22/06/2013
2013021820;1;2;1;1;6;290;25/06/2013
2013021821;1;2;3;1;2;290;25/06/2013
2013021822;1;2;1;1;6;290;27/06/2013
2013021823;1;2;1;1;4;290;29/06/2013
2013021824;5;2;1;1;6;290;30/06/2013
2013021825;1;2;3;1;3;290;10/07/2013
2013021826;1;2;1;1;7;290;16/07/2013
2013021827;1;2;1;1;1;290;17/07/2013
2013021828;1;1;1;1;6;290;18/07/2013
2013021829;1;2;1;1;3;290;20/07/2013
2013021830;2;2;1;1;6;290;25/07/2013
2013021831;1;2;3;1;5;290;27/07/2013
2013021832;1;2;2;1;3;290;02/08/2013
2013021833;1;2;1;1;6;290;03/08/2013
2013021834;1;2;1;1;1;290;09/08/2013
2013021835;1;2;1;1;6;290;13/08/2013
2013021836;1;2;1;1;6;290;15/08/2013
2013021837;1;2;6;1;6;290;19/08/2013
2013021838;5;2;2;1;3;290;23/08/2013
2013021839;1;2;1;1;6;290;30/08/2013
2013021840;1;2;6;1;3;290;10/09/2013
2013021841;1;2;2;1;3;290;03/09/2013
2013021842;1;2;3;1;3;290;04/09/2013
2013021843;5;2;2;1;6;290;04/09/2013
2013021844;1;2;1;1;6;290;05/09/2013
2013021845;1;2;1;2;3;290;06/09/2013
2013021846;1;2;6;1;3;290;07/09/2013
2013021847;1;2;1;1;3;290;09/09/2013
2013021848;1;2;3;2;4;290;12/09/2013
2013021849;5;2;1;2;6;290;13/09/2013
2013021850;1;2;8;1;3;290;14/09/2013
2013021851;4;2;6;1;3;290;15/09/2013
2013021852;1;2;1;1;6;290;16/09/2013
2013021853;1;2;1;5;1;290;17/09/2013
2013021854;5;2;3;1;3;290;20/09/2013
2013021855;1;2;1;1;3;290;22/09/2013
2013021856;1;2;6;7;2;290;23/09/2013
2013021857;1;2;1;1;6;290;24/09/2013
2013021858;1;2;1;1;6;290;24/09/2013
2013021859;1;2;1;1;6;290;27/09/2013
2013021860;1;2;1;1;3;290;27/09/2013
2013021861;1;2;1;1;3;290;28/09/2013
2013021862;1;2;1;1;6;290;28/09/2013
2013021863;1;2;1;1;2;290;30/09/2013
2013021864;1;2;2;1;3;290;03/10/2013
2013021865;1;2;1;1;3;290;05/10/2013
2013021866;1;2;1;1;6;290;07/10/2013
2013021867;1;2;2;1;3;290;08/10/2013
2013021868;1;2;1;1;6;290;08/10/2013
2013021869;1;2;3;1;3;290;10/10/2013
2013021870;1;2;2;1;3;290;11/10/2013
2013021871;1;2;9;1;3;290;11/10/2013
2013021872;1;2;3;1;6;290;14/10/2013
2013021873;1;2;1;1;6;290;15/10/2013
2013021874;1;2;1;1;6;290;17/10/2013
2013021875;1;2;2;1;3;290;18/10/2013
2013021876;2;2;6;1;6;290;21/10/2013
2013021877;1;2;1;1;2;290;25/10/2013
2013021878;1;2;1;3;2;290;29/10/2013
2013021879;1;2;1;1;2;290;02/11/2013
2013021880;5;2;3;3;3;290;03/11/2013
2013021881;5;2;2;3;5;290;03/11/2013
2013021882;1;2;3;2;3;290;05/11/2013
2013021883;5;2;3;1;6;290;06/11/2013
2013021884;1;2;3;1;3;290;07/11/2013
2013021885;1;2;1;1;2;290;09/11/2013
2013021886;5;2;1;1;6;290;09/11/2013
2013021887;1;2;1;2;2;290;11/11/2013
2013021888;1;2;1;1;6;290;13/11/2013
2013021889;1;2;1;1;4;290;16/11/2013
2013021890;1;2;1;1;2;290;18/11/2013
2013021891;1;2;1;1;3;290;19/11/2013
2013021892;2;2;1;1;6;290;21/11/2013
2013021893;1;2;1;1;6;290;22/11/2013
2013021894;1;2;3;1;3;290;22/11/2013
2013021895;3;2;2;1;3;290;23/11/2013
2013021896;5;2;1;1;6;290;24/11/2013
2013021897;5;2;1;1;6;290;26/11/2013
2013021898;5;2;2;2;3;290;27/11/2013
2013021899;5;2;5;2;3;290;27/11/2013
2013021900;1;2;1;8;6;290;29/11/2013
2013021901;1;2;1;8;4;290;29/11/2013
2013021902;5;2;2;1;6;290;30/11/2013
2013021903;5;2;3;1;2;290;02/12/2013
2013021904;5;2;1;2;6;290;04/12/2013
2013021905;1;2;1;2;6;290;13/12/2013
2013021906;5;2;1;3;6;290;14/12/2013
2013021907;1;2;2;1;3;290;14/12/2013
2013021908;5;2;3;3;6;290;16/12/2013
2013021909;1;2;1;3;6;290;16/12/2013
2013021910;1;2;1;3;6;290;16/12/2013
2013021911;1;2;2;3;6;290;18/12/2013
2013021912;5;2;3;3;6;290;18/12/2013
2013021913;5;2;1;1;6;290;19/12/2013
2013021914;1;2;1;3;6;290;21/12/2013
2013021915;5;2;1;2;6;290;22/12/2013
2013021916;1;2;2;1;3;290;22/12/2013
2013021917;5;2;1;6;6;290;23/12/2013
2013021918;1;2;1;1;6;290;26/12/2013
2013021919;3;2;1;2;6;290;26/12/2013
2013021920;3;2;1;2;6;290;26/12/2013
2013021921;5;2;1;3;2;290;31/12/2013
2013021922;1;1;1;4;1;400;06/02/2013
2013021923;1;1;1;1;6;400;23/02/2013
2013021924;1;1;1;1;2;400;09/04/2013
2013021925;1;1;1;1;7;400;19/04/2013
2013021926;1;1;1;1;7;400;28/07/2013
2013021927;1;1;1;1;7;400;12/10/2013
2013021928;1;1;1;1;6;400;31/10/2013
2013021929;5;1;6;1;7;400;11/12/2013
2013021930;1;1;1;2;7;290;04/01/2013
2013021931;1;1;1;2;7;290;10/01/2013
2013021932;1;1;1;2;7;290;10/01/2013
2013021933;1;1;1;2;1;290;10/01/2013
2013021934;5;2;1;8;7;290;15/01/2013
2013021935;1;2;1;1;3;290;17/01/2013
2013021936;1;1;1;1;6;290;20/01/2013
2013021937;3;2;1;2;6;290;02/02/2013
2013021938;1;1;1;1;7;290;09/02/2013
2013021939;1;1;1;1;7;290;09/02/2013
2013021940;1;2;1;1;5;290;23/02/2013
2013021941;1;2;1;1;4;290;25/02/2013
2013021942;1;2;1;1;6;290;26/02/2013
2013021943;1;2;1;1;7;290;28/03/2013
2013021944;1;2;7;1;3;290;28/03/2013
2013021945;5;2;1;1;7;290;31/03/2013
2013021946;3;1;1;2;7;290;08/04/2013
2013021947;1;2;9;1;7;290;18/04/2013
2013021948;5;2;1;1;6;290;21/04/2013
2013021949;5;1;1;1;6;290;21/04/2013
2013021950;1;2;1;1;6;290;24/04/2013
2013021951;1;2;1;1;7;290;10/05/2013
2013021952;1;1;1;1;7;290;12/05/2013
2013021953;1;2;1;1;2;290;18/05/2013
2013021954;1;2;1;1;5;290;21/05/2013
2013021955;1;2;1;1;7;290;26/05/2013
2013021956;1;2;1;1;7;290;06/06/2013
2013021957;1;2;9;1;2;290;10/06/2013
2013021958;1;2;1;1;6;290;13/06/2013
2013021959;1;1;1;1;2;290;26/06/2013
2013021960;5;2;1;1;6;290;30/06/2013
2013021961;2;2;1;1;2;290;15/07/2013
2013021962;1;2;9;1;2;290;17/07/2013
2013021963;1;2;1;1;2;290;22/07/2013
2013021964;1;2;1;1;6;290;23/07/2013
2013021965;1;1;3;1;3;290;24/07/2013
2013021966;1;2;1;2;7;290;30/07/2013
2013021967;1;2;2;1;4;290;02/08/2013
2013021968;1;2;1;1;1;290;11/08/2013
2013021969;3;1;1;1;7;290;12/08/2013
2013021970;1;1;1;2;7;290;16/08/2013
2013021971;1;2;3;1;4;290;24/08/2013
2013021972;1;2;1;1;6;290;26/08/2013
2013021973;1;2;1;1;6;290;29/08/2013
2013021974;1;2;1;1;6;290;31/08/2013
2013021975;1;1;1;1;7;290;06/09/2013
2013021976;5;2;1;1;6;290;07/09/2013
2013021977;1;2;1;2;7;290;12/09/2013
2013021978;5;2;1;1;3;290;15/09/2013
2013021979;3;1;1;1;7;290;15/09/2013
2013021980;1;2;6;1;3;290;24/09/2013
2013021981;1;2;1;1;6;290;29/09/2013
2013021982;3;1;3;2;7;290;01/10/2013
2013021983;1;1;1;1;1;290;01/10/2013
2013021984;2;2;1;1;7;290;11/10/2013
2013021985;1;1;1;1;3;290;23/10/2013
2013021986;2;2;1;2;6;290;11/11/2013
2013021987;1;2;3;1;6;290;22/11/2013
2013021988;1;2;1;1;6;290;01/12/2013
2013021989;5;1;2;1;3;290;06/12/2013
2013021990;1;1;6;1;7;290;07/12/2013
2013021991;1;2;1;1;3;290;06/12/2013
2013021992;1;2;2;1;3;290;09/12/2013
2013021993;5;2;1;9;7;290;13/12/2013
2013021994;1;1;3;1;5;290;19/12/2013
2013021995;5;2;1;1;3;290;20/12/2013
2013021996;2;2;1;3;5;290;23/12/2013
2013021997;1;1;1;1;1;90;11/08/2013
2013021998;1;1;1;1;1;90;16/08/2013
2013021999;3;1;1;1;6;90;18/12/2013
2013022000;1;1;2;1;3;90;22/12/2013
2013022001;3;1;1;1;6;290;01/01/2013
2013022002;1;2;1;1;6;290;16/01/2013
2013022003;3;1;1;3;3;290;25/01/2013
2013022004;1;2;1;8;3;290;27/02/2013
2013022005;1;1;1;4;2;290;11/03/2013
2013022006;1;2;1;1;3;290;07/04/2013
2013022007;1;2;1;1;6;290;17/04/2013
2013022008;1;2;2;1;3;290;19/04/2013
2013022009;1;2;1;2;6;290;19/05/2013
2013022010;1;2;1;1;6;290;20/05/2013
2013022011;1;1;1;1;1;290;26/05/2013
2013022012;1;2;1;2;4;290;15/05/2013
2013022013;1;2;1;1;6;290;07/06/2013
2013022014;3;1;1;1;7;290;21/06/2013
2013022015;1;1;1;1;7;290;11/09/2013
2013022016;1;2;1;1;2;290;10/09/2013
2013022017;5;2;2;6;3;290;20/11/2013
2013022018;5;2;9;8;6;290;22/11/2013
2013022019;4;2;1;1;6;290;01/12/2013
2013022020;1;1;1;4;6;520;05/02/2013
2013022021;1;1;1;1;7;520;23/02/2013
2013022022;1;1;1;1;2;520;18/03/2013
2013022023;1;1;1;1;6;520;21/07/2013
2013022024;1;1;1;1;2;520;25/07/2013
2013022025;1;1;1;1;6;520;09/08/2013