num_acc;lum;agg;inter;atm;col;dep;date
2013023758;5;1;2;1;3;330;29/05/2013
2013023759;1;2;6;1;3;330;25/05/2013
2013023760;5;2;1;3;6;330;31/05/2013
2013023761;2;2;3;1;3;330;28/05/2013
2013023762;1;2;2;1;6;330;25/05/2013
2013023763;1;2;2;2;3;330;30/05/2013
2013023764;1;2;1;1;7;330;27/05/2013
2013023765;4;2;3;1;7;330;31/05/2013
2013023766;1;2;1;2;6;330;24/05/2013
2013023767;1;2;3;1;6;330;23/05/2013
2013023768;5;2;2;1;6;330;02/06/2013
2013023769;1;2;3;1;2;330;03/06/2013
2013023770;1;2;2;1;3;330;04/06/2013
2013023771;1;2;1;2;5;330;29/05/2013
2013023772;4;2;2;1;1;330;31/05/2013
2013023773;1;2;1;1;7;330;02/06/2013
2013023774;1;2;1;1;3;330;05/06/2013
2013023775;1;2;2;1;3;330;05/06/2013
2013023776;1;2;4;1;3;330;05/06/2013
2013023777;1;2;1;1;6;330;06/06/2013
2013023778;1;2;2;2;3;330;29/05/2013
2013023779;5;2;3;1;3;330;02/06/2013
2013023780;5;2;2;2;3;330;08/06/2013
2013023781;1;2;3;1;3;330;07/06/2013
2013023782;1;2;1;2;7;330;08/06/2013
2013023783;5;2;6;3;1;330;09/06/2013
2013023784;5;2;2;3;3;330;09/06/2013
2013023785;1;2;1;1;5;330;06/06/2013
2013023786;1;2;1;1;6;330;06/06/2013
2013023787;1;2;3;1;2;330;03/06/2013
2013023788;1;2;1;1;7;330;03/06/2013
2013023789;1;2;2;1;3;330;03/06/2013
2013023790;1;2;3;1;6;330;02/06/2013
2013023791;1;2;3;3;5;330;29/05/2013
2013023792;5;2;1;1;1;330;12/06/2013
2013023793;1;2;1;2;3;330;10/06/2013
2013023794;1;2;6;1;3;330;06/06/2013
2013023795;1;2;1;1;4;330;12/06/2013
2013023796;1;2;1;8;2;330;10/06/2013
2013023797;1;2;1;1;6;330;08/06/2013
2013023798;1;2;2;1;6;330;07/06/2013
2013023799;1;2;3;1;1;330;07/06/2013
2013023800;1;2;1;1;3;330;11/06/2013
2013023801;1;2;2;1;3;330;13/06/2013
2013023802;1;2;4;1;6;330;11/06/2013
2013023803;1;2;3;1;3;330;13/06/2013
2013023804;1;2;1;1;6;330;12/06/2013
2013023805;1;2;4;1;3;330;14/06/2013
2013023806;1;2;1;1;6;330;15/06/2013
2013023807;1;2;1;1;3;330;15/06/2013
2013023808;4;2;1;1;6;330;15/06/2013
2013023809;5;2;2;1;3;330;16/06/2013
2013023810;1;2;2;1;6;330;16/06/2013
2013023811;1;2;1;1;3;330;15/06/2013
2013023812;1;2;3;1;6;330;12/06/2013
2013023813;5;2;1;2;7;330;14/06/2013
2013023814;1;2;1;1;6;330;17/06/2013
2013023815;1;2;1;2;3;330;13/06/2013
2013023816;1;2;1;1;3;330;14/06/2013
2013023817;1;2;2;3;2;330;18/06/2013
2013023818;2;2;2;3;3;330;18/06/2013
2013023819;1;2;1;1;2;330;14/06/2013
2013023820;5;2;1;1;6;330;20/06/2013
2013023821;1;2;1;2;1;330;19/06/2013
2013023822;1;2;1;1;2;330;12/06/2013
2013023823;5;2;6;2;6;330;14/06/2013
2013023824;5;2;4;1;6;330;23/06/2013
2013023825;1;1;1;1;3;330;19/06/2013
2013023826;1;2;6;1;3;330;14/06/2013
2013023827;1;2;1;1;6;330;14/06/2013
2013023828;1;2;1;1;6;330;24/06/2013
2013023829;1;2;5;1;5;330;24/06/2013
2013023830;1;2;3;1;3;330;24/06/2013
2013023831;1;2;5;1;3;330;16/06/2013
2013023832;1;2;2;2;3;330;18/06/2013
2013023833;5;2;3;1;6;330;25/06/2013
2013023834;1;2;2;1;6;330;22/06/2013
2013023835;1;2;6;2;3;330;21/06/2013
2013023836;1;2;1;1;6;330;25/06/2013
2013023837;1;2;3;2;6;330;18/06/2013
2013023838;1;2;2;1;3;330;14/06/2013
2013023839;1;2;1;1;3;330;24/06/2013
2013023840;1;2;2;1;3;330;16/06/2013
2013023841;2;2;2;1;3;330;25/06/2013
2013023842;1;2;1;1;5;330;28/06/2013
2013023843;1;2;1;2;2;330;21/06/2013
2013023844;5;2;3;1;7;330;28/06/2013
2013023845;1;2;3;1;6;330;27/06/2013
2013023846;1;2;4;1;3;330;26/06/2013
2013023847;1;2;1;1;6;330;29/06/2013
2013023848;5;2;1;1;6;330;23/06/2013
2013023849;1;2;1;1;2;330;28/06/2013
2013023850;5;2;2;1;6;330;01/07/2013
2013023851;1;2;1;1;6;330;29/06/2013
2013023852;1;2;1;1;2;330;28/06/2013
2013023853;5;2;2;1;6;330;30/06/2013
2013023854;1;2;1;1;6;330;02/07/2013
2013023855;1;2;1;1;3;330;27/06/2013
2013023856;1;2;1;1;6;330;30/06/2013
2013023857;1;2;3;1;3;330;02/07/2013
2013023858;1;2;2;1;6;330;22/06/2013
2013023859;1;2;1;1;3;330;02/07/2013
2013023860;1;2;1;1;6;330;05/07/2013
2013023861;1;2;3;1;2;330;03/07/2013
2013023862;1;2;4;1;2;330;04/07/2013
2013023863;1;2;4;1;3;330;04/07/2013
2013023864;1;2;3;1;3;330;04/07/2013
2013023865;1;2;6;1;3;330;04/07/2013
2013023866;1;2;1;1;4;330;28/06/2013
2013023867;1;2;4;1;3;330;05/07/2013
2013023868;1;2;2;1;6;330;05/07/2013
2013023869;1;2;2;1;3;330;05/07/2013
2013023870;1;2;1;1;6;330;28/06/2013
2013023871;1;2;1;1;6;330;05/07/2013
2013023872;1;2;2;2;6;330;03/07/2013
2013023873;1;2;3;1;6;330;05/07/2013
2013023874;1;2;3;1;6;330;06/07/2013
2013023875;1;2;1;1;3;330;08/07/2013
2013023876;1;2;3;1;3;330;08/07/2013
2013023877;1;2;3;1;3;330;03/07/2013
2013023878;1;2;1;1;3;330;06/07/2013
2013023879;5;2;1;1;6;330;07/07/2013
2013023880;1;2;3;1;6;330;09/07/2013
2013023881;1;2;2;1;2;330;06/07/2013
2013023882;1;2;2;1;3;330;10/07/2013
2013023883;1;2;1;1;5;330;09/07/2013
2013023884;1;2;3;1;3;330;05/07/2013
2013023885;5;2;1;1;6;330;13/07/2013
2013023886;1;2;5;1;3;330;24/06/2013
2013023887;1;2;2;1;2;330;12/07/2013
2013023888;1;2;4;1;6;330;15/07/2013
2013023889;1;2;2;1;6;330;08/07/2013
2013023890;1;2;1;1;6;330;16/07/2013
2013023891;1;2;6;1;3;330;14/07/2013
2013023892;1;2;1;1;6;330;10/07/2013
2013023893;1;2;2;1;6;330;16/07/2013
2013023894;1;2;1;1;5;330;12/07/2013
2013023895;1;2;2;1;5;330;12/07/2013
2013023896;2;2;2;1;3;330;16/07/2013
2013023897;1;2;1;1;2;330;12/07/2013
2013023898;1;2;2;1;3;330;18/07/2013
2013023899;1;2;3;1;6;330;13/07/2013
2013023900;1;2;1;1;3;330;17/07/2013
2013023901;1;2;1;1;2;330;21/07/2013
2013023902;1;2;1;1;4;330;18/07/2013
2013023903;5;2;5;1;3;330;21/07/2013
2013023904;1;2;1;1;3;330;19/07/2013
2013023905;1;1;1;1;1;330;21/07/2013
2013023906;1;2;2;1;3;330;18/07/2013
2013023907;1;2;2;1;2;330;22/07/2013
2013023908;2;2;2;1;6;330;23/07/2013
2013023909;1;2;3;1;4;330;22/07/2013
2013023910;1;2;1;1;6;330;20/07/2013
2013023911;1;2;1;1;6;330;23/07/2013
2013023912;1;2;1;1;7;330;24/07/2013
2013023913;1;2;2;1;3;330;24/07/2013
2013023914;1;2;1;1;6;330;19/07/2013
2013023915;5;1;2;1;3;330;25/07/2013
2013023916;5;2;6;1;3;330;21/07/2013
2013023917;1;2;1;1;2;330;25/07/2013
2013023918;1;2;3;1;3;330;16/07/2013
2013023919;1;2;3;1;2;330;26/07/2013
2013023920;1;2;6;1;6;330;25/07/2013
2013023921;1;2;2;2;3;330;26/07/2013
2013023922;1;2;6;1;3;330;21/07/2013
2013023923;1;2;4;1;5;330;19/07/2013
2013023924;1;2;3;1;2;330;26/07/2013
2013023925;1;2;5;1;3;330;24/07/2013
2013023926;2;2;2;1;3;330;24/07/2013
2013023927;1;2;2;1;3;330;29/07/2013
2013023928;2;2;6;1;2;330;23/07/2013
2013023929;1;2;2;1;6;330;31/07/2013
2013023930;1;2;3;1;3;330;01/08/2013
2013023931;1;2;6;1;3;330;25/07/2013
2013023932;1;2;1;1;3;330;25/07/2013
2013023933;5;2;1;1;6;330;31/07/2013
2013023934;1;2;1;1;3;330;31/07/2013
2013023935;1;2;3;1;3;330;31/07/2013
2013023936;1;1;1;1;3;330;31/07/2013
2013023937;1;2;6;1;3;330;29/07/2013
2013023938;1;2;2;1;3;330;01/08/2013
2013023939;1;2;3;1;2;330;04/08/2013
2013023940;1;2;2;1;4;330;27/07/2013
2013023941;1;2;4;1;3;330;30/07/2013
2013023942;1;2;1;1;1;330;02/08/2013
2013023943;5;2;1;1;6;330;05/08/2013
2013023944;5;2;1;8;6;330;02/08/2013
2013023945;1;2;3;1;3;330;27/07/2013
2013023946;1;2;1;1;3;330;03/08/2013
2013023947;1;2;3;1;3;330;01/08/2013
2013023948;1;2;2;1;3;330;04/08/2013
2013023949;5;2;1;1;6;330;04/08/2013
2013023950;1;2;1;1;6;330;08/08/2013
2013023951;1;2;2;1;3;330;06/08/2013
2013023952;1;2;1;1;7;330;06/08/2013
2013023953;1;2;3;1;3;330;12/08/2013
2013023954;1;2;2;1;3;330;06/08/2013
2013023955;1;2;2;1;2;330;09/08/2013
2013023956;1;2;1;1;3;330;04/08/2013
2013023957;1;2;1;1;6;330;08/08/2013
2013023958;1;2;3;1;2;330;01/08/2013
2013023959;1;2;1;1;2;330;08/08/2013
2013023960;1;2;1;2;3;330;07/08/2013
2013023961;1;2;2;1;5;330;13/08/2013
2013023962;1;2;3;1;2;330;05/08/2013
2013023963;1;2;1;1;2;330;15/08/2013
2013023964;1;2;2;1;6;330;10/08/2013
2013023965;1;2;1;1;2;330;16/08/2013
2013023966;1;2;2;1;3;330;18/08/2013
2013023967;2;2;6;1;7;330;18/08/2013
2013023968;1;2;2;1;3;330;21/08/2013
2013023969;5;2;4;1;6;330;20/08/2013
2013023970;2;2;3;1;7;330;17/08/2013
2013023971;1;2;4;1;2;330;14/08/2013
2013023972;1;2;6;1;4;330;20/08/2013
2013023973;1;2;1;1;3;330;13/08/2013
2013023974;1;2;1;1;2;330;20/08/2013
2013023975;1;2;1;1;1;330;21/08/2013
2013023976;1;2;4;1;6;330;22/08/2013
2013023977;1;2;3;1;6;330;22/08/2013
2013023978;1;2;2;7;6;330;22/08/2013
2013023979;5;2;5;1;1;330;25/08/2013
2013023980;1;2;1;1;4;330;14/08/2013
2013023981;1;2;3;1;3;330;26/08/2013
2013023982;5;2;1;1;6;330;27/08/2013
2013023983;5;2;1;1;3;330;25/08/2013
2013023984;1;2;2;1;3;330;21/08/2013
2013023985;5;2;3;1;6;330;28/08/2013
2013023986;1;2;1;1;3;330;28/08/2013
2013023987;1;2;3;1;3;330;28/08/2013
2013023988;5;2;3;1;3;330;30/08/2013
2013023989;1;2;1;1;2;330;27/08/2013
2013023990;1;2;1;1;6;330;31/08/2013
2013023991;1;2;1;1;7;330;30/08/2013
2013023992;5;2;1;1;6;330;31/08/2013
2013023993;1;2;1;1;3;330;27/08/2013
2013023994;5;2;1;1;2;330;31/08/2013
2013023995;1;2;1;1;3;330;30/08/2013
2013023996;1;2;3;1;6;330;27/08/2013
2013023997;1;2;3;1;3;330;27/08/2013
2013023998;5;2;2;1;6;330;27/08/2013
2013023999;1;2;1;1;2;330;02/09/2013
2013024000;1;2;2;1;2;330;02/09/2013
2013024001;1;2;6;1;6;330;03/09/2013
2013024002;1;2;1;1;2;330;30/08/2013
2013024003;1;2;2;1;3;330;30/08/2013
2013024004;1;2;1;1;4;330;03/09/2013
2013024005;1;2;2;1;3;330;03/09/2013
2013024006;1;2;1;1;2;330;02/09/2013
2013024007;1;2;2;1;2;330;30/08/2013
2013024008;1;2;1;1;3;330;30/08/2013
2013024009;1;2;3;1;6;330;05/09/2013
2013024010;1;2;1;1;4;330;02/09/2013
2013024011;1;2;2;1;2;330;03/09/2013
2013024012;3;2;1;1;6;330;30/08/2013
2013024013;1;1;1;1;2;330;03/09/2013
2013024014;1;2;1;2;3;330;06/09/2013
2013024015;1;2;5;2;3;330;06/09/2013
2013024016;5;2;2;2;5;330;07/09/2013
2013024017;2;2;1;1;6;330;06/09/2013
2013024018;5;2;2;1;6;330;07/09/2013
2013024019;2;2;3;2;3;330;06/09/2013
2013024020;1;2;2;1;6;330;06/09/2013
2013024021;5;2;3;2;2;330;09/09/2013
2013024022;1;2;3;2;6;330;09/09/2013
2013024023;1;2;3;1;6;330;03/09/2013
2013024024;1;2;1;1;1;330;03/09/2013
2013024025;1;2;4;1;2;330;10/09/2013
2013024026;1;2;6;1;2;330;10/09/2013
2013024027;1;2;3;1;3;330;07/09/2013
2013024028;1;2;3;1;2;330;06/09/2013
2013024029;1;2;3;1;3;330;03/09/2013
2013024030;1;2;4;1;3;330;02/09/2013
2013024031;1;2;3;1;2;330;05/09/2013
2013024032;1;2;1;1;6;330;05/09/2013
2013024033;1;2;5;1;3;330;12/09/2013
2013024034;1;2;1;1;1;330;14/09/2013
2013024035;1;2;6;1;3;330;11/09/2013
2013024036;1;2;5;1;3;330;13/09/2013
2013024037;1;2;2;2;3;330;16/09/2013
2013024038;1;2;1;2;6;330;16/09/2013
2013024039;1;2;2;2;6;330;16/09/2013
2013024040;1;2;6;1;3;330;10/09/2013
2013024041;5;2;2;2;7;330;13/09/2013
2013024042;2;2;2;1;6;330;06/09/2013
2013024043;1;2;5;1;6;330;10/09/2013
2013024044;2;2;1;2;2;330;12/09/2013
2013024045;5;2;2;2;6;330;17/09/2013
2013024046;1;2;1;1;6;330;17/09/2013
2013024047;1;2;2;3;2;330;18/09/2013
2013024048;1;2;6;2;3;330;18/09/2013
2013024049;1;2;2;1;6;330;18/09/2013
2013024050;1;2;1;1;6;330;13/09/2013
2013024051;1;2;5;1;5;330;18/09/2013
2013024052;1;2;3;2;3;330;18/09/2013
2013024053;1;2;1;1;3;330;19/09/2013
2013024054;5;2;2;1;3;330;15/09/2013
2013024055;1;2;3;1;6;330;11/09/2013
2013024056;1;2;2;1;3;330;17/09/2013
2013024057;1;2;4;2;2;330;16/09/2013
2013024058;1;2;1;1;2;330;20/09/2013
2013024059;5;2;1;1;6;330;22/09/2013
2013024060;1;2;2;1;6;330;21/09/2013
2013024061;1;2;1;1;2;330;20/09/2013
2013024062;1;2;2;1;3;330;20/09/2013
2013024063;1;2;3;1;3;330;21/09/2013
2013024064;5;2;2;1;3;330;21/09/2013
2013024065;1;2;1;1;3;330;13/09/2013
2013024066;5;2;4;3;3;330;14/09/2013
2013024067;1;2;1;1;6;330;17/09/2013
2013024068;1;2;2;1;3;330;20/09/2013
2013024069;1;2;1;1;6;330;23/09/2013
2013024070;1;2;1;1;6;330;23/09/2013
2013024071;1;2;4;1;6;330;24/09/2013
2013024072;2;2;1;1;6;330;22/09/2013
2013024073;1;2;1;1;3;330;10/09/2013
2013024074;1;2;2;1;3;330;24/09/2013
2013024075;1;2;1;1;3;330;24/09/2013
2013024076;1;2;1;1;2;330;24/09/2013
2013024077;5;2;1;1;7;330;18/09/2013
2013024078;1;2;4;1;3;330;18/09/2013
2013024079;1;2;3;1;3;330;24/09/2013
2013024080;1;2;2;1;6;330;25/09/2013
2013024081;5;2;2;1;7;330;20/09/2013
2013024082;1;2;2;1;3;330;24/09/2013
2013024083;1;2;4;1;6;330;26/09/2013
2013024084;5;2;1;2;7;330;29/09/2013
2013024085;1;2;1;1;3;330;23/09/2013
2013024086;1;2;2;1;3;330;27/09/2013
2013024087;2;2;2;2;6;330;28/09/2013
2013024088;1;2;3;1;3;330;29/09/2013
2013024089;5;2;3;1;2;330;27/09/2013
2013024090;5;2;3;1;7;330;28/09/2013
2013024091;1;2;1;2;3;330;20/09/2013
2013024092;5;2;1;1;7;330;30/09/2013
2013024093;1;2;3;2;3;330;29/09/2013
2013024094;1;2;3;1;2;330;30/09/2013
2013024095;1;2;1;1;6;330;30/09/2013
2013024096;2;2;1;1;3;330;02/10/2013
2013024097;1;2;3;1;3;330;25/09/2013
2013024098;1;2;1;1;2;330;01/10/2013
2013024099;1;2;3;1;3;330;01/10/2013
2013024100;5;2;1;1;7;330;03/10/2013
2013024101;1;2;2;1;3;330;02/10/2013
2013024102;1;2;1;1;3;330;02/10/2013
2013024103;2;2;4;1;3;330;27/09/2013
2013024104;1;2;3;1;2;330;30/09/2013
2013024105;1;2;1;1;6;330;27/09/2013
2013024106;1;2;2;3;3;330;04/10/2013
2013024107;1;2;1;2;6;330;04/10/2013
2013024108;1;2;2;1;3;330;01/10/2013
2013024109;1;2;1;1;6;330;24/09/2013
2013024110;1;2;6;2;3;330;04/10/2013
2013024111;5;2;1;1;6;330;06/10/2013
2013024112;1;2;3;1;6;330;07/10/2013
2013024113;1;2;1;1;3;330;01/10/2013
2013024114;5;2;6;2;6;330;03/10/2013
2013024115;1;2;1;3;3;330;04/10/2013
2013024116;1;2;3;1;2;330;07/10/2013
2013024117;1;2;4;1;3;330;04/10/2013
2013024118;1;2;1;1;3;330;03/10/2013
2013024119;1;2;1;8;1;330;08/10/2013
2013024120;1;2;6;1;1;330;27/09/2013
2013024121;1;2;2;1;6;330;08/10/2013
2013024122;1;2;2;1;3;330;03/10/2013
2013024123;1;2;6;1;2;330;03/10/2013
2013024124;1;2;6;1;3;330;09/10/2013
2013024125;1;2;6;1;2;330;09/10/2013
2013024126;5;2;3;1;6;330;10/10/2013
2013024127;1;2;2;1;3;330;07/10/2013
2013024128;5;2;3;2;3;330;12/10/2013
2013024129;2;2;1;1;6;330;11/10/2013
2013024130;1;2;1;2;3;330;12/10/2013
2013024131;1;2;2;1;6;330;08/10/2013
2013024132;1;2;1;1;2;330;07/10/2013
2013024133;1;2;6;1;2;330;07/10/2013
2013024134;1;2;1;1;5;330;09/10/2013
2013024135;1;2;3;1;6;330;15/10/2013
2013024136;1;2;6;1;6;330;14/10/2013
2013024137;1;2;3;1;3;330;11/10/2013
2013024138;1;2;3;1;6;330;15/10/2013
2013024139;2;2;2;2;2;330;16/10/2013
2013024140;1;2;2;1;3;330;16/10/2013
2013024141;5;2;2;1;3;330;11/10/2013
2013024142;1;2;1;1;6;330;10/10/2013
2013024143;5;2;2;2;6;330;16/10/2013
2013024144;5;2;1;1;6;330;18/10/2013
2013024145;1;2;1;2;3;330;16/10/2013
2013024146;5;2;2;1;6;330;17/10/2013
2013024147;1;2;1;1;1;330;15/10/2013
2013024148;5;2;9;2;2;330;12/10/2013
2013024149;1;2;3;1;1;330;19/10/2013
2013024150;5;2;3;1;3;330;19/10/2013
2013024151;1;2;1;1;2;330;18/10/2013
2013024152;1;2;2;1;2;330;20/10/2013
2013024153;1;2;2;1;3;330;21/10/2013
2013024154;1;2;2;2;3;330;22/10/2013
2013024155;1;2;1;1;3;330;10/10/2013
2013024156;1;2;3;1;3;330;16/10/2013
2013024157;5;2;1;1;7;330;23/10/2013
2013024158;1;2;1;3;3;330;23/10/2013
2013024159;1;2;2;1;3;330;20/10/2013
2013024160;1;2;1;1;3;330;20/10/2013
2013024161;1;2;1;1;2;330;18/10/2013
2013024162;2;2;3;1;3;330;18/10/2013
2013024163;1;2;2;1;3;330;23/10/2013
2013024164;1;2;3;5;1;330;17/10/2013
2013024165;1;2;6;1;2;330;18/10/2013
2013024166;1;2;5;1;3;330;19/10/2013
2013024167;1;2;2;1;3;330;21/10/2013
2013024168;1;2;1;1;3;330;26/10/2013
2013024169;1;2;1;9;3;330;26/10/2013
2013024170;5;2;3;1;6;330;25/10/2013
2013024171;1;2;5;2;3;330;26/10/2013
2013024172;1;2;1;1;2;330;21/10/2013
2013024173;1;2;1;2;3;330;25/10/2013
2013024174;1;2;1;1;6;330;22/10/2013
2013024175;1;2;2;1;3;330;23/10/2013
2013024176;1;2;1;1;4;330;24/10/2013
2013024177;1;2;3;1;3;330;22/10/2013
2013024178;2;2;2;1;3;330;24/10/2013
2013024179;1;2;2;1;3;330;23/10/2013
2013024180;1;2;6;1;3;330;24/10/2013
2013024181;1;2;2;2;3;330;25/10/2013
2013024182;1;2;6;1;6;330;25/10/2013
2013024183;1;2;2;2;3;330;28/10/2013
2013024184;1;2;1;1;2;330;28/10/2013
2013024185;5;2;3;2;3;330;01/11/2013
2013024186;1;2;2;2;3;330;02/11/2013
2013024187;5;2;3;1;6;330;31/10/2013
2013024188;3;2;1;2;7;330;02/11/2013
2013024189;1;2;2;1;2;330;31/10/2013
2013024190;5;2;6;1;3;330;31/10/2013
2013024191;5;2;2;2;1;330;04/11/2013
2013024192;1;2;3;2;6;330;04/11/2013
2013024193;1;2;2;3;6;330;04/11/2013
2013024194;5;2;5;2;3;330;05/11/2013
2013024195;5;2;1;2;2;330;05/11/2013
2013024196;5;2;1;2;6;330;03/11/2013
2013024197;5;2;3;9;6;330;06/11/2013
2013024198;5;2;2;3;6;330;04/11/2013
2013024199;1;2;2;1;3;330;07/11/2013
2013024200;5;2;2;1;3;330;07/11/2013
2013024201;5;2;2;1;3;330;07/11/2013
2013024202;1;2;2;2;6;330;07/11/2013
2013024203;5;2;1;2;6;330;10/11/2013
2013024204;5;2;1;2;6;330;10/11/2013
2013024205;1;2;3;3;3;330;05/11/2013
2013024206;1;2;2;8;6;330;10/11/2013
2013024207;5;2;2;2;2;330;08/11/2013
2013024208;5;2;2;1;7;330;11/11/2013
2013024209;1;2;2;2;1;330;12/11/2013
2013024210;1;2;3;2;7;330;12/11/2013
2013024211;2;2;3;2;1;330;04/11/2013
2013024212;1;2;6;1;3;330;31/10/2013
2013024213;1;2;6;3;3;330;04/11/2013
2013024214;5;2;2;1;2;330;06/11/2013
2013024215;1;2;3;2;3;330;12/11/2013
2013024216;1;2;3;2;2;330;06/11/2013
2013024217;3;2;6;2;7;330;12/11/2013
2013024218;1;2;3;1;6;330;13/11/2013
2013024219;5;2;2;1;3;330;13/11/2013
2013024220;5;2;3;2;3;330;08/11/2013
2013024221;5;2;1;1;2;330;11/11/2013
2013024222;1;2;4;8;3;330;07/11/2013
2013024223;1;2;3;2;3;330;08/11/2013
2013024224;2;2;3;2;6;330;07/11/2013
2013024225;5;2;3;1;6;330;16/11/2013
2013024226;1;2;2;2;3;330;07/11/2013
2013024227;1;2;3;3;2;330;12/11/2013
2013024228;1;2;2;3;1;330;12/11/2013
2013024229;5;2;3;1;6;330;17/11/2013
2013024230;5;2;3;1;6;330;09/11/2013
2013024231;5;2;1;2;5;330;15/11/2013
2013024232;1;2;1;1;2;330;12/11/2013
2013024233;5;2;3;1;3;330;17/11/2013
2013024234;4;2;3;2;6;330;15/11/2013
2013024235;2;2;2;1;3;330;13/11/2013
2013024236;1;2;6;1;3;330;13/11/2013
2013024237;1;2;1;1;3;330;18/11/2013
2013024238;2;2;2;8;3;330;18/11/2013
2013024239;5;2;1;1;3;330;18/11/2013
2013024240;1;2;2;1;3;330;18/11/2013
2013024241;1;2;3;8;3;330;18/11/2013
2013024242;1;2;1;2;3;330;12/11/2013
2013024243;1;2;6;1;3;330;15/11/2013
2013024244;1;2;3;1;5;330;14/11/2013
2013024245;2;2;2;1;3;330;19/11/2013
2013024246;2;2;1;1;6;330;14/11/2013
2013024247;5;2;3;1;3;330;14/11/2013
2013024248;1;2;3;1;3;330;20/11/2013
2013024249;5;2;1;2;7;330;21/11/2013
2013024250;5;2;3;1;3;330;19/11/2013
2013024251;5;2;1;3;6;330;21/11/2013
2013024252;4;2;2;1;3;330;16/11/2013
2013024253;1;2;1;1;2;330;18/11/2013
2013024254;1;2;3;1;3;330;19/11/2013
2013024255;1;2;1;1;6;330;19/11/2013
2013024256;4;2;3;2;6;330;15/11/2013
2013024257;1;2;3;1;2;330;21/11/2013
2013024258;1;2;2;3;3;330;21/11/2013
2013024259;5;2;3;3;6;330;21/11/2013
2013024260;2;2;2;1;6;330;23/11/2013
2013024261;5;2;3;1;3;330;22/11/2013
2013024262;1;2;2;1;3;330;18/11/2013
2013024263;5;2;3;1;3;330;25/11/2013
2013024264;5;2;3;2;6;330;21/11/2013
2013024265;2;2;2;1;6;330;26/11/2013
2013024266;1;2;3;1;2;330;22/11/2013
2013024267;5;2;3;2;6;330;20/11/2013
2013024268;2;2;2;2;3;330;21/11/2013
2013024269;1;2;3;1;3;330;25/11/2013
2013024270;2;2;2;1;3;330;27/11/2013
2013024271;5;2;3;1;3;330;27/11/2013
2013024272;1;2;2;1;3;330;28/11/2013
2013024273;1;2;1;1;6;330;24/11/2013
2013024274;1;2;3;1;3;330;26/11/2013
2013024275;5;2;3;1;3;330;28/11/2013
2013024276;5;2;2;1;1;330;29/11/2013
2013024277;5;2;2;1;3;330;01/12/2013
2013024278;1;2;1;1;3;330;01/12/2013
2013024279;1;2;1;1;6;330;26/11/2013
2013024280;5;2;2;1;7;330;30/11/2013
2013024281;1;2;5;1;3;330;22/11/2013
2013024282;5;2;2;3;3;330;30/11/2013
2013024283;5;2;1;1;6;330;01/12/2013
2013024284;2;2;3;1;2;330;02/12/2013
2013024285;5;2;3;1;3;330;02/12/2013
2013024286;1;2;3;1;2;330;03/12/2013
2013024287;2;2;1;1;6;330;26/11/2013
2013024288;1;2;1;1;3;330;03/12/2013
2013024289;2;2;3;1;3;330;29/11/2013
2013024290;5;2;3;1;6;330;05/12/2013
2013024291;1;2;6;1;3;330;30/11/2013
2013024292;1;2;2;1;6;330;03/12/2013
2013024293;5;2;3;1;7;330;05/12/2013
2013024294;5;2;2;1;6;330;07/12/2013
2013024295;1;2;2;1;3;330;06/12/2013
2013024296;5;2;2;1;6;330;05/12/2013
2013024297;1;2;2;1;3;330;06/12/2013
2013024298;5;2;3;1;3;330;06/12/2013
2013024299;1;2;2;1;6;330;09/12/2013
2013024300;5;2;2;1;3;330;09/12/2013
2013024301;5;2;1;1;6;330;07/12/2013
2013024302;1;2;2;1;6;330;10/12/2013
2013024303;5;2;1;1;5;330;09/12/2013
2013024304;1;2;2;1;3;330;09/12/2013
2013024305;5;2;6;1;3;330;06/12/2013
2013024306;1;2;2;8;2;330;06/12/2013
2013024307;5;2;6;1;6;330;09/12/2013
2013024308;1;2;2;1;6;330;11/12/2013
2013024309;5;2;6;1;2;330;05/12/2013
2013024310;3;2;3;1;6;330;06/12/2013
2013024311;5;2;6;1;6;330;09/12/2013
2013024312;5;2;2;1;3;330;09/12/2013
2013024313;1;2;2;1;3;330;06/12/2013
2013024314;1;2;3;1;6;330;08/12/2013
2013024315;5;2;1;1;1;330;13/12/2013
2013024316;5;2;3;1;6;330;12/12/2013
2013024317;1;2;1;1;6;330;12/12/2013
2013024318;1;2;1;1;3;330;12/12/2013
2013024319;1;2;2;1;6;330;09/12/2013
2013024320;1;2;6;1;7;330;06/12/2013
2013024321;1;2;1;1;7;330;14/12/2013
2013024322;5;2;2;2;6;330;13/12/2013
2013024323;5;2;1;1;2;330;10/12/2013
2013024324;5;2;2;1;3;330;14/12/2013
2013024325;3;2;1;1;3;330;11/12/2013
2013024326;2;2;1;2;3;330;13/12/2013
2013024327;1;2;1;1;6;330;09/12/2013
2013024328;1;2;2;1;3;330;16/12/2013
2013024329;5;2;3;1;6;330;16/12/2013
2013024330;1;2;1;1;3;330;12/12/2013
2013024331;1;2;2;1;5;330;11/12/2013
2013024332;5;2;2;1;3;330;18/12/2013
2013024333;5;2;1;2;7;330;14/12/2013
2013024334;5;2;1;1;2;330;18/12/2013