num_acc;lum;agg;inter;atm;col;dep;date
2013024335;5;2;2;1;6;330;19/12/2013
2013024336;5;2;3;2;3;330;19/12/2013
2013024337;1;2;3;1;6;330;14/12/2013
2013024338;1;2;1;1;6;330;15/12/2013
2013024339;1;2;1;1;6;330;16/12/2013
2013024340;1;2;2;1;5;330;12/12/2013
2013024341;5;2;3;1;2;330;12/12/2013
2013024342;2;2;3;1;5;330;12/12/2013
2013024343;1;2;2;5;6;330;13/12/2013
2013024344;5;2;1;1;1;330;13/12/2013
2013024345;1;2;2;1;6;330;14/12/2013
2013024346;5;2;2;1;6;330;21/12/2013
2013024347;1;2;3;1;6;330;20/12/2013
2013024348;1;2;2;1;3;330;22/12/2013
2013024349;5;2;1;1;6;330;22/12/2013
2013024350;5;2;2;1;3;330;23/12/2013
2013024351;5;2;3;1;3;330;16/12/2013
2013024352;1;2;2;1;3;330;20/12/2013
2013024353;1;2;2;1;3;330;19/12/2013
2013024354;1;2;1;1;3;330;18/12/2013
2013024355;1;2;6;1;3;330;22/12/2013
2013024356;5;2;3;1;2;330;17/12/2013
2013024357;1;2;6;1;3;330;17/12/2013
2013024358;1;2;2;1;3;330;17/12/2013
2013024359;5;2;4;1;3;330;20/12/2013
2013024360;5;2;5;1;6;330;29/12/2013
2013024361;1;2;3;1;3;330;20/12/2013
2013024362;4;2;1;1;6;330;28/12/2013
2013024363;5;2;4;1;3;330;29/12/2013
2013024364;2;2;2;1;6;330;20/12/2013
2013024365;1;2;2;1;3;330;27/12/2013
2013024366;5;2;1;8;5;330;24/12/2013
2013024367;1;2;3;2;6;330;24/12/2013
2013024368;5;2;9;1;1;330;07/04/2013
2013024369;1;2;2;2;3;330;10/06/2013
2013024370;3;2;1;1;7;490;04/05/2013
2013024371;1;1;4;1;1;490;28/08/2013
2013024372;1;1;1;1;1;490;20/09/2013
2013024373;2;1;6;1;2;490;22/09/2013
2013024374;3;2;1;1;6;490;28/09/2013
2013024375;1;1;2;1;3;490;07/10/2013
2013024376;1;1;3;8;3;490;06/11/2013
2013024377;1;1;1;1;1;490;09/12/2013
2013024378;1;1;6;1;7;490;20/12/2013
2013024379;3;1;1;1;6;490;21/12/2013
2013024380;3;1;1;2;6;180;14/02/2013
2013024381;1;1;1;1;1;180;18/05/2013
2013024382;1;2;1;1;6;180;18/06/2013
2013024383;5;2;1;1;3;180;05/08/2013
2013024384;1;2;1;1;6;180;27/08/2013
2013024385;1;2;1;1;1;180;27/09/2013
2013024386;1;1;2;1;7;180;20/10/2013
2013024387;1;1;1;2;6;180;06/11/2013
2013024388;1;1;1;2;5;180;21/11/2013
2013024389;1;2;2;1;3;180;07/12/2013
2013024390;5;1;1;9;1;60;08/01/2013
2013024391;5;1;1;1;1;60;08/03/2013
2013024392;1;2;1;1;3;60;22/04/2013
2013024393;1;2;2;1;2;60;31/07/2013
2013024394;1;2;1;1;5;60;10/08/2013
2013024395;1;2;6;1;3;60;28/08/2013
2013024396;2;2;1;1;2;60;03/12/2013
2013024397;5;1;9;1;1;60;03/12/2013
2013024398;1;2;1;7;6;60;03/12/2013
2013024399;5;1;1;1;6;60;13/12/2013
2013024400;5;2;1;2;6;60;24/12/2013
2013024401;1;2;1;1;6;340;10/01/2013
2013024402;1;2;9;1;6;340;20/03/2013
2013024403;1;2;1;1;6;340;26/04/2013
2013024404;5;2;1;1;5;340;22/06/2013
2013024405;1;1;1;1;1;340;12/07/2013
2013024406;1;1;1;1;3;340;29/07/2013
2013024407;1;2;9;1;7;340;07/08/2013
2013024408;1;2;1;1;2;340;07/08/2013
2013024409;1;2;1;1;6;340;10/08/2013
2013024410;1;1;1;1;3;340;12/08/2013
2013024411;1;1;1;1;3;340;18/08/2013
2013024412;1;1;1;1;1;340;21/08/2013
2013024413;1;2;1;1;3;340;22/08/2013
2013024414;1;1;1;1;2;340;24/08/2013
2013024415;1;1;1;1;3;340;25/08/2013
2013024416;5;2;1;1;3;340;01/09/2013
2013024417;5;2;6;1;6;340;02/09/2013
2013024418;1;2;9;1;3;340;10/09/2013
2013024419;1;2;6;1;2;340;13/09/2013
2013024420;1;2;1;1;2;340;02/10/2013
2013024421;1;2;6;1;3;340;14/08/2013
2013024422;2;1;1;1;5;340;11/11/2013
2013024423;1;2;3;8;6;340;11/12/2013
2013024424;2;2;1;1;1;340;31/12/2013
2013024425;5;2;1;9;6;340;31/12/2013
2013024426;4;2;1;9;7;340;02/01/2013
2013024427;5;2;1;9;2;340;02/01/2013
2013024428;5;2;9;9;6;340;09/01/2013
2013024429;1;2;1;1;7;340;08/01/2013
2013024430;4;2;3;9;3;340;08/01/2013
2013024431;1;2;3;1;7;340;21/01/2013
2013024432;1;2;6;9;3;340;23/01/2013
2013024433;1;2;1;1;7;340;28/01/2013
2013024434;1;2;3;1;3;340;28/01/2013
2013024435;1;2;1;1;2;340;29/01/2013
2013024436;5;2;2;1;3;340;04/02/2013
2013024437;5;2;2;9;3;340;03/02/2013
2013024438;1;2;1;1;3;340;12/02/2013
2013024439;3;1;1;9;7;340;16/02/2013
2013024440;1;2;9;1;7;340;17/02/2013
2013024441;5;2;3;1;3;340;15/02/2013
2013024442;1;1;3;1;3;340;16/02/2013
2013024443;1;2;1;1;7;340;25/02/2013
2013024444;1;2;3;1;3;340;04/03/2013
2013024445;1;2;1;9;7;340;08/03/2013
2013024446;1;2;3;9;7;340;15/03/2013
2013024447;2;1;1;9;7;340;17/03/2013
2013024448;1;1;3;9;3;340;16/03/2013
2013024449;1;2;1;9;7;340;20/03/2013
2013024450;1;2;1;9;2;340;21/03/2013
2013024451;3;1;1;8;1;340;22/03/2013
2013024452;1;2;1;1;7;340;03/04/2013
2013024453;1;1;3;1;3;340;03/04/2013
2013024454;1;2;1;1;5;340;25/04/2013
2013024455;1;2;1;1;7;340;03/05/2013
2013024456;1;2;9;9;7;340;13/05/2013
2013024457;1;2;1;9;7;340;21/05/2013
2013024458;3;1;1;1;7;340;19/05/2013
2013024459;1;2;1;1;7;340;24/05/2013
2013024460;1;2;1;1;7;340;06/06/2013
2013024461;1;2;1;1;7;340;05/05/2013
2013024462;1;2;9;9;6;340;06/06/2013
2013024463;1;1;3;9;3;340;21/05/2013
2013024464;1;2;1;1;2;340;11/06/2013
2013024465;1;2;1;1;7;340;13/06/2013
2013024466;1;2;1;1;2;340;13/06/2013
2013024467;2;2;1;9;7;340;21/05/2013
2013024468;1;2;1;1;1;340;18/06/2013
2013024469;1;2;3;1;7;340;19/06/2013
2013024470;1;2;1;1;7;340;02/07/2013
2013024471;5;2;1;1;3;340;06/07/2013
2013024472;1;1;1;7;1;340;07/07/2013
2013024473;3;1;1;1;3;340;05/07/2013
2013024474;5;2;1;9;7;340;08/07/2013
2013024475;1;2;1;9;6;340;14/07/2013
2013024476;1;2;6;9;7;340;13/07/2013
2013024477;1;2;1;2;1;340;08/06/2013
2013024478;1;2;1;1;7;340;07/06/2013
2013024479;1;2;1;1;7;340;18/07/2013
2013024480;3;1;6;1;7;340;03/08/2013
2013024481;1;1;9;7;2;340;16/08/2013
2013024482;3;2;6;9;7;340;23/08/2013
2013024483;3;1;6;1;6;340;29/08/2013
2013024484;1;1;1;1;2;340;05/09/2013
2013024485;1;1;1;1;2;340;05/09/2013
2013024486;1;2;3;1;7;340;13/09/2013
2013024487;1;2;1;1;7;340;14/09/2013
2013024488;3;1;1;1;7;340;01/09/2013
2013024489;1;2;1;1;2;340;30/08/2013
2013024490;3;1;1;1;3;340;31/08/2013
2013024491;1;1;1;1;3;340;07/09/2013
2013024492;3;1;9;9;7;340;22/09/2013
2013024493;1;2;1;1;6;340;24/09/2013
2013024494;1;2;6;9;3;340;30/09/2013
2013024495;1;1;6;2;2;340;04/10/2013
2013024496;1;2;1;9;3;340;08/10/2013
2013024497;1;2;1;9;7;340;12/10/2013
2013024498;5;2;1;1;6;340;20/10/2013
2013024499;1;2;1;9;7;340;08/08/2013
2013024500;3;1;1;9;7;340;28/10/2013
2013024501;1;1;1;1;3;340;12/11/2013
2013024502;1;2;2;9;7;340;19/11/2013
2013024503;1;2;1;9;7;340;12/11/2013
2013024504;1;2;1;9;7;340;12/11/2013
2013024505;1;2;3;1;1;340;20/11/2013
2013024506;2;2;1;9;7;340;26/11/2013
2013024507;1;2;1;9;7;340;01/12/2013
2013024508;2;2;1;9;7;340;04/12/2013
2013024509;2;2;6;9;7;340;10/12/2013
2013024510;1;2;1;1;7;340;26/12/2013
2013024511;3;1;1;9;2;340;30/12/2013
2013024512;5;2;1;1;6;340;01/01/2013
2013024513;1;2;1;1;2;340;02/01/2013
2013024514;5;2;3;1;3;340;02/01/2013
2013024515;1;2;3;1;6;340;03/01/2013
2013024516;1;2;1;1;2;340;03/01/2013
2013024517;1;2;1;1;4;340;03/01/2013
2013024518;1;2;1;1;6;340;04/01/2013
2013024519;1;2;1;1;3;340;04/01/2013
2013024520;5;2;1;1;3;340;04/01/2013
2013024521;5;2;1;1;7;340;06/01/2013
2013024522;1;2;1;1;2;340;07/01/2013
2013024523;5;2;3;1;1;340;07/01/2013
2013024524;1;2;1;1;6;340;08/01/2013
2013024525;1;2;3;1;6;340;09/01/2013
2013024526;1;2;1;1;6;340;09/01/2013
2013024527;1;2;1;1;1;340;09/01/2013
2013024528;1;2;1;1;2;340;09/01/2013
2013024529;1;2;1;1;3;340;10/01/2013
2013024530;5;2;2;1;3;340;09/01/2013
2013024531;1;2;1;1;6;340;09/01/2013
2013024532;1;2;1;1;3;340;11/01/2013
2013024533;5;2;1;1;3;340;11/01/2013
2013024534;1;2;3;1;3;340;11/01/2013
2013024535;1;2;1;1;3;340;11/01/2013
2013024536;1;2;1;1;3;340;12/01/2013
2013024537;5;2;1;1;6;340;13/01/2013
2013024538;1;2;1;1;7;340;14/01/2013
2013024539;1;2;1;1;3;340;14/01/2013
2013024540;1;2;1;1;3;340;14/01/2013
2013024541;5;2;2;1;6;340;14/01/2013
2013024542;1;2;2;1;6;340;16/01/2013
2013024543;1;2;3;8;6;340;16/01/2013
2013024544;5;2;1;1;2;340;17/01/2013
2013024545;1;2;1;1;3;340;17/01/2013
2013024546;3;2;1;3;6;340;19/01/2013
2013024547;1;2;2;1;3;340;22/01/2013
2013024548;1;2;1;2;2;340;23/01/2013
2013024549;3;2;1;8;6;340;23/01/2013
2013024550;1;2;1;1;7;340;24/01/2013
2013024551;1;2;1;1;2;340;24/01/2013
2013024552;1;2;1;1;7;340;25/01/2013
2013024553;1;2;1;1;3;340;25/01/2013
2013024554;1;2;3;1;3;340;25/01/2013
2013024555;5;2;1;1;7;340;26/01/2013
2013024556;3;1;1;1;6;340;26/01/2013
2013024557;3;2;1;1;6;340;25/01/2013
2013024558;1;2;1;1;6;340;27/01/2013
2013024559;1;2;3;1;3;340;28/01/2013
2013024560;1;2;1;1;6;340;28/01/2013
2013024561;5;2;1;2;2;340;27/01/2013
2013024562;1;2;1;1;7;340;29/01/2013
2013024563;1;2;1;1;3;340;29/01/2013
2013024564;1;2;1;1;7;340;04/02/2013
2013024565;1;2;1;1;6;340;06/02/2013
2013024566;1;2;1;1;4;340;06/02/2013
2013024567;5;2;1;1;7;340;08/02/2013
2013024568;5;2;2;1;6;340;08/02/2013
2013024569;1;2;3;1;6;340;08/02/2013
2013024570;1;2;1;1;7;340;09/02/2013
2013024571;1;1;2;1;3;340;09/02/2013
2013024572;5;2;1;3;1;340;10/02/2013
2013024573;5;2;3;1;3;340;09/02/2013
2013024574;5;2;1;1;7;340;10/02/2013
2013024575;1;2;1;8;2;340;11/02/2013
2013024576;5;2;1;1;7;340;12/02/2013
2013024577;1;2;1;1;6;340;12/02/2013
2013024578;5;2;1;1;1;340;14/02/2013
2013024579;5;2;3;1;3;340;14/02/2013
2013024580;5;2;2;1;6;340;17/02/2013
2013024581;1;2;3;2;7;340;18/02/2013
2013024582;1;2;1;1;7;340;19/02/2013
2013024583;1;2;2;1;6;340;19/02/2013
2013024584;1;2;3;1;3;340;20/02/2013
2013024585;1;2;3;1;3;340;20/02/2013
2013024586;1;2;6;1;3;340;20/02/2013
2013024587;1;2;3;1;3;340;21/02/2013
2013024588;1;2;1;1;2;340;21/02/2013
2013024589;3;1;1;1;3;340;21/02/2013
2013024590;1;2;1;1;6;340;22/02/2013
2013024591;5;2;1;1;7;340;23/02/2013
2013024592;3;2;1;1;3;340;23/02/2013
2013024593;1;1;3;1;7;340;25/02/2013
2013024594;1;2;1;1;1;340;27/02/2013
2013024595;1;2;1;1;2;340;02/03/2013
2013024596;5;2;7;1;3;340;02/03/2013
2013024597;1;2;1;1;3;340;03/03/2013
2013024598;1;2;1;1;4;340;04/03/2013
2013024599;5;2;1;1;6;340;04/03/2013
2013024600;1;2;2;3;6;340;05/03/2013
2013024601;1;2;2;2;3;340;05/03/2013
2013024602;1;2;1;2;7;340;06/03/2013
2013024603;3;2;1;8;1;340;07/03/2013
2013024604;1;2;9;8;3;340;07/03/2013
2013024605;5;2;1;8;3;340;07/03/2013
2013024606;1;2;3;1;3;340;08/03/2013
2013024607;1;2;1;1;7;340;09/03/2013
2013024608;1;2;2;1;3;340;10/03/2013
2013024609;5;2;6;2;3;340;12/03/2013
2013024610;1;2;1;1;1;340;12/03/2013
2013024611;1;2;1;1;3;340;12/03/2013
2013024612;1;2;1;1;3;340;13/03/2013
2013024613;1;2;1;1;3;340;14/03/2013
2013024614;1;2;1;1;2;340;14/03/2013
2013024615;1;2;1;1;6;340;14/03/2013
2013024616;1;2;9;1;3;340;14/03/2013
2013024617;5;2;3;1;3;340;15/03/2013
2013024618;1;2;1;1;3;340;15/03/2013
2013024619;1;2;1;1;3;340;15/03/2013
2013024620;1;1;3;1;3;340;15/03/2013
2013024621;1;2;2;2;3;340;17/03/2013
2013024622;5;2;2;2;7;340;18/03/2013
2013024623;1;2;1;1;3;340;18/03/2013
2013024624;1;2;1;1;6;340;18/03/2013
2013024625;1;2;1;1;7;340;18/03/2013
2013024626;5;2;1;8;3;340;20/03/2013
2013024627;1;2;3;1;5;340;21/03/2013
2013024628;1;2;1;1;6;340;21/03/2013
2013024629;3;2;1;1;2;340;21/03/2013
2013024630;1;2;1;8;3;340;22/03/2013
2013024631;1;2;2;8;2;340;22/03/2013
2013024632;5;2;2;2;6;340;23/03/2013
2013024633;1;2;1;3;7;340;24/03/2013
2013024634;5;2;1;1;1;340;24/03/2013
2013024635;1;2;3;1;3;340;25/03/2013
2013024636;1;2;2;1;3;340;26/03/2013
2013024637;1;2;1;1;3;340;27/03/2013
2013024638;1;2;1;3;2;340;28/03/2013
2013024639;1;2;1;3;7;340;28/03/2013
2013024640;2;2;3;1;7;340;30/03/2013
2013024641;5;2;1;2;3;340;01/04/2013
2013024642;1;2;1;1;3;340;02/04/2013
2013024643;1;2;3;1;4;340;03/04/2013
2013024644;1;2;2;1;2;340;04/04/2013
2013024645;1;2;1;2;6;340;02/04/2013
2013024646;1;2;1;1;3;340;02/04/2013
2013024647;1;2;1;1;3;340;05/04/2013
2013024648;1;2;3;1;1;340;05/04/2013
2013024649;1;2;1;1;3;340;07/04/2013
2013024650;3;1;1;1;6;340;08/04/2013
2013024651;1;2;2;1;3;340;07/04/2013
2013024652;2;2;1;1;6;340;07/04/2013
2013024653;1;2;1;1;7;340;08/04/2013
2013024654;1;2;1;1;6;340;09/04/2013
2013024655;1;2;1;1;6;340;09/04/2013
2013024656;1;2;1;1;3;340;09/04/2013
2013024657;1;2;1;1;7;340;10/04/2013
2013024658;5;2;3;1;3;340;10/04/2013
2013024659;5;2;2;1;3;340;11/04/2013
2013024660;1;2;1;1;7;340;11/04/2013
2013024661;5;2;1;1;2;340;11/04/2013
2013024662;5;2;2;2;3;340;11/04/2013
2013024663;2;2;1;1;5;340;12/04/2013
2013024664;1;2;1;1;6;340;13/04/2013
2013024665;1;2;1;1;2;340;13/04/2013
2013024666;1;2;3;1;3;340;16/04/2013
2013024667;1;2;1;1;3;340;15/04/2013
2013024668;1;2;1;1;4;340;13/04/2013
2013024669;1;2;1;1;7;340;16/04/2013
2013024670;2;2;2;1;3;340;16/04/2013
2013024671;1;2;3;1;3;340;17/04/2013
2013024672;5;2;1;1;3;340;18/04/2013
2013024673;1;2;1;8;6;340;19/04/2013
2013024674;1;2;1;2;6;340;20/04/2013
2013024675;1;2;1;8;7;340;21/04/2013
2013024676;1;2;2;1;3;340;23/04/2013
2013024677;1;2;1;8;5;340;25/04/2013
2013024678;1;2;3;1;3;340;25/04/2013
2013024679;1;2;1;2;3;340;26/04/2013
2013024680;1;2;6;3;7;340;27/04/2013
2013024681;2;2;1;8;1;340;27/04/2013
2013024682;1;2;1;2;3;340;30/04/2013
2013024683;1;2;2;1;3;340;02/05/2013
2013024684;1;2;2;1;3;340;02/05/2013
2013024685;1;2;1;1;3;340;03/05/2013
2013024686;1;2;1;1;6;340;03/05/2013
2013024687;1;2;1;1;3;340;04/05/2013
2013024688;1;2;1;1;3;340;04/05/2013
2013024689;1;2;2;1;3;340;05/05/2013
2013024690;1;1;3;1;5;340;06/05/2013
2013024691;5;2;2;1;3;340;06/05/2013
2013024692;1;2;1;1;3;340;06/05/2013
2013024693;1;2;2;1;3;340;09/05/2013
2013024694;1;2;1;1;3;340;11/05/2013
2013024695;1;2;1;1;6;340;12/05/2013
2013024696;1;2;1;1;3;340;12/05/2013
2013024697;1;1;1;1;7;340;13/05/2013
2013024698;1;2;2;1;3;340;13/05/2013
2013024699;1;2;1;1;3;340;13/05/2013
2013024700;1;2;1;1;6;340;13/05/2013
2013024701;1;2;1;1;6;340;14/05/2013
2013024702;1;2;1;1;3;340;14/05/2013
2013024703;1;2;2;8;3;340;15/05/2013
2013024704;1;2;1;8;6;340;18/05/2013
2013024705;1;2;1;1;1;340;18/05/2013
2013024706;1;2;1;8;3;340;18/05/2013
2013024707;1;2;2;1;3;340;22/05/2013
2013024708;5;2;2;1;1;340;22/05/2013
2013024709;1;2;1;1;3;340;22/05/2013
2013024710;1;2;2;1;3;340;22/05/2013
2013024711;1;2;1;1;3;340;21/05/2013
2013024712;1;2;1;1;3;340;24/05/2013
2013024713;1;2;1;1;7;340;23/05/2013
2013024714;1;2;1;1;4;340;22/05/2013
2013024715;5;2;1;1;2;340;24/05/2013
2013024716;5;2;1;1;4;340;25/05/2013
2013024717;1;2;1;1;3;340;27/05/2013
2013024718;1;2;1;1;7;340;29/05/2013
2013024719;1;2;1;1;1;340;29/05/2013
2013024720;1;2;3;1;3;340;30/05/2013
2013024721;1;2;3;1;3;340;30/05/2013
2013024722;5;2;2;1;3;340;30/05/2013
2013024723;5;2;1;1;6;340;31/05/2013
2013024724;1;2;1;1;1;340;31/05/2013
2013024725;1;2;1;8;6;340;31/05/2013
2013024726;1;2;1;1;4;340;01/06/2013
2013024727;2;2;3;1;6;340;02/06/2013
2013024728;1;2;1;1;1;340;02/06/2013
2013024729;1;2;1;1;3;340;02/06/2013
2013024730;1;1;3;1;3;340;03/06/2013
2013024731;1;2;1;1;3;340;03/06/2013
2013024732;1;2;1;1;2;340;03/06/2013
2013024733;1;2;1;1;7;340;04/06/2013
2013024734;1;2;1;1;6;340;04/06/2013
2013024735;1;2;1;1;6;340;04/06/2013
2013024736;1;2;1;1;3;340;05/06/2013
2013024737;1;2;6;1;3;340;07/06/2013
2013024738;5;2;3;1;6;340;07/06/2013
2013024739;1;2;9;2;6;340;08/06/2013
2013024740;1;2;1;3;7;340;08/06/2013
2013024741;1;2;1;2;1;340;08/06/2013
2013024742;1;2;1;1;3;340;09/06/2013
2013024743;1;2;2;8;3;340;09/06/2013
2013024744;1;2;3;8;3;340;09/06/2013
2013024745;1;2;1;1;6;340;10/06/2013
2013024746;1;2;1;1;3;340;12/06/2013
2013024747;1;2;1;1;2;340;14/06/2013
2013024748;1;2;1;1;2;340;14/06/2013
2013024749;1;2;2;1;3;340;15/06/2013
2013024750;1;2;9;8;3;340;19/06/2013
2013024751;1;2;3;8;3;340;19/06/2013
2013024752;1;2;2;8;3;340;20/06/2013
2013024753;1;2;3;1;6;340;21/06/2013
2013024754;1;2;3;1;6;340;21/06/2013
2013024755;1;2;1;1;3;340;20/06/2013
2013024756;1;2;1;1;7;340;21/06/2013
2013024757;1;2;1;1;6;340;22/06/2013
2013024758;1;2;1;1;2;340;22/06/2013
2013024759;1;2;1;1;6;340;24/06/2013
2013024760;1;2;4;1;5;340;25/06/2013
2013024761;1;1;1;1;7;340;25/06/2013
2013024762;1;2;1;1;6;340;26/06/2013
2013024763;1;2;1;1;2;340;26/06/2013
2013024764;5;2;1;1;7;340;27/06/2013
2013024765;1;2;1;1;2;340;21/06/2013
2013024766;1;2;3;1;3;340;27/06/2013
2013024767;1;2;2;1;3;340;26/06/2013
2013024768;1;2;1;1;2;340;28/06/2013
2013024769;1;2;3;1;7;340;28/06/2013
2013024770;1;2;1;1;6;340;29/06/2013
2013024771;1;1;1;1;7;340;30/06/2013
2013024772;1;2;3;8;3;340;02/07/2013
2013024773;1;2;3;1;3;340;02/07/2013
2013024774;1;2;2;1;2;340;02/07/2013
2013024775;1;2;2;1;3;340;20/07/2013
2013024776;1;2;1;1;2;340;03/07/2013
2013024777;1;2;1;1;3;340;04/07/2013
2013024778;1;2;1;1;3;340;05/07/2013
2013024779;1;2;1;1;6;340;21/07/2013
2013024780;1;2;2;1;3;340;06/07/2013
2013024781;3;2;1;1;7;340;06/07/2013
2013024782;1;2;1;1;1;340;05/07/2013
2013024783;1;2;1;1;1;340;03/07/2013
2013024784;1;2;1;1;2;340;10/07/2013
2013024785;1;2;1;1;6;340;11/07/2013
2013024786;1;1;1;1;3;340;12/07/2013
2013024787;5;2;1;1;7;340;13/07/2013
2013024788;5;2;1;1;7;340;14/07/2013
2013024789;5;2;3;1;3;340;15/07/2013
2013024790;1;2;1;1;6;340;18/07/2013
2013024791;1;2;1;1;6;340;19/07/2013
2013024792;5;2;1;1;7;340;22/07/2013
2013024793;1;2;1;1;3;340;22/07/2013
2013024794;1;2;6;1;3;340;24/07/2013
2013024795;1;2;1;1;2;340;25/07/2013
2013024796;3;2;2;1;7;340;27/07/2013
2013024797;3;2;1;1;7;340;28/07/2013
2013024798;1;2;1;1;5;340;27/07/2013
2013024799;1;2;5;1;3;340;29/07/2013
2013024800;1;1;1;1;3;340;31/07/2013
2013024801;1;2;2;1;3;340;31/07/2013
2013024802;1;2;9;1;3;340;01/08/2013
2013024803;1;2;6;1;2;340;02/08/2013
2013024804;1;1;1;1;3;340;02/08/2013
2013024805;1;2;2;1;3;340;03/08/2013
2013024806;5;2;2;1;3;340;04/08/2013
2013024807;1;2;1;1;7;340;04/08/2013
2013024808;1;1;1;1;6;340;04/08/2013
2013024809;1;2;2;1;7;340;05/08/2013
2013024810;1;2;1;1;3;340;06/08/2013
2013024811;1;2;3;1;1;340;07/08/2013
2013024812;1;2;1;1;2;340;08/08/2013
2013024813;1;2;3;2;3;340;07/08/2013
2013024814;1;2;1;1;4;340;09/08/2013
2013024815;1;1;1;1;6;340;09/08/2013
2013024816;5;2;1;1;6;340;09/08/2013
2013024817;5;2;2;1;3;340;09/08/2013
2013024818;5;2;1;1;2;340;10/08/2013
2013024819;1;2;1;1;7;340;13/08/2013
2013024820;5;2;1;1;7;340;16/08/2013
2013024821;1;2;1;1;7;340;16/08/2013
2013024822;1;2;3;1;2;340;19/08/2013
2013024823;1;2;1;1;3;340;19/08/2013
2013024824;5;2;1;1;2;340;20/08/2013
2013024825;5;1;1;1;7;340;20/08/2013
2013024826;1;2;1;1;2;340;20/08/2013
2013024827;1;2;1;1;6;340;21/08/2013
2013024828;1;2;3;1;3;340;21/08/2013
2013024829;1;1;1;1;3;340;22/08/2013
2013024830;1;2;1;1;2;340;22/08/2013
2013024831;2;2;1;2;7;340;26/08/2013
2013024832;1;2;1;1;6;340;26/08/2013
2013024833;1;2;1;1;7;340;27/08/2013
2013024834;1;2;3;1;3;340;27/08/2013
2013024835;1;2;2;1;3;340;27/08/2013
2013024836;5;2;2;1;1;340;28/08/2013
2013024837;1;2;1;1;6;340;29/08/2013
2013024838;1;2;1;1;2;340;29/08/2013
2013024839;1;2;1;1;3;340;18/08/2013
2013024840;1;2;1;1;6;340;30/08/2013
2013024841;1;2;1;1;6;340;30/08/2013
2013024842;1;1;1;1;3;340;02/09/2013
2013024843;1;2;3;1;3;340;31/08/2013
2013024844;1;2;1;1;3;340;03/09/2013
2013024845;1;2;3;1;3;340;04/09/2013
2013024846;1;2;1;1;3;340;04/09/2013
2013024847;1;2;1;1;2;340;05/09/2013
2013024848;1;2;2;1;1;340;06/09/2013
2013024849;5;2;1;1;2;340;07/09/2013
2013024850;5;1;1;1;6;340;08/09/2013
2013024851;1;2;1;1;3;340;09/09/2013
2013024852;1;2;1;1;6;340;09/09/2013
2013024853;1;2;1;1;2;340;10/09/2013
2013024854;1;2;1;1;6;340;10/09/2013
2013024855;1;2;1;1;3;340;11/09/2013
2013024856;1;2;1;1;6;340;10/09/2013
2013024857;5;2;1;1;6;340;11/09/2013
2013024858;1;2;1;1;2;340;12/09/2013
2013024859;1;1;1;1;7;340;12/09/2013
2013024860;1;2;1;1;7;340;13/09/2013
2013024861;1;2;3;1;3;340;13/09/2013
2013024862;5;2;3;1;3;340;13/09/2013
2013024863;5;2;2;1;1;340;13/09/2013
2013024864;1;2;1;1;6;340;09/09/2013
2013024865;1;2;3;1;6;340;14/09/2013
2013024866;1;2;1;1;7;340;15/09/2013
2013024867;1;2;1;1;7;340;15/09/2013
2013024868;1;2;3;1;1;340;15/09/2013
2013024869;1;2;2;1;2;340;16/09/2013
2013024870;1;1;2;1;3;340;18/09/2013
2013024871;1;2;2;1;3;340;19/09/2013
2013024872;1;2;2;1;7;340;19/09/2013
2013024873;1;2;1;1;3;340;20/09/2013
2013024874;1;2;1;1;3;340;20/09/2013
2013024875;1;2;3;1;3;340;20/09/2013
2013024876;1;2;1;1;6;340;20/09/2013
2013024877;1;2;6;1;3;340;21/09/2013
2013024878;3;2;1;1;6;340;22/09/2013
2013024879;5;2;1;1;7;340;23/09/2013
2013024880;1;2;1;1;6;340;23/09/2013
2013024881;1;1;1;8;7;340;24/09/2013
2013024882;1;2;1;8;2;340;24/09/2013
2013024883;5;2;3;1;3;340;27/09/2013
2013024884;2;2;3;8;6;340;28/09/2013
2013024885;1;2;1;8;6;340;29/09/2013
2013024886;1;2;3;1;3;340;30/09/2013
2013024887;1;2;1;7;6;340;30/09/2013
2013024888;1;2;1;1;6;340;01/10/2013
2013024889;1;2;2;1;1;340;30/09/2013
2013024890;1;2;4;1;3;340;01/10/2013
2013024891;1;2;6;1;2;340;01/10/2013
2013024892;1;2;1;1;3;340;02/10/2013
2013024893;1;2;3;3;1;340;04/10/2013
2013024894;3;2;1;3;3;340;04/10/2013
2013024895;5;2;2;1;7;340;05/10/2013
2013024896;1;1;2;1;3;340;06/10/2013
2013024897;1;2;1;1;6;340;06/10/2013
2013024898;1;1;6;1;3;340;06/10/2013
2013024899;1;2;3;1;3;340;07/10/2013
2013024900;1;2;3;1;3;340;07/10/2013
2013024901;1;2;1;1;3;340;08/10/2013
2013024902;4;2;1;1;6;340;08/10/2013
2013024903;1;2;1;1;3;340;09/10/2013
2013024904;3;2;1;1;3;340;10/10/2013
2013024905;1;2;3;1;3;340;11/10/2013
2013024906;1;2;3;1;2;340;12/10/2013
2013024907;1;2;3;1;3;340;12/10/2013
2013024908;1;2;1;8;3;340;12/10/2013
2013024909;5;2;1;8;3;340;12/10/2013
2013024910;1;2;1;1;2;340;13/10/2013
2013024911;5;2;1;1;7;340;14/10/2013
2013024912;5;2;1;1;7;340;14/10/2013