num_acc;lum;agg;inter;atm;col;dep;date
2013024913;1;2;1;1;3;340;14/10/2013
2013024914;1;2;3;1;3;340;14/10/2013
2013024915;1;2;3;8;3;340;15/10/2013
2013024916;5;2;6;1;6;340;16/10/2013
2013024917;1;2;3;1;7;340;16/10/2013
2013024918;2;2;1;1;6;340;16/10/2013
2013024919;3;1;1;1;7;340;17/10/2013
2013024920;1;2;1;1;3;340;17/10/2013
2013024921;5;2;1;1;5;340;18/10/2013
2013024922;1;2;1;1;6;340;18/10/2013
2013024923;1;2;3;1;3;340;18/10/2013
2013024924;1;2;1;8;7;340;18/10/2013
2013024925;1;2;6;1;7;340;18/10/2013
2013024926;1;2;1;1;6;340;18/10/2013
2013024927;5;2;1;1;2;340;20/10/2013
2013024928;2;2;1;1;3;340;20/10/2013
2013024929;1;2;1;8;2;340;22/10/2013
2013024930;5;2;1;8;7;340;23/10/2013
2013024931;1;2;1;8;3;340;24/10/2013
2013024932;1;2;2;1;3;340;28/10/2013
2013024933;1;2;1;1;3;340;06/11/2013
2013024934;1;2;2;1;3;340;30/10/2013
2013024935;5;2;1;1;1;340;30/10/2013
2013024936;5;2;2;1;3;340;31/10/2013
2013024937;5;2;6;1;3;340;31/10/2013
2013024938;1;2;3;1;3;340;06/11/2013
2013024939;1;2;1;1;7;340;06/11/2013
2013024940;1;2;1;8;2;340;08/11/2013
2013024941;1;2;3;8;3;340;08/11/2013
2013024942;1;2;1;8;7;340;08/11/2013
2013024943;1;2;1;8;6;340;08/11/2013
2013024944;1;2;1;1;2;340;10/11/2013
2013024945;1;2;3;8;2;340;10/11/2013
2013024946;5;2;3;6;3;340;10/11/2013
2013024947;1;2;1;1;3;340;12/11/2013
2013024948;1;2;1;1;3;340;12/11/2013
2013024949;1;2;1;1;3;340;12/11/2013
2013024950;5;2;1;1;3;340;12/11/2013
2013024951;1;2;9;1;2;340;13/11/2013
2013024952;1;2;1;1;6;340;13/11/2013
2013024953;3;2;1;1;6;340;16/11/2013
2013024954;1;2;1;2;6;340;16/11/2013
2013024955;1;2;2;8;3;340;16/11/2013
2013024956;1;2;1;2;3;340;18/11/2013
2013024957;1;2;1;3;2;340;18/11/2013
2013024958;1;2;1;3;7;340;18/11/2013
2013024959;4;2;1;2;1;340;19/11/2013
2013024960;1;2;1;8;6;340;20/11/2013
2013024961;5;2;2;1;3;340;20/11/2013
2013024962;5;2;3;1;3;340;21/11/2013
2013024963;5;2;2;1;3;340;21/11/2013
2013024964;5;2;1;8;6;340;22/11/2013
2013024965;1;2;1;1;3;340;23/11/2013
2013024966;1;2;3;1;2;340;25/11/2013
2013024967;5;2;1;1;3;340;25/11/2013
2013024968;1;1;1;1;1;340;26/11/2013
2013024969;3;2;2;1;3;340;26/11/2013
2013024970;5;2;1;1;6;340;27/11/2013
2013024971;1;2;1;1;2;340;28/11/2013
2013024972;1;2;2;1;3;340;28/11/2013
2013024973;5;2;1;1;1;340;28/11/2013
2013024974;5;2;1;1;2;340;29/11/2013
2013024975;5;2;1;1;2;340;29/11/2013
2013024976;5;2;3;1;3;340;01/12/2013
2013024977;5;2;1;1;7;340;01/12/2013
2013024978;1;2;1;1;7;340;01/12/2013
2013024979;5;2;2;1;3;340;02/12/2013
2013024980;5;2;3;1;7;340;03/12/2013
2013024981;1;2;3;1;3;340;04/12/2013
2013024982;1;2;1;1;6;340;04/12/2013
2013024983;1;2;1;1;3;340;04/12/2013
2013024984;1;2;3;1;2;340;05/12/2013
2013024985;5;2;1;1;3;340;05/12/2013
2013024986;5;2;4;1;1;340;05/12/2013
2013024987;5;2;1;1;7;340;07/12/2013
2013024988;5;2;1;1;2;340;09/12/2013
2013024989;5;2;1;1;6;340;10/12/2013
2013024990;1;2;3;1;3;340;10/12/2013
2013024991;1;2;1;1;3;340;10/12/2013
2013024992;5;2;1;1;6;340;10/12/2013
2013024993;1;2;3;1;3;340;11/12/2013
2013024994;1;1;1;1;2;340;12/12/2013
2013024995;5;2;1;1;3;340;12/12/2013
2013024996;1;2;1;7;6;340;13/12/2013
2013024997;5;2;1;8;3;340;13/12/2013
2013024998;3;2;1;1;3;340;12/12/2013
2013024999;1;2;1;1;1;340;14/12/2013
2013025000;3;2;1;1;6;340;14/12/2013
2013025001;5;2;2;1;7;340;14/12/2013
2013025002;1;2;3;1;7;340;15/12/2013
2013025003;5;2;1;1;4;340;15/12/2013
2013025004;1;2;1;8;5;340;16/12/2013
2013025005;2;2;1;2;3;340;18/12/2013
2013025006;1;2;2;2;1;340;18/12/2013
2013025007;1;2;1;2;2;340;19/12/2013
2013025008;1;2;1;2;6;340;19/12/2013
2013025009;5;2;1;8;7;340;19/12/2013
2013025010;1;2;1;1;3;340;20/12/2013
2013025011;5;2;1;8;6;340;20/12/2013
2013025012;5;2;1;1;3;340;20/12/2013
2013025013;1;2;1;8;6;340;22/12/2013
2013025014;1;2;1;1;3;340;26/12/2013
2013025015;1;2;1;1;3;340;26/12/2013
2013025016;1;2;6;1;2;340;27/12/2013
2013025017;1;2;1;1;4;340;27/12/2013
2013025018;1;2;1;1;3;340;27/12/2013
2013025019;1;2;3;1;3;340;27/12/2013
2013025020;5;2;1;1;3;340;31/12/2013
2013025021;5;2;1;1;6;340;31/12/2013
2013025022;1;2;1;7;6;340;04/01/2013
2013025023;1;1;9;1;3;340;25/01/2013
2013025024;5;2;1;1;6;340;26/02/2013
2013025025;1;2;1;1;6;340;22/02/2013
2013025026;2;2;1;1;3;340;27/02/2013
2013025027;1;2;2;1;3;340;28/02/2013
2013025028;1;2;1;1;2;340;11/03/2013
2013025029;1;2;1;1;3;340;13/03/2013
2013025030;1;1;1;1;1;340;08/04/2013
2013025031;1;2;1;1;1;340;13/04/2013
2013025032;1;2;9;1;2;340;17/04/2013
2013025033;5;2;1;1;1;340;22/04/2013
2013025034;1;2;2;1;3;340;23/04/2013
2013025035;3;1;1;1;1;340;01/05/2013
2013025036;5;2;1;2;4;340;08/05/2013
2013025037;1;2;1;1;2;340;13/05/2013
2013025038;5;2;1;1;5;340;07/06/2013
2013025039;1;2;1;1;2;340;14/06/2013
2013025040;1;1;1;1;1;340;26/06/2013
2013025041;1;2;3;1;3;340;09/07/2013
2013025042;1;2;1;1;2;340;11/07/2013
2013025043;2;2;1;1;2;340;17/07/2013
2013025044;5;2;1;1;3;340;24/07/2013
2013025045;1;2;1;1;3;340;25/07/2013
2013025046;1;2;3;1;3;340;01/08/2013
2013025047;1;2;1;1;3;340;05/08/2013
2013025048;5;2;1;1;6;340;11/08/2013
2013025049;3;1;1;1;7;340;27/08/2013
2013025050;2;1;1;1;1;340;21/09/2013
2013025051;1;1;1;2;1;340;27/09/2013
2013025052;2;2;1;1;1;340;29/09/2013
2013025053;3;1;3;1;5;340;12/10/2013
2013025054;5;2;1;1;3;340;19/10/2013
2013025055;1;2;1;1;3;340;23/10/2013
2013025056;1;2;1;1;6;340;28/10/2013
2013025057;3;2;3;1;3;340;29/10/2013
2013025058;5;2;3;1;6;340;09/11/2013
2013025059;2;2;1;1;6;340;27/11/2013
2013025060;5;2;6;1;3;340;27/12/2013
2013025061;5;2;1;1;6;340;24/12/2013
2013025062;3;1;1;8;1;350;05/01/2013
2013025063;5;2;3;1;3;350;08/02/2013
2013025064;1;2;1;1;1;350;19/02/2013
2013025065;1;2;1;1;6;350;07/02/2013
2013025066;1;2;3;1;3;350;10/06/2013
2013025067;1;2;6;1;2;350;04/07/2013
2013025068;2;2;2;1;3;350;31/08/2013
2013025069;1;2;2;2;3;350;09/11/2013
2013025070;5;2;1;1;3;350;12/12/2013
2013025071;1;2;1;1;6;350;19/12/2013
2013025072;5;2;1;1;6;350;19/12/2013
2013025073;2;2;1;8;6;350;18/03/2013
2013025074;5;2;3;2;6;350;01/01/2013
2013025075;1;2;3;1;1;350;01/01/2013
2013025076;5;2;1;1;6;350;06/01/2013
2013025077;1;2;1;1;4;350;08/01/2013
2013025078;3;2;1;2;7;350;09/01/2013
2013025079;1;2;1;2;7;350;10/01/2013
2013025080;1;2;6;1;6;350;11/01/2013
2013025081;5;2;2;2;6;350;12/01/2013
2013025082;1;2;1;1;1;350;12/01/2013
2013025083;2;2;1;8;6;350;12/01/2013
2013025084;5;2;1;1;6;350;13/01/2013
2013025085;1;2;1;2;6;350;14/01/2013
2013025086;1;2;1;3;6;350;14/01/2013
2013025087;5;2;6;8;3;350;16/01/2013
2013025088;1;2;2;1;6;350;16/01/2013
2013025089;5;2;1;1;6;350;16/01/2013
2013025090;5;2;5;1;2;350;16/01/2013
2013025091;1;2;2;1;2;350;17/01/2013
2013025092;3;2;6;1;7;350;20/01/2013
2013025093;1;2;2;2;6;350;21/01/2013
2013025094;1;2;1;3;6;350;22/01/2013
2013025095;1;2;1;8;1;350;23/01/2013
2013025096;5;2;1;1;4;350;23/01/2013
2013025097;1;2;1;1;3;350;24/01/2013
2013025098;1;2;7;1;6;350;25/01/2013
2013025099;5;2;1;4;6;350;25/01/2013
2013025100;5;2;1;8;2;350;25/01/2013
2013025101;1;2;3;1;2;350;26/01/2013
2013025102;2;2;1;1;7;350;29/01/2013
2013025103;1;2;1;2;2;350;29/01/2013
2013025104;1;2;1;2;3;350;29/01/2013
2013025105;5;2;2;2;3;350;30/01/2013
2013025106;5;2;5;1;4;350;31/01/2013
2013025107;1;2;1;8;6;350;31/01/2013
2013025108;4;2;1;2;2;350;01/02/2013
2013025109;3;2;6;1;4;350;01/02/2013
2013025110;3;1;9;1;6;350;01/02/2013
2013025111;3;2;1;1;1;350;03/02/2013
2013025112;1;2;6;1;3;350;04/02/2013
2013025113;1;2;6;3;6;350;05/02/2013
2013025114;1;2;1;1;7;350;05/02/2013
2013025115;1;2;1;1;6;350;05/02/2013
2013025116;1;2;1;1;7;350;05/02/2013
2013025117;1;2;1;1;6;350;05/02/2013
2013025118;3;2;2;1;3;350;08/02/2013
2013025119;1;2;2;1;6;350;08/02/2013
2013025120;1;1;1;1;2;350;08/02/2013
2013025121;5;2;6;2;3;350;08/02/2013
2013025122;5;2;2;2;3;350;09/02/2013
2013025123;1;2;1;7;3;350;11/02/2013
2013025124;1;2;2;1;3;350;12/02/2013
2013025125;1;2;6;1;3;350;12/02/2013
2013025126;1;2;2;1;3;350;13/02/2013
2013025127;5;2;2;2;6;350;14/02/2013
2013025128;2;2;6;1;2;350;14/02/2013
2013025129;2;2;1;2;6;350;14/02/2013
2013025130;1;2;1;1;6;350;14/02/2013
2013025131;1;2;2;1;4;350;15/02/2013
2013025132;1;2;1;8;6;350;15/02/2013
2013025133;3;2;1;1;2;350;15/02/2013
2013025134;5;2;3;1;2;350;17/02/2013
2013025135;1;2;4;1;3;350;18/02/2013
2013025136;1;2;3;1;6;350;18/02/2013
2013025137;1;2;1;1;7;350;19/02/2013
2013025138;1;2;1;1;2;350;19/02/2013
2013025139;1;2;4;1;3;350;21/02/2013
2013025140;1;2;6;1;1;350;22/02/2013
2013025141;1;2;3;1;3;350;22/02/2013
2013025142;5;2;1;1;4;350;22/02/2013
2013025143;5;2;2;1;6;350;23/02/2013
2013025144;1;2;2;8;3;350;23/02/2013
2013025145;5;2;3;1;6;350;25/02/2013
2013025146;1;2;1;1;7;350;26/02/2013
2013025147;5;2;3;1;2;350;27/02/2013
2013025148;1;2;1;8;6;350;02/03/2013
2013025149;1;2;1;8;7;350;02/03/2013
2013025150;5;2;2;1;3;350;03/03/2013
2013025151;1;2;1;1;7;350;04/03/2013
2013025152;5;2;2;1;7;350;06/03/2013
2013025153;5;2;3;2;3;350;07/03/2013
2013025154;1;2;3;2;3;350;07/03/2013
2013025155;1;2;2;1;5;350;09/03/2013
2013025156;1;2;3;8;2;350;12/03/2013
2013025157;1;2;1;4;6;350;12/03/2013
2013025158;1;2;2;8;6;350;13/03/2013
2013025159;1;2;1;1;6;350;14/03/2013
2013025160;5;2;3;1;3;350;14/03/2013
2013025161;3;2;1;2;7;350;15/03/2013
2013025162;1;2;1;1;3;350;17/03/2013
2013025163;1;2;7;2;2;350;18/03/2013
2013025164;1;2;3;1;3;350;18/03/2013
2013025165;1;2;3;1;3;350;19/03/2013
2013025166;5;2;3;1;3;350;19/03/2013
2013025167;1;2;1;8;6;350;21/03/2013
2013025168;1;2;1;1;7;350;23/03/2013
2013025169;5;2;1;1;7;350;23/03/2013
2013025170;1;2;2;1;3;350;24/03/2013
2013025171;1;2;1;1;3;350;24/03/2013
2013025172;1;2;3;1;6;350;26/03/2013
2013025173;1;2;3;1;2;350;28/03/2013
2013025174;5;2;1;1;6;350;30/03/2013
2013025175;1;2;2;1;3;350;31/03/2013
2013025176;1;2;1;2;6;350;05/04/2013
2013025177;1;2;1;2;4;350;05/04/2013
2013025178;1;2;1;1;6;350;06/04/2013
2013025179;1;2;3;1;7;350;07/04/2013
2013025180;1;2;3;2;6;350;08/04/2013
2013025181;1;2;1;2;3;350;09/04/2013
2013025182;1;2;1;1;6;350;09/04/2013
2013025183;1;2;1;8;1;350;11/04/2013
2013025184;1;2;1;1;6;350;11/04/2013
2013025185;1;2;3;1;2;350;14/04/2013
2013025186;3;2;1;1;3;350;15/04/2013
2013025187;1;2;6;1;3;350;16/04/2013
2013025188;1;2;1;7;7;350;17/04/2013
2013025189;1;2;1;1;6;350;18/04/2013
2013025190;1;2;6;1;3;350;19/04/2013
2013025191;1;2;3;1;3;350;19/04/2013
2013025192;5;2;1;1;6;350;20/04/2013
2013025193;1;2;2;7;6;350;20/04/2013
2013025194;1;2;1;1;6;350;20/04/2013
2013025195;1;2;2;1;7;350;24/04/2013
2013025196;1;2;1;1;3;350;24/04/2013
2013025197;1;2;3;1;1;350;24/04/2013
2013025198;1;2;1;1;3;350;26/04/2013
2013025199;5;2;2;1;3;350;26/04/2013
2013025200;5;2;1;1;6;350;28/04/2013
2013025201;1;2;1;1;3;350;28/04/2013
2013025202;1;2;3;1;4;350;28/04/2013
2013025203;3;2;4;1;3;350;30/04/2013
2013025204;1;2;3;1;2;350;30/04/2013
2013025205;1;2;6;1;7;350;07/05/2013
2013025206;1;2;1;1;3;350;08/05/2013
2013025207;1;2;1;1;2;350;08/05/2013
2013025208;1;2;3;1;1;350;13/05/2013
2013025209;3;2;1;2;6;350;14/05/2013
2013025210;1;2;1;1;6;350;15/05/2013
2013025211;1;2;1;1;4;350;15/05/2013
2013025212;1;2;5;1;2;350;17/05/2013
2013025213;1;2;1;1;6;350;17/05/2013
2013025214;1;2;3;1;3;350;17/05/2013
2013025215;1;2;5;1;3;350;18/05/2013
2013025216;1;2;3;1;2;350;18/05/2013
2013025217;1;2;3;1;6;350;21/05/2013
2013025218;1;2;3;7;3;350;23/05/2013
2013025219;1;2;3;1;3;350;25/05/2013
2013025220;1;2;3;1;2;350;26/05/2013
2013025221;1;2;3;2;3;350;28/05/2013
2013025222;1;2;1;1;3;350;29/05/2013
2013025223;1;2;1;1;6;350;01/06/2013
2013025224;4;2;2;1;3;350;01/06/2013
2013025225;1;2;1;1;6;350;02/06/2013
2013025226;1;2;6;1;6;350;03/06/2013
2013025227;1;2;9;1;7;350;03/06/2013
2013025228;5;2;3;1;3;350;04/06/2013
2013025229;1;2;3;1;3;350;04/06/2013
2013025230;1;2;1;1;7;350;05/06/2013
2013025231;1;2;2;1;3;350;06/06/2013
2013025232;5;2;1;2;3;350;07/06/2013
2013025233;1;2;1;1;7;350;08/06/2013
2013025234;1;2;1;1;7;350;08/06/2013
2013025235;1;2;5;1;6;350;08/06/2013
2013025236;4;2;1;1;2;350;09/06/2013
2013025237;1;2;1;1;4;350;10/06/2013
2013025238;1;2;6;1;3;350;10/06/2013
2013025239;1;2;3;1;6;350;10/06/2013
2013025240;1;2;2;2;6;350;12/06/2013
2013025241;1;2;1;1;6;350;13/06/2013
2013025242;1;2;5;2;2;350;13/06/2013
2013025243;1;2;1;1;2;350;14/06/2013
2013025244;1;2;2;7;2;350;14/06/2013
2013025245;1;2;2;1;3;350;15/06/2013
2013025246;1;2;1;8;4;350;17/06/2013
2013025247;1;2;1;1;2;350;17/06/2013
2013025248;1;2;1;1;6;350;17/06/2013
2013025249;1;2;5;1;4;350;18/06/2013
2013025250;5;2;1;1;7;350;19/06/2013
2013025251;1;2;2;1;6;350;21/06/2013
2013025252;5;2;1;1;6;350;22/06/2013
2013025253;1;2;2;1;6;350;24/06/2013
2013025254;1;2;1;1;2;350;26/06/2013
2013025255;1;2;6;1;2;350;26/06/2013
2013025256;1;2;2;1;3;350;26/06/2013
2013025257;1;2;6;1;3;350;26/06/2013
2013025258;5;2;3;1;6;350;27/06/2013
2013025259;5;2;1;1;6;350;26/06/2013
2013025260;1;2;6;1;3;350;28/06/2013
2013025261;1;2;5;1;3;350;29/06/2013
2013025262;1;2;4;1;6;350;30/06/2013
2013025263;1;2;1;8;3;350;02/07/2013
2013025264;1;2;3;1;3;350;03/07/2013
2013025265;1;2;2;1;3;350;04/07/2013
2013025266;1;2;1;1;6;350;04/07/2013
2013025267;1;2;1;1;2;350;04/07/2013
2013025268;1;2;3;1;3;350;05/07/2013
2013025269;1;2;1;7;6;350;05/07/2013
2013025270;1;2;1;1;4;350;05/07/2013
2013025271;1;2;3;1;3;350;06/07/2013
2013025272;1;2;3;1;1;350;07/07/2013
2013025273;1;2;5;1;2;350;07/07/2013
2013025274;1;2;6;1;7;350;07/07/2013
2013025275;1;2;5;1;6;350;07/07/2013
2013025276;1;2;1;1;6;350;08/07/2013
2013025277;1;2;5;1;4;350;08/07/2013
2013025278;1;2;2;1;2;350;09/07/2013
2013025279;5;2;1;1;7;350;10/07/2013
2013025280;1;2;5;1;2;350;11/07/2013
2013025281;1;2;1;7;3;350;12/07/2013
2013025282;1;2;2;1;3;350;13/07/2013
2013025283;1;2;1;1;7;350;17/07/2013
2013025284;1;2;1;1;7;350;18/07/2013
2013025285;1;2;3;1;2;350;19/07/2013
2013025286;1;2;1;1;7;350;19/07/2013
2013025287;5;2;1;1;7;350;20/07/2013
2013025288;5;2;2;1;6;350;21/07/2013
2013025289;1;2;3;1;6;350;22/07/2013
2013025290;1;2;1;1;3;350;22/07/2013
2013025291;1;2;3;1;6;350;23/07/2013
2013025292;5;2;1;1;7;350;24/07/2013
2013025293;1;2;2;7;6;350;26/07/2013
2013025294;1;2;1;1;3;350;26/07/2013
2013025295;1;2;1;1;7;350;26/07/2013
2013025296;1;2;2;1;2;350;26/07/2013
2013025297;1;2;1;1;2;350;29/07/2013
2013025298;1;2;1;1;2;350;26/07/2013
2013025299;1;2;1;2;6;350;27/07/2013
2013025300;1;2;2;1;3;350;27/07/2013
2013025301;1;2;3;8;7;350;31/07/2013
2013025302;5;2;1;1;6;350;01/08/2013
2013025303;1;2;1;1;3;350;04/08/2013
2013025304;1;2;1;1;4;350;05/08/2013
2013025305;1;2;6;1;7;350;07/08/2013
2013025306;1;2;1;1;6;350;08/08/2013
2013025307;1;2;5;1;3;350;08/08/2013
2013025308;5;2;2;1;3;350;08/08/2013
2013025309;5;2;1;1;1;350;09/08/2013
2013025310;1;2;1;1;6;350;09/08/2013
2013025311;1;2;3;1;6;350;11/08/2013
2013025312;1;2;2;1;3;350;17/08/2013
2013025313;1;2;5;1;3;350;17/08/2013
2013025314;1;2;6;1;7;350;20/08/2013
2013025315;1;2;2;1;3;350;20/08/2013
2013025316;1;2;1;1;2;350;21/08/2013
2013025317;5;2;1;1;6;350;23/08/2013
2013025318;5;2;5;1;6;350;24/08/2013
2013025319;1;2;1;1;5;350;24/08/2013
2013025320;1;2;2;1;2;350;24/08/2013
2013025321;1;2;1;1;7;350;24/08/2013
2013025322;1;2;3;1;2;350;26/08/2013
2013025323;1;2;1;1;4;350;26/08/2013
2013025324;1;2;1;1;7;350;27/08/2013
2013025325;1;2;2;1;6;350;27/08/2013
2013025326;5;2;2;1;3;350;02/09/2013
2013025327;1;2;2;1;6;350;04/09/2013
2013025328;1;2;1;1;6;350;04/09/2013
2013025329;1;2;1;1;2;350;05/09/2013
2013025330;1;2;1;1;2;350;05/09/2013
2013025331;1;2;3;1;6;350;05/09/2013
2013025332;1;2;5;1;4;350;06/09/2013
2013025333;5;2;3;1;3;350;07/09/2013
2013025334;1;2;1;2;2;350;09/09/2013
2013025335;1;2;1;2;7;350;09/09/2013
2013025336;1;2;2;1;3;350;09/09/2013
2013025337;1;2;3;1;3;350;09/09/2013
2013025338;1;2;1;1;6;350;09/09/2013
2013025339;1;2;6;1;3;350;10/09/2013
2013025340;1;2;1;1;4;350;10/09/2013
2013025341;3;2;1;1;7;350;10/09/2013
2013025342;1;2;1;1;4;350;11/09/2013
2013025343;1;2;1;1;4;350;11/09/2013
2013025344;3;2;1;2;7;350;12/09/2013
2013025345;1;2;1;2;7;350;12/09/2013
2013025346;1;2;1;2;6;350;12/09/2013
2013025347;2;2;2;2;6;350;14/09/2013
2013025348;5;2;1;1;7;350;15/09/2013
2013025349;1;2;2;1;4;350;17/09/2013
2013025350;1;2;2;1;6;350;20/09/2013
2013025351;1;2;1;1;7;350;22/09/2013
2013025352;4;2;1;1;7;350;22/09/2013
2013025353;1;2;1;7;6;350;23/09/2013
2013025354;1;2;6;7;6;350;23/09/2013
2013025355;1;2;3;1;3;350;24/09/2013
2013025356;1;2;1;1;3;350;24/09/2013
2013025357;1;2;3;1;3;350;24/09/2013
2013025358;1;2;1;1;3;350;26/09/2013
2013025359;1;2;3;1;3;350;25/09/2013
2013025360;1;2;1;7;6;350;27/09/2013
2013025361;1;2;3;7;2;350;27/09/2013
2013025362;1;2;3;1;3;350;27/09/2013
2013025363;5;2;1;1;6;350;28/09/2013
2013025364;1;2;1;1;2;350;28/09/2013
2013025365;1;2;3;1;3;350;28/09/2013
2013025366;1;2;2;1;4;350;01/10/2013
2013025367;1;2;1;2;3;350;01/10/2013
2013025368;5;2;1;1;3;350;01/10/2013
2013025369;1;2;1;1;3;350;02/10/2013
2013025370;3;2;5;1;3;350;02/10/2013
2013025371;1;2;1;8;7;350;04/10/2013
2013025372;1;2;1;1;3;350;04/10/2013
2013025373;1;2;1;1;3;350;04/10/2013
2013025374;1;2;2;1;2;350;04/10/2013
2013025375;5;2;2;1;3;350;06/10/2013
2013025376;1;2;2;1;3;350;07/10/2013
2013025377;5;2;5;1;3;350;08/10/2013
2013025378;1;2;1;1;7;350;09/10/2013
2013025379;5;2;2;1;1;350;09/10/2013
2013025380;1;1;1;1;2;350;10/10/2013
2013025381;1;2;1;1;6;350;10/10/2013
2013025382;1;2;1;3;3;350;11/10/2013
2013025383;1;2;6;2;7;350;11/10/2013
2013025384;1;2;1;2;7;350;12/10/2013
2013025385;1;2;2;8;3;350;12/10/2013
2013025386;5;2;2;3;3;350;15/10/2013
2013025387;5;2;2;2;6;350;15/10/2013
2013025388;4;2;1;2;4;350;15/10/2013
2013025389;1;2;5;2;2;350;15/10/2013
2013025390;1;2;1;2;7;350;15/10/2013
2013025391;1;2;3;8;2;350;16/10/2013
2013025392;5;2;3;1;6;350;16/10/2013
2013025393;1;2;3;1;6;350;17/10/2013
2013025394;5;2;1;1;6;350;18/10/2013
2013025395;3;2;1;1;7;350;18/10/2013
2013025396;5;2;1;8;6;350;19/10/2013
2013025397;1;2;1;3;4;350;19/10/2013
2013025398;3;2;1;1;6;350;20/10/2013
2013025399;1;2;1;1;7;350;22/10/2013
2013025400;1;2;2;8;3;350;22/10/2013
2013025401;5;2;1;2;3;350;22/10/2013
2013025402;5;2;5;3;3;350;22/10/2013
2013025403;1;2;1;1;6;350;23/10/2013
2013025404;1;2;1;1;2;350;23/10/2013
2013025405;1;2;2;1;3;350;24/10/2013
2013025406;5;2;1;1;2;350;26/10/2013
2013025407;1;2;3;1;3;350;28/10/2013
2013025408;5;2;1;1;6;350;28/10/2013
2013025409;1;2;5;1;3;350;29/10/2013
2013025410;1;2;1;1;6;350;29/10/2013
2013025411;1;2;5;1;4;350;29/10/2013
2013025412;4;2;1;1;3;350;29/10/2013
2013025413;1;2;1;1;6;350;30/10/2013
2013025414;3;2;1;1;7;350;30/10/2013
2013025415;1;2;1;1;3;350;31/10/2013
2013025416;1;2;1;2;5;350;31/10/2013
2013025417;5;2;2;2;6;350;31/10/2013
2013025418;3;2;5;2;4;350;31/10/2013
2013025419;2;2;1;1;7;350;31/10/2013
2013025420;3;2;5;1;2;350;03/11/2013
2013025421;1;2;1;2;2;350;04/11/2013
2013025422;1;2;3;1;7;350;06/11/2013
2013025423;1;2;1;2;7;350;05/11/2013
2013025424;1;2;1;1;6;350;05/11/2013
2013025425;1;2;1;2;6;350;06/11/2013
2013025426;5;2;2;2;3;350;07/11/2013
2013025427;5;2;1;2;6;350;07/11/2013
2013025428;5;2;5;2;6;350;07/11/2013
2013025429;5;2;2;2;7;350;08/11/2013
2013025430;1;2;6;1;7;350;08/11/2013
2013025431;1;2;1;1;4;350;08/11/2013
2013025432;1;2;6;2;2;350;09/11/2013
2013025433;3;2;5;2;2;350;10/11/2013
2013025434;5;2;3;1;3;350;13/11/2013
2013025435;1;2;2;1;3;350;13/11/2013
2013025436;1;2;2;1;6;350;13/11/2013
2013025437;3;2;1;1;6;350;14/11/2013
2013025438;1;2;3;3;3;350;14/11/2013
2013025439;1;2;1;1;6;350;14/11/2013
2013025440;1;2;5;7;6;350;14/11/2013
2013025441;1;2;1;8;1;350;14/11/2013
2013025442;5;2;5;2;3;350;14/11/2013
2013025443;3;2;1;2;4;350;15/11/2013
2013025444;5;2;1;1;4;350;15/11/2013
2013025445;1;2;3;1;3;350;16/11/2013
2013025446;5;2;1;1;1;350;16/11/2013
2013025447;5;2;4;1;4;350;16/11/2013
2013025448;5;2;3;1;6;350;17/11/2013
2013025449;5;2;1;1;3;350;18/11/2013
2013025450;5;2;1;1;3;350;18/11/2013
2013025451;3;2;5;1;4;350;19/11/2013
2013025452;5;2;2;1;6;350;19/11/2013
2013025453;3;2;1;1;7;350;20/11/2013
2013025454;1;2;5;1;3;350;20/11/2013
2013025455;5;2;3;2;2;350;20/11/2013
2013025456;2;2;2;3;6;350;21/11/2013
2013025457;3;2;1;2;2;350;21/11/2013
2013025458;3;2;1;8;4;350;21/11/2013
2013025459;1;2;1;1;7;350;22/11/2013
2013025460;1;2;3;1;6;350;25/11/2013
2013025461;1;2;1;1;4;350;25/11/2013
2013025462;1;2;1;1;7;350;26/11/2013
2013025463;1;2;3;1;6;350;26/11/2013
2013025464;1;2;1;1;3;350;26/11/2013
2013025465;5;2;5;1;3;350;27/11/2013
2013025466;5;2;2;1;3;350;28/11/2013
2013025467;5;2;3;1;6;350;28/11/2013
2013025468;1;2;1;8;3;350;29/11/2013
2013025469;1;2;1;1;7;350;01/12/2013
2013025470;5;2;1;1;3;350;02/12/2013
2013025471;1;2;1;1;6;350;03/12/2013
2013025472;5;2;5;1;3;350;04/12/2013
2013025473;3;2;1;1;4;350;04/12/2013
2013025474;5;2;1;1;6;350;04/12/2013
2013025475;2;2;3;1;6;350;05/12/2013
2013025476;1;2;2;1;3;350;07/12/2013
2013025477;3;2;1;1;3;350;09/12/2013
2013025478;1;2;1;8;3;350;09/12/2013
2013025479;1;2;1;1;3;350;09/12/2013
2013025480;5;2;1;1;7;350;10/12/2013
2013025481;1;2;1;1;3;350;11/12/2013
2013025482;5;2;1;1;3;350;11/12/2013
2013025483;5;2;3;1;3;350;11/12/2013
2013025484;5;2;3;1;6;350;12/12/2013
2013025485;1;2;1;2;7;350;12/12/2013
2013025486;5;2;1;8;2;350;13/12/2013
2013025487;5;2;2;1;3;350;14/12/2013
2013025488;5;2;1;1;1;350;14/12/2013
2013025489;1;2;1;1;2;350;16/12/2013