num_acc;lum;agg;inter;atm;col;dep;date
2013027799;1;2;3;1;3;490;24/07/2013
2013027800;1;2;1;1;2;490;25/07/2013
2013027801;1;2;1;1;2;490;25/07/2013
2013027802;1;2;1;1;2;490;26/07/2013
2013027803;1;2;1;1;2;490;31/07/2013
2013027804;1;2;2;1;3;490;02/08/2013
2013027805;1;2;1;1;6;490;02/08/2013
2013027806;1;2;2;1;3;490;06/08/2013
2013027807;1;2;6;1;1;490;06/08/2013
2013027808;3;1;1;1;6;490;15/08/2013
2013027809;1;2;1;1;6;490;23/08/2013
2013027810;1;2;1;1;2;490;24/08/2013
2013027811;1;2;1;1;7;490;24/08/2013
2013027812;1;2;1;1;6;490;24/08/2013
2013027813;1;2;1;1;7;490;24/08/2013
2013027814;4;2;1;1;1;490;27/08/2013
2013027815;2;2;1;1;7;490;01/09/2013
2013027816;1;2;6;1;1;490;03/09/2013
2013027817;1;2;1;1;6;490;04/09/2013
2013027818;1;2;1;1;6;490;04/09/2013
2013027819;1;2;1;1;1;490;05/09/2013
2013027820;2;2;6;1;2;490;05/09/2013
2013027821;5;2;2;1;2;490;06/09/2013
2013027822;1;2;3;1;3;490;09/09/2013
2013027823;1;2;1;1;1;490;06/09/2013
2013027824;1;2;1;1;2;490;06/09/2013
2013027825;5;2;2;1;3;490;07/09/2013
2013027826;1;2;1;1;6;490;08/09/2013
2013027827;1;2;1;1;2;490;11/09/2013
2013027828;1;2;6;1;7;490;11/09/2013
2013027829;5;2;2;1;3;490;13/09/2013
2013027830;2;2;3;1;5;490;12/09/2013
2013027831;1;2;1;2;6;490;12/09/2013
2013027832;1;2;1;1;6;490;12/09/2013
2013027833;1;1;1;1;3;490;16/09/2013
2013027834;1;2;3;1;1;490;17/09/2013
2013027835;1;2;3;1;2;490;13/09/2013
2013027836;1;2;1;1;6;490;15/09/2013
2013027837;1;2;1;1;2;490;16/09/2013
2013027838;1;2;2;1;1;490;18/09/2013
2013027839;1;2;6;1;3;490;20/09/2013
2013027840;1;2;1;1;6;490;20/09/2013
2013027841;1;2;1;1;2;490;21/09/2013
2013027842;1;2;1;1;6;490;23/09/2013
2013027843;1;2;1;1;6;490;24/09/2013
2013027844;1;2;1;1;7;490;24/09/2013
2013027845;1;2;1;1;2;490;26/09/2013
2013027846;1;1;1;2;3;490;28/09/2013
2013027847;1;2;1;1;6;490;28/09/2013
2013027848;1;2;1;1;2;490;27/09/2013
2013027849;1;2;2;1;3;490;27/09/2013
2013027850;1;2;3;1;6;490;29/09/2013
2013027851;2;2;1;1;3;490;27/09/2013
2013027852;5;2;1;1;7;490;29/09/2013
2013027853;2;2;1;1;3;490;30/09/2013
2013027854;1;2;1;1;6;490;01/10/2013
2013027855;1;2;1;1;3;490;02/10/2013
2013027856;1;2;1;1;4;490;03/10/2013
2013027857;5;2;1;1;6;490;04/10/2013
2013027858;5;2;2;1;1;490;03/10/2013
2013027859;1;1;1;1;3;490;04/10/2013
2013027860;1;2;1;1;6;490;04/10/2013
2013027861;1;2;3;1;3;490;08/10/2013
2013027862;1;2;3;1;6;490;09/10/2013
2013027863;1;2;1;1;3;490;09/10/2013
2013027864;1;2;1;2;3;490;12/10/2013
2013027865;5;2;1;1;6;490;13/10/2013
2013027866;1;2;2;1;6;490;14/10/2013
2013027867;1;2;1;1;2;490;14/10/2013
2013027868;1;2;2;2;3;490;15/10/2013
2013027869;1;2;2;2;2;490;15/10/2013
2013027870;5;2;1;1;3;490;16/10/2013
2013027871;1;1;1;1;6;490;16/10/2013
2013027872;1;2;2;1;6;490;17/10/2013
2013027873;1;2;1;1;6;490;17/10/2013
2013027874;1;2;1;1;2;490;18/10/2013
2013027875;1;2;1;1;3;490;21/10/2013
2013027876;2;2;1;1;3;490;22/10/2013
2013027877;1;2;2;1;2;490;23/10/2013
2013027878;2;2;1;1;6;490;23/10/2013
2013027879;1;2;1;1;6;490;24/10/2013
2013027880;3;1;1;2;7;490;27/10/2013
2013027881;5;2;1;1;7;490;28/10/2013
2013027882;5;2;2;1;2;490;01/11/2013
2013027883;1;1;1;1;6;490;02/11/2013
2013027884;1;2;1;1;6;490;05/11/2013
2013027885;1;2;1;1;6;490;05/11/2013
2013027886;1;2;1;1;3;490;06/11/2013
2013027887;2;1;1;1;4;490;06/11/2013
2013027888;5;2;1;2;4;490;11/11/2013
2013027889;1;2;1;1;6;490;14/11/2013
2013027890;1;2;1;1;6;490;18/11/2013
2013027891;5;2;1;1;2;490;26/10/2013
2013027892;5;2;1;1;3;490;12/11/2013
2013027893;1;2;1;1;7;490;20/10/2013
2013027894;1;2;1;1;6;490;26/10/2013
2013027895;5;2;1;1;6;490;18/11/2013
2013027896;1;2;1;1;7;490;29/10/2013
2013027897;1;2;1;1;6;490;30/10/2013
2013027898;1;2;1;1;7;490;09/11/2013
2013027899;5;2;1;2;6;490;20/11/2013
2013027900;1;2;6;1;6;490;20/11/2013
2013027901;1;2;2;1;3;490;21/11/2013
2013027902;1;2;1;2;2;490;21/11/2013
2013027903;2;2;1;2;7;490;21/11/2013
2013027904;3;2;1;1;7;490;21/11/2013
2013027905;5;2;1;1;6;490;23/11/2013
2013027906;1;2;1;7;6;490;24/11/2013
2013027907;5;2;2;1;3;490;28/11/2013
2013027908;1;2;9;1;3;490;28/11/2013
2013027909;1;2;5;1;3;490;30/11/2013
2013027910;5;2;1;1;6;490;30/11/2013
2013027911;1;2;1;1;1;490;30/11/2013
2013027912;1;2;1;1;3;490;29/11/2013
2013027913;2;2;1;1;2;490;03/12/2013
2013027914;1;1;1;2;2;490;08/11/2013
2013027915;3;1;1;1;4;490;03/12/2013
2013027916;1;2;1;1;6;490;06/12/2013
2013027917;5;2;1;1;7;490;09/12/2013
2013027918;1;2;1;1;4;490;10/12/2013
2013027919;1;2;1;1;7;490;10/12/2013
2013027920;1;2;6;1;2;490;12/12/2013
2013027921;5;2;1;1;7;490;13/12/2013
2013027922;5;2;1;1;7;490;14/12/2013
2013027923;5;2;1;1;2;490;12/12/2013
2013027924;1;2;1;1;3;490;16/12/2013
2013027925;5;2;1;3;3;490;18/12/2013
2013027926;2;2;3;2;3;490;18/12/2013
2013027927;1;2;1;2;7;490;19/12/2013
2013027928;1;2;1;1;2;490;19/12/2013
2013027929;5;2;1;1;6;490;19/12/2013
2013027930;1;2;1;1;6;490;20/12/2013
2013027931;5;2;1;2;7;490;21/12/2013
2013027932;1;2;1;9;6;490;20/12/2013
2013027933;5;2;7;9;3;490;22/12/2013
2013027934;1;2;1;1;1;490;23/12/2013
2013027935;4;2;1;2;7;490;26/12/2013
2013027936;2;2;1;8;6;490;26/12/2013
2013027937;2;2;1;2;7;490;27/12/2013
2013027938;1;2;9;1;1;490;30/12/2013
2013027939;1;2;9;5;2;490;06/01/2013
2013027940;5;2;1;1;3;490;07/01/2013
2013027941;1;2;1;1;6;490;09/01/2013
2013027942;1;2;2;1;6;490;11/01/2013
2013027943;2;2;6;1;3;490;14/01/2013
2013027944;1;2;1;1;6;490;15/01/2013
2013027945;1;2;1;2;6;490;18/01/2013
2013027946;2;2;1;1;3;490;22/01/2013
2013027947;5;2;1;2;4;490;23/01/2013
2013027948;5;2;9;2;3;490;24/01/2013
2013027949;5;2;1;1;2;490;28/01/2013
2013027950;1;2;6;1;3;490;28/01/2013
2013027951;5;2;6;1;4;490;28/01/2013
2013027952;5;2;1;2;3;490;29/01/2013
2013027953;5;2;3;2;3;490;08/02/2013
2013027954;1;2;1;2;6;490;09/02/2013
2013027955;1;2;1;1;6;490;20/02/2013
2013027956;1;2;1;4;3;490;26/02/2013
2013027957;1;2;1;1;6;490;22/03/2013
2013027958;1;2;6;1;3;490;27/03/2013
2013027959;2;2;1;1;3;490;05/04/2013
2013027960;1;2;1;1;2;490;08/04/2013
2013027961;1;2;6;1;6;490;17/04/2013
2013027962;1;2;6;1;3;490;18/04/2013
2013027963;5;2;1;1;6;490;09/05/2013
2013027964;2;2;1;1;6;490;11/05/2013
2013027965;1;2;2;3;3;490;18/05/2013
2013027966;5;2;1;3;6;490;19/05/2013
2013027967;1;2;2;1;6;490;27/05/2013
2013027968;1;2;1;2;1;490;30/05/2013
2013027969;1;2;6;1;2;490;06/06/2013
2013027970;1;2;1;2;3;490;11/06/2013
2013027971;1;2;1;1;2;490;12/06/2013
2013027972;1;2;1;1;1;490;13/06/2013
2013027973;1;2;9;1;6;490;17/06/2013
2013027974;1;2;1;1;2;490;27/06/2013
2013027975;1;2;1;1;6;490;10/07/2013
2013027976;1;2;6;1;6;490;16/07/2013
2013027977;1;1;1;8;6;490;23/07/2013
2013027978;1;2;1;1;6;490;28/07/2013
2013027979;1;2;1;1;6;490;29/07/2013
2013027980;1;2;2;1;6;490;01/08/2013
2013027981;1;2;3;1;6;490;03/08/2013
2013027982;1;2;6;1;6;490;05/08/2013
2013027983;5;2;3;1;3;490;06/08/2013
2013027984;1;1;1;1;6;490;15/08/2013
2013027985;1;2;1;1;6;490;04/09/2013
2013027986;1;2;1;7;6;490;10/09/2013
2013027987;1;2;1;1;6;490;24/09/2013
2013027988;1;2;2;2;5;490;26/09/2013
2013027989;1;2;1;1;6;490;26/09/2013
2013027990;3;1;1;1;1;490;27/09/2013
2013027991;1;2;9;1;6;490;14/10/2013
2013027992;5;2;3;2;3;490;14/10/2013
2013027993;1;2;1;1;3;490;18/10/2013
2013027994;2;2;3;1;3;490;20/10/2013
2013027995;1;1;8;8;6;490;21/10/2013
2013027996;2;2;9;1;2;490;18/10/2013
2013027997;1;2;3;1;3;490;24/10/2013
2013027998;1;2;1;2;5;490;03/11/2013
2013027999;1;2;1;2;1;490;07/11/2013
2013028000;5;2;1;2;3;490;07/11/2013
2013028001;1;2;1;1;3;490;22/11/2013
2013028002;2;2;1;1;2;490;06/12/2013
2013028003;1;2;1;1;3;490;09/12/2013
2013028004;5;2;2;1;3;490;11/12/2013
2013028005;2;1;1;1;1;490;11/12/2013
2013028006;5;2;1;2;4;490;13/12/2013
2013028007;2;2;6;1;6;490;17/12/2013
2013028008;5;2;1;1;6;490;17/12/2013
2013028009;5;2;1;1;6;490;18/12/2013
2013028010;1;2;2;2;3;490;23/12/2013
2013028011;2;2;1;1;6;490;03/01/2013
2013028012;1;2;1;1;6;490;05/01/2013
2013028013;1;2;6;2;3;490;10/01/2013
2013028014;2;1;6;1;4;490;11/01/2013
2013028015;2;2;6;1;2;490;14/01/2013
2013028016;3;2;6;1;3;490;21/01/2013
2013028017;4;2;2;1;3;490;25/01/2013
2013028018;4;2;1;1;7;490;26/01/2013
2013028019;4;2;2;1;3;490;26/01/2013
2013028020;2;2;1;3;3;490;06/02/2013
2013028021;3;1;1;1;7;490;08/02/2013
2013028022;1;2;1;1;5;490;21/02/2013
2013028023;1;1;1;1;5;490;22/02/2013
2013028024;4;2;1;1;7;490;24/02/2013
2013028025;1;2;2;1;3;490;26/02/2013
2013028026;1;2;1;1;6;490;26/02/2013
2013028027;5;2;1;1;6;490;01/03/2013
2013028028;2;1;1;1;7;490;03/03/2013
2013028029;1;2;1;1;2;490;07/03/2013
2013028030;1;2;3;1;3;490;09/03/2013
2013028031;1;2;2;1;6;490;15/03/2013
2013028032;1;2;1;1;3;490;15/03/2013
2013028033;1;2;3;1;6;490;20/03/2013
2013028034;1;2;6;1;3;490;28/03/2013
2013028035;1;1;1;2;5;490;29/03/2013
2013028036;1;2;6;1;3;490;03/04/2013
2013028037;1;1;1;2;6;490;05/04/2013
2013028038;1;2;6;1;7;490;14/04/2013
2013028039;1;2;3;1;3;490;17/04/2013
2013028040;1;2;2;1;6;490;19/04/2013
2013028041;1;2;1;1;7;490;19/04/2013
2013028042;1;2;1;1;7;490;21/04/2013
2013028043;1;2;1;1;6;490;23/04/2013
2013028044;1;2;1;1;1;490;02/05/2013
2013028045;1;2;1;1;6;490;06/05/2013
2013028046;1;2;1;1;2;490;06/05/2013
2013028047;1;2;1;1;6;490;06/05/2013
2013028048;1;2;1;1;7;490;09/05/2013
2013028049;1;2;1;1;3;490;25/05/2013
2013028050;1;2;1;8;3;490;28/05/2013
2013028051;1;2;1;1;6;490;08/06/2013
2013028052;1;2;6;8;3;490;09/06/2013
2013028053;1;1;2;1;3;490;15/06/2013
2013028054;1;1;1;1;6;490;15/06/2013
2013028055;1;1;1;1;6;490;15/06/2013
2013028056;1;1;1;1;7;490;18/06/2013
2013028057;1;2;3;1;1;490;20/06/2013
2013028058;5;2;6;1;2;490;21/06/2013
2013028059;1;2;6;1;3;490;25/06/2013
2013028060;1;1;1;1;7;490;29/06/2013
2013028061;1;2;1;1;6;490;01/07/2013
2013028062;1;2;6;1;6;490;07/07/2013
2013028063;1;2;1;1;6;490;10/07/2013
2013028064;1;2;6;1;3;490;19/07/2013
2013028065;1;2;1;1;2;490;20/07/2013
2013028066;1;2;1;1;7;490;21/07/2013
2013028067;1;1;1;1;6;490;23/07/2013
2013028068;3;2;1;1;7;490;25/07/2013
2013028069;1;1;1;1;6;490;27/07/2013
2013028070;1;2;6;1;7;490;27/07/2013
2013028071;2;2;1;1;6;490;28/07/2013
2013028072;1;1;1;1;5;490;29/07/2013
2013028073;1;2;1;1;5;490;31/07/2013
2013028074;4;2;1;1;6;490;07/08/2013
2013028075;1;2;2;1;3;490;09/08/2013
2013028076;1;2;1;1;6;490;14/08/2013
2013028077;3;2;1;1;7;490;31/08/2013
2013028078;1;2;1;1;7;490;02/09/2013
2013028079;1;2;6;1;3;490;03/09/2013
2013028080;1;2;3;1;3;490;05/09/2013
2013028081;1;2;1;1;3;490;09/09/2013
2013028082;1;2;6;1;7;490;09/09/2013
2013028083;1;2;1;2;7;490;12/09/2013
2013028084;1;2;1;3;7;490;14/09/2013
2013028085;1;2;3;1;3;490;20/09/2013
2013028086;1;2;3;1;2;490;21/09/2013
2013028087;2;2;1;1;6;490;24/09/2013
2013028088;1;2;6;1;6;490;24/09/2013
2013028089;1;2;6;2;7;490;03/10/2013
2013028090;5;2;1;1;1;490;04/10/2013
2013028091;2;2;1;1;6;490;12/10/2013
2013028092;1;2;1;3;6;490;15/10/2013
2013028093;1;1;1;2;6;490;20/10/2013
2013028094;1;1;1;1;3;490;21/10/2013
2013028095;1;2;1;1;7;490;28/10/2013
2013028096;5;2;1;2;6;490;12/11/2013
2013028097;1;1;1;1;5;490;14/11/2013
2013028098;1;1;1;1;3;490;16/11/2013
2013028099;1;2;3;1;3;490;20/11/2013
2013028100;5;2;1;1;1;490;25/11/2013
2013028101;5;2;1;1;6;490;04/12/2013
2013028102;3;2;1;1;5;490;10/12/2013
2013028103;2;1;1;1;2;490;12/12/2013
2013028104;1;2;2;1;3;490;13/12/2013
2013028105;1;2;3;1;3;490;19/12/2013
2013028106;1;2;1;1;6;490;20/12/2013
2013028107;1;2;1;1;7;490;20/12/2013
2013028108;1;2;6;2;2;490;27/12/2013
2013028109;5;2;1;2;6;500;02/01/2013
2013028110;5;2;3;1;6;500;04/01/2013
2013028111;1;2;1;1;7;500;11/01/2013
2013028112;1;2;2;1;1;500;12/01/2013
2013028113;5;2;2;1;1;500;14/01/2013
2013028114;1;2;5;1;4;500;15/01/2013
2013028115;1;2;1;1;1;500;17/01/2013
2013028116;1;2;1;2;7;500;21/01/2013
2013028117;1;2;1;1;6;500;23/01/2013
2013028118;1;2;1;1;7;500;27/01/2013
2013028119;1;2;1;1;7;500;28/01/2013
2013028120;5;2;1;2;4;500;01/02/2013
2013028121;1;2;2;1;3;500;02/02/2013
2013028122;5;2;1;2;2;500;03/02/2013
2013028123;5;2;6;2;7;500;04/02/2013
2013028124;1;2;2;2;3;500;06/02/2013
2013028125;1;2;1;2;7;500;06/02/2013
2013028126;1;2;1;1;6;500;08/02/2013
2013028127;5;2;1;1;7;500;09/02/2013
2013028128;5;2;1;1;6;500;11/02/2013
2013028129;1;2;1;1;3;500;15/02/2013
2013028130;1;1;1;1;6;500;19/02/2013
2013028131;1;2;1;9;7;500;20/02/2013
2013028132;5;2;1;1;6;500;21/02/2013
2013028133;1;2;2;1;3;500;28/02/2013
2013028134;5;2;1;1;7;500;03/03/2013
2013028135;5;2;1;2;1;500;06/03/2013
2013028136;1;2;1;1;2;500;06/03/2013
2013028137;1;2;2;1;1;500;07/03/2013
2013028138;1;2;2;1;3;500;19/03/2013
2013028139;1;2;1;1;7;500;24/03/2013
2013028140;1;2;1;1;3;500;25/03/2013
2013028141;1;2;1;1;2;500;28/03/2013
2013028142;1;2;1;1;6;500;28/03/2013
2013028143;1;2;1;1;2;500;28/03/2013
2013028144;1;2;2;2;3;500;30/03/2013
2013028145;5;2;2;1;3;500;31/03/2013
2013028146;5;2;2;1;1;500;01/04/2013
2013028147;1;2;2;1;3;500;03/04/2013
2013028148;1;2;2;1;3;500;09/04/2013
2013028149;1;2;1;1;3;500;12/04/2013
2013028150;5;2;1;1;6;500;13/04/2013
2013028151;1;2;4;2;3;500;13/04/2013
2013028152;1;2;1;1;6;500;15/04/2013
2013028153;1;1;4;1;3;500;15/04/2013
2013028154;1;2;2;1;3;500;23/04/2013
2013028155;1;2;2;1;7;500;25/04/2013
2013028156;1;2;1;1;6;500;26/04/2013
2013028157;1;2;2;1;6;500;28/04/2013
2013028158;1;1;1;1;2;500;01/05/2013
2013028159;1;1;1;1;7;500;04/05/2013
2013028160;1;2;1;1;6;500;06/05/2013
2013028161;1;2;1;1;6;500;07/05/2013
2013028162;1;2;1;1;7;500;09/05/2013
2013028163;1;2;1;1;7;500;10/05/2013
2013028164;1;2;6;2;7;500;14/05/2013
2013028165;1;2;1;2;6;500;14/05/2013
2013028166;1;2;6;1;3;500;16/05/2013
2013028167;1;1;1;1;7;500;17/05/2013
2013028168;1;2;3;2;3;500;19/05/2013
2013028169;1;2;3;2;2;500;19/05/2013
2013028170;1;2;1;1;7;500;20/05/2013
2013028171;1;2;1;1;6;500;22/05/2013
2013028172;1;2;2;1;3;500;24/05/2013
2013028173;1;2;2;1;2;500;27/05/2013
2013028174;1;2;2;1;4;500;28/05/2013
2013028175;1;2;1;1;6;500;02/06/2013
2013028176;1;2;2;1;3;500;04/06/2013
2013028177;1;2;3;1;2;500;05/06/2013
2013028178;5;2;1;3;7;500;07/06/2013
2013028179;1;2;3;1;6;500;10/06/2013
2013028180;1;2;1;2;6;500;12/06/2013
2013028181;1;2;3;1;7;500;12/06/2013
2013028182;1;2;1;1;6;500;14/06/2013
2013028183;1;2;2;1;2;500;15/06/2013
2013028184;1;2;1;1;6;500;15/06/2013
2013028185;1;2;1;1;7;500;16/06/2013
2013028186;1;2;1;1;7;500;18/06/2013
2013028187;1;2;3;1;7;500;20/06/2013
2013028188;1;2;2;2;3;500;21/06/2013
2013028189;1;2;1;1;7;500;21/06/2013
2013028190;1;2;1;1;4;500;24/06/2013
2013028191;5;2;1;1;6;500;27/06/2013
2013028192;1;2;6;1;3;500;28/06/2013
2013028193;1;2;3;1;3;500;28/06/2013
2013028194;1;2;1;1;7;500;30/06/2013
2013028195;1;2;3;1;3;500;01/07/2013
2013028196;1;2;2;1;6;500;02/07/2013
2013028197;1;2;3;1;3;500;03/07/2013
2013028198;3;1;1;1;6;500;06/07/2013
2013028199;1;2;1;1;3;500;09/07/2013
2013028200;5;2;1;1;6;500;13/07/2013
2013028201;1;2;3;1;3;500;12/07/2013
2013028202;1;2;2;1;3;500;12/07/2013
2013028203;1;2;1;1;6;500;15/07/2013
2013028204;1;2;3;1;3;500;19/07/2013
2013028205;1;2;1;1;7;500;26/07/2013
2013028206;1;2;1;3;7;500;30/07/2013
2013028207;1;2;2;1;7;500;03/08/2013
2013028208;1;2;1;1;7;500;06/08/2013
2013028209;1;2;1;1;7;500;09/08/2013
2013028210;5;2;2;1;3;500;13/08/2013
2013028211;1;2;3;1;3;500;15/08/2013
2013028212;5;2;1;1;7;500;17/08/2013
2013028213;5;2;1;1;6;500;16/08/2013
2013028214;5;2;2;1;1;500;20/08/2013
2013028215;1;2;1;1;7;500;21/08/2013
2013028216;1;2;1;1;6;500;23/08/2013
2013028217;1;2;3;1;7;500;24/08/2013
2013028218;1;2;1;1;2;500;27/08/2013
2013028219;1;2;4;1;4;500;28/08/2013
2013028220;1;2;3;1;3;500;29/08/2013
2013028221;1;2;1;1;4;500;02/09/2013
2013028222;1;2;1;8;7;500;09/09/2013
2013028223;1;2;1;3;6;500;15/09/2013
2013028224;1;2;2;1;1;500;23/09/2013
2013028225;1;2;1;7;7;500;24/09/2013
2013028226;1;2;2;1;1;500;26/09/2013
2013028227;5;2;2;1;3;500;29/09/2013
2013028228;5;2;1;8;6;500;03/10/2013
2013028229;1;2;4;1;6;500;05/10/2013
2013028230;1;2;1;1;3;500;06/10/2013
2013028231;1;2;1;1;7;500;10/10/2013
2013028232;1;2;2;1;3;500;12/10/2013
2013028233;1;2;1;1;5;500;12/10/2013
2013028234;1;2;1;2;4;500;14/10/2013
2013028235;1;2;1;1;7;500;14/10/2013
2013028236;3;1;1;2;6;500;14/10/2013
2013028237;1;2;4;1;3;500;18/10/2013
2013028238;1;2;3;1;6;500;18/10/2013
2013028239;5;2;1;2;7;500;22/10/2013
2013028240;1;2;1;1;7;500;25/10/2013
2013028241;3;1;1;1;6;500;30/10/2013
2013028242;1;2;1;1;7;500;30/10/2013
2013028243;5;2;1;2;7;500;02/11/2013
2013028244;1;2;1;1;6;500;04/11/2013
2013028245;1;2;1;2;2;500;06/11/2013
2013028246;1;2;3;2;6;500;07/11/2013
2013028247;2;2;3;1;7;500;09/11/2013
2013028248;1;2;1;1;5;500;13/11/2013
2013028249;1;2;1;1;6;500;14/11/2013
2013028250;5;2;1;1;6;500;16/11/2013
2013028251;5;2;1;1;4;500;17/11/2013
2013028252;5;2;3;1;7;500;23/11/2013
2013028253;1;2;1;1;2;500;22/11/2013
2013028254;5;2;1;1;7;500;25/11/2013
2013028255;1;2;2;1;3;500;25/11/2013
2013028256;5;2;3;1;1;500;28/11/2013
2013028257;5;2;1;2;4;500;28/11/2013
2013028258;3;1;1;2;6;500;29/11/2013
2013028259;2;2;1;1;1;500;29/11/2013
2013028260;5;1;1;1;5;500;29/11/2013
2013028261;5;2;1;1;4;500;30/11/2013
2013028262;1;1;1;1;6;500;05/12/2013
2013028263;1;2;1;1;2;500;06/12/2013
2013028264;1;1;1;1;7;500;09/12/2013
2013028265;3;1;1;1;7;500;12/12/2013
2013028266;5;2;2;1;1;500;13/12/2013
2013028267;1;2;2;2;3;500;16/12/2013
2013028268;1;2;1;2;7;500;17/12/2013
2013028269;1;2;2;1;6;500;18/12/2013
2013028270;5;2;1;1;6;500;21/12/2013
2013028271;1;2;1;3;7;500;21/12/2013
2013028272;1;2;1;2;6;500;09/02/2013
2013028273;1;2;1;1;6;500;18/03/2013
2013028274;1;1;1;1;2;500;03/05/2013
2013028275;5;2;1;1;7;500;02/07/2013
2013028276;1;2;1;1;6;500;05/07/2013
2013028277;1;2;1;1;6;500;25/07/2013
2013028278;5;2;1;1;7;500;29/07/2013
2013028279;3;2;1;1;7;500;13/08/2013
2013028280;1;2;3;1;2;500;17/09/2013
2013028281;5;2;1;1;6;500;05/10/2013
2013028282;1;2;1;2;2;500;02/11/2013
2013028283;1;1;1;7;6;500;13/11/2013
2013028284;4;2;2;1;6;500;16/11/2013
2013028285;1;2;1;1;7;500;02/12/2013
2013028286;1;2;1;1;6;500;06/12/2013
2013028287;1;2;1;1;6;500;09/12/2013
2013028288;1;2;3;1;6;500;14/12/2013
2013028289;1;2;1;1;6;500;01/01/2013
2013028290;5;2;1;1;3;500;11/01/2013
2013028291;1;2;1;1;2;500;17/01/2013
2013028292;1;1;1;1;6;500;03/02/2013
2013028293;1;1;2;1;5;500;10/02/2013
2013028294;1;2;1;1;6;500;11/02/2013
2013028295;1;2;1;1;5;500;20/02/2013
2013028296;5;2;6;8;6;500;06/03/2013
2013028297;1;1;3;1;3;500;20/03/2013
2013028298;1;2;1;1;7;500;24/03/2013
2013028299;1;1;3;1;3;500;31/03/2013
2013028300;1;1;1;1;4;500;02/04/2013
2013028301;1;2;1;1;2;500;16/04/2013
2013028302;1;1;2;1;3;500;06/05/2013
2013028303;1;2;3;1;3;500;19/06/2013
2013028304;1;2;9;1;3;500;27/06/2013
2013028305;1;2;1;1;6;500;17/07/2013
2013028306;1;2;6;1;3;500;19/07/2013
2013028307;1;2;1;1;2;500;24/07/2013
2013028308;1;1;1;1;2;500;26/07/2013
2013028309;1;2;2;1;4;500;18/07/2013
2013028310;1;2;1;1;5;500;08/08/2013
2013028311;1;2;1;1;7;500;08/08/2013
2013028312;1;2;1;1;6;500;11/08/2013
2013028313;3;1;1;1;7;500;13/07/2013
2013028314;5;2;9;1;6;500;17/08/2013
2013028315;1;2;1;1;3;500;23/08/2013
2013028316;1;2;6;1;3;500;14/08/2013
2013028317;1;2;1;1;3;500;09/09/2013
2013028318;1;2;3;1;3;500;10/09/2013
2013028319;5;2;6;8;7;500;09/10/2013
2013028320;5;2;1;8;7;500;15/10/2013
2013028321;1;2;1;1;3;500;23/10/2013
2013028322;1;1;1;1;3;500;02/11/2013
2013028323;1;2;1;1;7;500;05/11/2013
2013028324;1;2;1;8;6;500;11/11/2013
2013028325;5;2;1;2;6;500;23/11/2013
2013028326;3;1;1;1;3;500;27/11/2013
2013028327;5;2;1;1;2;500;28/11/2013
2013028328;5;2;1;1;6;500;05/12/2013
2013028329;1;1;6;1;7;500;06/12/2013
2013028330;1;2;1;1;7;500;09/12/2013
2013028331;5;2;1;8;7;500;10/12/2013
2013028332;3;1;1;1;6;500;21/12/2013
2013028333;5;2;2;1;3;500;24/12/2013
2013028334;1;2;1;2;6;500;27/12/2013
2013028335;1;2;1;1;6;500;01/01/2013
2013028336;3;1;1;1;6;500;05/01/2013
2013028337;5;2;3;2;3;500;05/01/2013
2013028338;1;2;1;1;6;500;08/01/2013
2013028339;1;2;2;1;3;500;15/01/2013
2013028340;5;2;2;1;5;500;19/01/2013
2013028341;3;1;1;6;6;500;25/01/2013
2013028342;1;2;1;1;7;500;15/02/2013
2013028343;1;2;2;7;3;500;18/02/2013
2013028344;1;2;1;1;1;500;14/03/2013
2013028345;5;2;1;1;6;500;14/03/2013
2013028346;3;1;1;4;7;500;16/03/2013
2013028347;1;2;3;1;3;500;23/03/2013
2013028348;5;2;2;1;3;500;27/03/2013
2013028349;1;2;7;1;2;500;06/04/2013
2013028350;1;1;1;1;7;500;09/04/2013
2013028351;1;2;3;2;3;500;10/04/2013
2013028352;1;2;3;1;3;500;17/05/2013
2013028353;1;2;6;1;2;500;31/05/2013
2013028354;3;1;1;3;7;500;30/05/2013
2013028355;1;2;3;1;3;500;17/06/2013
2013028356;1;2;1;1;1;500;06/07/2013
2013028357;1;1;1;1;7;500;21/07/2013
2013028358;1;1;1;1;3;500;21/07/2013
2013028359;1;2;1;1;2;500;25/07/2013
2013028360;1;1;1;1;1;500;19/08/2013
2013028361;1;2;6;1;3;500;20/08/2013
2013028362;1;1;1;1;1;500;26/08/2013
2013028363;1;1;1;1;6;500;13/09/2013
2013028364;1;2;1;2;6;500;13/09/2013
2013028365;1;1;6;1;2;500;14/09/2013
2013028366;5;2;3;8;1;500;01/10/2013
2013028367;1;2;1;1;1;500;08/10/2013
2013028368;1;1;1;1;3;500;13/10/2013
2013028369;1;2;1;1;3;500;24/10/2013
2013028370;5;2;1;1;3;500;18/11/2013
2013028371;1;2;2;1;6;500;19/11/2013
2013028372;5;2;1;2;6;500;19/11/2013
2013028373;1;2;6;8;3;500;22/11/2013
2013028374;5;2;1;1;6;500;09/12/2013
2013028375;5;2;2;2;6;500;13/12/2013
2013028376;2;2;1;2;6;500;15/12/2013