num_acc;lum;agg;inter;atm;col;dep;date
2013028377;5;2;1;8;6;500;20/12/2013
2013028378;1;2;1;6;3;500;23/12/2013
2013028379;3;1;3;3;1;500;23/12/2013
2013028380;1;2;1;1;6;510;13/02/2013
2013028381;1;2;1;1;6;510;23/02/2013
2013028382;1;2;1;1;3;510;04/03/2013
2013028383;5;2;2;1;3;510;15/03/2013
2013028384;1;2;1;1;6;510;20/04/2013
2013028385;1;2;2;1;3;510;09/05/2013
2013028386;1;2;2;1;7;510;10/05/2013
2013028387;1;2;1;2;1;510;15/05/2013
2013028388;1;1;1;2;2;510;16/05/2013
2013028389;5;2;1;1;3;510;14/06/2013
2013028390;1;2;1;1;6;510;19/06/2013
2013028391;3;1;1;1;7;510;25/06/2013
2013028392;5;2;3;1;3;510;08/08/2013
2013028393;2;2;7;1;3;510;30/08/2013
2013028394;5;2;1;1;7;510;07/09/2013
2013028395;1;2;2;1;3;510;13/10/2013
2013028396;1;2;3;8;1;510;12/11/2013
2013028397;1;1;1;1;2;510;03/12/2013
2013028398;1;2;1;1;6;510;03/12/2013
2013028399;2;2;3;1;6;510;16/12/2013
2013028400;1;2;1;2;6;510;19/12/2013
2013028401;1;2;6;2;3;510;01/02/2013
2013028402;5;2;2;2;6;510;01/02/2013
2013028403;2;2;1;9;1;510;27/02/2013
2013028404;1;2;2;1;6;510;28/05/2013
2013028405;1;2;2;1;6;510;20/06/2013
2013028406;1;2;7;1;3;510;11/08/2013
2013028407;1;2;1;1;6;510;04/09/2013
2013028408;1;2;2;1;3;510;07/10/2013
2013028409;5;2;1;2;6;510;12/11/2013
2013028410;5;2;1;1;2;510;27/11/2013
2013028411;5;2;3;1;2;510;09/01/2013
2013028412;5;2;2;2;6;510;09/01/2013
2013028413;5;2;2;1;3;510;13/01/2013
2013028414;1;2;3;1;6;510;05/01/2013
2013028415;5;2;2;1;5;510;27/01/2013
2013028416;5;2;2;1;6;510;02/02/2013
2013028417;2;2;2;9;6;510;08/02/2013
2013028418;2;2;1;8;6;510;15/02/2013
2013028419;5;2;1;1;2;510;19/02/2013
2013028420;1;2;1;1;6;510;10/03/2013
2013028421;1;2;1;1;3;510;22/03/2013
2013028422;1;2;1;1;2;510;02/04/2013
2013028423;5;2;5;9;1;510;12/04/2013
2013028424;4;2;1;1;6;510;20/04/2013
2013028425;1;2;3;1;3;510;25/04/2013
2013028426;5;2;1;1;6;510;27/04/2013
2013028427;1;2;3;1;6;510;19/04/2013
2013028428;1;2;2;1;3;510;12/05/2013
2013028429;1;2;1;1;6;510;10/05/2013
2013028430;1;2;1;1;3;510;18/05/2013
2013028431;1;2;3;1;2;510;12/05/2013
2013028432;2;2;1;1;6;510;25/05/2013
2013028433;1;2;3;1;5;510;01/06/2013
2013028434;1;2;1;1;6;510;15/05/2013
2013028435;1;2;1;1;6;510;11/06/2013
2013028436;1;2;1;1;6;510;15/06/2013
2013028437;1;2;2;2;3;510;19/06/2013
2013028438;1;1;1;2;4;510;24/06/2013
2013028439;1;2;2;1;6;510;25/06/2013
2013028440;1;2;2;1;6;510;08/07/2013
2013028441;5;2;3;1;1;510;13/07/2013
2013028442;1;2;1;1;6;510;15/07/2013
2013028443;1;2;2;1;6;510;19/07/2013
2013028444;5;2;1;1;6;510;29/07/2013
2013028445;5;2;2;1;3;510;30/07/2013
2013028446;1;2;1;1;2;510;15/08/2013
2013028447;1;2;6;1;3;510;21/08/2013
2013028448;1;2;6;1;3;510;21/08/2013
2013028449;1;2;1;1;6;510;01/09/2013
2013028450;1;2;2;1;6;510;09/09/2013
2013028451;5;2;1;1;6;510;21/09/2013
2013028452;1;2;3;3;3;510;09/10/2013
2013028453;1;2;3;1;3;510;08/10/2013
2013028454;1;2;2;8;3;510;18/10/2013
2013028455;5;2;2;2;3;510;19/10/2013
2013028456;2;2;2;1;3;510;23/10/2013
2013028457;5;2;2;1;3;510;23/10/2013
2013028458;5;2;4;2;1;510;05/11/2013
2013028459;5;2;1;1;6;510;09/11/2013
2013028460;1;2;3;1;6;510;14/11/2013
2013028461;5;2;2;2;3;510;14/11/2013
2013028462;5;2;3;1;6;510;23/11/2013
2013028463;1;2;1;1;6;510;29/11/2013
2013028464;1;2;9;1;1;510;02/12/2013
2013028465;5;2;1;1;4;510;02/12/2013
2013028466;5;2;2;2;3;510;04/12/2013
2013028467;5;2;1;1;4;510;06/12/2013
2013028468;2;2;1;1;6;510;09/12/2013
2013028469;2;2;2;1;6;510;10/12/2013
2013028470;1;2;1;1;6;510;13/12/2013
2013028471;1;1;1;1;6;520;12/01/2013
2013028472;1;2;3;4;2;520;06/02/2013
2013028473;4;2;1;1;6;520;15/02/2013
2013028474;1;2;1;1;6;520;05/03/2013
2013028475;5;2;2;1;3;520;24/03/2013
2013028476;1;1;2;1;4;520;04/04/2013
2013028477;1;1;2;1;2;520;05/04/2013
2013028478;1;1;4;1;7;520;21/04/2013
2013028479;1;1;2;1;2;520;02/05/2013
2013028480;1;2;9;1;6;520;24/05/2013
2013028481;1;1;2;1;3;520;06/06/2013
2013028482;1;2;1;1;6;520;18/06/2013
2013028483;1;2;3;1;6;520;08/07/2013
2013028484;1;2;1;1;6;520;22/08/2013
2013028485;1;2;2;1;3;520;04/10/2013
2013028486;2;2;1;1;2;520;24/10/2013
2013028487;3;1;6;1;6;520;27/11/2013
2013028488;1;2;1;7;6;520;13/12/2013
2013028489;5;2;3;1;6;520;21/12/2013
2013028490;1;2;1;1;6;520;10/02/2013
2013028491;1;2;2;1;3;520;04/03/2013
2013028492;1;2;1;1;6;520;07/06/2013
2013028493;1;1;1;1;3;520;22/06/2013
2013028494;1;2;1;7;2;520;11/07/2013
2013028495;1;2;1;1;6;520;03/08/2013
2013028496;1;2;2;1;3;520;17/08/2013
2013028497;1;1;1;1;6;520;30/08/2013
2013028498;1;1;1;1;7;520;18/09/2013
2013028499;1;2;1;1;6;520;23/09/2013
2013028500;5;2;1;1;6;520;18/10/2013
2013028501;1;2;6;1;3;520;24/10/2013
2013028502;2;2;1;1;6;520;25/11/2013
2013028503;1;2;1;7;3;530;28/01/2013
2013028504;5;2;2;1;3;530;31/01/2013
2013028505;5;2;1;1;6;530;08/02/2013
2013028506;1;2;1;2;6;530;11/02/2013
2013028507;5;2;1;1;6;530;11/02/2013
2013028508;1;2;1;2;6;530;16/03/2013
2013028509;3;2;1;1;1;530;05/05/2013
2013028510;2;2;1;1;1;530;14/06/2013
2013028511;3;1;1;1;6;530;21/06/2013
2013028512;1;2;1;1;6;530;27/06/2013
2013028513;1;1;1;1;6;530;12/07/2013
2013028514;1;1;1;1;6;530;18/07/2013
2013028515;5;2;3;1;3;530;22/07/2013
2013028516;1;1;1;1;6;530;22/07/2013
2013028517;1;1;6;1;3;530;24/07/2013
2013028518;1;2;1;1;6;530;25/07/2013
2013028519;1;1;3;1;2;530;04/09/2013
2013028520;1;2;1;1;3;530;29/08/2013
2013028521;1;2;3;1;3;530;26/09/2013
2013028522;4;2;1;2;6;530;24/10/2013
2013028523;4;2;2;1;6;530;14/11/2013
2013028524;5;2;2;1;3;530;16/11/2013
2013028525;5;2;1;1;6;530;09/12/2013
2013028526;5;2;3;1;3;530;09/12/2013
2013028527;3;2;1;3;6;530;18/12/2013
2013028528;1;2;1;8;6;530;16/12/2013
2013028529;1;1;1;1;1;540;18/04/2013
2013028530;1;1;3;1;1;540;06/07/2013
2013028531;1;1;1;8;1;540;05/01/2013
2013028532;3;1;1;2;7;540;10/01/2013
2013028533;3;1;1;4;1;540;18/01/2013
2013028534;1;2;1;1;6;540;04/02/2013
2013028535;1;2;1;1;6;540;02/04/2013
2013028536;1;1;1;1;2;540;01/06/2013
2013028537;1;1;1;1;6;540;18/07/2013
2013028538;1;1;1;2;5;540;22/12/2013
2013028539;5;2;1;1;6;540;06/04/2013
2013028540;1;2;1;1;7;540;12/04/2013
2013028541;1;2;1;1;3;540;12/06/2013
2013028542;5;2;1;1;6;540;13/07/2013
2013028543;1;2;1;1;6;540;20/08/2013
2013028544;1;2;1;1;6;540;29/11/2013
2013028545;5;2;2;1;2;540;04/09/2013
2013028546;5;2;3;1;3;540;07/12/2013
2013028547;1;2;1;8;6;540;12/12/2013
2013028548;1;2;3;1;3;540;21/12/2013
2013028549;1;2;6;4;6;540;19/01/2013
2013028550;1;2;3;4;3;540;22/01/2013
2013028551;1;1;1;8;6;540;27/12/2013
2013028552;5;2;1;1;1;540;15/03/2013
2013028553;5;2;3;9;3;540;18/03/2013
2013028554;1;2;1;1;6;540;14/03/2013
2013028555;3;2;1;4;7;540;23/03/2013
2013028556;1;1;1;6;7;540;30/01/2013
2013028557;1;2;1;4;2;540;07/02/2013
2013028558;1;2;3;1;3;540;04/02/2013
2013028559;5;2;3;4;3;540;06/02/2013
2013028560;2;2;1;1;1;540;21/02/2013
2013028561;1;2;1;1;6;540;23/02/2013
2013028562;1;2;1;2;6;540;12/04/2013
2013028563;1;2;3;1;3;540;09/04/2013
2013028564;1;2;1;1;3;540;01/06/2013
2013028565;1;2;2;1;1;540;02/06/2013
2013028566;1;2;1;1;1;540;21/06/2013
2013028567;1;2;1;1;6;540;24/06/2013
2013028568;1;2;2;1;1;540;27/06/2013
2013028569;1;1;1;1;6;540;01/07/2013
2013028570;5;2;2;1;3;540;14/07/2013
2013028571;1;1;1;1;3;540;13/07/2013
2013028572;1;2;1;1;6;540;16/07/2013
2013028573;1;2;1;1;2;540;21/07/2013
2013028574;5;2;1;1;3;540;15/08/2013
2013028575;1;2;1;1;6;540;25/08/2013
2013028576;2;2;6;1;7;540;27/08/2013
2013028577;5;2;1;1;7;540;05/09/2013
2013028578;3;2;1;1;6;540;08/09/2013
2013028579;1;2;1;1;6;540;27/08/2013
2013028580;5;2;1;1;1;540;24/09/2013
2013028581;2;2;2;1;2;540;12/08/2013
2013028582;1;2;1;1;6;540;23/08/2013
2013028583;1;2;1;1;7;540;26/09/2013
2013028584;1;1;1;8;1;540;25/10/2013
2013028585;1;2;1;8;2;540;21/10/2013
2013028586;3;2;1;3;6;540;05/11/2013
2013028587;3;1;1;8;6;540;10/11/2013
2013028588;1;2;1;1;2;540;19/10/2013
2013028589;2;2;1;8;6;540;27/10/2013
2013028590;3;1;1;5;7;540;11/11/2013
2013028591;3;2;1;8;2;540;09/11/2013
2013028592;2;2;6;8;3;540;18/12/2013
2013028593;5;2;1;2;6;540;19/12/2013
2013028594;1;2;1;1;2;540;24/12/2013
2013028595;2;2;1;2;3;540;24/12/2013
2013028596;2;2;1;1;3;540;30/07/2013
2013028597;1;2;6;2;3;540;11/09/2013
2013028598;1;2;2;1;7;540;02/10/2013
2013028599;5;2;1;1;6;540;01/01/2013
2013028600;1;2;1;1;6;540;02/01/2013
2013028601;1;2;1;1;4;540;04/01/2013
2013028602;5;2;1;1;2;540;04/01/2013
2013028603;5;2;3;1;3;540;06/01/2013
2013028604;5;2;3;1;6;540;07/01/2013
2013028605;1;2;1;1;6;540;04/01/2013
2013028606;1;2;3;1;2;540;09/01/2013
2013028607;1;2;3;2;3;540;10/01/2013
2013028608;5;2;1;1;4;540;10/01/2013
2013028609;1;2;1;1;6;540;12/01/2013
2013028610;5;2;1;1;6;540;13/01/2013
2013028611;2;2;2;4;3;540;14/01/2013
2013028612;1;2;1;1;6;540;14/01/2013
2013028613;1;1;1;1;2;540;16/01/2013
2013028614;1;2;2;1;6;540;18/01/2013
2013028615;5;2;3;8;1;540;18/01/2013
2013028616;5;2;1;2;6;540;21/01/2013
2013028617;1;2;3;1;3;540;23/01/2013
2013028618;1;2;2;8;4;540;24/01/2013
2013028619;1;2;1;1;6;540;26/01/2013
2013028620;1;2;1;2;6;540;27/01/2013
2013028621;5;2;2;1;3;540;28/01/2013
2013028622;1;2;1;1;6;540;30/01/2013
2013028623;5;2;3;1;5;540;30/01/2013
2013028624;1;2;2;1;5;540;03/02/2013
2013028625;1;2;1;9;3;540;02/02/2013
2013028626;1;2;1;2;6;540;04/02/2013
2013028627;1;2;1;2;7;540;04/02/2013
2013028628;1;2;1;4;6;540;05/02/2013
2013028629;2;2;2;1;6;540;07/02/2013
2013028630;5;2;2;1;6;540;08/02/2013
2013028631;1;2;1;1;6;540;10/02/2013
2013028632;1;2;1;2;6;540;11/02/2013
2013028633;1;2;1;1;6;540;12/02/2013
2013028634;5;2;2;1;2;540;12/02/2013
2013028635;5;2;1;9;6;540;03/02/2013
2013028636;2;2;1;1;2;540;12/02/2013
2013028637;1;2;2;1;6;540;14/02/2013
2013028638;1;2;1;1;5;540;18/02/2013
2013028639;1;2;1;1;6;540;18/02/2013
2013028640;1;2;3;1;6;540;19/02/2013
2013028641;1;2;1;1;6;540;19/02/2013
2013028642;1;2;1;1;6;540;15/02/2013
2013028643;5;2;1;1;3;540;21/02/2013
2013028644;5;2;1;1;3;540;22/02/2013
2013028645;5;2;3;1;6;540;27/02/2013
2013028646;1;2;3;1;3;540;28/02/2013
2013028647;1;2;2;1;3;540;03/03/2013
2013028648;2;2;2;1;3;540;06/03/2013
2013028649;5;2;1;1;6;540;06/03/2013
2013028650;5;1;1;2;3;540;06/03/2013
2013028651;3;2;3;2;6;540;08/03/2013
2013028652;1;2;2;1;3;540;10/03/2013
2013028653;5;2;1;1;6;540;12/03/2013
2013028654;1;2;2;1;3;540;12/03/2013
2013028655;1;2;2;4;6;540;13/03/2013
2013028656;1;2;1;7;1;540;14/03/2013
2013028657;2;2;3;2;3;540;14/03/2013
2013028658;1;2;1;2;2;540;15/03/2013
2013028659;1;2;1;1;6;540;19/03/2013
2013028660;1;2;1;1;6;540;20/03/2013
2013028661;1;2;1;2;5;540;19/03/2013
2013028662;1;2;1;2;2;540;19/03/2013
2013028663;1;2;1;2;6;540;20/03/2013
2013028664;5;2;1;2;7;540;23/03/2013
2013028665;1;2;1;1;3;540;26/03/2013
2013028666;1;2;1;1;3;540;26/03/2013
2013028667;5;2;1;1;7;540;29/03/2013
2013028668;1;2;1;1;6;540;29/03/2013
2013028669;5;2;2;1;6;540;29/03/2013
2013028670;1;2;1;1;6;540;04/04/2013
2013028671;1;2;1;1;4;540;04/04/2013
2013028672;1;2;3;1;2;540;05/04/2013
2013028673;1;2;3;1;6;540;05/04/2013
2013028674;1;2;2;1;3;540;05/04/2013
2013028675;1;2;1;1;2;540;05/04/2013
2013028676;1;2;2;1;3;540;07/04/2013
2013028677;1;2;2;1;3;540;07/04/2013
2013028678;1;2;1;1;4;540;08/04/2013
2013028679;5;2;1;1;3;540;08/04/2013
2013028680;1;2;2;2;6;540;09/04/2013
2013028681;1;2;1;1;1;540;09/04/2013
2013028682;1;2;1;2;6;540;09/04/2013
2013028683;1;2;1;2;6;540;09/04/2013
2013028684;1;2;3;1;6;540;10/04/2013
2013028685;1;2;1;1;4;540;10/04/2013
2013028686;1;2;1;1;2;540;10/04/2013
2013028687;1;2;1;2;2;540;11/04/2013
2013028688;5;2;1;1;6;540;11/04/2013
2013028689;5;2;1;2;2;540;11/04/2013
2013028690;1;2;1;1;3;540;12/04/2013
2013028691;1;2;1;1;6;540;12/04/2013
2013028692;1;2;2;1;6;540;12/04/2013
2013028693;1;2;1;1;6;540;14/04/2013
2013028694;1;2;2;1;3;540;15/04/2013
2013028695;5;2;1;1;2;540;16/04/2013
2013028696;1;2;1;1;6;540;17/04/2013
2013028697;1;2;1;1;2;540;18/04/2013
2013028698;1;2;2;1;3;540;25/04/2013
2013028699;1;2;1;1;7;540;25/04/2013
2013028700;5;2;1;1;6;540;25/04/2013
2013028701;1;2;1;1;6;540;28/04/2013
2013028702;1;2;2;1;1;540;01/05/2013
2013028703;1;2;3;2;1;540;03/05/2013
2013028704;2;2;1;1;6;540;05/05/2013
2013028705;1;2;3;1;3;540;05/05/2013
2013028706;1;2;1;1;2;540;06/05/2013
2013028707;1;2;3;1;1;540;07/05/2013
2013028708;5;2;1;1;2;540;10/05/2013
2013028709;1;2;1;1;1;540;10/05/2013
2013028710;1;2;5;2;6;540;15/05/2013
2013028711;1;2;2;2;3;540;20/05/2013
2013028712;1;2;2;2;3;540;20/05/2013
2013028713;1;2;1;3;3;540;23/05/2013
2013028714;1;2;2;1;6;540;23/05/2013
2013028715;1;2;1;8;6;540;23/05/2013
2013028716;1;2;1;1;6;540;24/05/2013
2013028717;1;2;1;1;4;540;25/05/2013
2013028718;1;2;1;1;2;540;27/05/2013
2013028719;1;2;1;1;6;540;28/05/2013
2013028720;1;2;1;1;2;540;28/05/2013
2013028721;5;2;1;1;3;540;29/05/2013
2013028722;1;2;1;1;3;540;30/05/2013
2013028723;1;2;1;3;6;540;31/05/2013
2013028724;1;2;2;2;3;540;31/05/2013
2013028725;1;2;1;1;4;540;01/06/2013
2013028726;1;2;2;1;3;540;01/06/2013
2013028727;1;2;3;1;6;540;02/06/2013
2013028728;1;2;2;1;3;540;04/06/2013
2013028729;1;2;2;1;3;540;04/06/2013
2013028730;1;1;1;1;2;540;06/06/2013
2013028731;1;2;1;1;6;540;08/06/2013
2013028732;1;2;3;1;3;540;10/06/2013
2013028733;1;2;1;1;6;540;11/06/2013
2013028734;1;2;1;1;2;540;11/06/2013
2013028735;1;1;1;1;5;540;12/06/2013
2013028736;1;2;1;1;6;540;13/06/2013
2013028737;1;2;1;1;3;540;15/06/2013
2013028738;1;2;1;1;6;540;16/06/2013
2013028739;1;2;1;1;2;540;16/06/2013
2013028740;1;2;1;1;2;540;17/06/2013
2013028741;1;2;1;1;4;540;17/06/2013
2013028742;1;1;2;1;3;540;17/06/2013
2013028743;1;2;1;1;6;540;18/06/2013
2013028744;1;2;1;1;6;540;17/06/2013
2013028745;1;2;1;1;6;540;19/06/2013
2013028746;1;2;1;1;6;540;19/06/2013
2013028747;1;2;4;1;6;540;20/06/2013
2013028748;1;2;2;1;7;540;21/06/2013
2013028749;5;2;1;1;6;540;23/06/2013
2013028750;2;2;2;3;3;540;23/06/2013
2013028751;1;2;3;1;1;540;24/06/2013
2013028752;1;1;1;1;2;540;24/06/2013
2013028753;1;1;4;2;2;540;24/06/2013
2013028754;1;2;3;1;6;540;25/06/2013
2013028755;1;2;2;1;6;540;26/06/2013
2013028756;1;2;4;1;5;540;26/06/2013
2013028757;1;2;1;1;4;540;27/06/2013
2013028758;1;2;3;1;3;540;01/07/2013
2013028759;1;2;3;7;2;540;01/07/2013
2013028760;1;2;1;1;3;540;01/07/2013
2013028761;1;2;7;1;2;540;02/07/2013
2013028762;1;2;1;1;3;540;02/07/2013
2013028763;1;2;1;1;2;540;03/07/2013
2013028764;1;2;1;1;2;540;06/07/2013
2013028765;1;2;3;1;6;540;07/07/2013
2013028766;1;2;1;1;3;540;08/07/2013
2013028767;1;2;1;1;5;540;09/07/2013
2013028768;1;2;3;1;1;540;09/07/2013
2013028769;1;2;1;1;3;540;09/07/2013
2013028770;1;2;3;1;7;540;06/07/2013
2013028771;1;2;2;1;3;540;11/07/2013
2013028772;1;2;1;1;2;540;11/07/2013
2013028773;1;2;1;1;2;540;12/07/2013
2013028774;5;2;1;1;1;540;12/07/2013
2013028775;1;2;1;1;6;540;15/07/2013
2013028776;1;2;1;1;3;540;16/07/2013
2013028777;1;2;1;1;6;540;16/07/2013
2013028778;1;2;2;1;3;540;17/07/2013
2013028779;1;2;2;1;3;540;18/07/2013
2013028780;1;2;1;1;3;540;18/07/2013
2013028781;1;2;1;1;7;540;19/07/2013
2013028782;1;2;1;1;3;540;19/07/2013
2013028783;1;2;2;1;1;540;19/07/2013
2013028784;1;2;1;1;2;540;21/07/2013
2013028785;1;2;3;1;3;540;21/07/2013
2013028786;1;2;1;1;6;540;21/07/2013
2013028787;5;2;1;1;6;540;21/07/2013
2013028788;1;2;3;1;6;540;19/07/2013
2013028789;1;2;3;1;3;540;22/07/2013
2013028790;1;2;1;1;6;540;22/07/2013
2013028791;1;2;1;1;3;540;23/07/2013
2013028792;1;2;1;1;2;540;23/07/2013
2013028793;1;2;1;1;3;540;25/07/2013
2013028794;1;2;3;1;3;540;27/07/2013
2013028795;1;2;1;1;6;540;27/07/2013
2013028796;1;2;2;1;2;540;29/07/2013
2013028797;1;2;1;1;2;540;01/08/2013
2013028798;5;2;2;1;6;540;01/08/2013
2013028799;1;2;1;1;3;540;03/08/2013
2013028800;1;2;1;1;2;540;03/08/2013
2013028801;5;2;3;1;3;540;03/08/2013
2013028802;1;1;1;1;4;540;05/08/2013
2013028803;1;2;1;1;6;540;08/08/2013
2013028804;5;2;1;1;6;540;10/08/2013
2013028805;5;2;2;2;3;540;12/08/2013
2013028806;1;2;2;1;3;540;14/08/2013
2013028807;1;2;1;1;3;540;17/08/2013
2013028808;5;2;2;1;3;540;19/08/2013
2013028809;1;2;3;1;3;540;21/08/2013
2013028810;1;2;1;1;4;540;23/08/2013
2013028811;5;2;3;1;6;540;24/08/2013
2013028812;1;2;2;1;3;540;29/08/2013
2013028813;5;2;2;1;3;540;02/09/2013
2013028814;1;2;1;1;3;540;02/09/2013
2013028815;1;2;1;9;3;540;03/09/2013
2013028816;5;2;3;1;3;540;03/09/2013
2013028817;5;2;2;1;6;540;06/09/2013
2013028818;1;2;2;1;3;540;06/09/2013
2013028819;1;2;1;1;6;540;06/09/2013
2013028820;1;2;3;1;2;540;09/09/2013
2013028821;1;2;1;1;6;540;09/09/2013
2013028822;1;2;1;1;6;540;06/09/2013
2013028823;1;1;1;2;6;540;12/09/2013
2013028824;1;2;1;1;4;540;12/09/2013
2013028825;1;2;1;1;6;540;13/09/2013
2013028826;1;2;1;6;6;540;18/09/2013
2013028827;1;2;1;3;6;540;18/09/2013
2013028828;1;2;1;2;6;540;18/09/2013
2013028829;1;2;6;1;2;540;23/09/2013
2013028830;1;2;3;1;3;540;20/09/2013
2013028831;1;2;2;1;3;540;22/09/2013
2013028832;5;2;2;1;7;540;22/09/2013
2013028833;1;2;1;1;3;540;23/09/2013
2013028834;1;2;1;1;6;540;24/09/2013
2013028835;1;1;1;1;4;540;24/09/2013
2013028836;1;2;3;1;3;540;24/09/2013
2013028837;1;2;1;1;6;540;25/09/2013
2013028838;1;2;4;1;2;540;25/09/2013
2013028839;1;2;1;1;6;540;27/09/2013
2013028840;2;2;2;1;6;540;27/09/2013
2013028841;1;2;1;1;1;540;28/09/2013
2013028842;1;2;3;1;3;540;28/09/2013
2013028843;1;2;2;1;3;540;30/09/2013
2013028844;1;2;1;1;3;540;03/10/2013
2013028845;1;2;1;1;6;540;08/10/2013
2013028846;1;2;2;1;3;540;09/10/2013
2013028847;1;2;3;2;6;540;11/10/2013
2013028848;1;2;1;1;2;540;11/10/2013
2013028849;5;2;1;1;6;540;12/10/2013
2013028850;5;2;1;1;2;540;13/10/2013
2013028851;1;2;1;1;3;540;11/10/2013
2013028852;5;2;1;3;2;540;15/10/2013
2013028853;3;1;1;8;1;540;16/10/2013
2013028854;5;2;6;1;3;540;17/10/2013
2013028855;5;2;2;1;1;540;19/10/2013
2013028856;1;2;2;1;3;540;19/10/2013
2013028857;1;2;3;1;2;540;21/10/2013
2013028858;1;2;1;1;6;540;22/10/2013
2013028859;1;2;2;1;6;540;22/10/2013
2013028860;1;2;3;1;6;540;23/10/2013
2013028861;1;2;4;9;3;540;24/10/2013
2013028862;1;2;2;1;3;540;25/10/2013
2013028863;1;2;1;1;6;540;25/10/2013
2013028864;1;2;1;1;1;540;26/10/2013
2013028865;1;2;1;1;6;540;28/10/2013
2013028866;1;2;1;1;2;540;31/10/2013
2013028867;1;2;2;9;3;540;03/11/2013
2013028868;5;2;3;1;3;540;03/11/2013
2013028869;1;2;1;1;3;540;01/11/2013
2013028870;5;2;3;8;2;540;05/11/2013
2013028871;1;2;1;2;2;540;04/11/2013
2013028872;1;2;1;1;2;540;06/11/2013
2013028873;5;2;1;1;1;540;07/11/2013
2013028874;2;2;1;2;2;540;08/11/2013
2013028875;1;2;1;1;6;540;09/11/2013
2013028876;5;2;2;2;3;540;10/11/2013
2013028877;5;2;1;1;6;540;12/11/2013
2013028878;5;2;1;1;2;540;12/11/2013
2013028879;1;2;2;1;3;540;13/11/2013
2013028880;5;2;1;2;6;540;14/11/2013
2013028881;2;2;1;1;6;540;15/11/2013
2013028882;1;2;1;1;6;540;18/11/2013
2013028883;5;2;1;1;6;540;21/11/2013
2013028884;1;2;1;4;3;540;21/11/2013
2013028885;1;2;1;2;3;540;22/11/2013
2013028886;1;2;2;1;3;540;22/11/2013
2013028887;1;2;1;1;6;540;23/11/2013
2013028888;1;2;1;1;3;540;23/11/2013
2013028889;2;1;1;1;3;540;28/11/2013
2013028890;1;2;3;7;3;540;26/11/2013
2013028891;1;2;1;7;2;540;27/11/2013
2013028892;1;2;2;2;7;540;28/11/2013
2013028893;1;2;2;1;3;540;29/11/2013
2013028894;5;2;1;2;6;540;29/11/2013
2013028895;5;2;1;2;6;540;30/11/2013
2013028896;1;2;1;1;2;540;02/12/2013
2013028897;5;2;1;9;6;540;04/12/2013
2013028898;1;2;1;5;3;540;03/12/2013
2013028899;1;2;1;5;3;540;03/12/2013
2013028900;5;2;1;5;3;540;03/12/2013
2013028901;1;2;1;1;6;540;05/12/2013
2013028902;1;2;1;1;2;540;05/12/2013
2013028903;5;2;2;6;6;540;05/12/2013
2013028904;1;2;1;1;6;540;06/12/2013
2013028905;5;2;1;2;2;540;11/12/2013
2013028906;1;2;1;1;2;540;11/12/2013
2013028907;1;2;1;1;6;540;11/12/2013
2013028908;5;2;1;1;6;540;11/12/2013
2013028909;1;2;2;5;3;540;11/12/2013
2013028910;1;2;1;5;6;540;13/12/2013
2013028911;1;2;1;1;2;540;13/12/2013
2013028912;5;2;1;5;2;540;13/12/2013
2013028913;5;2;1;1;6;540;16/12/2013
2013028914;5;2;3;1;3;540;16/12/2013
2013028915;5;2;3;1;3;540;17/12/2013
2013028916;1;2;1;1;3;540;18/12/2013
2013028917;1;2;1;1;7;540;18/12/2013
2013028918;5;2;2;1;6;540;18/12/2013
2013028919;5;2;3;1;6;540;20/12/2013
2013028920;5;2;2;1;6;540;20/12/2013
2013028921;5;2;1;1;2;540;21/12/2013
2013028922;5;2;2;1;1;540;22/12/2013
2013028923;1;2;1;1;6;540;23/12/2013
2013028924;1;2;1;3;2;540;28/12/2013
2013028925;1;2;1;2;2;540;29/12/2013
2013028926;1;2;1;1;3;540;30/12/2013
2013028927;2;2;2;2;3;540;30/12/2013
2013028928;5;2;1;1;4;540;30/12/2013
2013028929;1;2;1;1;7;540;02/03/2013
2013028930;1;2;2;1;3;540;10/03/2013
2013028931;1;2;3;1;6;540;28/04/2013
2013028932;1;1;1;1;7;540;12/05/2013
2013028933;1;2;2;2;3;540;15/05/2013
2013028934;1;2;1;1;6;540;05/07/2013
2013028935;1;2;2;1;2;540;06/07/2013
2013028936;1;2;1;8;3;540;13/09/2013
2013028937;1;2;1;1;3;540;21/09/2013
2013028938;1;2;3;1;3;540;24/09/2013
2013028939;3;2;3;1;1;540;30/11/2013
2013028940;4;1;1;1;1;540;14/12/2013
2013028941;5;2;3;1;6;540;09/01/2013
2013028942;3;1;1;2;2;540;10/01/2013
2013028943;1;1;1;4;3;540;15/01/2013
2013028944;1;1;1;1;6;540;12/01/2013
2013028945;5;2;3;1;3;540;04/08/2013
2013028946;1;2;4;8;3;540;19/01/2013
2013028947;1;1;1;1;6;540;07/04/2013
2013028948;1;2;1;1;2;540;05/05/2013
2013028949;1;2;3;1;2;540;09/05/2013
2013028950;2;2;1;1;6;540;26/05/2013
2013028951;1;1;1;1;3;540;06/06/2013
2013028952;1;2;1;1;6;540;10/06/2013
2013028953;1;1;1;1;6;540;15/06/2013