num_acc;lum;agg;inter;atm;col;dep;date
2013030109;5;2;1;2;6;590;09/04/2013
2013030110;1;2;1;1;2;590;11/04/2013
2013030111;1;2;2;1;3;590;05/04/2013
2013030112;1;2;1;1;3;590;11/04/2013
2013030113;1;2;1;1;6;590;12/04/2013
2013030114;5;2;1;1;3;590;12/04/2013
2013030115;1;2;2;1;3;590;14/04/2013
2013030116;1;2;1;2;2;590;16/04/2013
2013030117;1;2;6;1;1;590;16/04/2013
2013030118;1;2;1;1;3;590;16/04/2013
2013030119;1;2;1;1;6;590;17/04/2013
2013030120;1;2;1;1;1;590;17/04/2013
2013030121;1;2;1;1;6;590;18/04/2013
2013030122;5;2;1;1;6;590;20/04/2013
2013030123;1;2;1;1;7;590;20/04/2013
2013030124;1;2;1;1;7;590;21/04/2013
2013030125;1;2;1;1;6;590;22/04/2013
2013030126;1;2;1;1;2;590;25/04/2013
2013030127;1;2;1;1;3;590;25/04/2013
2013030128;1;2;1;1;6;590;25/04/2013
2013030129;1;2;3;1;3;590;26/04/2013
2013030130;5;2;2;1;3;590;26/04/2013
2013030131;1;2;1;1;6;590;27/04/2013
2013030132;5;2;1;1;6;590;27/04/2013
2013030133;2;2;1;1;6;590;28/04/2013
2013030134;1;2;2;1;3;590;28/04/2013
2013030135;1;2;1;1;1;590;28/04/2013
2013030136;1;2;1;1;6;590;27/04/2013
2013030137;1;2;1;1;1;590;30/04/2013
2013030138;1;2;1;1;2;590;01/05/2013
2013030139;1;2;1;1;3;590;01/05/2013
2013030140;1;2;1;1;6;590;03/05/2013
2013030141;1;2;3;1;6;590;03/05/2013
2013030142;1;2;1;1;6;590;03/05/2013
2013030143;1;2;1;1;3;590;03/05/2013
2013030144;1;1;2;1;2;590;04/05/2013
2013030145;1;2;1;1;6;590;04/05/2013
2013030146;1;2;3;1;6;590;05/05/2013
2013030147;5;2;1;1;6;590;13/04/2013
2013030148;1;2;1;1;2;590;05/05/2013
2013030149;1;2;2;1;6;590;06/05/2013
2013030150;1;2;3;1;6;590;06/05/2013
2013030151;1;2;2;1;3;590;06/05/2013
2013030152;2;2;2;1;6;590;07/05/2013
2013030153;1;2;2;1;3;590;07/05/2013
2013030154;1;2;1;1;7;590;06/05/2013
2013030155;1;2;1;2;6;590;08/05/2013
2013030156;1;1;1;1;3;590;30/04/2013
2013030157;2;2;2;1;6;590;10/05/2013
2013030158;1;2;1;1;3;590;12/05/2013
2013030159;1;2;3;1;6;590;07/05/2013
2013030160;2;1;1;1;6;590;14/04/2013
2013030161;1;2;2;1;6;590;16/05/2013
2013030162;1;2;2;2;6;590;16/05/2013
2013030163;1;2;3;1;3;590;16/05/2013
2013030164;1;2;2;1;6;590;17/05/2013
2013030165;1;2;1;1;2;590;18/05/2013
2013030166;1;2;1;7;6;590;08/05/2013
2013030167;1;2;2;1;3;590;19/05/2013
2013030168;1;2;6;1;6;590;20/05/2013
2013030169;5;2;1;1;6;590;20/05/2013
2013030170;1;2;2;1;7;590;22/05/2013
2013030171;2;2;2;1;3;590;25/05/2013
2013030172;1;2;2;1;3;590;27/05/2013
2013030173;1;2;2;1;6;590;27/05/2013
2013030174;1;2;1;1;6;590;27/05/2013
2013030175;1;2;2;1;7;590;09/05/2013
2013030176;1;2;2;2;3;590;28/05/2013
2013030177;1;2;1;1;3;590;29/05/2013
2013030178;5;2;1;2;6;590;29/05/2013
2013030179;1;2;1;1;3;590;31/05/2013
2013030180;5;2;3;1;3;590;31/05/2013
2013030181;1;2;6;1;5;590;01/06/2013
2013030182;1;2;2;1;1;590;02/06/2013
2013030183;1;2;2;1;4;590;02/06/2013
2013030184;1;2;1;1;3;590;02/06/2013
2013030185;1;2;1;1;6;590;02/06/2013
2013030186;5;2;1;1;7;590;31/05/2013
2013030187;1;2;3;1;3;590;03/06/2013
2013030188;1;2;1;1;3;590;29/05/2013
2013030189;1;2;1;1;6;590;31/05/2013
2013030190;1;2;2;1;6;590;04/06/2013
2013030191;1;1;1;1;6;590;04/06/2013
2013030192;1;2;1;1;3;590;06/06/2013
2013030193;1;2;1;1;3;590;06/06/2013
2013030194;5;2;2;1;6;590;06/06/2013
2013030195;2;2;3;2;6;590;06/06/2013
2013030196;1;2;2;1;3;590;07/06/2013
2013030197;1;2;2;1;6;590;07/06/2013
2013030198;1;2;1;1;4;590;07/06/2013
2013030199;1;2;1;1;2;590;08/06/2013
2013030200;1;2;1;1;3;590;09/06/2013
2013030201;1;2;1;1;5;590;09/06/2013
2013030202;1;2;1;1;1;590;09/06/2013
2013030203;1;2;1;1;7;590;10/06/2013
2013030204;1;2;1;1;6;590;09/06/2013
2013030205;5;2;2;1;6;590;14/06/2013
2013030206;1;2;1;1;7;590;13/06/2013
2013030207;1;2;3;1;6;590;14/06/2013
2013030208;5;2;1;1;6;590;14/06/2013
2013030209;5;2;1;1;3;590;16/06/2013
2013030210;1;2;2;1;6;590;18/06/2013
2013030211;1;2;2;1;3;590;19/06/2013
2013030212;1;2;2;1;3;590;19/06/2013
2013030213;1;2;1;1;3;590;20/06/2013
2013030214;5;2;1;1;7;590;20/06/2013
2013030215;1;2;1;1;6;590;21/06/2013
2013030216;1;2;2;2;3;590;22/06/2013
2013030217;1;2;6;1;3;590;21/06/2013
2013030218;1;2;6;1;7;590;25/06/2013
2013030219;1;2;1;1;6;590;25/06/2013
2013030220;1;2;1;1;6;590;27/06/2013
2013030221;1;2;6;1;6;590;28/06/2013
2013030222;5;2;2;2;7;590;28/06/2013
2013030223;5;2;1;1;6;590;29/06/2013
2013030224;1;2;2;1;6;590;02/07/2013
2013030225;1;2;1;8;6;590;02/07/2013
2013030226;1;2;2;1;3;590;05/07/2013
2013030227;1;2;1;1;6;590;05/07/2013
2013030228;4;2;1;1;2;590;06/07/2013
2013030229;1;2;2;1;3;590;06/07/2013
2013030230;1;2;1;1;2;590;09/07/2013
2013030231;5;2;3;1;3;590;09/07/2013
2013030232;1;2;2;1;3;590;09/07/2013
2013030233;1;2;3;1;6;590;11/07/2013
2013030234;1;2;1;1;3;590;10/07/2013
2013030235;1;2;1;1;3;590;13/07/2013
2013030236;1;2;1;1;6;590;12/07/2013
2013030237;5;2;1;1;6;590;14/07/2013
2013030238;1;2;1;1;3;590;15/07/2013
2013030239;1;2;1;1;7;590;15/07/2013
2013030240;5;2;1;1;6;590;14/07/2013
2013030241;1;2;1;1;7;590;16/07/2013
2013030242;1;2;1;1;6;590;11/07/2013
2013030243;5;2;2;1;5;590;04/07/2013
2013030244;5;2;3;1;3;590;15/07/2013
2013030245;1;2;2;1;3;590;18/07/2013
2013030246;1;2;1;1;3;590;21/07/2013
2013030247;2;2;1;1;3;590;19/07/2013
2013030248;1;2;1;1;3;590;19/07/2013
2013030249;1;2;1;1;6;590;19/07/2013
2013030250;1;2;1;1;6;590;19/07/2013
2013030251;1;2;2;1;3;590;23/07/2013
2013030252;1;2;1;1;6;590;22/07/2013
2013030253;1;2;1;1;1;590;23/07/2013
2013030254;1;2;6;1;2;590;23/07/2013
2013030255;1;2;3;1;6;590;24/07/2013
2013030256;1;2;2;1;7;590;24/07/2013
2013030257;1;2;1;1;3;590;28/07/2013
2013030258;5;2;1;1;6;590;28/07/2013
2013030259;1;2;1;1;6;590;26/07/2013
2013030260;1;2;1;1;6;590;06/07/2013
2013030261;1;2;1;1;6;590;23/07/2013
2013030262;5;2;1;1;7;590;24/07/2013
2013030263;1;2;1;1;7;590;12/07/2013
2013030264;1;2;2;1;7;590;22/07/2013
2013030265;1;2;2;1;3;590;02/08/2013
2013030266;1;1;1;1;6;590;02/08/2013
2013030267;1;2;1;1;3;590;07/08/2013
2013030268;1;2;1;1;3;590;02/08/2013
2013030269;1;2;6;1;6;590;02/08/2013
2013030270;5;2;1;1;6;590;04/08/2013
2013030271;1;2;1;1;3;590;04/08/2013
2013030272;1;2;3;1;6;590;30/06/2013
2013030273;1;2;3;1;6;590;04/08/2013
2013030274;1;2;1;1;6;590;12/07/2013
2013030275;1;2;1;1;6;590;02/08/2013
2013030276;1;2;1;1;6;590;07/08/2013
2013030277;1;2;1;1;2;590;09/08/2013
2013030278;1;2;2;1;6;590;09/08/2013
2013030279;1;2;1;1;6;590;13/08/2013
2013030280;1;2;2;1;6;590;17/07/2013
2013030281;1;2;2;1;2;590;14/08/2013
2013030282;1;2;1;1;7;590;18/08/2013
2013030283;1;2;1;1;5;590;20/08/2013
2013030284;1;2;1;1;6;590;23/08/2013
2013030285;1;2;2;1;7;590;23/08/2013
2013030286;1;2;1;1;5;590;27/08/2013
2013030287;5;2;1;1;6;590;19/05/2013
2013030288;1;2;2;1;6;590;30/08/2013
2013030289;1;2;1;1;6;590;30/08/2013
2013030290;1;2;1;1;6;590;31/08/2013
2013030291;5;2;1;1;3;590;30/08/2013
2013030292;5;2;1;1;6;590;31/08/2013
2013030293;1;2;2;1;6;590;03/09/2013
2013030294;1;2;1;1;3;590;04/09/2013
2013030295;1;2;3;1;3;590;04/09/2013
2013030296;1;2;1;1;7;590;04/09/2013
2013030297;1;2;1;1;6;590;05/09/2013
2013030298;1;2;2;1;3;590;05/09/2013
2013030299;1;2;1;1;3;590;06/09/2013
2013030300;1;2;2;1;7;590;07/09/2013
2013030301;1;2;3;1;6;590;07/09/2013
2013030302;5;2;1;1;7;590;09/09/2013
2013030303;1;2;2;3;3;590;10/09/2013
2013030304;1;2;2;1;3;590;10/09/2013
2013030305;1;2;1;1;6;590;10/09/2013
2013030306;1;2;1;2;3;590;10/09/2013
2013030307;1;2;2;2;7;590;10/09/2013
2013030308;5;2;2;1;3;590;13/09/2013
2013030309;1;2;1;1;2;590;04/09/2013
2013030310;1;2;2;1;6;590;12/09/2013
2013030311;5;2;2;8;3;590;13/09/2013
2013030312;1;2;2;1;2;590;16/09/2013
2013030313;1;2;1;1;2;590;17/09/2013
2013030314;1;2;2;2;7;590;17/09/2013
2013030315;1;2;1;1;5;590;17/09/2013
2013030316;1;2;1;1;6;590;15/09/2013
2013030317;1;2;1;1;1;590;18/09/2013
2013030318;1;2;1;1;3;590;19/09/2013
2013030319;1;2;1;1;6;590;20/09/2013
2013030320;1;2;1;1;5;590;20/09/2013
2013030321;1;2;1;9;7;590;21/09/2013
2013030322;1;2;2;1;3;590;23/09/2013
2013030323;1;2;2;1;3;590;23/09/2013
2013030324;1;2;1;1;7;590;25/09/2013
2013030325;1;2;1;1;1;590;25/09/2013
2013030326;1;2;1;1;1;590;26/09/2013
2013030327;1;2;3;1;6;590;26/09/2013
2013030328;1;2;2;1;3;590;26/09/2013
2013030329;1;2;6;1;3;590;26/09/2013
2013030330;1;2;1;1;6;590;27/09/2013
2013030331;1;2;2;1;6;590;27/09/2013
2013030332;5;2;1;1;3;590;30/09/2013
2013030333;1;2;1;1;6;590;30/09/2013
2013030334;5;2;1;1;3;590;01/10/2013
2013030335;2;2;1;1;2;590;03/10/2013
2013030336;1;2;1;1;1;590;02/10/2013
2013030337;5;2;2;8;7;590;04/10/2013
2013030338;1;2;1;1;6;590;04/10/2013
2013030339;2;2;1;2;3;590;04/10/2013
2013030340;5;2;2;1;3;590;06/10/2013
2013030341;1;2;1;1;3;590;07/10/2013
2013030342;1;2;3;1;3;590;07/10/2013
2013030343;1;2;2;1;3;590;09/10/2013
2013030344;1;2;1;1;3;590;09/10/2013
2013030345;5;2;1;2;6;590;09/10/2013
2013030346;5;2;2;1;3;590;10/10/2013
2013030347;1;2;1;2;3;590;10/10/2013
2013030348;3;2;1;3;7;590;10/10/2013
2013030349;1;2;1;8;3;590;11/10/2013
2013030350;1;2;1;1;2;590;12/10/2013
2013030351;5;2;2;1;3;590;12/10/2013
2013030352;1;2;2;2;3;590;13/10/2013
2013030353;1;2;1;3;3;590;14/10/2013
2013030354;5;1;1;8;6;590;14/10/2013
2013030355;1;2;3;1;7;590;14/10/2013
2013030356;1;2;1;2;2;590;16/10/2013
2013030357;1;2;3;2;2;590;16/10/2013
2013030358;5;2;2;3;6;590;16/10/2013
2013030359;1;2;2;1;3;590;08/10/2013
2013030360;5;2;1;1;1;590;20/10/2013
2013030361;1;2;9;2;1;590;19/10/2013
2013030362;2;2;9;2;1;590;22/10/2013
2013030363;1;2;2;1;7;590;22/10/2013
2013030364;1;2;6;1;7;590;22/10/2013
2013030365;2;2;1;9;6;590;22/10/2013
2013030366;1;1;1;1;6;590;23/10/2013
2013030367;5;2;2;1;1;590;23/10/2013
2013030368;4;2;1;1;3;590;23/10/2013
2013030369;5;2;1;8;7;590;24/10/2013
2013030370;1;2;9;1;2;590;25/10/2013
2013030371;1;2;1;2;3;590;28/10/2013
2013030372;1;2;2;2;3;590;29/10/2013
2013030373;5;2;2;1;3;590;29/10/2013
2013030374;1;2;1;1;6;590;30/10/2013
2013030375;1;2;9;1;3;590;30/10/2013
2013030376;1;2;2;1;3;590;31/10/2013
2013030377;5;2;2;2;3;590;31/10/2013
2013030378;5;2;1;1;3;590;01/11/2013
2013030379;3;2;1;1;2;590;01/11/2013
2013030380;5;2;1;3;2;590;01/11/2013
2013030381;5;2;1;1;6;590;04/11/2013
2013030382;3;2;9;1;6;590;04/11/2013
2013030383;1;2;1;9;6;590;05/11/2013
2013030384;5;2;1;2;6;590;06/11/2013
2013030385;3;2;2;3;3;590;07/11/2013
2013030386;3;2;1;2;6;590;07/11/2013
2013030387;1;2;1;2;5;590;07/11/2013
2013030388;5;2;1;2;6;590;08/11/2013
2013030389;1;2;9;2;1;590;09/11/2013
2013030390;1;2;1;1;6;590;09/11/2013
2013030391;1;2;1;1;3;590;10/11/2013
2013030392;1;2;3;1;3;590;11/11/2013
2013030393;5;2;1;1;6;590;08/11/2013
2013030394;3;2;1;2;2;590;07/11/2013
2013030395;2;2;1;1;6;590;13/11/2013
2013030396;1;2;1;2;7;590;14/11/2013
2013030397;5;2;1;1;3;590;14/11/2013
2013030398;1;2;9;1;6;590;15/11/2013
2013030399;5;2;1;1;6;590;16/11/2013
2013030400;2;1;1;1;1;590;18/11/2013
2013030401;5;2;2;8;3;590;19/11/2013
2013030402;5;2;1;9;1;590;21/11/2013
2013030403;5;2;1;9;3;590;21/11/2013
2013030404;1;2;1;1;6;590;13/11/2013
2013030405;2;2;1;1;6;590;26/11/2013
2013030406;1;2;9;1;5;590;27/11/2013
2013030407;5;2;1;1;6;590;27/11/2013
2013030408;3;2;1;2;7;590;28/11/2013
2013030409;2;2;9;2;3;590;28/11/2013
2013030410;1;2;1;7;3;590;23/10/2013
2013030411;1;2;1;1;6;590;29/11/2013
2013030412;2;2;1;1;3;590;29/11/2013
2013030413;1;2;1;1;7;590;30/11/2013
2013030414;1;2;1;1;6;590;01/12/2013
2013030415;1;2;6;1;6;590;02/12/2013
2013030416;5;2;9;1;3;590;03/12/2013
2013030417;1;2;1;2;5;590;02/12/2013
2013030418;1;2;1;2;5;590;07/11/2013
2013030419;1;2;1;1;6;590;03/12/2013
2013030420;1;2;1;1;6;590;05/12/2013
2013030421;1;1;1;1;6;590;05/12/2013
2013030422;1;1;1;2;1;590;07/12/2013
2013030423;5;2;1;1;7;590;07/12/2013
2013030424;1;2;1;7;7;590;09/12/2013
2013030425;1;2;1;1;6;590;06/12/2013
2013030426;1;2;1;1;6;590;11/12/2013
2013030427;5;2;1;1;2;590;30/11/2013
2013030428;2;2;1;1;2;590;13/12/2013
2013030429;3;2;1;2;6;590;25/11/2013
2013030430;2;2;1;1;7;590;16/12/2013
2013030431;1;2;1;1;6;590;18/12/2013
2013030432;2;2;1;1;3;590;18/12/2013
2013030433;1;2;1;1;6;590;20/12/2013
2013030434;5;2;1;1;2;590;20/12/2013
2013030435;1;2;1;7;2;590;11/12/2013
2013030436;5;2;1;1;2;590;13/12/2013
2013030437;1;2;1;1;6;590;18/12/2013
2013030438;5;2;2;2;1;590;24/12/2013
2013030439;1;2;1;1;3;590;18/12/2013
2013030440;1;2;9;1;3;590;11/12/2013
2013030441;5;2;1;1;2;590;29/12/2013
2013030442;1;2;9;1;6;590;10/12/2013
2013030443;5;2;9;1;6;590;19/12/2013
2013030444;1;2;3;1;6;590;25/03/2013
2013030445;1;2;1;1;7;590;20/05/2013
2013030446;5;1;1;3;7;590;27/07/2013
2013030447;1;2;1;2;7;590;07/08/2013
2013030448;5;2;3;1;3;590;19/11/2013
2013030449;1;2;1;1;7;590;04/12/2013
2013030450;1;2;3;1;3;590;05/01/2013
2013030451;1;2;1;2;2;590;05/01/2013
2013030452;1;1;1;2;2;590;09/01/2013
2013030453;5;2;2;1;6;590;09/01/2013
2013030454;2;2;2;2;2;590;09/01/2013
2013030455;1;2;1;1;6;590;10/01/2013
2013030456;1;2;2;1;3;590;10/01/2013
2013030457;1;2;1;4;6;590;12/01/2013
2013030458;5;2;1;4;7;590;12/01/2013
2013030459;1;2;1;8;6;590;24/01/2013
2013030460;1;2;1;4;6;590;26/01/2013
2013030461;1;2;1;1;7;590;27/01/2013
2013030462;5;2;1;1;3;590;28/01/2013
2013030463;5;2;1;2;6;590;30/01/2013
2013030464;1;2;1;1;2;590;04/02/2013
2013030465;5;1;6;2;3;590;07/02/2013
2013030466;1;2;1;4;6;590;08/02/2013
2013030467;1;2;3;1;3;590;08/02/2013
2013030468;1;2;2;1;3;590;12/02/2013
2013030469;1;2;1;1;3;590;13/02/2013
2013030470;5;2;1;1;7;590;16/02/2013
2013030471;1;2;1;1;6;590;18/02/2013
2013030472;1;2;1;1;2;590;24/02/2013
2013030473;1;2;1;1;3;590;25/02/2013
2013030474;1;2;3;1;3;590;05/03/2013
2013030475;2;2;1;1;6;590;05/03/2013
2013030476;5;2;1;1;3;590;05/03/2013
2013030477;1;2;1;1;6;590;07/03/2013
2013030478;1;2;3;2;3;590;07/03/2013
2013030479;5;2;1;1;6;590;08/03/2013
2013030480;1;2;1;1;6;590;08/03/2013
2013030481;5;2;3;2;3;590;09/03/2013
2013030482;5;2;2;2;1;590;09/03/2013
2013030483;1;2;1;4;6;590;11/03/2013
2013030484;1;2;2;1;6;590;14/03/2013
2013030485;1;2;1;4;6;590;14/03/2013
2013030486;5;2;2;8;6;590;23/03/2013
2013030487;1;2;1;1;6;590;26/03/2013
2013030488;1;2;2;1;3;590;29/03/2013
2013030489;1;2;2;1;3;590;02/04/2013
2013030490;5;2;6;1;6;590;03/04/2013
2013030491;5;2;1;1;6;590;03/04/2013
2013030492;1;2;1;1;3;590;04/04/2013
2013030493;5;2;2;1;3;590;05/04/2013
2013030494;1;2;1;1;3;590;06/04/2013
2013030495;2;2;1;8;6;590;12/04/2013
2013030496;1;1;1;1;6;590;13/04/2013
2013030497;1;2;1;2;4;590;16/04/2013
2013030498;1;2;2;2;3;590;17/04/2013
2013030499;1;2;1;1;6;590;17/04/2013
2013030500;1;2;1;1;6;590;18/04/2013
2013030501;1;2;1;1;3;590;19/04/2013
2013030502;1;2;6;1;6;590;19/04/2013
2013030503;1;2;1;1;6;590;21/04/2013
2013030504;1;2;1;1;1;590;21/04/2013
2013030505;1;2;1;1;6;590;22/04/2013
2013030506;1;2;1;1;6;590;22/04/2013
2013030507;1;2;1;1;3;590;24/04/2013
2013030508;1;2;2;1;3;590;24/04/2013
2013030509;1;2;2;2;6;590;27/04/2013
2013030510;1;2;3;1;3;590;27/04/2013
2013030511;1;2;2;1;6;590;29/04/2013
2013030512;1;2;1;1;3;590;30/04/2013
2013030513;1;2;1;1;6;590;01/05/2013
2013030514;5;2;1;1;6;590;01/05/2013
2013030515;1;2;1;1;3;590;26/04/2013
2013030516;1;2;1;1;6;590;02/05/2013
2013030517;1;2;1;1;6;590;04/05/2013
2013030518;1;2;1;1;6;590;05/05/2013
2013030519;1;1;1;1;7;590;06/05/2013
2013030520;1;2;1;1;3;590;07/05/2013
2013030521;1;2;1;1;6;590;11/05/2013
2013030522;1;2;2;1;3;590;12/05/2013
2013030523;1;2;2;1;3;590;12/05/2013
2013030524;1;2;2;1;3;590;15/05/2013
2013030525;1;2;1;1;1;590;14/05/2013
2013030526;1;2;2;2;6;590;14/05/2013
2013030527;1;2;3;1;3;590;13/05/2013
2013030528;1;2;2;1;3;590;01/06/2013
2013030529;1;2;3;1;3;590;07/06/2013
2013030530;5;2;1;1;3;590;08/06/2013
2013030531;1;2;1;1;6;590;09/06/2013
2013030532;1;2;1;1;3;590;13/06/2013
2013030533;1;2;1;1;6;590;16/06/2013
2013030534;1;1;1;1;2;590;17/06/2013
2013030535;1;2;1;1;3;590;21/06/2013
2013030536;1;2;1;1;6;590;21/06/2013
2013030537;1;2;1;1;1;590;21/06/2013
2013030538;1;1;1;1;3;590;27/06/2013
2013030539;1;2;1;1;6;590;30/06/2013
2013030540;1;2;1;1;3;590;01/07/2013
2013030541;1;2;1;1;6;590;02/07/2013
2013030542;5;2;1;1;6;590;04/07/2013
2013030543;1;2;3;1;3;590;04/07/2013
2013030544;1;2;1;1;6;590;04/07/2013
2013030545;1;2;1;1;3;590;04/07/2013
2013030546;5;2;1;1;3;590;07/07/2013
2013030547;1;2;1;1;5;590;09/07/2013
2013030548;1;2;1;1;2;590;11/07/2013
2013030549;1;2;1;1;6;590;12/07/2013
2013030550;1;2;1;1;6;590;15/07/2013
2013030551;1;2;2;1;1;590;15/07/2013
2013030552;1;2;1;1;7;590;18/07/2013
2013030553;1;2;1;1;3;590;19/07/2013
2013030554;5;2;1;1;3;590;20/07/2013
2013030555;1;1;1;1;2;590;20/07/2013
2013030556;1;2;1;1;6;590;20/07/2013
2013030557;1;1;1;2;6;590;23/07/2013
2013030558;1;2;2;1;6;590;24/07/2013
2013030559;1;2;1;1;6;590;25/07/2013
2013030560;1;2;1;1;6;590;27/07/2013
2013030561;5;2;3;1;3;590;30/07/2013
2013030562;1;2;1;1;3;590;03/08/2013
2013030563;1;2;1;1;6;590;03/08/2013
2013030564;1;2;3;1;3;590;05/08/2013
2013030565;1;2;1;1;6;590;08/08/2013
2013030566;1;2;2;1;3;590;09/08/2013
2013030567;1;2;1;1;3;590;12/08/2013
2013030568;1;2;2;1;1;590;13/08/2013
2013030569;1;2;2;1;3;590;14/08/2013
2013030570;5;2;1;1;1;590;17/08/2013
2013030571;5;2;1;1;7;590;18/08/2013
2013030572;1;2;1;1;6;590;18/08/2013
2013030573;1;2;3;1;1;590;19/08/2013
2013030574;2;2;1;1;6;590;22/08/2013
2013030575;1;2;2;1;2;590;23/08/2013
2013030576;1;2;2;2;3;590;24/08/2013
2013030577;1;2;3;2;3;590;24/08/2013
2013030578;5;2;9;1;3;590;26/08/2013
2013030579;5;2;1;1;6;590;31/08/2013
2013030580;1;2;3;1;3;590;01/09/2013
2013030581;1;2;1;1;6;590;02/09/2013
2013030582;1;2;1;1;3;590;06/09/2013
2013030583;1;2;2;1;3;590;07/09/2013
2013030584;1;2;3;1;3;590;08/09/2013
2013030585;1;2;1;2;1;590;09/09/2013
2013030586;1;2;1;2;6;590;10/09/2013
2013030587;1;2;9;1;6;590;10/09/2013
2013030588;1;2;2;2;3;590;11/09/2013
2013030589;1;2;1;1;3;590;16/09/2013
2013030590;1;2;2;1;3;590;20/09/2013
2013030591;2;2;1;1;2;590;21/09/2013
2013030592;1;2;1;1;7;590;16/09/2013
2013030593;5;2;1;1;1;590;23/09/2013
2013030594;1;2;1;1;6;590;23/09/2013
2013030595;1;2;3;1;3;590;25/09/2013
2013030596;1;2;1;1;4;590;26/09/2013
2013030597;1;2;1;1;6;590;26/09/2013
2013030598;1;2;2;1;5;590;29/09/2013
2013030599;5;2;2;1;3;590;01/10/2013
2013030600;1;2;1;1;3;590;29/09/2013
2013030601;1;1;1;1;2;590;03/10/2013
2013030602;1;2;2;1;3;590;03/10/2013
2013030603;5;2;1;1;6;590;03/10/2013
2013030604;1;2;1;1;3;590;07/10/2013
2013030605;1;2;3;3;6;590;10/10/2013
2013030606;1;1;1;2;7;590;11/10/2013
2013030607;5;2;3;3;6;590;15/10/2013
2013030608;1;2;2;1;3;590;16/10/2013
2013030609;1;2;1;1;6;590;16/10/2013
2013030610;1;2;9;8;2;590;18/10/2013
2013030611;1;2;2;1;3;590;18/10/2013
2013030612;5;2;2;1;1;590;19/10/2013
2013030613;5;2;1;1;6;590;19/10/2013
2013030614;5;2;1;1;6;590;21/10/2013
2013030615;1;1;1;1;4;590;23/10/2013
2013030616;1;2;2;1;3;590;23/10/2013
2013030617;1;2;1;2;3;590;27/10/2013
2013030618;1;2;1;1;3;590;28/10/2013
2013030619;5;2;1;1;6;590;31/10/2013
2013030620;4;2;2;1;3;590;01/11/2013
2013030621;5;2;1;3;6;590;02/11/2013
2013030622;1;1;1;2;6;590;03/11/2013
2013030623;1;2;2;1;3;590;27/10/2013
2013030624;1;2;6;2;2;590;04/11/2013
2013030625;1;2;3;2;3;590;06/11/2013
2013030626;2;2;2;2;6;590;06/11/2013
2013030627;5;2;1;2;3;590;07/11/2013
2013030628;1;2;1;1;3;590;08/11/2013
2013030629;3;2;1;1;6;590;09/11/2013
2013030630;1;2;2;7;6;590;13/11/2013
2013030631;1;2;1;7;6;590;13/11/2013
2013030632;4;2;1;3;6;590;08/11/2013
2013030633;5;2;1;1;6;590;16/11/2013
2013030634;1;2;2;1;6;590;18/11/2013
2013030635;3;2;1;1;6;590;19/11/2013
2013030636;5;2;1;1;6;590;19/11/2013
2013030637;5;2;2;3;3;590;20/11/2013
2013030638;1;2;1;4;6;590;20/11/2013
2013030639;5;2;1;4;6;590;20/11/2013
2013030640;1;2;1;1;3;590;23/11/2013
2013030641;1;2;1;1;6;590;23/11/2013
2013030642;5;2;1;1;1;590;23/11/2013
2013030643;5;2;1;1;6;590;27/11/2013
2013030644;1;2;1;1;3;590;29/11/2013
2013030645;1;2;3;1;6;590;02/12/2013
2013030646;1;2;2;1;3;590;02/12/2013
2013030647;1;2;1;1;3;590;04/12/2013
2013030648;5;2;3;2;7;590;04/12/2013
2013030649;5;2;1;1;1;590;07/12/2013
2013030650;5;2;1;1;3;590;09/12/2013
2013030651;1;2;1;1;3;590;10/12/2013
2013030652;5;2;1;1;6;590;10/12/2013
2013030653;5;2;1;1;6;590;11/12/2013
2013030654;5;2;2;1;3;590;11/12/2013
2013030655;1;2;2;1;3;590;15/12/2013
2013030656;1;2;1;1;6;590;11/12/2013
2013030657;5;2;4;1;6;590;16/12/2013
2013030658;5;2;1;1;6;590;17/12/2013
2013030659;5;2;1;1;6;590;01/01/2013
2013030660;1;2;1;1;6;590;20/12/2013
2013030661;3;2;1;1;2;590;20/12/2013
2013030662;1;2;2;2;3;590;22/12/2013
2013030663;5;2;1;2;1;590;23/12/2013
2013030664;1;2;1;1;6;590;23/12/2013
2013030665;1;2;1;1;3;590;26/12/2013
2013030666;5;2;1;1;6;590;26/12/2013
2013030667;1;2;1;2;2;590;27/12/2013
2013030668;1;2;3;1;2;590;02/12/2013
2013030669;1;2;1;2;3;590;27/12/2013
2013030670;1;2;1;1;6;590;29/12/2013
2013030671;5;2;1;2;6;590;31/12/2013
2013030672;5;2;9;8;6;590;11/01/2013
2013030673;1;2;2;4;3;590;26/01/2013
2013030674;5;2;1;1;6;590;02/02/2013
2013030675;1;2;2;1;3;590;13/02/2013
2013030676;1;2;1;1;1;590;04/07/2013
2013030677;3;2;1;1;1;590;02/12/2013
2013030678;5;2;1;1;6;590;06/01/2013
2013030679;1;2;6;1;6;590;10/01/2013
2013030680;5;2;1;8;2;590;09/01/2013
2013030681;5;2;5;4;3;590;12/01/2013
2013030682;1;2;1;4;6;590;22/01/2013
2013030683;1;2;1;4;3;590;22/01/2013
2013030684;3;1;1;8;3;590;22/01/2013
2013030685;1;2;1;1;6;590;23/01/2013