num_acc;lum;agg;inter;atm;col;dep;date
2013031263;1;2;2;1;3;620;02/05/2013
2013031264;1;2;3;1;7;620;04/05/2013
2013031265;1;1;3;1;3;620;09/05/2013
2013031266;1;2;2;1;3;620;10/05/2013
2013031267;1;1;1;1;6;620;18/06/2013
2013031268;1;2;1;1;6;620;06/07/2013
2013031269;1;2;1;1;2;620;09/07/2013
2013031270;1;2;1;1;6;620;10/07/2013
2013031271;1;2;9;1;6;620;25/07/2013
2013031272;1;1;1;2;1;620;30/07/2013
2013031273;1;2;2;1;2;620;03/08/2013
2013031274;1;1;2;1;3;620;23/08/2013
2013031275;1;2;2;1;6;620;05/09/2013
2013031276;2;2;4;1;3;620;14/09/2013
2013031277;5;2;1;1;6;620;07/10/2013
2013031278;1;2;1;1;6;620;19/09/2013
2013031279;1;2;2;2;6;620;19/10/2013
2013031280;5;2;2;2;3;620;08/11/2013
2013031281;5;2;3;1;3;620;05/10/2013
2013031282;2;2;1;1;6;620;10/12/2013
2013031283;5;2;1;1;3;620;12/12/2013
2013031284;1;2;3;1;6;620;20/12/2013
2013031285;1;2;2;1;6;620;26/12/2013
2013031286;3;1;3;4;3;620;18/01/2013
2013031287;5;2;1;8;6;620;12/01/2013
2013031288;1;2;1;1;2;620;06/02/2013
2013031289;1;2;3;1;3;620;09/03/2013
2013031290;1;2;1;1;3;620;06/02/2013
2013031291;5;2;3;1;3;620;29/03/2013
2013031292;1;2;1;1;3;620;05/04/2013
2013031293;5;2;1;1;6;620;07/04/2013
2013031294;1;2;1;2;3;620;13/04/2013
2013031295;1;2;1;1;1;620;09/04/2013
2013031296;1;2;3;1;6;620;25/04/2013
2013031297;1;2;1;1;4;620;03/05/2013
2013031298;1;2;1;1;3;620;07/05/2013
2013031299;5;2;1;1;1;620;04/06/2013
2013031300;1;2;1;1;1;620;08/06/2013
2013031301;5;2;1;1;6;620;09/06/2013
2013031302;1;1;6;1;3;620;18/05/2013
2013031303;5;2;1;1;7;620;19/05/2013
2013031304;1;1;1;1;7;620;14/06/2013
2013031305;2;2;1;1;6;620;07/07/2013
2013031306;1;1;1;1;3;620;27/06/2013
2013031307;1;2;1;2;6;620;28/06/2013
2013031308;5;2;2;1;3;620;23/07/2013
2013031309;5;2;1;1;6;620;03/08/2013
2013031310;1;2;2;1;3;620;01/08/2013
2013031311;1;1;1;1;5;620;19/08/2013
2013031312;1;1;1;1;2;620;31/08/2013
2013031313;1;2;1;1;6;620;20/08/2013
2013031314;1;2;1;3;1;620;24/08/2013
2013031315;1;2;2;1;6;620;26/08/2013
2013031316;5;2;5;1;3;620;07/09/2013
2013031317;1;1;1;1;3;620;15/11/2013
2013031318;1;2;1;1;3;620;15/11/2013
2013031319;1;2;4;1;6;620;07/12/2013
2013031320;1;2;6;1;3;620;14/12/2013
2013031321;1;2;2;1;3;620;02/01/2013
2013031322;1;1;1;1;6;620;16/11/2013
2013031323;2;2;2;8;3;620;17/03/2013
2013031324;1;2;1;1;6;620;19/05/2013
2013031325;1;2;2;2;3;620;24/05/2013
2013031326;1;2;1;1;6;620;23/05/2013
2013031327;5;2;9;1;3;620;15/06/2013
2013031328;1;2;2;1;6;620;17/06/2013
2013031329;1;1;1;1;6;620;23/06/2013
2013031330;1;2;6;1;6;620;26/06/2013
2013031331;1;2;1;1;3;620;10/07/2013
2013031332;1;1;2;1;3;620;14/07/2013
2013031333;3;2;1;1;2;620;13/08/2013
2013031334;5;2;1;1;6;620;25/08/2013
2013031335;1;2;1;1;3;620;20/09/2013
2013031336;1;1;3;1;3;620;09/08/2013
2013031337;2;2;1;8;6;620;15/10/2013
2013031338;1;1;2;1;3;620;31/10/2013
2013031339;1;1;9;1;3;620;11/10/2013
2013031340;5;1;3;1;3;620;29/11/2013
2013031341;1;2;1;1;6;620;12/12/2013
2013031342;1;2;1;1;6;620;17/12/2013
2013031343;1;2;1;1;6;620;21/12/2013
2013031344;2;1;1;2;6;620;05/01/2013
2013031345;5;2;1;1;6;620;05/01/2013
2013031346;2;2;1;1;3;620;02/01/2013
2013031347;1;2;1;1;6;620;07/01/2013
2013031348;1;2;1;8;6;620;07/01/2013
2013031349;1;2;1;1;2;620;05/12/2013
2013031350;1;2;3;1;7;620;31/01/2013
2013031351;5;2;1;1;6;620;02/02/2013
2013031352;5;2;1;1;3;620;30/01/2013
2013031353;1;2;1;1;3;620;27/02/2013
2013031354;3;1;3;1;3;620;18/02/2013
2013031355;1;2;1;1;3;620;28/02/2013
2013031356;5;1;1;2;2;620;10/11/2013
2013031357;1;2;1;1;6;620;17/03/2013
2013031358;1;2;2;1;6;620;25/03/2013
2013031359;1;2;1;1;6;620;08/04/2013
2013031360;1;2;2;1;3;620;18/04/2013
2013031361;1;2;1;9;6;620;20/04/2013
2013031362;1;2;3;1;3;620;17/05/2013
2013031363;1;2;2;1;1;620;18/05/2013
2013031364;1;2;4;1;3;620;04/05/2013
2013031365;1;2;1;1;2;620;17/06/2013
2013031366;1;2;1;1;6;620;12/06/2013
2013031367;1;2;3;1;3;620;06/07/2013
2013031368;1;2;2;1;3;620;09/07/2013
2013031369;1;2;1;1;1;620;15/07/2013
2013031370;1;2;3;1;6;620;08/07/2013
2013031371;1;2;1;1;6;620;06/07/2013
2013031372;2;2;1;1;6;620;21/07/2013
2013031373;1;2;1;1;6;620;08/08/2013
2013031374;1;2;3;1;3;620;12/08/2013
2013031375;2;2;1;1;6;620;05/08/2013
2013031376;5;2;1;1;6;620;24/08/2013
2013031377;1;2;1;1;3;620;03/09/2013
2013031378;1;2;2;1;3;620;03/09/2013
2013031379;1;2;1;1;2;620;08/09/2013
2013031380;1;2;1;1;6;620;22/09/2013
2013031381;1;2;1;1;6;620;24/09/2013
2013031382;1;2;1;1;1;620;28/09/2013
2013031383;1;2;1;2;6;620;03/10/2013
2013031384;1;2;1;3;6;620;10/10/2013
2013031385;1;2;1;1;2;620;20/10/2013
2013031386;1;2;1;1;6;620;22/10/2013
2013031387;1;2;2;1;3;620;12/10/2013
2013031388;1;2;1;1;6;620;08/11/2013
2013031389;2;2;1;1;6;620;19/11/2013
2013031390;1;2;1;1;6;620;05/12/2013
2013031391;5;1;1;2;6;620;14/12/2013
2013031392;5;2;1;1;6;620;18/12/2013
2013031393;1;2;1;1;3;620;25/11/2013
2013031394;3;1;1;5;2;620;24/10/2013
2013031395;1;2;1;7;6;620;10/12/2013
2013031396;1;2;1;1;3;620;30/08/2013
2013031397;2;2;1;1;3;620;29/12/2013
2013031398;1;2;1;1;7;620;08/11/2013
2013031399;1;2;1;1;1;620;31/01/2013
2013031400;5;2;1;9;6;620;10/02/2013
2013031401;1;2;1;1;7;620;08/02/2013
2013031402;5;2;1;4;6;620;10/02/2013
2013031403;5;1;1;1;3;620;19/02/2013
2013031404;1;2;1;9;6;620;24/02/2013
2013031405;1;1;1;1;3;620;04/03/2013
2013031406;1;2;1;1;2;620;02/04/2013
2013031407;1;2;1;1;3;620;08/04/2013
2013031408;1;2;1;1;7;620;28/04/2013
2013031409;2;2;1;1;3;620;21/04/2013
2013031410;1;2;1;1;6;620;16/05/2013
2013031411;1;2;1;1;6;620;08/06/2013
2013031412;1;2;1;1;5;620;24/05/2013
2013031413;1;1;1;1;3;620;01/06/2013
2013031414;1;1;1;1;7;620;14/06/2013
2013031415;2;1;1;1;6;620;27/06/2013
2013031416;1;2;1;1;6;620;02/07/2013
2013031417;1;2;1;1;3;620;08/07/2013
2013031418;1;1;1;1;3;620;30/07/2013
2013031419;1;2;1;1;1;620;08/08/2013
2013031420;1;1;1;1;7;620;06/09/2013
2013031421;1;2;1;1;3;620;12/09/2013
2013031422;1;1;1;1;1;620;23/09/2013
2013031423;2;2;1;1;1;620;23/09/2013
2013031424;1;2;1;1;6;620;11/09/2013
2013031425;5;2;1;1;7;620;02/10/2013
2013031426;5;2;1;1;3;620;07/10/2013
2013031427;2;2;1;1;3;620;01/09/2013
2013031428;1;2;1;1;3;620;24/10/2013
2013031429;2;2;1;2;7;620;28/10/2013
2013031430;1;2;1;1;3;620;30/10/2013
2013031431;2;2;1;1;7;620;21/10/2013
2013031432;1;2;1;1;3;620;23/11/2013
2013031433;1;2;1;1;3;620;23/11/2013
2013031434;1;2;1;1;1;620;03/12/2013
2013031435;3;1;1;1;6;620;06/12/2013
2013031436;1;2;1;1;6;620;09/12/2013
2013031437;1;2;1;1;1;620;09/12/2013
2013031438;5;2;1;1;1;620;21/12/2013
2013031439;5;1;1;1;3;620;25/12/2013
2013031440;1;2;1;1;7;620;23/12/2013
2013031441;1;2;1;4;6;620;22/01/2013
2013031442;3;2;1;8;7;620;26/01/2013
2013031443;1;1;1;1;5;620;22/02/2013
2013031444;1;2;1;1;6;620;04/03/2013
2013031445;1;2;3;2;5;620;18/03/2013
2013031446;1;2;1;1;6;620;02/04/2013
2013031447;1;2;2;1;3;620;30/04/2013
2013031448;1;2;4;2;3;620;07/08/2013
2013031449;4;2;1;1;7;620;22/09/2013
2013031450;1;2;1;2;6;620;29/10/2013
2013031451;1;2;3;2;3;620;04/11/2013
2013031452;5;2;1;1;6;620;07/12/2013
2013031453;5;2;1;1;3;620;06/12/2013
2013031454;3;1;1;4;2;620;17/01/2013
2013031455;1;2;1;1;1;620;18/02/2013
2013031456;5;2;1;1;5;620;12/01/2013
2013031457;5;2;1;1;6;620;02/03/2013
2013031458;1;1;1;2;1;620;26/04/2013
2013031459;1;2;1;1;7;620;21/04/2013
2013031460;5;2;1;1;6;620;28/04/2013
2013031461;1;2;1;2;5;620;28/05/2013
2013031462;1;2;1;1;3;620;24/04/2013
2013031463;5;2;1;1;6;620;22/06/2013
2013031464;1;2;2;2;2;620;07/08/2013
2013031465;5;2;2;1;3;620;08/08/2013
2013031466;1;1;1;7;1;620;22/08/2013
2013031467;1;2;2;1;3;620;04/09/2013
2013031468;1;1;1;7;2;620;13/11/2013
2013031469;5;2;1;1;6;620;24/11/2013
2013031470;2;2;2;2;1;620;14/11/2013
2013031471;1;2;1;1;6;620;15/02/2013
2013031472;1;2;3;8;1;620;02/03/2013
2013031473;1;1;1;1;3;620;20/03/2013
2013031474;1;2;1;1;3;620;05/04/2013
2013031475;1;2;1;1;6;620;02/08/2013
2013031476;1;2;2;1;3;620;31/08/2013
2013031477;1;2;1;1;1;620;20/10/2013
2013031478;1;2;2;1;2;620;21/10/2013
2013031479;1;2;6;2;6;620;12/11/2013
2013031480;2;2;1;1;6;620;06/12/2013
2013031481;5;2;1;1;6;620;16/12/2013
2013031482;1;1;3;1;3;620;19/12/2013
2013031483;1;2;6;1;6;620;10/05/2013
2013031484;1;2;3;1;3;620;07/05/2013
2013031485;1;2;2;1;3;620;12/06/2013
2013031486;1;2;1;1;6;620;11/07/2013
2013031487;5;2;1;1;6;620;06/08/2013
2013031488;1;2;1;1;3;620;13/08/2013
2013031489;1;2;9;1;3;620;15/08/2013
2013031490;3;2;1;1;6;620;01/09/2013
2013031491;1;2;2;1;6;620;02/09/2013
2013031492;1;2;2;2;3;620;06/11/2013
2013031493;1;2;3;1;2;620;19/11/2013
2013031494;2;2;2;1;3;620;02/12/2013
2013031495;5;2;1;1;6;620;27/07/2013
2013031496;5;2;1;1;1;630;02/01/2013
2013031497;5;2;1;1;1;630;04/01/2013
2013031498;1;2;1;1;2;630;08/01/2013
2013031499;1;2;1;1;6;630;08/01/2013
2013031500;1;2;3;1;3;630;08/01/2013
2013031501;1;2;1;1;6;630;09/01/2013
2013031502;2;2;3;1;3;630;10/01/2013
2013031503;1;2;1;1;3;630;11/01/2013
2013031504;5;2;1;1;6;630;11/01/2013
2013031505;1;2;1;8;6;630;12/01/2013
2013031506;5;2;1;1;3;630;13/01/2013
2013031507;5;2;1;1;2;630;13/01/2013
2013031508;5;2;1;1;3;630;14/01/2013
2013031509;1;2;1;1;6;630;15/01/2013
2013031510;5;2;1;8;6;630;15/01/2013
2013031511;2;2;1;1;6;630;17/01/2013
2013031512;3;1;1;1;3;630;18/01/2013
2013031513;5;2;2;2;3;630;19/01/2013
2013031514;5;2;1;2;6;630;19/01/2013
2013031515;1;2;1;1;4;630;21/01/2013
2013031516;1;2;1;1;6;630;22/01/2013
2013031517;5;2;1;1;4;630;22/01/2013
2013031518;5;2;1;1;3;630;22/01/2013
2013031519;5;2;1;1;6;630;23/01/2013
2013031520;1;2;1;1;7;630;23/01/2013
2013031521;1;2;1;8;6;630;23/01/2013
2013031522;1;2;3;1;3;630;24/01/2013
2013031523;1;2;1;1;6;630;25/01/2013
2013031524;1;2;1;1;6;630;27/01/2013
2013031525;5;2;1;1;6;630;28/01/2013
2013031526;1;2;1;8;1;630;28/01/2013
2013031527;1;2;2;1;5;630;29/01/2013
2013031528;1;2;1;1;4;630;29/01/2013
2013031529;1;2;1;1;6;630;29/01/2013
2013031530;5;2;2;1;3;630;29/01/2013
2013031531;5;2;1;1;6;630;29/01/2013
2013031532;1;2;1;1;6;630;30/01/2013
2013031533;1;2;1;1;6;630;30/01/2013
2013031534;5;2;1;1;6;630;31/01/2013
2013031535;5;2;1;8;6;630;01/02/2013
2013031536;1;2;1;1;3;630;03/02/2013
2013031537;1;2;1;1;6;630;04/02/2013
2013031538;1;2;1;1;3;630;04/02/2013
2013031539;1;2;1;1;6;630;05/02/2013
2013031540;5;2;1;8;6;630;05/02/2013
2013031541;1;2;1;1;4;630;06/02/2013
2013031542;1;2;1;1;6;630;08/02/2013
2013031543;1;2;1;1;6;630;08/02/2013
2013031544;1;2;1;1;6;630;10/02/2013
2013031545;5;2;1;8;6;630;11/02/2013
2013031546;1;2;2;1;3;630;11/02/2013
2013031547;1;2;1;1;6;630;11/02/2013
2013031548;1;2;1;1;6;630;12/02/2013
2013031549;5;2;1;1;6;630;12/02/2013
2013031550;1;2;1;1;6;630;13/02/2013
2013031551;5;2;2;1;3;630;13/02/2013
2013031552;3;1;1;1;2;630;14/02/2013
2013031553;1;2;1;1;3;630;15/02/2013
2013031554;1;2;1;1;6;630;16/02/2013
2013031555;5;2;3;1;3;630;16/02/2013
2013031556;1;2;1;1;3;630;17/02/2013
2013031557;1;2;1;1;4;630;18/02/2013
2013031558;1;2;1;1;6;630;19/02/2013
2013031559;1;2;1;1;6;630;20/02/2013
2013031560;5;2;1;1;6;630;21/02/2013
2013031561;1;2;2;1;3;630;22/02/2013
2013031562;1;2;1;1;3;630;23/02/2013
2013031563;3;1;1;1;6;630;28/02/2013
2013031564;1;2;1;1;6;630;28/02/2013
2013031565;1;2;1;1;6;630;28/02/2013
2013031566;1;2;1;1;6;630;02/03/2013
2013031567;5;2;1;1;6;630;03/03/2013
2013031568;1;2;1;1;6;630;05/03/2013
2013031569;1;2;1;1;6;630;05/03/2013
2013031570;1;2;1;1;6;630;06/03/2013
2013031571;1;2;1;1;2;630;08/03/2013
2013031572;1;2;1;1;7;630;04/03/2013
2013031573;1;2;3;1;6;630;11/03/2013
2013031574;1;2;1;1;6;630;11/03/2013
2013031575;1;2;1;1;6;630;12/03/2013
2013031576;1;2;1;1;2;630;12/03/2013
2013031577;1;2;1;1;6;630;13/03/2013
2013031578;1;2;1;1;6;630;14/03/2013
2013031579;1;2;1;1;2;630;15/03/2013
2013031580;1;2;1;1;6;630;18/03/2013
2013031581;1;2;2;1;6;630;20/03/2013
2013031582;1;2;1;1;3;630;20/03/2013
2013031583;1;2;1;1;6;630;21/03/2013
2013031584;5;2;1;1;3;630;21/03/2013
2013031585;1;2;1;1;2;630;22/03/2013
2013031586;1;2;1;1;7;630;22/03/2013
2013031587;1;2;1;1;6;630;25/03/2013
2013031588;1;2;1;8;6;630;23/03/2013
2013031589;1;2;1;1;2;630;23/03/2013
2013031590;1;2;1;3;6;630;23/03/2013
2013031591;1;1;1;1;6;630;24/03/2013
2013031592;1;2;1;1;3;630;27/03/2013
2013031593;1;1;1;1;6;630;30/03/2013
2013031594;1;2;1;1;3;630;30/03/2013
2013031595;5;2;1;1;6;630;02/04/2013
2013031596;1;2;1;1;2;630;03/04/2013
2013031597;1;2;6;1;3;630;08/04/2013
2013031598;5;2;1;1;6;630;06/04/2013
2013031599;5;2;1;1;6;630;07/04/2013
2013031600;1;2;1;1;6;630;08/04/2013
2013031601;1;2;2;1;3;630;09/04/2013
2013031602;1;2;1;1;3;630;10/04/2013
2013031603;5;2;1;1;6;630;10/04/2013
2013031604;1;2;1;8;6;630;12/04/2013
2013031605;1;2;1;1;6;630;12/04/2013
2013031606;1;2;2;1;3;630;12/04/2013
2013031607;1;2;1;1;6;630;12/04/2013
2013031608;1;2;1;1;6;630;13/04/2013
2013031609;1;2;1;1;6;630;17/04/2013
2013031610;1;2;2;1;3;630;17/04/2013
2013031611;1;2;1;1;2;630;17/04/2013
2013031612;1;2;1;1;6;630;19/04/2013
2013031613;1;2;1;1;2;630;19/04/2013
2013031614;1;2;4;1;3;;23/04/2013
2013031615;1;2;1;1;3;630;23/04/2013
2013031616;1;2;1;1;6;630;23/04/2013
2013031617;1;2;2;1;3;630;23/04/2013
2013031618;1;2;1;1;2;630;25/04/2013
2013031619;5;2;1;1;3;630;25/04/2013
2013031620;5;2;2;8;1;630;26/04/2013
2013031621;1;2;1;1;6;630;27/04/2013
2013031622;1;2;1;8;3;630;27/04/2013
2013031623;1;2;4;3;1;630;30/04/2013
2013031624;5;2;1;2;2;630;01/05/2013
2013031625;1;2;1;1;3;630;02/05/2013
2013031626;1;2;1;1;4;630;02/05/2013
2013031627;1;2;1;1;4;630;03/05/2013
2013031628;1;2;1;1;3;630;06/05/2013
2013031629;1;2;3;1;6;630;07/05/2013
2013031630;5;2;9;1;6;630;08/05/2013
2013031631;1;2;1;1;6;630;10/05/2013
2013031632;1;2;1;1;4;630;11/05/2013
2013031633;5;2;1;1;6;630;13/05/2013
2013031634;1;2;2;1;3;630;14/05/2013
2013031635;1;2;1;1;3;630;14/05/2013
2013031636;1;2;1;1;7;630;15/05/2013
2013031637;1;2;1;8;6;630;16/05/2013
2013031638;1;2;1;1;2;630;16/05/2013
2013031639;1;2;1;3;6;630;16/05/2013
2013031640;1;2;1;1;3;630;17/05/2013
2013031641;5;2;1;1;2;630;18/05/2013
2013031642;1;2;1;1;7;630;19/05/2013
2013031643;5;2;2;1;3;630;19/05/2013
2013031644;1;2;1;1;6;630;20/05/2013
2013031645;1;2;1;1;6;630;21/05/2013
2013031646;1;2;1;1;3;630;21/05/2013
2013031647;1;2;1;1;6;630;22/05/2013
2013031648;1;2;1;1;3;630;23/05/2013
2013031649;1;2;1;1;3;630;23/05/2013
2013031650;3;2;6;1;7;630;24/05/2013
2013031651;1;2;1;1;6;630;24/05/2013
2013031652;1;2;1;1;6;630;26/05/2013
2013031653;1;2;1;1;4;630;27/05/2013
2013031654;1;2;1;1;3;630;27/05/2013
2013031655;1;2;1;1;6;630;28/05/2013
2013031656;1;2;1;1;3;630;30/05/2013
2013031657;1;2;1;1;6;630;31/05/2013
2013031658;1;2;1;1;6;630;01/06/2013
2013031659;1;2;1;1;3;630;03/06/2013
2013031660;1;2;1;1;3;630;04/06/2013
2013031661;1;2;3;1;3;630;05/06/2013
2013031662;1;2;1;1;4;630;05/06/2013
2013031663;1;2;1;1;6;630;06/06/2013
2013031664;5;2;2;1;1;630;07/06/2013
2013031665;1;2;1;1;4;630;07/06/2013
2013031666;1;2;1;1;5;630;07/06/2013
2013031667;1;2;1;1;2;630;08/06/2013
2013031668;1;2;1;1;7;630;10/06/2013
2013031669;1;2;2;1;6;630;10/06/2013
2013031670;1;2;1;1;3;630;11/06/2013
2013031671;1;2;1;1;2;630;11/06/2013
2013031672;1;2;1;1;3;630;12/06/2013
2013031673;1;2;3;1;3;630;12/06/2013
2013031674;1;2;1;1;3;630;13/06/2013
2013031675;1;2;1;1;6;630;13/06/2013
2013031676;1;2;1;1;6;630;13/06/2013
2013031677;1;2;1;1;6;630;14/06/2013
2013031678;1;2;1;1;6;630;15/06/2013
2013031679;1;2;2;1;3;630;15/06/2013
2013031680;5;2;1;1;3;630;16/06/2013
2013031681;1;2;1;1;6;630;17/06/2013
2013031682;1;2;2;1;3;630;17/06/2013
2013031683;1;2;1;1;4;630;17/06/2013
2013031684;1;2;1;1;4;630;17/06/2013
2013031685;1;2;1;1;3;630;18/06/2013
2013031686;1;2;1;1;6;630;21/06/2013
2013031687;1;2;1;1;6;630;22/06/2013
2013031688;1;2;1;1;6;630;22/06/2013
2013031689;5;2;1;1;6;630;23/06/2013
2013031690;1;2;2;1;3;630;23/06/2013
2013031691;1;2;1;1;6;630;24/06/2013
2013031692;1;2;1;8;2;630;24/06/2013
2013031693;1;2;6;1;2;630;24/06/2013
2013031694;1;2;1;1;1;630;25/06/2013
2013031695;1;2;3;1;3;630;27/06/2013
2013031696;5;2;1;1;7;630;29/06/2013
2013031697;1;2;2;1;3;630;02/07/2013
2013031698;1;2;1;1;3;630;03/07/2013
2013031699;1;2;1;1;4;630;04/07/2013
2013031700;1;2;1;1;3;630;04/07/2013
2013031701;1;2;1;1;2;630;04/07/2013
2013031702;1;2;3;1;3;630;07/07/2013
2013031703;5;2;1;1;6;630;06/07/2013
2013031704;1;2;1;1;6;630;08/07/2013
2013031705;1;2;1;1;6;630;09/07/2013
2013031706;1;2;1;1;6;630;10/07/2013
2013031707;1;2;1;1;6;630;10/07/2013
2013031708;1;2;1;1;6;630;11/07/2013
2013031709;1;2;1;1;6;630;12/07/2013
2013031710;1;2;1;1;6;630;12/07/2013
2013031711;1;2;1;1;6;630;14/07/2013
2013031712;1;2;1;1;1;630;14/07/2013
2013031713;1;2;3;1;6;630;15/07/2013
2013031714;1;2;1;1;4;630;16/07/2013
2013031715;1;2;1;1;6;630;16/07/2013
2013031716;1;2;1;1;6;630;16/07/2013
2013031717;1;2;1;1;6;630;16/07/2013
2013031718;1;2;1;1;6;630;18/07/2013
2013031719;1;2;1;1;2;630;19/07/2013
2013031720;1;2;1;1;3;630;23/07/2013
2013031721;1;1;1;1;7;630;26/07/2013
2013031722;1;2;1;1;3;630;27/07/2013
2013031723;1;2;3;1;3;630;28/07/2013
2013031724;1;1;1;1;7;630;29/07/2013
2013031725;1;2;1;1;3;630;31/07/2013
2013031726;1;2;1;1;6;630;31/07/2013
2013031727;1;2;1;1;6;630;01/08/2013
2013031728;5;2;1;1;6;630;02/08/2013
2013031729;1;2;1;1;6;630;03/08/2013
2013031730;1;2;1;1;3;630;03/08/2013
2013031731;1;2;1;1;6;630;03/08/2013
2013031732;1;2;2;1;3;630;03/08/2013
2013031733;1;2;1;1;3;630;04/08/2013
2013031734;1;2;1;1;6;630;03/08/2013
2013031735;1;2;1;1;3;630;05/08/2013
2013031736;1;2;1;1;3;630;05/08/2013
2013031737;1;2;2;1;3;630;07/08/2013
2013031738;1;2;1;1;3;630;08/08/2013
2013031739;1;2;1;1;3;630;09/08/2013
2013031740;5;2;1;1;1;630;10/08/2013
2013031741;5;2;2;1;5;630;10/08/2013
2013031742;1;1;1;1;3;630;13/08/2013
2013031743;1;2;1;1;6;630;13/08/2013
2013031744;1;2;2;1;3;630;17/08/2013
2013031745;1;2;1;1;3;630;20/08/2013
2013031746;1;2;2;1;3;630;20/08/2013
2013031747;1;2;1;1;3;630;22/08/2013
2013031748;1;2;1;1;3;630;22/08/2013
2013031749;1;2;2;1;3;630;23/08/2013
2013031750;1;2;1;1;4;630;25/08/2013
2013031751;1;2;1;1;2;630;26/08/2013
2013031752;1;2;1;1;6;630;26/08/2013
2013031753;1;2;1;1;6;630;29/08/2013
2013031754;1;2;1;1;1;630;29/08/2013
2013031755;1;1;1;1;2;630;30/08/2013
2013031756;1;2;1;1;4;630;30/08/2013
2013031757;1;2;1;1;6;630;30/08/2013
2013031758;1;2;1;1;6;630;31/08/2013
2013031759;1;2;1;1;3;630;02/09/2013
2013031760;1;2;1;1;6;630;02/09/2013
2013031761;1;2;1;1;3;630;02/09/2013
2013031762;1;2;1;1;6;630;03/09/2013
2013031763;1;2;2;1;3;630;03/09/2013
2013031764;1;2;1;1;2;630;03/09/2013
2013031765;1;2;1;1;3;630;04/09/2013
2013031766;1;2;1;1;4;630;05/09/2013
2013031767;5;2;1;1;6;630;07/09/2013
2013031768;1;2;1;1;6;630;07/09/2013
2013031769;1;2;1;2;6;630;08/09/2013
2013031770;1;2;1;1;6;630;08/09/2013
2013031771;1;2;1;1;2;630;08/09/2013
2013031772;1;2;1;1;6;630;06/09/2013
2013031773;1;2;1;1;6;630;09/09/2013
2013031774;1;2;1;1;7;630;09/09/2013
2013031775;1;2;1;1;6;630;09/09/2013
2013031776;1;2;1;1;2;630;10/09/2013
2013031777;1;2;1;1;6;630;11/09/2013
2013031778;1;2;1;1;6;630;12/09/2013
2013031779;5;2;1;1;2;630;13/09/2013
2013031780;5;2;3;1;3;630;15/09/2013
2013031781;1;2;1;1;3;630;16/09/2013
2013031782;1;2;1;9;6;630;18/09/2013
2013031783;1;2;1;1;6;630;18/09/2013
2013031784;1;2;1;1;3;630;18/09/2013
2013031785;1;2;1;1;3;630;18/09/2013
2013031786;1;2;1;1;6;630;18/09/2013
2013031787;1;2;1;1;2;630;18/09/2013
2013031788;3;2;1;1;3;630;18/09/2013
2013031789;1;2;1;1;6;630;19/09/2013
2013031790;1;2;1;1;6;630;19/09/2013
2013031791;1;2;1;1;4;630;19/09/2013
2013031792;5;2;2;1;3;630;19/09/2013
2013031793;5;2;1;1;4;630;19/09/2013
2013031794;1;2;1;1;6;630;30/09/2013
2013031795;1;2;6;1;3;630;21/09/2013
2013031796;1;2;1;1;2;630;21/09/2013
2013031797;2;2;2;1;3;630;24/09/2013
2013031798;1;2;1;1;3;630;25/09/2013
2013031799;1;2;1;1;6;630;25/09/2013
2013031800;1;2;1;1;2;630;26/09/2013
2013031801;2;2;1;1;3;630;24/09/2013
2013031802;1;2;1;1;6;630;20/09/2013
2013031803;1;2;1;1;3;630;27/09/2013
2013031804;5;2;2;1;3;630;27/09/2013
2013031805;5;2;1;1;6;630;28/09/2013
2013031806;1;2;1;1;3;630;28/09/2013
2013031807;1;2;1;1;6;630;29/09/2013
2013031808;2;2;1;1;6;630;29/09/2013
2013031809;1;2;1;1;2;630;30/09/2013
2013031810;5;2;1;8;3;630;28/09/2013
2013031811;1;2;2;1;3;630;30/09/2013
2013031812;5;2;1;1;6;630;30/09/2013
2013031813;2;2;1;1;3;630;03/10/2013
2013031814;2;2;1;1;3;630;03/10/2013
2013031815;1;2;1;1;2;630;04/10/2013
2013031816;1;2;1;2;6;630;04/10/2013
2013031817;1;2;1;1;6;630;04/10/2013
2013031818;5;2;1;1;2;630;04/10/2013
2013031819;1;2;1;2;6;630;04/10/2013
2013031820;1;2;1;1;3;630;06/10/2013
2013031821;5;2;1;1;6;630;05/10/2013
2013031822;5;1;1;8;3;630;07/10/2013
2013031823;2;2;2;1;3;630;08/10/2013
2013031824;1;2;1;1;3;630;10/10/2013
2013031825;1;2;1;1;3;630;10/10/2013
2013031826;1;2;1;1;2;630;12/10/2013
2013031827;5;2;2;1;6;630;13/10/2013
2013031828;1;2;1;1;3;630;14/10/2013
2013031829;1;2;1;1;6;630;14/10/2013
2013031830;1;2;1;1;1;630;15/10/2013
2013031831;1;2;1;1;3;630;16/10/2013
2013031832;1;2;1;1;6;630;16/10/2013
2013031833;1;2;1;1;3;630;17/10/2013
2013031834;1;2;1;1;7;630;17/10/2013
2013031835;1;2;1;1;6;630;17/10/2013
2013031836;1;2;3;1;3;630;18/10/2013
2013031837;1;2;1;1;4;630;18/10/2013
2013031838;1;2;1;1;6;630;18/10/2013
2013031839;1;2;1;1;3;630;18/10/2013
2013031840;1;2;1;1;1;630;18/10/2013