num_acc;lum;agg;inter;atm;col;dep;date
2013031841;1;2;1;1;6;630;18/10/2013
2013031842;1;2;3;1;3;630;18/10/2013
2013031843;5;2;1;1;6;630;20/10/2013
2013031844;1;2;1;1;6;630;22/10/2013
2013031845;1;2;1;1;3;630;22/10/2013
2013031846;1;2;3;2;6;630;23/10/2013
2013031847;1;2;1;1;6;630;23/10/2013
2013031848;1;2;1;1;6;630;24/10/2013
2013031849;1;2;1;1;6;630;24/10/2013
2013031850;5;2;1;1;6;630;26/10/2013
2013031851;2;2;1;1;6;630;26/10/2013
2013031852;1;2;1;1;3;630;26/10/2013
2013031853;5;2;1;1;6;630;27/10/2013
2013031854;1;2;1;8;3;630;28/10/2013
2013031855;1;2;1;1;3;630;29/10/2013
2013031856;1;2;1;1;3;630;29/10/2013
2013031857;5;2;1;1;3;630;29/10/2013
2013031858;5;2;1;1;3;630;02/11/2013
2013031859;2;2;1;1;4;630;31/10/2013
2013031860;1;2;1;1;7;630;03/11/2013
2013031861;1;2;1;1;1;630;04/11/2013
2013031862;1;2;1;1;6;630;04/11/2013
2013031863;1;2;1;1;6;630;05/11/2013
2013031864;1;2;1;8;3;630;06/11/2013
2013031865;5;2;1;1;6;630;06/11/2013
2013031866;2;2;1;1;6;630;07/11/2013
2013031867;1;2;2;1;6;630;08/11/2013
2013031868;1;2;1;1;7;630;09/11/2013
2013031869;1;2;1;1;3;630;09/11/2013
2013031870;1;2;1;1;1;630;10/11/2013
2013031871;1;2;1;1;7;630;12/11/2013
2013031872;5;2;1;1;6;630;13/11/2013
2013031873;5;2;1;8;6;630;14/11/2013
2013031874;1;2;1;1;6;630;15/11/2013
2013031875;1;2;1;1;7;630;15/11/2013
2013031876;1;2;1;1;6;630;15/11/2013
2013031877;1;2;1;3;6;630;15/11/2013
2013031878;5;2;1;8;5;630;15/11/2013
2013031879;5;2;1;1;6;630;16/11/2013
2013031880;5;2;1;1;6;630;16/11/2013
2013031881;5;2;1;1;4;630;17/11/2013
2013031882;1;2;1;1;6;630;17/11/2013
2013031883;1;2;1;8;6;630;17/11/2013
2013031884;1;2;1;1;6;630;18/11/2013
2013031885;2;2;1;1;6;630;18/11/2013
2013031886;1;2;1;1;2;630;18/11/2013
2013031887;5;2;1;2;2;630;19/11/2013
2013031888;1;2;1;1;6;630;19/11/2013
2013031889;1;2;1;2;6;630;19/11/2013
2013031890;1;2;1;2;2;630;20/11/2013
2013031891;5;2;1;8;6;630;20/11/2013
2013031892;2;2;1;1;6;630;21/11/2013
2013031893;1;2;3;1;7;630;22/11/2013
2013031894;1;2;1;1;6;630;22/11/2013
2013031895;5;2;1;9;6;630;23/11/2013
2013031896;5;2;1;1;3;630;23/11/2013
2013031897;2;2;1;8;3;630;24/11/2013
2013031898;5;2;1;1;6;630;25/11/2013
2013031899;1;1;1;1;6;630;26/11/2013
2013031900;1;2;1;1;6;630;27/11/2013
2013031901;1;2;1;1;6;630;27/11/2013
2013031902;5;2;1;1;6;630;27/11/2013
2013031903;1;2;1;1;6;630;02/12/2013
2013031904;5;2;1;1;6;630;02/12/2013
2013031905;5;2;1;1;6;630;07/12/2013
2013031906;3;1;1;1;2;630;12/12/2013
2013031907;5;2;1;1;6;630;16/12/2013
2013031908;1;2;1;1;6;630;14/12/2013
2013031909;5;2;1;2;6;630;25/12/2013
2013031910;5;2;1;1;2;630;28/12/2013
2013031911;5;2;1;1;6;630;29/12/2013
2013031912;2;2;1;1;3;630;26/12/2013
2013031913;1;2;1;9;3;630;09/02/2013
2013031914;2;2;2;9;3;630;09/02/2013
2013031915;1;2;1;1;3;630;17/02/2013
2013031916;5;2;2;1;3;630;26/02/2013
2013031917;1;2;4;1;3;630;28/02/2013
2013031918;5;2;2;1;2;630;12/03/2013
2013031919;1;1;1;1;2;630;18/03/2013
2013031920;1;1;1;1;5;630;27/03/2013
2013031921;1;1;1;2;3;630;28/03/2013
2013031922;1;2;1;1;6;630;31/03/2013
2013031923;1;2;1;1;5;630;23/04/2013
2013031924;1;2;1;1;2;630;24/04/2013
2013031925;1;2;1;1;7;630;24/04/2013
2013031926;1;1;2;1;5;630;06/05/2013
2013031927;1;2;6;2;7;630;30/04/2013
2013031928;1;2;1;1;2;630;13/05/2013
2013031929;1;2;2;1;3;630;27/05/2013
2013031930;1;1;3;1;3;630;30/05/2013
2013031931;1;2;2;1;3;630;03/06/2013
2013031932;1;2;2;1;3;630;15/06/2013
2013031933;1;2;1;1;1;630;19/06/2013
2013031934;1;2;6;1;3;630;30/06/2013
2013031935;1;2;1;1;2;630;26/06/2013
2013031936;1;1;1;1;6;630;20/06/2013
2013031937;1;2;4;1;3;630;01/07/2013
2013031938;5;2;1;1;7;630;03/07/2013
2013031939;2;2;6;1;3;630;05/08/2013
2013031940;1;2;2;1;7;630;31/08/2013
2013031941;1;2;1;1;3;630;03/09/2013
2013031942;1;1;1;1;7;630;06/09/2013
2013031943;1;1;1;1;3;630;12/09/2013
2013031944;1;2;1;1;3;630;23/09/2013
2013031945;1;2;1;1;7;630;27/09/2013
2013031946;1;2;2;1;3;630;28/09/2013
2013031947;1;2;6;1;3;630;01/10/2013
2013031948;2;2;3;2;5;630;15/10/2013
2013031949;1;1;6;2;2;630;15/10/2013
2013031950;5;1;1;1;6;630;18/10/2013
2013031951;1;2;1;2;7;630;13/11/2013
2013031952;5;2;3;1;3;630;25/11/2013
2013031953;3;1;1;1;6;630;29/11/2013
2013031954;1;2;1;8;3;630;29/11/2013
2013031955;1;1;1;1;3;630;01/12/2013
2013031956;5;2;1;1;6;630;04/12/2013
2013031957;1;2;1;1;6;630;06/12/2013
2013031958;5;2;2;1;6;630;06/12/2013
2013031959;1;2;1;1;2;630;17/12/2013
2013031960;1;2;1;1;6;630;01/02/2013
2013031961;5;2;3;2;3;630;30/03/2013
2013031962;1;2;2;1;6;630;12/05/2013
2013031963;1;2;1;1;6;630;06/06/2013
2013031964;1;2;1;1;6;630;08/06/2013
2013031965;1;2;1;1;6;630;16/06/2013
2013031966;1;2;2;1;6;630;23/06/2013
2013031967;1;2;1;1;6;630;05/08/2013
2013031968;1;2;6;1;3;630;07/08/2013
2013031969;1;2;2;1;6;630;10/08/2013
2013031970;1;2;6;1;6;630;12/08/2013
2013031971;1;2;1;2;7;630;17/10/2013
2013031972;2;2;1;1;6;630;22/10/2013
2013031973;1;2;3;1;3;630;24/10/2013
2013031974;4;2;1;1;6;630;06/11/2013
2013031975;3;2;1;1;6;630;06/12/2013
2013031976;3;2;1;1;6;630;02/12/2013
2013031977;5;2;3;1;6;630;20/03/2013
2013031978;1;2;1;1;3;630;07/06/2013
2013031979;1;2;2;1;6;630;22/06/2013
2013031980;1;2;1;1;6;630;06/07/2013
2013031981;3;1;1;8;5;630;11/10/2013
2013031982;2;2;3;1;6;630;05/11/2013
2013031983;1;2;1;1;6;630;08/11/2013
2013031984;1;2;1;8;2;640;05/01/2013
2013031985;1;2;1;2;6;640;10/01/2013
2013031986;5;2;3;8;3;640;11/01/2013
2013031987;1;2;3;3;6;640;12/01/2013
2013031988;5;2;1;3;6;640;16/01/2013
2013031989;2;2;1;2;1;640;22/01/2013
2013031990;1;2;1;2;6;640;23/01/2013
2013031991;2;2;6;2;6;640;24/01/2013
2013031992;2;2;6;1;3;640;29/01/2013
2013031993;1;2;3;8;2;640;05/02/2013
2013031994;1;2;1;8;1;640;07/02/2013
2013031995;1;1;1;8;7;640;10/02/2013
2013031996;1;2;3;1;3;640;10/02/2013
2013031997;1;2;3;1;3;640;16/02/2013
2013031998;1;2;1;1;2;640;20/02/2013
2013031999;1;2;1;1;3;640;20/02/2013
2013032000;1;2;1;1;7;640;27/02/2013
2013032001;1;2;3;1;3;640;05/03/2013
2013032002;5;2;1;4;6;640;13/03/2013
2013032003;1;2;3;1;3;640;15/03/2013
2013032004;1;2;1;1;6;640;15/03/2013
2013032005;1;2;1;1;6;640;21/03/2013
2013032006;1;2;1;1;3;640;23/03/2013
2013032007;1;2;1;8;6;640;29/03/2013
2013032008;1;2;6;8;6;640;29/03/2013
2013032009;1;2;1;1;3;640;31/03/2013
2013032010;1;2;1;1;3;640;03/04/2013
2013032011;1;2;1;2;2;640;04/04/2013
2013032012;1;2;1;1;7;640;07/04/2013
2013032013;1;2;6;1;3;640;13/04/2013
2013032014;1;2;1;1;3;640;13/04/2013
2013032015;1;2;2;1;3;640;15/04/2013
2013032016;1;2;1;1;3;640;15/04/2013
2013032017;1;2;3;1;3;640;17/04/2013
2013032018;1;2;3;1;3;640;20/04/2013
2013032019;5;2;6;1;7;640;20/04/2013
2013032020;2;2;1;1;2;640;21/04/2013
2013032021;1;2;1;1;7;640;23/04/2013
2013032022;1;2;1;1;3;640;25/04/2013
2013032023;1;2;1;1;4;640;25/04/2013
2013032024;1;2;3;2;3;640;30/04/2013
2013032025;1;2;1;1;7;640;04/05/2013
2013032026;1;2;1;1;7;640;04/05/2013
2013032027;1;2;1;8;3;640;07/05/2013
2013032028;1;2;1;1;6;640;10/05/2013
2013032029;1;2;1;1;5;640;11/05/2013
2013032030;1;2;1;2;7;640;21/05/2013
2013032031;1;2;3;2;6;640;22/05/2013
2013032032;1;2;1;3;7;640;22/05/2013
2013032033;1;2;6;1;3;640;10/06/2013
2013032034;2;2;1;1;7;640;10/06/2013
2013032035;1;2;1;1;2;640;14/06/2013
2013032036;1;2;1;1;3;640;17/06/2013
2013032037;1;2;6;2;7;640;18/06/2013
2013032038;5;2;1;3;6;640;18/06/2013
2013032039;5;2;1;8;6;640;21/06/2013
2013032040;1;2;1;1;7;640;22/06/2013
2013032041;1;2;6;1;7;640;27/06/2013
2013032042;1;2;1;1;2;640;27/06/2013
2013032043;1;2;2;1;3;640;01/07/2013
2013032044;1;2;1;1;3;640;02/07/2013
2013032045;1;2;6;1;2;640;05/07/2013
2013032046;1;2;1;1;3;640;06/07/2013
2013032047;1;2;1;1;2;640;07/07/2013
2013032048;1;2;1;1;1;640;08/07/2013
2013032049;1;2;1;1;3;640;12/07/2013
2013032050;1;2;6;1;6;640;13/07/2013
2013032051;5;2;1;1;3;640;15/07/2013
2013032052;1;2;1;1;2;640;15/07/2013
2013032053;5;2;1;1;7;640;17/07/2013
2013032054;1;2;1;1;7;640;17/07/2013
2013032055;5;2;1;2;7;640;23/07/2013
2013032056;5;2;1;8;5;640;26/07/2013
2013032057;3;2;1;2;1;640;27/07/2013
2013032058;1;2;3;1;3;640;29/07/2013
2013032059;1;2;3;1;3;640;29/07/2013
2013032060;5;2;1;1;1;640;29/07/2013
2013032061;1;2;6;1;3;640;31/07/2013
2013032062;5;2;2;1;3;640;31/07/2013
2013032063;1;2;1;1;6;640;01/08/2013
2013032064;1;2;3;1;3;640;01/08/2013
2013032065;5;2;1;2;6;640;05/08/2013
2013032066;2;2;1;1;7;640;10/08/2013
2013032067;2;2;1;1;7;640;14/08/2013
2013032068;1;2;6;1;6;640;18/08/2013
2013032069;5;2;1;1;1;640;19/08/2013
2013032070;1;2;1;1;3;640;20/08/2013
2013032071;1;2;1;1;6;640;20/08/2013
2013032072;1;2;1;1;1;640;21/08/2013
2013032073;1;2;1;2;3;640;25/08/2013
2013032074;1;2;3;8;3;640;26/08/2013
2013032075;1;2;6;1;3;640;27/08/2013
2013032076;1;2;3;1;3;640;28/08/2013
2013032077;1;2;1;1;3;640;28/08/2013
2013032078;1;2;1;1;6;640;01/09/2013
2013032079;1;2;1;1;3;640;03/09/2013
2013032080;1;2;1;1;6;640;03/09/2013
2013032081;1;2;1;1;1;640;04/09/2013
2013032082;5;2;1;1;3;640;04/09/2013
2013032083;5;2;1;1;7;640;05/09/2013
2013032084;1;2;1;1;3;640;05/09/2013
2013032085;1;2;1;1;7;640;05/09/2013
2013032086;1;2;1;2;3;640;07/09/2013
2013032087;1;2;1;1;2;640;09/09/2013
2013032088;1;2;1;1;2;640;10/09/2013
2013032089;5;2;3;1;3;640;11/09/2013
2013032090;2;2;1;2;2;640;13/09/2013
2013032091;1;2;3;2;7;640;13/09/2013
2013032092;1;2;1;8;6;640;13/09/2013
2013032093;1;2;3;2;3;640;18/09/2013
2013032094;1;2;6;8;6;640;20/09/2013
2013032095;1;2;1;1;6;640;25/09/2013
2013032096;1;1;1;8;6;640;28/09/2013
2013032097;5;2;1;1;7;640;29/09/2013
2013032098;1;2;2;1;3;640;01/10/2013
2013032099;1;2;1;1;7;640;01/10/2013
2013032100;5;2;1;8;7;640;06/10/2013
2013032101;1;2;1;1;6;640;07/10/2013
2013032102;5;2;1;1;3;640;10/10/2013
2013032103;5;2;3;1;6;640;12/10/2013
2013032104;1;2;1;1;2;640;21/10/2013
2013032105;5;2;6;1;3;640;22/10/2013
2013032106;1;2;1;1;6;640;27/10/2013
2013032107;1;2;6;1;3;640;27/10/2013
2013032108;5;1;3;1;3;640;31/10/2013
2013032109;1;2;2;1;3;640;07/11/2013
2013032110;1;2;4;2;5;640;12/11/2013
2013032111;2;2;1;8;6;640;24/11/2013
2013032112;5;2;1;8;6;640;25/11/2013
2013032113;5;2;1;8;4;640;27/11/2013
2013032114;5;2;2;8;3;640;28/11/2013
2013032115;1;2;1;1;3;640;29/11/2013
2013032116;5;2;1;8;2;640;04/12/2013
2013032117;5;2;1;1;6;640;07/12/2013
2013032118;1;2;1;1;6;640;07/12/2013
2013032119;1;2;1;1;7;640;08/12/2013
2013032120;5;1;6;1;3;640;09/12/2013
2013032121;1;2;6;1;3;640;10/12/2013
2013032122;1;2;1;1;3;640;11/12/2013
2013032123;5;2;1;2;3;640;13/12/2013
2013032124;1;2;1;1;3;640;14/12/2013
2013032125;2;2;1;1;3;640;17/12/2013
2013032126;1;1;1;1;3;640;18/12/2013
2013032127;5;2;6;2;3;640;19/12/2013
2013032128;1;2;1;2;7;640;29/12/2013
2013032129;5;2;1;8;6;640;07/01/2013
2013032130;2;2;9;1;3;640;11/01/2013
2013032131;5;2;9;8;2;640;14/01/2013
2013032132;5;2;2;8;1;640;17/01/2013
2013032133;1;2;1;1;5;640;24/01/2013
2013032134;5;2;1;8;6;640;26/01/2013
2013032135;2;2;1;1;6;640;18/02/2013
2013032136;1;2;1;1;3;640;03/03/2013
2013032137;5;2;1;1;6;640;07/03/2013
2013032138;1;2;1;1;3;640;16/03/2013
2013032139;1;2;1;1;6;640;01/04/2013
2013032140;5;2;1;1;6;640;11/04/2013
2013032141;1;2;1;1;6;640;17/04/2013
2013032142;5;2;1;2;6;640;19/04/2013
2013032143;1;2;1;2;6;640;16/05/2013
2013032144;5;2;1;2;3;640;09/06/2013
2013032145;1;2;1;1;2;640;12/06/2013
2013032146;1;2;6;1;1;640;15/06/2013
2013032147;5;2;1;1;7;640;29/06/2013
2013032148;5;2;1;1;7;640;11/07/2013
2013032149;1;2;1;1;7;640;12/07/2013
2013032150;1;2;1;1;6;640;13/07/2013
2013032151;5;2;1;1;6;640;21/07/2013
2013032152;1;2;1;1;3;640;24/07/2013
2013032153;1;2;1;1;4;640;24/07/2013
2013032154;1;2;1;1;3;640;26/07/2013
2013032155;1;2;1;1;3;640;27/07/2013
2013032156;1;2;1;1;3;640;31/07/2013
2013032157;1;2;1;1;2;640;03/08/2013
2013032158;1;2;1;1;6;640;06/08/2013
2013032159;1;2;1;1;3;640;09/08/2013
2013032160;5;2;1;1;6;640;11/08/2013
2013032161;5;2;1;1;6;640;24/08/2013
2013032162;1;2;1;1;6;640;26/08/2013
2013032163;2;2;4;1;3;640;04/09/2013
2013032164;1;2;9;1;3;640;02/10/2013
2013032165;1;2;3;1;6;640;26/10/2013
2013032166;1;2;9;1;3;640;27/10/2013
2013032167;5;2;1;3;6;640;20/11/2013
2013032168;2;2;1;1;5;640;05/12/2013
2013032169;5;2;1;1;6;640;06/12/2013
2013032170;1;2;1;1;6;640;15/12/2013
2013032171;1;2;1;1;3;640;17/12/2013
2013032172;1;2;1;1;2;640;21/12/2013
2013032173;1;2;1;3;6;640;29/12/2013
2013032174;1;2;1;1;6;640;31/12/2013
2013032175;1;2;3;1;3;640;04/01/2013
2013032176;1;2;1;7;6;640;04/01/2013
2013032177;1;2;3;2;3;640;07/01/2013
2013032178;1;2;1;1;6;640;09/01/2013
2013032179;5;2;1;2;6;640;10/01/2013
2013032180;1;2;3;1;3;640;11/01/2013
2013032181;5;2;1;1;6;640;12/01/2013
2013032182;5;2;1;2;6;640;14/01/2013
2013032183;5;2;1;2;6;640;14/01/2013
2013032184;1;2;1;2;1;640;15/01/2013
2013032185;1;2;2;1;6;640;17/01/2013
2013032186;2;2;3;2;3;640;18/01/2013
2013032187;1;2;1;1;3;640;18/01/2013
2013032188;1;2;1;2;4;640;24/01/2013
2013032189;1;2;7;1;6;640;25/01/2013
2013032190;1;2;6;3;3;640;26/01/2013
2013032191;1;2;6;1;6;640;26/01/2013
2013032192;1;2;6;1;3;640;26/01/2013
2013032193;5;2;1;1;1;640;26/01/2013
2013032194;1;2;3;1;3;640;30/01/2013
2013032195;1;2;3;1;3;640;31/01/2013
2013032196;1;2;3;1;2;640;31/01/2013
2013032197;1;2;1;2;3;640;02/02/2013
2013032198;1;2;1;1;2;640;02/02/2013
2013032199;2;2;1;2;6;640;02/02/2013
2013032200;5;2;1;1;3;640;02/02/2013
2013032201;1;2;1;1;2;640;03/02/2013
2013032202;5;2;3;1;1;640;03/02/2013
2013032203;1;2;1;2;2;640;06/02/2013
2013032204;5;2;1;2;6;640;06/02/2013
2013032205;5;2;1;2;4;640;06/02/2013
2013032206;2;2;2;1;3;640;07/02/2013
2013032207;1;2;1;2;3;640;08/02/2013
2013032208;1;2;2;4;6;640;11/02/2013
2013032209;5;2;1;2;6;640;11/02/2013
2013032210;1;2;2;1;3;640;13/02/2013
2013032211;1;2;3;1;7;640;13/02/2013
2013032212;1;2;2;1;6;640;19/02/2013
2013032213;1;2;1;1;6;640;19/02/2013
2013032214;5;2;2;1;2;640;19/02/2013
2013032215;4;2;1;1;6;640;21/02/2013
2013032216;1;2;3;1;3;640;22/02/2013
2013032217;1;2;1;1;3;640;23/02/2013
2013032218;1;2;2;4;1;640;25/02/2013
2013032219;5;2;2;4;3;640;25/02/2013
2013032220;1;2;6;1;2;640;27/02/2013
2013032221;1;2;1;1;6;640;28/02/2013
2013032222;1;2;1;1;2;640;01/03/2013
2013032223;5;2;1;1;6;640;02/03/2013
2013032224;3;2;2;1;3;640;02/03/2013
2013032225;1;2;2;1;2;640;04/03/2013
2013032226;5;2;2;1;3;640;04/03/2013
2013032227;2;2;1;1;2;640;06/03/2013
2013032228;1;2;1;1;1;640;07/03/2013
2013032229;1;2;1;1;3;640;07/03/2013
2013032230;1;2;1;1;2;640;07/03/2013
2013032231;1;2;1;1;4;640;08/03/2013
2013032232;1;2;3;1;3;640;11/03/2013
2013032233;5;2;1;1;6;640;15/03/2013
2013032234;1;2;1;2;2;640;18/03/2013
2013032235;1;2;1;1;3;640;19/03/2013
2013032236;1;2;1;1;3;640;19/03/2013
2013032237;1;2;2;1;2;640;20/03/2013
2013032238;1;2;2;1;6;640;21/03/2013
2013032239;1;2;8;1;4;640;21/03/2013
2013032240;1;2;1;1;3;640;21/03/2013
2013032241;1;2;2;1;3;640;22/03/2013
2013032242;2;2;1;1;6;640;23/03/2013
2013032243;5;2;1;1;6;640;25/03/2013
2013032244;5;2;2;1;3;640;27/03/2013
2013032245;1;2;1;1;6;640;28/03/2013
2013032246;5;2;1;1;6;640;29/03/2013
2013032247;5;2;2;8;3;640;29/03/2013
2013032248;1;2;1;1;4;640;03/04/2013
2013032249;1;2;1;1;4;640;03/04/2013
2013032250;5;2;2;1;3;640;09/04/2013
2013032251;1;2;2;1;3;640;10/04/2013
2013032252;5;2;2;1;3;640;11/04/2013
2013032253;1;2;1;1;3;640;12/04/2013
2013032254;1;2;1;1;3;640;12/04/2013
2013032255;5;2;2;1;3;640;13/04/2013
2013032256;1;2;1;1;6;640;15/04/2013
2013032257;1;2;1;1;2;640;16/04/2013
2013032258;1;2;2;1;6;640;17/04/2013
2013032259;1;2;1;1;2;640;17/04/2013
2013032260;1;2;1;1;6;640;18/04/2013
2013032261;1;2;1;1;3;640;19/04/2013
2013032262;1;2;1;1;6;640;19/04/2013
2013032263;1;2;1;1;2;640;20/04/2013
2013032264;1;2;1;1;6;640;03/04/2013
2013032265;5;2;2;1;3;640;23/04/2013
2013032266;1;2;2;1;3;640;25/04/2013
2013032267;1;2;2;1;3;640;25/04/2013
2013032268;1;2;2;1;3;640;25/04/2013
2013032269;1;2;3;2;6;640;26/04/2013
2013032270;1;2;6;1;3;640;27/04/2013
2013032271;1;2;1;1;3;640;30/04/2013
2013032272;1;2;2;1;3;640;03/05/2013
2013032273;1;2;2;1;2;640;06/05/2013
2013032274;1;2;1;2;4;640;08/05/2013
2013032275;1;2;1;1;3;640;09/05/2013
2013032276;1;2;1;1;4;640;10/05/2013
2013032277;1;2;3;1;3;640;10/05/2013
2013032278;1;2;3;1;5;640;11/05/2013
2013032279;1;2;3;1;3;640;12/05/2013
2013032280;1;2;1;1;6;640;13/05/2013
2013032281;1;2;1;1;6;640;13/05/2013
2013032282;1;2;6;2;3;640;16/05/2013
2013032283;1;2;1;2;4;640;16/05/2013
2013032284;2;2;1;1;6;640;17/05/2013
2013032285;1;2;2;1;3;640;19/05/2013
2013032286;1;1;2;1;3;640;20/05/2013
2013032287;1;2;1;2;2;640;22/05/2013
2013032288;1;2;3;1;3;640;24/05/2013
2013032289;1;2;1;1;5;640;27/05/2013
2013032290;1;2;1;1;6;640;28/05/2013
2013032291;1;2;2;2;6;640;29/05/2013
2013032292;1;2;6;1;2;640;03/06/2013
2013032293;1;2;1;1;3;640;04/06/2013
2013032294;1;2;1;1;3;640;04/06/2013
2013032295;1;2;1;1;4;640;04/06/2013
2013032296;1;2;1;1;3;640;06/06/2013
2013032297;1;2;1;1;2;640;10/06/2013
2013032298;1;2;3;1;3;640;11/06/2013
2013032299;1;2;1;1;3;640;12/06/2013
2013032300;1;2;1;1;3;640;12/06/2013
2013032301;1;2;1;1;2;640;12/06/2013
2013032302;1;2;3;1;3;640;12/06/2013
2013032303;1;2;1;7;2;640;14/06/2013
2013032304;1;2;1;1;6;640;16/06/2013
2013032305;1;2;1;1;3;640;16/06/2013
2013032306;1;2;1;1;2;640;19/06/2013
2013032307;1;2;3;2;1;640;19/06/2013
2013032308;1;2;3;2;3;640;19/06/2013
2013032309;2;2;1;2;6;640;19/06/2013
2013032310;1;2;1;1;4;640;20/06/2013
2013032311;1;2;1;1;1;640;20/06/2013
2013032312;1;2;1;1;6;640;20/06/2013
2013032313;2;2;1;1;5;640;20/06/2013
2013032314;2;2;2;2;2;640;21/06/2013
2013032315;1;2;1;1;2;640;25/06/2013
2013032316;1;2;1;1;2;640;26/06/2013
2013032317;1;2;1;1;2;640;02/07/2013
2013032318;1;2;3;1;3;640;02/07/2013
2013032319;1;2;1;1;4;640;02/07/2013
2013032320;1;2;1;1;2;640;02/07/2013
2013032321;1;2;1;1;6;640;05/07/2013
2013032322;1;2;1;1;3;640;05/07/2013
2013032323;1;2;3;1;3;640;05/07/2013
2013032324;1;2;1;1;4;640;06/07/2013
2013032325;1;2;1;1;6;640;08/07/2013
2013032326;1;2;2;1;3;640;08/07/2013
2013032327;1;2;6;1;3;640;09/07/2013
2013032328;1;2;1;1;2;640;10/07/2013
2013032329;1;2;1;1;6;640;10/07/2013
2013032330;1;2;1;1;6;640;12/07/2013
2013032331;1;2;1;1;6;640;12/07/2013
2013032332;1;2;2;1;3;640;13/07/2013
2013032333;1;2;6;1;3;640;17/07/2013
2013032334;1;2;1;1;3;640;17/07/2013
2013032335;1;2;1;1;3;640;18/07/2013
2013032336;3;2;1;1;6;640;18/07/2013
2013032337;1;2;3;1;3;640;20/07/2013
2013032338;1;2;3;1;3;640;21/07/2013
2013032339;1;2;1;1;3;640;26/07/2013
2013032340;1;2;1;1;3;640;29/07/2013
2013032341;1;2;1;1;6;640;01/08/2013
2013032342;1;2;6;1;6;640;06/08/2013
2013032343;1;2;1;1;3;640;08/08/2013
2013032344;1;2;3;1;3;640;11/08/2013
2013032345;1;2;1;1;6;640;13/08/2013
2013032346;1;2;1;1;3;640;13/08/2013
2013032347;1;2;1;1;3;640;14/08/2013
2013032348;1;2;2;1;3;640;15/08/2013
2013032349;1;2;1;1;6;640;20/08/2013
2013032350;1;2;6;1;3;640;21/08/2013
2013032351;1;2;1;1;6;640;21/08/2013
2013032352;1;2;1;1;6;640;22/08/2013
2013032353;1;2;1;1;3;640;29/08/2013
2013032354;1;2;1;1;6;640;31/08/2013
2013032355;1;2;1;1;2;640;09/09/2013
2013032356;1;2;1;1;2;640;10/09/2013
2013032357;1;2;1;1;1;640;11/09/2013
2013032358;1;2;1;1;6;640;11/09/2013
2013032359;2;2;2;1;3;640;12/09/2013
2013032360;1;2;1;1;6;640;13/09/2013
2013032361;5;2;1;1;1;640;15/09/2013
2013032362;1;2;1;1;2;640;16/09/2013
2013032363;1;2;2;2;3;640;17/09/2013
2013032364;2;2;6;1;3;640;24/09/2013
2013032365;1;2;6;1;3;640;24/09/2013
2013032366;1;2;3;1;3;640;24/09/2013
2013032367;5;2;1;1;6;640;24/09/2013
2013032368;2;2;6;1;6;640;27/09/2013
2013032369;1;1;1;1;5;640;27/09/2013
2013032370;1;2;2;1;3;640;30/09/2013
2013032371;4;2;2;1;3;640;30/09/2013
2013032372;1;2;2;1;3;640;02/10/2013
2013032373;1;2;1;1;3;640;03/10/2013
2013032374;1;2;1;1;6;640;03/10/2013
2013032375;2;2;2;1;3;640;07/10/2013
2013032376;1;2;1;1;2;640;08/10/2013
2013032377;1;2;1;1;2;640;11/10/2013
2013032378;4;2;2;1;3;640;14/10/2013
2013032379;5;2;2;1;3;640;17/10/2013
2013032380;1;2;6;1;2;640;17/10/2013
2013032381;5;2;2;1;5;640;20/10/2013
2013032382;1;2;1;1;2;640;20/10/2013
2013032383;1;2;1;1;6;640;22/10/2013
2013032384;1;2;2;1;3;640;22/10/2013
2013032385;2;2;1;2;3;640;22/10/2013
2013032386;1;2;1;1;2;640;25/10/2013
2013032387;5;2;1;1;7;640;25/10/2013
2013032388;1;2;1;1;3;640;30/10/2013
2013032389;1;1;3;1;3;640;31/10/2013
2013032390;1;1;1;1;2;640;31/10/2013
2013032391;2;1;1;1;1;640;02/11/2013
2013032392;1;2;1;2;2;640;04/11/2013
2013032393;1;2;1;3;6;640;05/11/2013
2013032394;3;2;1;2;6;640;05/11/2013
2013032395;1;2;1;1;6;640;06/11/2013
2013032396;1;2;6;1;3;640;06/11/2013
2013032397;1;2;3;1;3;640;06/11/2013
2013032398;3;2;3;1;3;640;07/11/2013
2013032399;1;2;1;1;6;640;08/11/2013
2013032400;5;2;1;1;6;640;09/11/2013
2013032401;5;2;1;2;6;640;10/11/2013
2013032402;5;2;2;1;6;640;11/11/2013
2013032403;3;2;1;1;6;640;12/11/2013
2013032404;5;2;1;1;7;640;13/11/2013
2013032405;1;2;1;1;3;640;13/11/2013
2013032406;1;2;1;1;2;640;13/11/2013
2013032407;2;2;3;2;3;640;14/11/2013
2013032408;2;2;1;2;3;640;14/11/2013
2013032409;2;2;3;2;3;640;14/11/2013
2013032410;5;2;1;2;2;640;14/11/2013
2013032411;2;2;3;2;3;640;14/11/2013
2013032412;5;2;3;2;3;640;14/11/2013
2013032413;2;2;1;2;2;640;15/11/2013
2013032414;5;2;1;3;3;640;15/11/2013
2013032415;5;2;3;2;3;640;15/11/2013
2013032416;5;2;1;2;6;640;18/11/2013
2013032417;1;2;1;2;4;640;19/11/2013