num_acc;lum;agg;inter;atm;col;dep;date
2013032418;2;2;1;1;3;640;20/11/2013
2013032419;1;2;1;2;6;640;21/11/2013
2013032420;5;2;1;3;6;640;21/11/2013
2013032421;5;2;2;3;3;640;21/11/2013
2013032422;1;2;1;1;2;640;22/11/2013
2013032423;1;2;3;1;3;640;26/11/2013
2013032424;1;2;1;1;3;640;27/11/2013
2013032425;1;2;2;1;2;640;28/11/2013
2013032426;1;2;1;1;6;640;28/11/2013
2013032427;2;2;2;7;3;640;29/11/2013
2013032428;5;2;1;1;6;640;29/11/2013
2013032429;1;2;2;1;3;640;03/12/2013
2013032430;2;2;1;1;2;640;04/12/2013
2013032431;1;2;3;1;3;640;04/12/2013
2013032432;5;2;2;1;1;640;04/12/2013
2013032433;3;2;1;1;6;640;04/12/2013
2013032434;1;2;3;1;3;640;06/12/2013
2013032435;5;2;1;1;7;640;06/12/2013
2013032436;5;2;3;1;3;640;07/12/2013
2013032437;5;2;1;1;2;640;08/12/2013
2013032438;5;2;2;1;3;640;08/12/2013
2013032439;1;2;1;1;3;640;09/12/2013
2013032440;1;2;3;1;3;640;10/12/2013
2013032441;1;2;6;1;3;640;10/12/2013
2013032442;1;2;1;1;6;640;10/12/2013
2013032443;5;2;1;1;2;640;10/12/2013
2013032444;1;2;1;1;2;640;11/12/2013
2013032445;5;2;1;1;2;640;13/12/2013
2013032446;5;2;6;1;3;640;13/12/2013
2013032447;5;2;1;1;2;640;13/12/2013
2013032448;5;2;1;1;3;640;15/12/2013
2013032449;1;2;1;1;6;640;16/12/2013
2013032450;2;2;1;1;6;640;16/12/2013
2013032451;1;2;3;1;3;640;17/12/2013
2013032452;1;2;6;1;6;640;17/12/2013
2013032453;1;2;1;1;6;640;18/12/2013
2013032454;5;2;1;1;3;640;18/12/2013
2013032455;1;2;1;1;3;640;19/12/2013
2013032456;5;2;6;1;3;640;19/12/2013
2013032457;1;1;3;1;6;640;20/12/2013
2013032458;5;2;1;1;4;640;20/12/2013
2013032459;1;1;1;1;3;640;21/12/2013
2013032460;1;2;1;1;2;640;21/12/2013
2013032461;1;2;1;1;3;640;23/12/2013
2013032462;1;2;2;1;3;640;23/12/2013
2013032463;1;2;1;1;3;640;03/01/2013
2013032464;2;2;1;1;3;640;17/01/2013
2013032465;1;2;3;1;3;640;28/01/2013
2013032466;1;1;1;8;5;640;30/01/2013
2013032467;1;1;1;8;2;640;07/02/2013
2013032468;1;2;1;3;2;640;11/02/2013
2013032469;1;1;1;1;4;640;04/03/2013
2013032470;1;2;1;1;2;640;06/03/2013
2013032471;5;1;1;1;3;640;24/03/2013
2013032472;1;1;1;1;2;640;26/03/2013
2013032473;1;1;1;1;3;640;27/03/2013
2013032474;1;2;1;1;2;640;15/04/2013
2013032475;1;2;1;1;3;640;20/04/2013
2013032476;2;1;1;3;3;640;26/04/2013
2013032477;1;2;1;9;6;640;29/04/2013
2013032478;1;2;1;1;1;640;05/05/2013
2013032479;1;2;1;1;6;640;03/05/2013
2013032480;1;2;3;2;3;640;05/06/2013
2013032481;1;1;1;1;6;640;10/06/2013
2013032482;1;2;1;1;3;640;12/06/2013
2013032483;1;2;1;1;3;640;21/06/2013
2013032484;1;2;1;1;3;640;25/06/2013
2013032485;1;2;1;1;3;640;27/06/2013
2013032486;1;2;1;1;3;640;01/07/2013
2013032487;1;1;1;1;4;640;02/07/2013
2013032488;1;1;1;1;3;640;03/07/2013
2013032489;1;1;1;1;6;640;11/07/2013
2013032490;1;2;1;1;3;640;18/07/2013
2013032491;2;1;1;1;6;640;19/07/2013
2013032492;1;2;1;1;6;640;21/07/2013
2013032493;1;2;1;1;2;640;22/07/2013
2013032494;1;2;1;1;6;640;23/07/2013
2013032495;1;2;1;1;3;640;26/07/2013
2013032496;1;2;1;1;6;640;29/07/2013
2013032497;1;1;1;1;6;640;03/08/2013
2013032498;1;1;1;3;1;640;08/08/2013
2013032499;1;2;1;1;4;640;10/08/2013
2013032500;1;2;1;1;2;640;15/08/2013
2013032501;1;2;1;1;3;640;16/08/2013
2013032502;1;2;1;1;3;640;17/08/2013
2013032503;1;2;1;1;2;640;19/08/2013
2013032504;1;2;1;1;3;640;21/08/2013
2013032505;1;2;1;1;6;640;22/08/2013
2013032506;1;1;1;1;3;640;24/08/2013
2013032507;1;2;1;1;2;640;27/08/2013
2013032508;1;2;1;1;3;640;27/08/2013
2013032509;1;2;1;1;6;640;30/08/2013
2013032510;1;1;1;1;3;640;06/09/2013
2013032511;1;2;1;1;1;640;09/09/2013
2013032512;1;1;1;1;6;640;14/09/2013
2013032513;5;2;1;1;1;640;18/09/2013
2013032514;1;2;1;1;3;640;20/09/2013
2013032515;1;2;1;1;3;640;22/09/2013
2013032516;1;2;1;1;2;640;23/09/2013
2013032517;5;2;1;1;3;640;24/09/2013
2013032518;1;2;1;1;2;640;03/10/2013
2013032519;1;2;2;1;3;640;08/10/2013
2013032520;5;2;1;1;2;640;11/10/2013
2013032521;2;2;1;1;6;640;16/10/2013
2013032522;1;2;1;1;3;640;19/10/2013
2013032523;1;2;1;1;2;640;19/10/2013
2013032524;1;2;1;1;2;640;22/10/2013
2013032525;1;1;1;1;3;640;22/10/2013
2013032526;1;2;1;2;2;640;29/10/2013
2013032527;5;2;1;1;3;640;06/11/2013
2013032528;3;2;1;1;6;640;08/11/2013
2013032529;5;2;1;2;6;640;12/11/2013
2013032530;1;2;1;1;3;640;28/11/2013
2013032531;1;2;1;1;4;640;29/11/2013
2013032532;1;1;1;1;1;640;03/12/2013
2013032533;1;2;1;1;6;640;03/12/2013
2013032534;5;2;1;1;4;640;17/12/2013
2013032535;5;1;1;3;7;640;20/01/2013
2013032536;3;1;1;1;6;640;16/02/2013
2013032537;2;2;1;3;3;640;08/02/2013
2013032538;3;1;1;1;7;640;07/03/2013
2013032539;1;1;1;1;7;640;10/04/2013
2013032540;1;2;1;1;3;640;30/04/2013
2013032541;1;2;1;1;6;640;01/05/2013
2013032542;1;2;1;1;2;640;08/05/2013
2013032543;1;1;3;1;3;640;08/05/2013
2013032544;5;2;1;3;6;640;30/05/2013
2013032545;5;1;1;1;6;640;31/05/2013
2013032546;1;2;1;1;1;640;05/06/2013
2013032547;1;2;3;1;3;640;26/06/2013
2013032548;3;1;1;2;7;640;04/07/2013
2013032549;1;2;1;1;6;640;26/06/2013
2013032550;1;1;1;1;2;640;06/07/2013
2013032551;1;1;1;1;2;640;09/07/2013
2013032552;1;1;1;1;1;640;11/07/2013
2013032553;5;2;1;1;2;640;14/07/2013
2013032554;1;2;1;1;6;640;11/07/2013
2013032555;1;1;1;1;2;640;26/07/2013
2013032556;1;2;1;1;3;640;29/07/2013
2013032557;1;1;1;1;1;640;22/07/2013
2013032558;1;1;1;1;2;640;04/08/2013
2013032559;1;1;1;3;2;640;08/08/2013
2013032560;1;1;1;1;5;640;12/08/2013
2013032561;3;1;1;1;6;640;30/08/2013
2013032562;5;2;1;8;3;640;07/09/2013
2013032563;1;2;1;1;6;640;22/07/2013
2013032564;1;2;1;1;3;640;23/09/2013
2013032565;5;2;1;1;3;640;28/09/2013
2013032566;1;2;1;1;6;640;28/09/2013
2013032567;5;1;1;1;6;640;03/10/2013
2013032568;2;2;1;1;3;640;18/10/2013
2013032569;2;2;1;1;6;640;27/10/2013
2013032570;3;1;1;1;6;640;23/11/2013
2013032571;5;1;1;1;1;640;06/12/2013
2013032572;1;2;3;1;6;650;03/01/2013
2013032573;1;2;6;1;3;650;09/01/2013
2013032574;1;2;1;2;2;650;14/01/2013
2013032575;1;2;1;9;6;650;22/01/2013
2013032576;1;2;1;1;6;650;30/01/2013
2013032577;5;2;1;1;6;650;10/02/2013
2013032578;5;2;1;1;6;650;13/02/2013
2013032579;5;2;1;1;7;650;15/02/2013
2013032580;1;1;1;1;6;650;03/03/2013
2013032581;1;2;1;1;6;650;07/03/2013
2013032582;1;2;3;1;3;650;09/03/2013
2013032583;1;2;1;1;2;650;11/03/2013
2013032584;1;2;1;1;2;650;28/03/2013
2013032585;1;2;1;1;2;650;03/04/2013
2013032586;2;2;1;3;6;650;04/04/2013
2013032587;1;2;1;1;6;650;30/04/2013
2013032588;1;2;1;2;6;650;13/05/2013
2013032589;1;2;3;2;3;650;27/07/2013
2013032590;1;2;1;1;3;650;05/08/2013
2013032591;1;2;6;1;3;650;09/08/2013
2013032592;1;2;1;1;1;650;11/08/2013
2013032593;1;2;1;1;6;650;11/08/2013
2013032594;1;2;1;1;1;650;03/09/2013
2013032595;1;2;3;1;2;650;11/09/2013
2013032596;1;2;1;1;3;650;12/09/2013
2013032597;1;2;1;8;1;650;18/09/2013
2013032598;1;2;1;8;6;650;19/09/2013
2013032599;1;2;1;3;3;650;18/09/2013
2013032600;1;2;1;1;3;650;03/10/2013
2013032601;1;2;1;1;6;650;21/10/2013
2013032602;1;2;1;2;2;650;29/10/2013
2013032603;1;2;1;1;1;650;04/12/2013
2013032604;1;2;1;1;4;650;10/01/2013
2013032605;5;2;1;1;3;650;10/01/2013
2013032606;1;2;2;1;3;650;11/01/2013
2013032607;1;1;1;3;2;650;16/01/2013
2013032608;1;2;2;2;3;650;18/01/2013
2013032609;1;2;1;1;2;650;19/01/2013
2013032610;1;2;1;1;2;650;24/01/2013
2013032611;1;2;3;1;3;650;25/01/2013
2013032612;1;2;1;1;3;650;28/01/2013
2013032613;1;2;2;1;6;650;29/01/2013
2013032614;1;2;5;1;2;650;30/01/2013
2013032615;1;2;6;1;6;650;30/01/2013
2013032616;1;2;1;1;3;650;31/01/2013
2013032617;1;2;1;1;6;650;31/01/2013
2013032618;5;2;1;1;6;650;01/02/2013
2013032619;5;2;1;1;6;650;03/02/2013
2013032620;1;2;2;2;3;650;05/02/2013
2013032621;1;2;1;2;4;650;06/02/2013
2013032622;5;2;1;1;3;650;07/02/2013
2013032623;1;1;1;4;1;650;11/02/2013
2013032624;1;2;3;8;3;650;11/02/2013
2013032625;1;2;1;1;6;650;11/02/2013
2013032626;1;2;2;1;3;650;15/02/2013
2013032627;1;2;1;1;2;650;15/02/2013
2013032628;1;1;1;1;5;650;20/02/2013
2013032629;1;1;1;1;4;650;22/02/2013
2013032630;1;2;1;1;6;650;27/02/2013
2013032631;5;2;3;1;2;650;05/03/2013
2013032632;1;2;1;1;6;650;06/03/2013
2013032633;1;2;1;7;4;650;09/03/2013
2013032634;5;2;1;4;1;650;13/03/2013
2013032635;5;2;1;1;3;650;15/03/2013
2013032636;1;2;1;1;3;650;16/03/2013
2013032637;1;2;1;1;6;650;16/03/2013
2013032638;1;2;2;1;3;650;17/03/2013
2013032639;1;2;2;2;3;650;18/03/2013
2013032640;1;2;1;1;2;650;20/03/2013
2013032641;1;2;2;1;3;650;21/03/2013
2013032642;5;2;2;1;3;650;21/03/2013
2013032643;1;2;1;1;4;650;22/03/2013
2013032644;1;2;2;1;6;650;22/03/2013
2013032645;5;2;2;2;3;650;25/03/2013
2013032646;1;2;1;1;3;650;27/03/2013
2013032647;5;2;1;2;2;650;28/03/2013
2013032648;1;2;2;1;3;650;29/03/2013
2013032649;1;2;1;2;3;650;06/04/2013
2013032650;1;2;1;1;2;650;15/04/2013
2013032651;1;2;1;1;3;650;18/04/2013
2013032652;1;2;3;1;1;650;19/04/2013
2013032653;5;2;2;1;1;650;20/04/2013
2013032654;1;2;2;1;6;650;20/04/2013
2013032655;1;2;2;1;3;650;22/04/2013
2013032656;5;2;1;1;6;650;26/04/2013
2013032657;1;2;1;1;3;650;03/05/2013
2013032658;1;2;1;1;3;650;06/05/2013
2013032659;1;2;1;1;2;650;13/05/2013
2013032660;1;2;5;7;3;650;16/05/2013
2013032661;1;2;1;1;2;650;17/05/2013
2013032662;5;2;3;1;1;650;20/05/2013
2013032663;1;2;2;2;3;650;23/05/2013
2013032664;2;2;1;3;2;650;27/05/2013
2013032665;1;2;1;2;2;650;31/05/2013
2013032666;1;2;1;1;3;650;06/06/2013
2013032667;1;2;1;1;1;650;11/06/2013
2013032668;1;2;2;1;3;650;11/06/2013
2013032669;1;2;2;1;3;650;14/06/2013
2013032670;1;2;2;1;3;650;16/06/2013
2013032671;1;2;1;1;6;650;17/06/2013
2013032672;1;2;1;1;3;650;17/06/2013
2013032673;1;1;3;1;2;650;25/06/2013
2013032674;1;2;1;1;3;650;28/06/2013
2013032675;5;2;2;1;3;650;29/06/2013
2013032676;1;2;1;1;3;650;01/07/2013
2013032677;5;2;1;1;6;650;08/07/2013
2013032678;1;2;1;1;4;650;12/07/2013
2013032679;1;2;1;1;6;650;17/07/2013
2013032680;5;2;6;1;3;650;18/07/2013
2013032681;1;2;1;1;3;650;25/07/2013
2013032682;1;2;1;1;4;650;23/07/2013
2013032683;1;1;1;1;1;650;25/07/2013
2013032684;1;1;1;1;3;650;26/07/2013
2013032685;1;2;3;1;4;650;01/08/2013
2013032686;1;2;2;1;3;650;01/08/2013
2013032687;1;2;3;1;3;650;11/08/2013
2013032688;1;2;6;1;6;650;14/08/2013
2013032689;1;2;1;1;2;650;25/08/2013
2013032690;1;1;2;1;4;650;26/08/2013
2013032691;1;2;1;1;6;650;01/09/2013
2013032692;1;2;1;1;2;650;03/09/2013
2013032693;1;2;1;2;6;650;07/09/2013
2013032694;1;2;2;3;3;650;10/09/2013
2013032695;1;2;1;1;2;650;11/09/2013
2013032696;1;2;1;1;3;650;12/09/2013
2013032697;1;2;1;1;4;650;19/09/2013
2013032698;1;2;1;1;6;650;20/09/2013
2013032699;1;2;1;1;4;650;26/09/2013
2013032700;5;2;1;1;1;650;30/09/2013
2013032701;1;2;2;1;3;650;04/10/2013
2013032702;1;2;3;1;3;650;06/10/2013
2013032703;1;2;3;1;3;650;06/10/2013
2013032704;1;2;4;1;3;650;07/10/2013
2013032705;1;2;1;1;3;650;07/10/2013
2013032706;1;2;2;1;3;650;07/10/2013
2013032707;1;2;1;1;2;650;07/10/2013
2013032708;1;2;1;2;3;650;10/10/2013
2013032709;1;2;1;1;6;650;12/10/2013
2013032710;1;2;2;1;1;650;15/10/2013
2013032711;1;2;1;1;3;650;16/10/2013
2013032712;2;2;2;1;6;650;23/10/2013
2013032713;1;2;3;1;3;650;25/10/2013
2013032714;1;2;1;1;3;650;26/10/2013
2013032715;1;2;1;1;6;650;28/10/2013
2013032716;5;2;2;2;6;650;01/11/2013
2013032717;1;1;1;3;3;650;05/11/2013
2013032718;1;2;1;1;6;650;06/11/2013
2013032719;5;2;2;2;3;650;17/11/2013
2013032720;2;2;6;2;3;650;18/11/2013
2013032721;2;2;2;3;3;650;21/11/2013
2013032722;5;2;2;1;3;650;26/11/2013
2013032723;1;2;1;1;6;650;05/12/2013
2013032724;1;2;2;1;1;650;07/12/2013
2013032725;3;1;1;1;2;650;08/12/2013
2013032726;1;2;3;1;3;650;09/12/2013
2013032727;1;2;2;1;3;650;09/12/2013
2013032728;1;1;2;1;3;650;09/12/2013
2013032729;1;2;9;1;6;650;10/12/2013
2013032730;1;2;1;1;6;650;11/12/2013
2013032731;5;2;1;2;5;650;13/12/2013
2013032732;1;2;2;1;6;650;17/12/2013
2013032733;5;2;2;1;3;660;01/01/2013
2013032734;3;1;1;1;6;660;04/01/2013
2013032735;5;2;2;1;7;660;05/01/2013
2013032736;5;2;1;1;3;660;07/01/2013
2013032737;1;1;1;1;3;660;11/01/2013
2013032738;1;2;2;1;3;660;09/01/2013
2013032739;1;1;1;1;3;660;13/01/2013
2013032740;1;2;1;1;3;660;15/01/2013
2013032741;5;2;1;2;2;660;16/01/2013
2013032742;1;2;1;1;6;660;19/01/2013
2013032743;1;2;1;2;6;660;18/01/2013
2013032744;1;2;1;1;6;660;21/01/2013
2013032745;5;2;1;1;6;660;23/01/2013
2013032746;5;2;1;1;3;660;25/01/2013
2013032747;1;2;1;1;3;660;30/01/2013
2013032748;1;2;1;1;6;660;30/01/2013
2013032749;3;2;1;1;6;660;31/01/2013
2013032750;1;1;1;1;3;660;04/02/2013
2013032751;5;2;1;1;3;660;17/02/2013
2013032752;3;2;1;1;6;660;18/02/2013
2013032753;1;1;1;1;2;660;20/02/2013
2013032754;1;1;1;1;6;660;23/02/2013
2013032755;1;2;1;3;6;660;06/03/2013
2013032756;2;1;1;1;1;660;07/03/2013
2013032757;1;2;1;1;6;660;01/03/2013
2013032758;1;2;1;1;6;660;10/03/2013
2013032759;1;2;1;1;6;660;10/03/2013
2013032760;1;2;1;1;6;660;12/03/2013
2013032761;1;2;1;1;3;660;10/03/2013
2013032762;1;2;1;1;2;660;11/03/2013
2013032763;1;2;1;1;4;660;13/03/2013
2013032764;1;2;1;6;3;660;14/03/2013
2013032765;1;2;1;1;6;660;19/03/2013
2013032766;1;2;1;1;6;660;19/03/2013
2013032767;1;2;1;1;3;660;19/03/2013
2013032768;1;1;1;1;3;660;21/03/2013
2013032769;1;1;2;1;3;660;20/03/2013
2013032770;1;2;2;1;3;660;21/03/2013
2013032771;2;2;1;1;2;660;21/03/2013
2013032772;1;2;1;1;3;660;24/03/2013
2013032773;1;2;3;1;3;660;22/03/2013
2013032774;1;2;1;1;3;660;25/03/2013
2013032775;1;2;1;1;1;660;27/03/2013
2013032776;1;2;1;1;6;660;02/04/2013
2013032777;3;1;1;1;4;660;04/04/2013
2013032778;1;2;1;1;7;660;08/04/2013
2013032779;1;2;1;1;6;660;10/04/2013
2013032780;1;2;1;1;6;660;16/04/2013
2013032781;1;2;1;7;6;660;16/04/2013
2013032782;1;2;1;1;6;660;15/04/2013
2013032783;1;2;1;1;6;660;22/04/2013
2013032784;1;2;1;1;6;660;23/04/2013
2013032785;5;2;1;2;6;660;27/04/2013
2013032786;1;2;1;2;6;660;29/04/2013
2013032787;1;1;1;1;3;660;02/05/2013
2013032788;1;2;1;7;6;660;06/05/2013
2013032789;1;1;1;1;1;660;06/05/2013
2013032790;1;2;1;1;3;660;07/05/2013
2013032791;1;2;2;1;3;660;06/05/2013
2013032792;1;2;1;1;6;660;11/05/2013
2013032793;2;2;1;1;3;660;13/05/2013
2013032794;1;2;1;1;2;660;13/05/2013
2013032795;1;2;1;1;2;660;15/05/2013
2013032796;2;1;1;1;6;660;19/05/2013
2013032797;2;2;1;1;3;660;24/05/2013
2013032798;1;2;1;2;6;660;28/05/2013
2013032799;1;2;1;1;3;660;13/05/2013
2013032800;1;2;1;6;6;660;01/06/2013
2013032801;1;2;1;1;6;660;04/06/2013
2013032802;1;2;1;1;6;660;06/06/2013
2013032803;1;2;1;1;6;660;07/06/2013
2013032804;1;2;1;1;2;660;11/06/2013
2013032805;1;2;1;1;6;660;11/06/2013
2013032806;1;1;1;1;3;660;12/06/2013
2013032807;1;2;1;1;6;660;18/06/2013
2013032808;1;2;1;1;6;660;19/06/2013
2013032809;1;2;1;1;1;660;19/06/2013
2013032810;1;2;1;1;1;660;20/06/2013
2013032811;1;2;1;1;6;660;14/06/2013
2013032812;5;2;1;1;3;660;29/06/2013
2013032813;3;1;1;1;7;660;29/06/2013
2013032814;1;2;1;1;2;660;08/07/2013
2013032815;1;2;1;1;6;660;15/07/2013
2013032816;5;2;1;1;3;660;18/07/2013
2013032817;1;2;2;1;3;660;20/07/2013
2013032818;1;2;1;1;6;660;22/07/2013
2013032819;5;2;1;1;6;660;28/07/2013
2013032820;1;2;1;1;6;660;07/08/2013
2013032821;1;1;1;1;7;660;08/08/2013
2013032822;3;1;1;1;7;660;09/08/2013
2013032823;1;2;1;1;3;660;12/08/2013
2013032824;1;2;1;1;2;660;11/08/2013
2013032825;1;1;1;1;3;660;13/08/2013
2013032826;1;2;1;1;3;660;16/08/2013
2013032827;2;2;1;1;3;660;20/08/2013
2013032828;1;2;1;1;6;660;21/08/2013
2013032829;5;2;1;1;2;660;28/08/2013
2013032830;1;2;1;1;2;660;03/09/2013
2013032831;3;1;1;1;6;660;08/09/2013
2013032832;1;2;1;1;2;660;09/09/2013
2013032833;1;2;1;1;6;660;11/09/2013
2013032834;1;1;1;1;1;660;16/09/2013
2013032835;1;2;1;1;6;660;06/09/2013
2013032836;5;2;1;1;3;660;18/09/2013
2013032837;1;2;1;1;3;660;20/09/2013
2013032838;1;2;1;1;3;660;25/09/2013
2013032839;3;2;1;1;1;660;26/09/2013
2013032840;2;2;1;1;3;660;29/09/2013
2013032841;3;2;1;1;2;660;03/10/2013
2013032842;5;2;1;1;1;660;05/10/2013
2013032843;1;2;2;1;3;660;07/10/2013
2013032844;1;2;1;1;3;660;09/10/2013
2013032845;1;2;1;1;3;660;09/10/2013
2013032846;1;2;1;1;6;660;14/10/2013
2013032847;4;2;1;1;1;660;20/10/2013
2013032848;1;2;1;1;6;660;22/10/2013
2013032849;3;2;6;1;3;660;22/10/2013
2013032850;1;2;1;1;3;660;27/10/2013
2013032851;1;2;1;1;3;660;27/10/2013
2013032852;1;2;1;1;6;660;06/11/2013
2013032853;2;2;1;1;6;660;09/11/2013
2013032854;1;2;1;1;3;660;14/11/2013
2013032855;1;1;1;3;2;660;18/11/2013
2013032856;1;2;6;1;3;660;11/11/2013
2013032857;1;2;1;1;6;660;22/11/2013
2013032858;1;2;1;1;2;660;26/11/2013
2013032859;5;2;1;1;3;660;29/11/2013
2013032860;5;2;1;1;2;660;01/12/2013
2013032861;1;2;2;1;3;660;05/12/2013
2013032862;5;2;1;1;3;660;04/12/2013
2013032863;1;2;1;1;3;660;05/12/2013
2013032864;1;2;1;1;3;660;09/12/2013
2013032865;1;2;1;1;3;660;09/12/2013
2013032866;1;2;2;1;3;660;10/12/2013
2013032867;1;2;1;1;6;660;14/12/2013
2013032868;1;2;2;1;3;660;15/12/2013
2013032869;2;2;1;1;1;660;15/12/2013
2013032870;1;2;1;1;6;660;16/12/2013
2013032871;1;2;1;1;6;660;16/12/2013
2013032872;1;2;1;1;6;660;17/12/2013
2013032873;1;2;2;2;3;660;19/12/2013
2013032874;1;2;1;1;6;660;24/12/2013
2013032875;1;2;1;9;1;670;05/01/2013
2013032876;3;1;1;2;4;670;09/01/2013
2013032877;5;2;9;1;1;670;13/01/2013
2013032878;2;1;1;8;1;670;07/02/2013
2013032879;2;1;1;5;1;670;16/02/2013
2013032880;1;1;1;1;6;670;28/03/2013
2013032881;1;2;1;1;6;670;06/04/2013
2013032882;1;2;2;8;3;670;19/04/2013
2013032883;1;2;1;1;7;670;24/04/2013
2013032884;1;1;2;1;3;670;12/05/2013
2013032885;1;2;2;1;1;670;07/07/2013
2013032886;1;2;2;1;1;670;01/08/2013
2013032887;1;2;2;1;3;670;14/08/2013
2013032888;5;2;1;1;3;670;07/09/2013
2013032889;3;1;1;1;1;670;21/10/2013
2013032890;1;2;1;1;6;670;02/01/2013
2013032891;1;2;2;1;6;670;03/03/2013
2013032892;1;1;1;1;2;670;05/05/2013
2013032893;1;2;1;8;6;670;16/05/2013
2013032894;2;2;2;1;1;670;24/11/2013
2013032895;1;2;2;1;6;670;27/11/2013
2013032896;1;2;1;1;6;670;03/01/2013
2013032897;5;2;2;1;1;670;02/01/2013
2013032898;5;2;1;1;2;670;03/01/2013
2013032899;5;2;3;1;3;670;04/01/2013
2013032900;5;2;1;1;2;670;04/01/2013
2013032901;5;2;3;1;3;670;04/01/2013
2013032902;5;2;2;1;3;670;05/01/2013
2013032903;1;2;3;1;3;670;07/01/2013
2013032904;5;2;1;1;2;670;08/01/2013
2013032905;5;2;2;2;2;670;09/01/2013
2013032906;1;2;1;2;6;670;10/01/2013
2013032907;1;2;1;8;6;670;10/01/2013
2013032908;5;2;1;2;6;670;12/01/2013
2013032909;5;2;1;2;3;670;12/01/2013
2013032910;1;2;3;4;4;670;14/01/2013
2013032911;1;2;1;1;6;670;14/01/2013
2013032912;1;2;1;4;3;670;15/01/2013
2013032913;5;2;2;1;6;670;16/01/2013
2013032914;1;2;1;1;3;670;18/01/2013
2013032915;1;2;2;4;3;670;19/01/2013
2013032916;1;2;1;4;6;670;20/01/2013
2013032917;1;2;2;8;3;670;23/01/2013
2013032918;1;2;1;8;6;670;23/01/2013
2013032919;1;2;1;1;3;670;28/01/2013
2013032920;1;2;1;2;6;670;30/01/2013
2013032921;5;2;1;1;6;670;31/01/2013
2013032922;2;2;2;2;3;670;01/02/2013
2013032923;1;2;1;2;3;670;01/02/2013
2013032924;5;2;3;2;3;670;01/02/2013
2013032925;5;2;1;3;6;670;01/02/2013
2013032926;5;2;2;3;3;670;01/02/2013
2013032927;1;2;2;1;3;670;03/02/2013
2013032928;5;2;1;2;3;670;05/02/2013
2013032929;5;2;1;1;2;670;07/02/2013
2013032930;1;2;1;2;3;670;08/02/2013
2013032931;2;2;1;1;6;670;08/02/2013
2013032932;5;2;1;1;3;670;08/02/2013
2013032933;1;2;1;1;3;670;09/02/2013
2013032934;5;2;1;1;3;670;11/02/2013
2013032935;5;2;3;4;3;670;11/02/2013
2013032936;5;2;2;1;6;670;13/02/2013
2013032937;5;2;1;1;6;670;13/02/2013
2013032938;5;2;1;1;3;670;14/02/2013
2013032939;1;2;1;4;3;670;15/02/2013
2013032940;1;2;1;1;6;670;15/02/2013
2013032941;5;2;1;2;3;670;15/02/2013
2013032942;5;2;3;1;6;670;16/02/2013
2013032943;1;2;3;1;3;670;20/02/2013
2013032944;1;2;1;1;6;670;21/02/2013
2013032945;5;2;1;4;6;670;23/02/2013
2013032946;1;2;1;1;4;670;25/02/2013
2013032947;1;2;3;1;3;670;01/03/2013
2013032948;1;2;2;1;3;670;03/03/2013
2013032949;1;1;1;1;3;670;04/03/2013
2013032950;5;2;1;1;3;670;04/03/2013
2013032951;5;2;2;1;3;670;04/03/2013
2013032952;1;2;1;1;6;670;05/03/2013
2013032953;5;2;2;1;3;670;05/03/2013
2013032954;5;2;1;1;2;670;06/03/2013
2013032955;1;2;1;1;3;670;07/03/2013
2013032956;1;2;2;1;6;670;09/03/2013
2013032957;1;2;1;2;3;670;09/03/2013
2013032958;5;2;2;2;3;670;10/03/2013
2013032959;1;2;3;8;2;670;11/03/2013
2013032960;1;2;1;2;4;670;11/03/2013
2013032961;5;2;1;1;3;670;11/03/2013
2013032962;5;2;2;8;6;670;12/03/2013
2013032963;1;2;2;1;3;670;13/03/2013
2013032964;1;2;2;4;3;670;13/03/2013
2013032965;1;2;5;8;5;670;13/03/2013
2013032966;1;2;1;8;6;670;14/03/2013
2013032967;2;2;1;1;2;670;15/03/2013
2013032968;1;2;1;1;3;670;16/03/2013
2013032969;5;2;3;1;3;670;16/03/2013
2013032970;1;2;1;2;2;670;17/03/2013
2013032971;1;2;2;3;6;670;17/03/2013
2013032972;5;2;2;2;3;670;17/03/2013
2013032973;1;2;1;1;3;670;20/03/2013
2013032974;1;2;1;1;3;670;22/03/2013
2013032975;1;2;2;1;3;670;22/03/2013
2013032976;5;2;2;1;3;670;22/03/2013
2013032977;5;2;3;1;3;670;24/03/2013
2013032978;1;2;1;1;2;670;27/03/2013
2013032979;5;2;1;1;4;670;27/03/2013
2013032980;1;2;1;1;6;670;28/03/2013
2013032981;1;2;1;1;6;670;28/03/2013
2013032982;1;2;1;1;6;670;28/03/2013
2013032983;1;2;1;1;3;670;28/03/2013
2013032984;1;2;1;1;7;670;30/03/2013
2013032985;1;2;1;1;3;670;30/03/2013
2013032986;4;2;1;1;2;670;31/03/2013
2013032987;1;2;1;1;3;670;01/04/2013
2013032988;5;2;1;1;6;670;01/04/2013
2013032989;1;2;2;1;3;670;03/04/2013
2013032990;5;2;2;1;3;670;04/04/2013
2013032991;1;2;1;1;6;670;05/04/2013
2013032992;1;2;1;1;2;670;05/04/2013
2013032993;5;2;3;1;3;670;06/04/2013
2013032994;5;2;2;1;6;670;06/04/2013
2013032995;1;2;1;1;6;670;07/04/2013