num_acc;lum;agg;inter;atm;col;dep;date
2013032996;1;2;1;1;3;670;08/04/2013
2013032997;5;2;1;1;6;670;08/04/2013
2013032998;5;2;1;1;6;670;09/04/2013
2013032999;1;2;1;1;3;670;09/04/2013
2013033000;1;2;1;1;3;670;09/04/2013
2013033001;1;2;1;1;3;670;12/04/2013
2013033002;1;2;1;1;3;670;13/04/2013
2013033003;1;2;2;1;3;670;16/04/2013
2013033004;1;2;2;1;3;670;18/04/2013
2013033005;5;2;2;1;5;670;20/04/2013
2013033006;1;2;1;2;3;670;20/04/2013
2013033007;1;2;3;1;3;670;20/04/2013
2013033008;1;2;2;1;3;670;21/04/2013
2013033009;1;2;2;1;3;670;23/04/2013
2013033010;1;2;2;1;3;670;24/04/2013
2013033011;5;2;1;1;3;670;24/04/2013
2013033012;1;2;2;1;3;670;25/04/2013
2013033013;1;2;1;1;6;670;25/04/2013
2013033014;1;2;2;2;3;670;27/04/2013
2013033015;5;2;1;2;6;670;28/04/2013
2013033016;1;2;2;2;3;670;30/04/2013
2013033017;2;2;1;8;6;670;30/04/2013
2013033018;5;2;3;2;6;670;01/05/2013
2013033019;1;2;2;3;6;670;03/05/2013
2013033020;2;2;1;2;4;670;03/05/2013
2013033021;1;2;3;1;6;670;06/05/2013
2013033022;5;2;5;2;3;670;06/05/2013
2013033023;3;2;2;2;7;670;07/05/2013
2013033024;1;2;1;1;3;670;07/05/2013
2013033025;1;2;2;1;3;670;07/05/2013
2013033026;1;2;1;1;7;670;08/05/2013
2013033027;5;2;2;2;3;670;11/05/2013
2013033028;5;2;2;2;3;670;12/05/2013
2013033029;5;2;3;1;3;670;13/05/2013
2013033030;1;2;2;1;6;670;14/05/2013
2013033031;1;2;3;1;3;670;14/05/2013
2013033032;1;2;3;1;3;670;14/05/2013
2013033033;1;2;1;1;5;670;15/05/2013
2013033034;1;2;1;1;2;670;15/05/2013
2013033035;1;2;3;8;6;670;16/05/2013
2013033036;1;2;1;1;1;670;17/05/2013
2013033037;1;2;1;3;3;670;20/05/2013
2013033038;5;2;1;2;4;670;20/05/2013
2013033039;1;2;6;1;3;670;24/05/2013
2013033040;1;2;1;1;3;670;24/05/2013
2013033041;1;2;1;1;6;670;25/05/2013
2013033042;1;2;3;1;3;670;25/05/2013
2013033043;1;2;1;1;1;670;25/05/2013
2013033044;1;2;1;1;6;670;27/05/2013
2013033045;2;2;3;2;3;670;28/05/2013
2013033046;5;2;2;2;6;670;29/05/2013
2013033047;5;2;2;1;6;670;30/05/2013
2013033048;1;2;1;2;6;670;31/05/2013
2013033049;1;2;3;1;3;670;04/06/2013
2013033050;1;2;1;1;3;670;04/06/2013
2013033051;1;2;1;1;2;670;05/06/2013
2013033052;1;2;2;1;3;670;05/06/2013
2013033053;1;2;1;1;3;670;06/06/2013
2013033054;1;2;3;1;3;670;06/06/2013
2013033055;1;2;2;1;3;670;06/06/2013
2013033056;5;2;1;1;6;670;07/06/2013
2013033057;1;2;3;1;2;670;07/06/2013
2013033058;1;2;3;1;6;670;07/06/2013
2013033059;5;2;1;1;3;670;07/06/2013
2013033060;1;2;1;1;6;670;11/06/2013
2013033061;1;2;1;1;6;670;11/06/2013
2013033062;1;2;1;1;3;670;12/06/2013
2013033063;1;2;1;1;6;670;12/06/2013
2013033064;1;1;3;1;3;670;14/06/2013
2013033065;5;2;2;1;3;670;15/06/2013
2013033066;1;2;2;1;3;670;16/06/2013
2013033067;1;2;1;1;3;670;19/06/2013
2013033068;1;2;1;1;3;670;20/06/2013
2013033069;1;2;1;1;3;670;21/06/2013
2013033070;1;2;3;1;3;670;21/06/2013
2013033071;1;2;3;1;6;670;21/06/2013
2013033072;1;2;4;1;3;670;24/06/2013
2013033073;1;2;1;1;6;670;24/06/2013
2013033074;1;2;1;2;6;670;25/06/2013
2013033075;2;2;1;1;3;670;26/06/2013
2013033076;1;2;1;1;6;670;28/06/2013
2013033077;1;2;1;1;5;670;29/06/2013
2013033078;2;2;1;1;6;670;29/06/2013
2013033079;5;2;1;1;7;670;01/07/2013
2013033080;1;2;1;1;6;670;01/07/2013
2013033081;1;2;3;1;3;670;01/07/2013
2013033082;1;2;1;1;5;670;01/07/2013
2013033083;1;2;1;1;3;670;02/07/2013
2013033084;2;2;2;1;3;670;02/07/2013
2013033085;1;2;3;1;3;670;03/07/2013
2013033086;1;2;1;1;3;670;04/07/2013
2013033087;1;2;1;1;3;670;04/07/2013
2013033088;1;2;1;1;3;670;05/07/2013
2013033089;1;1;2;1;3;670;05/07/2013
2013033090;5;2;2;1;3;670;05/07/2013
2013033091;1;2;1;1;3;670;06/07/2013
2013033092;2;2;1;1;6;670;07/07/2013
2013033093;1;2;1;1;6;670;08/07/2013
2013033094;1;2;3;1;6;670;09/07/2013
2013033095;5;2;2;1;3;670;09/07/2013
2013033096;1;2;1;1;6;670;10/07/2013
2013033097;1;2;3;1;6;670;10/07/2013
2013033098;1;2;1;1;3;670;11/07/2013
2013033099;4;1;1;1;6;670;12/07/2013
2013033100;1;2;2;1;3;670;13/07/2013
2013033101;1;2;1;1;6;670;13/07/2013
2013033102;5;2;2;1;3;670;14/07/2013
2013033103;1;2;2;1;6;670;17/07/2013
2013033104;1;2;1;1;6;670;18/07/2013
2013033105;1;2;1;1;1;670;20/07/2013
2013033106;1;2;1;1;1;670;20/07/2013
2013033107;1;2;1;1;3;670;23/07/2013
2013033108;1;2;1;1;5;670;21/07/2013
2013033109;5;2;1;1;6;670;21/07/2013
2013033110;1;2;2;1;6;670;24/07/2013
2013033111;1;2;2;1;3;670;25/07/2013
2013033112;2;2;1;1;3;670;25/07/2013
2013033113;1;2;1;1;6;670;26/07/2013
2013033114;2;2;2;1;6;670;31/07/2013
2013033115;5;2;3;1;3;670;01/08/2013
2013033116;5;2;2;1;3;670;01/08/2013
2013033117;1;2;1;1;3;670;01/08/2013
2013033118;1;2;2;1;3;670;02/08/2013
2013033119;1;2;1;1;6;670;02/08/2013
2013033120;1;2;1;1;3;670;03/08/2013
2013033121;5;1;1;1;6;670;04/08/2013
2013033122;1;2;2;1;3;670;04/08/2013
2013033123;5;2;1;1;7;670;04/08/2013
2013033124;5;2;1;1;3;670;04/08/2013
2013033125;1;2;1;2;3;670;07/08/2013
2013033126;1;2;1;8;3;670;08/08/2013
2013033127;5;2;1;1;6;670;08/08/2013
2013033128;5;2;2;1;3;670;09/08/2013
2013033129;5;2;2;1;6;670;10/08/2013
2013033130;1;2;1;1;6;670;10/08/2013
2013033131;1;2;1;1;1;670;12/08/2013
2013033132;1;2;1;1;3;670;12/08/2013
2013033133;1;2;1;1;2;670;16/08/2013
2013033134;1;2;1;1;3;670;17/08/2013
2013033135;5;2;1;1;7;670;17/08/2013
2013033136;5;2;3;1;1;670;17/08/2013
2013033137;1;2;1;1;6;670;19/08/2013
2013033138;1;2;1;1;6;670;19/08/2013
2013033139;1;2;3;1;3;670;20/08/2013
2013033140;1;2;2;1;3;670;21/08/2013
2013033141;5;2;1;1;6;670;22/08/2013
2013033142;5;2;2;1;1;670;22/08/2013
2013033143;1;2;2;1;3;670;23/08/2013
2013033144;1;2;3;1;3;670;28/08/2013
2013033145;5;2;2;1;3;670;28/08/2013
2013033146;5;2;1;1;6;670;29/08/2013
2013033147;1;2;3;1;1;670;29/08/2013
2013033148;1;2;1;1;6;670;30/08/2013
2013033149;1;2;3;1;3;670;02/09/2013
2013033150;1;2;3;1;6;670;02/09/2013
2013033151;1;2;2;1;7;670;02/09/2013
2013033152;1;2;1;1;2;670;03/09/2013
2013033153;1;2;3;1;3;670;03/09/2013
2013033154;5;2;3;1;6;670;03/09/2013
2013033155;1;2;1;1;1;670;05/09/2013
2013033156;1;2;2;1;3;670;05/09/2013
2013033157;1;2;3;1;6;670;06/09/2013
2013033158;5;2;1;3;6;670;08/09/2013
2013033159;1;2;1;1;6;670;08/09/2013
2013033160;1;2;2;2;3;670;09/09/2013
2013033161;1;2;9;1;6;670;10/09/2013
2013033162;1;2;1;2;4;670;11/09/2013
2013033163;1;2;4;3;3;670;11/09/2013
2013033164;1;2;2;1;3;670;12/09/2013
2013033165;1;2;1;1;6;670;13/09/2013
2013033166;1;2;1;1;3;670;13/09/2013
2013033167;1;2;2;3;6;670;14/09/2013
2013033168;1;2;1;1;4;670;16/09/2013
2013033169;2;2;2;1;3;670;18/09/2013
2013033170;1;2;2;1;5;670;19/09/2013
2013033171;1;2;1;1;6;670;19/09/2013
2013033172;1;2;2;1;3;670;19/09/2013
2013033173;5;1;1;1;3;670;19/09/2013
2013033174;5;2;2;1;3;670;19/09/2013
2013033175;5;2;3;1;3;670;19/09/2013
2013033176;3;1;1;1;3;670;24/09/2013
2013033177;1;2;1;1;6;670;25/09/2013
2013033178;5;2;3;1;6;670;25/09/2013
2013033179;5;2;1;1;6;670;27/09/2013
2013033180;2;2;2;1;3;670;28/09/2013
2013033181;5;2;2;1;3;670;29/09/2013
2013033182;1;2;1;1;6;670;01/10/2013
2013033183;1;2;1;1;6;670;02/10/2013
2013033184;1;2;3;1;3;670;03/10/2013
2013033185;1;2;1;1;3;670;03/10/2013
2013033186;1;2;1;1;3;670;03/10/2013
2013033187;3;2;1;2;7;670;05/10/2013
2013033188;1;2;1;1;6;670;05/10/2013
2013033189;1;2;3;2;3;670;06/10/2013
2013033190;1;2;1;2;6;670;06/10/2013
2013033191;1;2;2;1;3;670;07/10/2013
2013033192;1;2;1;1;6;670;08/10/2013
2013033193;1;2;1;1;7;670;09/10/2013
2013033194;5;2;1;1;6;670;09/10/2013
2013033195;5;2;3;2;3;670;09/10/2013
2013033196;2;2;2;1;3;670;09/10/2013
2013033197;5;2;2;1;2;670;10/10/2013
2013033198;1;2;2;1;6;670;11/10/2013
2013033199;1;2;3;1;3;670;11/10/2013
2013033200;1;2;2;1;3;670;12/10/2013
2013033201;1;2;1;2;3;670;15/10/2013
2013033202;1;2;1;1;6;670;18/10/2013
2013033203;5;2;2;1;3;670;18/10/2013
2013033204;5;2;1;2;3;670;19/10/2013
2013033205;1;2;2;2;3;670;20/10/2013
2013033206;2;2;1;1;6;670;20/10/2013
2013033207;3;2;1;1;7;670;21/10/2013
2013033208;2;2;3;2;3;670;23/10/2013
2013033209;1;2;3;1;3;670;24/10/2013
2013033210;1;2;3;1;3;670;26/10/2013
2013033211;5;2;2;1;3;670;26/10/2013
2013033212;1;2;1;1;6;670;30/10/2013
2013033213;5;2;2;1;1;670;31/10/2013
2013033214;5;2;2;1;6;670;31/10/2013
2013033215;1;2;3;1;6;670;02/11/2013
2013033216;1;2;1;1;6;670;03/11/2013
2013033217;1;2;2;2;3;670;04/11/2013
2013033218;1;2;2;1;3;670;05/11/2013
2013033219;1;2;1;1;2;670;05/11/2013
2013033220;5;2;1;2;1;670;05/11/2013
2013033221;3;2;2;2;3;670;05/11/2013
2013033222;1;2;2;8;3;670;06/11/2013
2013033223;1;2;2;2;6;670;08/11/2013
2013033224;1;2;1;1;6;670;09/11/2013
2013033225;5;2;1;1;6;670;09/11/2013
2013033226;5;2;3;1;3;670;10/11/2013
2013033227;5;2;1;2;6;670;10/11/2013
2013033228;2;2;2;1;6;670;12/11/2013
2013033229;2;2;1;1;6;670;13/11/2013
2013033230;1;2;6;1;5;670;14/11/2013
2013033231;5;2;1;1;6;670;14/11/2013
2013033232;5;2;3;1;3;670;14/11/2013
2013033233;5;2;1;1;7;670;15/11/2013
2013033234;5;2;1;3;6;670;19/11/2013
2013033235;5;2;2;2;6;670;20/11/2013
2013033236;5;2;1;2;2;670;20/11/2013
2013033237;1;2;3;2;2;670;20/11/2013
2013033238;5;2;1;2;3;670;20/11/2013
2013033239;1;2;3;2;3;670;21/11/2013
2013033240;1;2;3;2;5;670;21/11/2013
2013033241;1;2;2;8;3;670;21/11/2013
2013033242;5;2;1;2;6;670;21/11/2013
2013033243;5;2;2;1;3;670;22/11/2013
2013033244;1;2;3;1;6;670;23/11/2013
2013033245;1;2;1;1;1;670;25/11/2013
2013033246;1;2;1;1;6;670;26/11/2013
2013033247;1;2;1;1;6;670;27/11/2013
2013033248;1;2;1;1;6;670;27/11/2013
2013033249;5;2;3;1;6;670;27/11/2013
2013033250;5;2;1;1;1;670;27/11/2013
2013033251;1;2;3;1;6;670;29/11/2013
2013033252;1;2;2;1;3;670;30/11/2013
2013033253;1;2;2;1;6;670;30/11/2013
2013033254;5;2;2;2;3;670;01/12/2013
2013033255;1;2;2;1;3;670;02/12/2013
2013033256;1;2;1;8;6;670;04/12/2013
2013033257;1;2;1;1;3;670;04/12/2013
2013033258;5;2;1;1;1;670;05/12/2013
2013033259;5;2;1;1;4;670;06/12/2013
2013033260;5;2;4;1;6;670;06/12/2013
2013033261;5;2;1;1;7;670;07/12/2013
2013033262;5;2;3;1;3;670;07/12/2013
2013033263;1;2;1;1;6;670;09/12/2013
2013033264;5;2;3;1;3;670;09/12/2013
2013033265;5;2;4;1;6;670;10/12/2013
2013033266;1;2;2;1;3;670;11/12/2013
2013033267;1;2;2;8;1;670;11/12/2013
2013033268;5;2;1;5;6;670;11/12/2013
2013033269;5;2;3;5;5;670;11/12/2013
2013033270;5;2;1;1;3;670;12/12/2013
2013033271;5;2;3;5;2;670;12/12/2013
2013033272;4;2;1;5;5;670;12/12/2013
2013033273;1;2;2;1;6;670;13/12/2013
2013033274;1;2;1;1;1;670;13/12/2013
2013033275;5;2;2;5;7;670;13/12/2013
2013033276;5;2;2;5;6;670;13/12/2013
2013033277;1;2;1;1;6;670;16/12/2013
2013033278;5;2;1;1;6;670;16/12/2013
2013033279;1;2;5;1;6;670;17/12/2013
2013033280;1;2;1;1;6;670;17/12/2013
2013033281;1;2;1;1;3;670;18/12/2013
2013033282;5;2;1;2;6;670;20/12/2013
2013033283;5;2;1;1;3;670;20/12/2013
2013033284;2;2;1;1;1;670;22/12/2013
2013033285;5;2;1;1;3;670;24/12/2013
2013033286;5;2;1;3;3;670;28/12/2013
2013033287;1;2;2;1;2;670;31/12/2013
2013033288;5;2;2;4;3;680;18/01/2013
2013033289;1;1;1;1;4;680;26/01/2013
2013033290;2;2;6;1;6;680;28/01/2013
2013033291;5;2;2;1;3;680;28/01/2013
2013033292;1;2;2;1;2;680;03/02/2013
2013033293;1;2;1;1;6;680;08/02/2013
2013033294;1;2;1;1;6;680;05/02/2013
2013033295;1;2;1;1;6;680;14/02/2013
2013033296;1;2;6;1;6;680;14/02/2013
2013033297;1;2;3;1;6;680;15/02/2013
2013033298;3;1;1;1;6;680;17/02/2013
2013033299;5;2;1;1;6;680;16/02/2013
2013033300;1;2;1;1;2;680;23/02/2013
2013033301;5;2;6;1;6;680;04/03/2013
2013033302;1;2;2;1;6;680;15/03/2013
2013033303;5;2;2;3;3;680;17/03/2013
2013033304;1;2;3;1;3;680;01/04/2013
2013033305;5;1;1;1;1;680;16/04/2013
2013033306;1;2;2;1;3;680;24/04/2013
2013033307;1;2;1;1;6;680;25/04/2013
2013033308;1;2;2;1;3;680;30/04/2013
2013033309;5;2;1;3;6;680;01/05/2013
2013033310;5;2;2;1;3;680;03/05/2013
2013033311;5;2;6;2;6;680;04/05/2013
2013033312;1;2;3;1;6;680;06/05/2013
2013033313;1;2;3;1;6;680;10/05/2013
2013033314;1;2;1;1;6;680;16/05/2013
2013033315;1;2;1;1;1;680;24/05/2013
2013033316;1;2;1;1;2;680;25/05/2013
2013033317;1;1;1;1;6;680;13/06/2013
2013033318;1;2;1;1;6;680;17/06/2013
2013033319;1;1;1;1;4;680;02/07/2013
2013033320;1;2;2;2;3;680;03/07/2013
2013033321;1;1;6;1;3;680;05/07/2013
2013033322;1;2;9;1;7;680;12/07/2013
2013033323;1;2;1;1;2;680;14/07/2013
2013033324;1;2;2;7;3;680;22/07/2013
2013033325;1;2;3;1;3;680;03/08/2013
2013033326;1;2;1;1;3;680;10/08/2013
2013033327;1;2;1;1;6;680;20/08/2013
2013033328;1;2;2;1;3;680;27/08/2013
2013033329;1;2;1;1;6;680;30/08/2013
2013033330;1;1;1;1;1;680;22/09/2013
2013033331;1;2;8;1;6;680;26/09/2013
2013033332;1;1;6;1;6;680;26/09/2013
2013033333;1;2;3;1;6;680;27/09/2013
2013033334;5;2;1;1;6;680;03/10/2013
2013033335;5;2;1;1;6;680;17/10/2013
2013033336;1;2;1;1;6;680;29/10/2013
2013033337;5;2;3;1;3;680;02/11/2013
2013033338;1;2;2;1;6;680;06/11/2013
2013033339;1;2;2;1;6;680;24/10/2013
2013033340;1;1;1;1;3;680;16/11/2013
2013033341;3;2;1;1;6;680;26/11/2013
2013033342;1;2;2;1;6;680;29/11/2013
2013033343;2;1;3;1;6;680;28/11/2013
2013033344;1;2;1;1;6;680;28/11/2013
2013033345;1;2;1;1;6;680;09/12/2013
2013033346;1;1;3;1;6;680;10/12/2013
2013033347;5;2;9;2;6;680;04/02/2013
2013033348;5;2;1;2;5;680;09/03/2013
2013033349;1;2;1;1;7;680;10/08/2013
2013033350;2;2;1;1;6;680;09/01/2013
2013033351;5;2;1;1;6;680;12/01/2013
2013033352;5;2;2;1;3;680;15/01/2013
2013033353;1;2;3;2;6;680;22/01/2013
2013033354;1;2;2;1;6;680;30/01/2013
2013033355;5;2;1;4;6;680;02/02/2013
2013033356;1;2;1;1;6;680;09/02/2013
2013033357;1;2;1;1;6;680;04/03/2013
2013033358;1;2;1;1;6;680;06/03/2013
2013033359;5;2;1;1;6;680;08/03/2013
2013033360;5;2;1;1;6;680;12/03/2013
2013033361;1;2;1;8;6;680;13/03/2013
2013033362;1;2;1;1;6;680;21/03/2013
2013033363;1;2;1;1;6;680;22/03/2013
2013033364;1;2;1;1;6;680;25/03/2013
2013033365;1;2;1;1;6;680;06/04/2013
2013033366;1;2;3;1;6;680;23/04/2013
2013033367;1;2;1;1;6;680;23/04/2013
2013033368;1;1;1;1;3;680;23/04/2013
2013033369;1;2;1;1;6;680;25/04/2013
2013033370;1;2;1;2;3;680;29/04/2013
2013033371;1;2;1;1;6;680;30/04/2013
2013033372;1;2;1;1;6;680;04/05/2013
2013033373;5;2;2;1;3;680;09/05/2013
2013033374;1;2;2;1;6;680;07/05/2013
2013033375;1;2;1;1;3;680;11/05/2013
2013033376;1;2;1;1;6;680;17/05/2013
2013033377;1;2;1;1;6;680;07/05/2013
2013033378;1;2;2;1;6;680;21/05/2013
2013033379;1;2;4;1;1;680;24/05/2013
2013033380;1;2;3;2;3;680;29/05/2013
2013033381;1;2;1;1;6;680;01/06/2013
2013033382;1;2;1;1;6;680;01/06/2013
2013033383;1;2;1;1;6;680;02/06/2013
2013033384;1;2;1;1;6;680;08/06/2013
2013033385;1;2;3;1;3;680;28/06/2013
2013033386;1;2;1;1;6;680;01/07/2013
2013033387;1;2;1;1;6;680;09/07/2013
2013033388;1;2;1;1;2;680;25/07/2013
2013033389;2;2;2;1;7;680;02/08/2013
2013033390;1;2;1;1;6;680;16/08/2013
2013033391;1;2;3;1;6;680;18/08/2013
2013033392;1;2;2;1;3;680;21/08/2013
2013033393;1;1;1;1;6;680;24/08/2013
2013033394;1;2;1;1;2;680;27/08/2013
2013033395;1;2;9;1;6;680;05/09/2013
2013033396;5;2;2;3;5;680;08/09/2013
2013033397;1;2;1;1;6;680;21/09/2013
2013033398;5;2;3;1;6;680;22/09/2013
2013033399;1;2;6;1;6;680;22/09/2013
2013033400;5;2;6;1;3;680;25/09/2013
2013033401;5;2;3;1;3;680;26/09/2013
2013033402;1;2;1;1;6;680;09/10/2013
2013033403;1;2;3;1;6;680;15/10/2013
2013033404;5;2;1;2;6;680;15/10/2013
2013033405;1;2;1;1;6;680;16/10/2013
2013033406;1;2;6;1;6;680;24/10/2013
2013033407;5;1;1;3;5;680;05/11/2013
2013033408;5;2;2;1;3;680;26/11/2013
2013033409;5;2;3;1;6;680;28/11/2013
2013033410;1;2;1;1;6;680;30/11/2013
2013033411;1;2;1;1;3;680;03/12/2013
2013033412;4;2;1;1;6;680;25/11/2013
2013033413;5;2;1;1;6;680;03/12/2013
2013033414;1;2;1;1;6;680;04/12/2013
2013033415;5;2;1;2;6;680;06/12/2013
2013033416;2;2;1;1;6;680;10/12/2013
2013033417;5;2;2;1;6;680;13/12/2013
2013033418;1;1;4;1;6;680;16/12/2013
2013033419;5;2;1;3;6;680;19/12/2013
2013033420;5;2;3;1;6;680;23/12/2013
2013033421;1;2;1;1;6;680;27/12/2013
2013033422;1;2;1;1;6;680;27/12/2013
2013033423;1;2;3;1;6;680;30/12/2013
2013033424;1;2;1;8;6;680;15/01/2013
2013033425;1;2;2;7;1;680;30/12/2013
2013033426;1;2;1;1;6;680;25/01/2013
2013033427;2;1;1;1;3;680;10/07/2013
2013033428;2;2;1;1;1;680;21/08/2013
2013033429;2;2;1;1;6;680;21/08/2013
2013033430;1;2;3;8;3;680;17/09/2013
2013033431;2;2;1;2;6;680;14/10/2013
2013033432;5;2;1;4;6;680;21/11/2013
2013033433;5;2;2;2;1;680;22/11/2013
2013033434;1;2;3;1;3;680;05/01/2013
2013033435;1;2;3;1;3;680;18/06/2013
2013033436;1;2;1;1;6;680;04/06/2013
2013033437;1;2;1;1;6;680;05/06/2013
2013033438;1;2;2;8;3;680;25/02/2013
2013033439;3;1;1;1;6;680;22/02/2013
2013033440;1;1;1;1;2;680;27/05/2013
2013033441;1;2;1;1;6;680;05/06/2013
2013033442;1;2;1;1;1;680;15/07/2013
2013033443;1;2;1;1;6;680;16/08/2013
2013033444;1;2;6;1;6;680;24/10/2013
2013033445;5;2;2;1;3;690;07/01/2013
2013033446;5;2;2;1;2;690;25/01/2013
2013033447;1;2;1;1;6;690;26/01/2013
2013033448;5;2;1;1;6;690;31/01/2013
2013033449;1;2;6;1;3;690;01/02/2013
2013033450;5;2;1;1;6;690;27/02/2013
2013033451;1;1;1;1;2;690;15/03/2013
2013033452;1;2;1;2;6;690;05/04/2013
2013033453;5;2;5;1;3;690;21/04/2013
2013033454;1;2;3;1;7;690;06/05/2013
2013033455;1;2;1;1;6;690;17/04/2013
2013033456;1;2;2;1;3;690;06/06/2013
2013033457;1;2;1;1;6;690;17/06/2013
2013033458;1;2;1;1;4;690;19/07/2013
2013033459;1;2;2;1;3;690;08/07/2013
2013033460;1;2;2;1;6;690;16/07/2013
2013033461;1;2;3;1;6;690;09/08/2013
2013033462;5;2;2;1;3;690;10/08/2013
2013033463;2;2;3;1;6;690;20/08/2013
2013033464;5;2;5;1;3;690;03/09/2013
2013033465;1;2;1;1;4;690;18/09/2013
2013033466;1;2;2;1;6;690;23/09/2013
2013033467;1;2;1;2;6;690;29/09/2013
2013033468;1;2;3;1;3;690;18/10/2013
2013033469;5;2;1;1;6;690;20/10/2013
2013033470;5;2;3;1;6;690;22/10/2013
2013033471;1;2;2;2;1;690;10/11/2013
2013033472;2;2;1;1;3;690;20/11/2013
2013033473;1;2;3;8;3;690;29/11/2013
2013033474;5;2;4;5;6;690;11/12/2013
2013033475;1;2;1;1;4;690;06/01/2013
2013033476;1;2;6;1;3;690;09/01/2013
2013033477;1;2;2;2;1;690;10/01/2013
2013033478;1;2;1;2;1;690;10/01/2013
2013033479;5;2;1;1;5;690;11/01/2013
2013033480;5;2;1;9;3;690;18/01/2013
2013033481;1;2;1;9;6;690;19/01/2013
2013033482;5;2;1;1;6;690;20/01/2013
2013033483;1;2;6;1;3;690;26/01/2013
2013033484;1;2;1;2;4;690;19/01/2013
2013033485;5;2;1;1;6;690;01/02/2013
2013033486;5;2;1;1;6;690;15/02/2013
2013033487;5;2;1;1;6;690;20/02/2013
2013033488;1;2;1;1;4;690;08/03/2013
2013033489;1;2;4;1;6;690;12/03/2013
2013033490;1;2;1;1;2;690;15/03/2013
2013033491;5;2;6;1;3;690;04/04/2013
2013033492;1;2;6;2;2;690;28/03/2013
2013033493;5;2;1;1;4;690;20/02/2013
2013033494;1;2;6;2;3;690;04/05/2013
2013033495;1;2;1;1;6;690;09/05/2013
2013033496;1;2;1;1;6;690;14/05/2013
2013033497;1;2;1;3;3;690;15/05/2013
2013033498;1;2;1;1;2;690;01/07/2013
2013033499;1;2;1;2;3;690;31/05/2013
2013033500;1;2;3;1;3;690;06/06/2013
2013033501;1;2;1;1;6;690;06/06/2013
2013033502;1;2;1;1;4;690;06/06/2013
2013033503;1;2;1;1;4;690;07/06/2013
2013033504;1;2;1;1;6;690;14/06/2013
2013033505;1;2;1;1;2;690;16/06/2013
2013033506;1;2;3;7;6;690;18/06/2013
2013033507;1;2;3;7;3;690;21/06/2013
2013033508;1;2;4;1;1;690;28/06/2013
2013033509;1;2;1;3;7;690;29/06/2013
2013033510;1;2;1;1;2;690;02/07/2013
2013033511;1;2;3;8;6;690;02/07/2013
2013033512;1;2;1;2;7;690;03/07/2013
2013033513;1;2;1;1;3;690;15/07/2013
2013033514;1;2;1;1;6;690;17/07/2013
2013033515;1;2;1;1;2;690;18/07/2013
2013033516;5;2;3;1;7;690;16/07/2013
2013033517;1;2;1;1;6;690;31/07/2013
2013033518;1;2;1;1;7;690;17/07/2013
2013033519;1;2;1;2;6;690;29/07/2013
2013033520;5;2;3;1;2;690;02/08/2013
2013033521;5;1;1;2;7;690;27/08/2013
2013033522;1;2;1;7;2;690;24/09/2013
2013033523;1;2;1;1;6;690;12/09/2013
2013033524;1;2;1;1;3;690;13/09/2013
2013033525;4;2;1;2;6;690;14/09/2013
2013033526;1;2;1;1;3;690;27/09/2013
2013033527;1;2;1;8;6;690;16/10/2013
2013033528;1;2;1;1;2;690;18/10/2013
2013033529;1;2;1;3;3;690;23/10/2013
2013033530;1;2;1;1;3;690;11/11/2013
2013033531;5;2;1;1;6;690;25/11/2013
2013033532;1;2;1;1;4;690;21/12/2013
2013033533;1;2;1;1;2;690;30/11/2013
2013033534;5;2;1;9;6;690;07/12/2013
2013033535;1;2;1;1;6;690;11/12/2013
2013033536;1;2;1;1;2;690;14/12/2013
2013033537;5;2;1;5;7;690;15/12/2013
2013033538;5;2;1;2;3;690;18/12/2013
2013033539;1;2;2;1;3;690;21/12/2013
2013033540;1;2;1;1;6;690;18/01/2013
2013033541;1;2;1;1;1;690;21/01/2013
2013033542;1;2;1;1;2;690;28/01/2013
2013033543;1;2;1;1;6;690;31/01/2013
2013033544;5;2;1;3;6;690;05/02/2013
2013033545;5;2;1;1;6;690;08/02/2013
2013033546;1;2;2;4;6;690;10/02/2013
2013033547;1;2;1;1;3;690;03/03/2013
2013033548;1;2;1;1;5;690;15/03/2013
2013033549;2;2;1;1;6;690;20/03/2013
2013033550;1;2;1;1;3;690;14/04/2013
2013033551;1;2;1;1;6;690;15/04/2013
2013033552;1;2;2;2;1;690;19/04/2013
2013033553;1;2;1;1;3;690;23/04/2013
2013033554;1;2;2;1;3;690;24/04/2013
2013033555;1;2;9;1;3;690;24/05/2013
2013033556;1;2;9;1;3;690;26/05/2013
2013033557;5;2;1;1;7;690;26/05/2013
2013033558;1;2;1;1;6;690;29/05/2013
2013033559;1;2;1;1;6;690;14/06/2013
2013033560;5;2;1;1;7;690;15/06/2013
2013033561;1;2;1;1;2;690;17/06/2013
2013033562;1;2;1;2;6;690;29/06/2013
2013033563;1;2;1;1;2;690;04/07/2013
2013033564;1;2;2;2;3;690;18/07/2013
2013033565;1;2;3;1;3;690;01/08/2013
2013033566;1;1;1;3;1;690;07/08/2013
2013033567;1;1;4;2;6;690;08/08/2013
2013033568;1;1;1;3;6;690;08/08/2013
2013033569;5;2;1;1;6;690;17/08/2013
2013033570;1;2;1;2;6;690;27/08/2013
2013033571;1;2;3;1;3;690;29/08/2013
2013033572;1;1;1;1;7;690;03/09/2013