num_acc;lum;agg;inter;atm;col;dep;date
2013034150;1;2;9;1;6;710;27/06/2013
2013034151;1;2;1;1;5;710;28/06/2013
2013034152;1;2;9;1;3;710;24/07/2013
2013034153;1;2;1;1;1;710;13/08/2013
2013034154;5;2;1;1;6;710;15/08/2013
2013034155;1;1;9;1;6;710;31/08/2013
2013034156;1;2;9;1;6;710;02/09/2013
2013034157;1;2;1;3;1;710;16/09/2013
2013034158;1;2;9;1;6;710;26/10/2013
2013034159;5;2;2;2;3;710;05/11/2013
2013034160;1;1;1;1;6;710;09/11/2013
2013034161;2;2;3;3;6;710;09/11/2013
2013034162;1;2;3;4;3;710;22/11/2013
2013034163;1;1;1;1;1;710;02/12/2013
2013034164;5;2;1;1;6;710;04/12/2013
2013034165;5;2;3;1;3;710;11/01/2013
2013034166;1;2;1;2;6;710;06/02/2013
2013034167;5;2;1;1;2;710;15/02/2013
2013034168;1;2;1;1;6;710;12/02/2013
2013034169;5;2;3;2;4;710;18/03/2013
2013034170;5;2;1;1;6;710;21/03/2013
2013034171;1;1;1;1;1;710;26/03/2013
2013034172;2;2;1;9;6;710;19/05/2013
2013034173;5;2;6;1;7;710;01/06/2013
2013034174;1;2;1;1;6;710;07/06/2013
2013034175;1;2;2;1;3;710;11/07/2013
2013034176;2;2;3;1;3;710;09/08/2013
2013034177;1;2;2;1;3;710;01/09/2013
2013034178;1;2;1;1;6;710;05/09/2013
2013034179;1;2;1;3;6;710;04/10/2013
2013034180;3;1;1;1;6;710;09/10/2013
2013034181;3;1;1;1;6;710;15/10/2013
2013034182;5;2;1;2;6;710;16/10/2013
2013034183;1;2;1;1;6;710;29/10/2013
2013034184;4;2;1;1;1;710;03/11/2013
2013034185;5;2;1;3;6;710;14/11/2013
2013034186;1;2;2;1;3;710;25/11/2013
2013034187;1;2;1;2;6;710;19/11/2013
2013034188;2;2;1;1;3;710;02/12/2013
2013034189;5;2;1;1;6;710;21/12/2013
2013034190;5;2;2;2;3;710;12/02/2013
2013034191;1;2;2;1;3;710;09/03/2013
2013034192;1;2;3;1;3;710;01/04/2013
2013034193;5;2;1;1;7;710;11/05/2013
2013034194;1;2;1;1;2;710;22/06/2013
2013034195;1;2;1;1;7;710;29/06/2013
2013034196;1;2;1;1;3;710;10/08/2013
2013034197;1;2;3;1;3;710;03/09/2013
2013034198;5;2;1;1;6;720;07/01/2013
2013034199;2;2;6;2;3;720;11/01/2013
2013034200;5;2;1;1;6;720;24/01/2013
2013034201;5;2;1;4;6;720;26/01/2013
2013034202;5;1;1;2;6;720;04/02/2013
2013034203;5;2;1;2;6;720;09/02/2013
2013034204;1;2;3;1;3;720;19/02/2013
2013034205;5;2;1;1;6;720;01/03/2013
2013034206;1;2;1;1;3;720;05/03/2013
2013034207;1;2;1;2;7;720;19/03/2013
2013034208;1;1;1;1;6;720;28/03/2013
2013034209;1;2;2;1;3;720;16/04/2013
2013034210;1;2;3;1;3;720;18/04/2013
2013034211;1;2;1;1;6;720;01/05/2013
2013034212;1;2;1;1;6;720;02/05/2013
2013034213;5;2;1;1;6;720;04/05/2013
2013034214;5;2;2;1;3;720;08/05/2013
2013034215;1;2;1;1;6;720;29/05/2013
2013034216;1;2;1;1;3;720;07/06/2013
2013034217;3;1;1;1;1;720;14/06/2013
2013034218;1;1;1;1;2;720;04/07/2013
2013034219;1;1;1;1;4;720;18/07/2013
2013034220;1;2;1;1;1;720;26/07/2013
2013034221;5;2;1;1;6;720;09/08/2013
2013034222;2;2;2;1;3;720;10/08/2013
2013034223;5;2;1;1;6;720;01/09/2013
2013034224;1;1;1;1;6;720;21/09/2013
2013034225;3;1;1;1;5;720;20/09/2013
2013034226;5;2;1;1;6;720;07/10/2013
2013034227;5;2;1;1;6;720;16/11/2013
2013034228;3;1;1;1;1;720;20/11/2013
2013034229;1;2;1;1;6;720;25/11/2013
2013034230;5;2;1;1;2;730;18/12/2013
2013034231;5;2;1;3;6;730;27/01/2013
2013034232;2;2;3;2;2;730;29/01/2013
2013034233;1;2;1;1;2;730;03/04/2013
2013034234;5;2;2;2;3;730;20/05/2013
2013034235;1;2;9;1;3;730;15/07/2013
2013034236;1;2;1;1;6;730;19/07/2013
2013034237;1;2;1;1;2;730;27/07/2013
2013034238;1;2;2;1;3;730;17/08/2013
2013034239;2;2;1;3;2;730;05/02/2013
2013034240;1;2;1;1;6;730;14/02/2013
2013034241;1;1;1;1;7;730;17/04/2013
2013034242;1;2;3;1;3;730;16/07/2013
2013034243;1;2;1;1;3;730;23/09/2013
2013034244;1;2;1;1;6;730;18/01/2013
2013034245;5;2;2;;6;730;17/02/2013
2013034246;5;2;1;2;6;730;01/01/2013
2013034247;1;1;1;1;2;730;21/03/2013
2013034248;1;2;1;1;6;730;26/03/2013
2013034249;1;2;2;2;3;730;29/03/2013
2013034250;1;2;1;1;6;730;06/05/2013
2013034251;1;2;1;1;6;730;03/06/2013
2013034252;1;2;1;1;3;730;13/05/2013
2013034253;1;2;3;1;3;730;24/07/2013
2013034254;1;1;3;1;3;730;28/07/2013
2013034255;1;2;2;1;3;730;12/08/2013
2013034256;1;1;6;1;6;730;22/08/2013
2013034257;2;2;2;1;3;730;21/10/2013
2013034258;1;2;1;1;3;730;26/09/2013
2013034259;1;2;1;1;5;730;27/09/2013
2013034260;1;2;1;1;6;730;08/10/2013
2013034261;1;1;1;1;3;730;08/11/2013
2013034262;5;2;1;2;6;730;05/11/2013
2013034263;1;1;1;1;6;730;05/12/2013
2013034264;3;2;1;1;6;740;04/01/2013
2013034265;5;2;1;1;6;740;04/01/2013
2013034266;1;2;1;1;6;740;05/01/2013
2013034267;5;2;3;1;6;740;10/02/2013
2013034268;1;2;1;1;6;740;06/03/2013
2013034269;1;2;1;1;7;740;08/03/2013
2013034270;1;2;6;2;6;740;28/03/2013
2013034271;5;2;3;1;6;740;01/04/2013
2013034272;5;2;3;1;6;740;06/04/2013
2013034273;1;2;3;2;6;740;06/05/2013
2013034274;1;2;6;2;6;740;16/05/2013
2013034275;1;2;1;1;6;740;06/06/2013
2013034276;1;2;1;1;6;740;10/06/2013
2013034277;1;2;1;2;6;740;10/06/2013
2013034278;1;2;1;1;2;740;11/06/2013
2013034279;1;2;4;1;6;740;13/06/2013
2013034280;1;2;2;1;6;740;18/06/2013
2013034281;1;2;1;1;6;740;20/06/2013
2013034282;1;2;2;1;6;740;19/06/2013
2013034283;1;2;1;1;6;740;28/06/2013
2013034284;1;2;3;3;6;740;29/06/2013
2013034285;1;2;2;1;3;740;10/07/2013
2013034286;1;2;2;1;3;740;12/07/2013
2013034287;1;2;3;1;6;740;16/07/2013
2013034288;1;2;1;1;2;740;28/07/2013
2013034289;1;2;3;1;6;740;04/08/2013
2013034290;5;2;2;1;6;740;10/08/2013
2013034291;5;2;3;1;3;740;03/09/2013
2013034292;5;2;1;2;6;740;12/10/2013
2013034293;1;2;1;1;5;740;17/10/2013
2013034294;1;2;6;1;6;740;19/10/2013
2013034295;1;2;1;1;3;740;28/10/2013
2013034296;1;2;1;1;6;740;18/11/2013
2013034297;1;2;3;1;6;740;27/11/2013
2013034298;1;2;4;1;6;740;29/11/2013
2013034299;5;2;3;1;3;740;02/12/2013
2013034300;1;2;3;1;6;740;06/12/2013
2013034301;5;2;3;1;6;740;09/12/2013
2013034302;1;2;6;1;6;740;09/12/2013
2013034303;1;2;3;1;6;740;12/12/2013
2013034304;5;2;1;1;6;740;14/12/2013
2013034305;1;2;1;2;6;740;13/12/2013
2013034306;1;2;1;1;4;740;17/12/2013
2013034307;5;2;1;1;1;740;20/12/2013
2013034308;2;2;1;1;6;740;08/01/2013
2013034309;2;2;9;2;6;740;10/01/2013
2013034310;1;2;1;1;6;740;22/01/2013
2013034311;1;2;9;1;6;740;26/01/2013
2013034312;5;2;1;2;6;740;04/02/2013
2013034313;2;2;1;2;6;740;05/02/2013
2013034314;1;2;1;1;6;740;07/02/2013
2013034315;5;2;3;9;3;740;19/02/2013
2013034316;1;2;3;1;6;740;28/02/2013
2013034317;1;2;1;2;7;740;25/03/2013
2013034318;1;2;1;1;3;740;13/04/2013
2013034319;1;1;1;1;5;740;07/06/2013
2013034320;1;2;4;1;3;740;12/06/2013
2013034321;1;2;1;1;6;740;27/06/2013
2013034322;1;2;1;1;6;740;28/06/2013
2013034323;1;2;3;1;3;740;05/07/2013
2013034324;1;2;1;1;6;740;09/07/2013
2013034325;1;2;1;1;2;740;09/07/2013
2013034326;1;1;1;1;3;740;12/07/2013
2013034327;1;2;1;1;2;740;13/07/2013
2013034328;1;2;1;3;6;740;19/07/2013
2013034329;1;2;1;1;6;740;25/07/2013
2013034330;1;2;1;1;6;740;22/07/2013
2013034331;1;2;1;2;6;740;29/07/2013
2013034332;1;1;4;1;3;740;12/08/2013
2013034333;1;2;1;1;6;740;26/08/2013
2013034334;1;1;1;2;1;740;17/09/2013
2013034335;1;2;2;1;3;740;17/09/2013
2013034336;1;2;3;1;3;740;13/09/2013
2013034337;1;2;1;1;7;740;30/09/2013
2013034338;1;2;2;1;6;740;10/09/2013
2013034339;1;2;6;1;3;740;03/10/2013
2013034340;1;2;6;1;3;740;06/10/2013
2013034341;1;2;2;1;3;740;16/10/2013
2013034342;1;2;4;1;3;740;27/10/2013
2013034343;1;2;1;1;6;740;28/10/2013
2013034344;1;2;2;1;6;740;05/11/2013
2013034345;5;2;1;1;6;740;08/11/2013
2013034346;5;2;3;5;6;740;04/12/2013
2013034347;3;2;1;1;6;740;09/12/2013
2013034348;1;2;6;1;6;740;07/12/2013
2013034349;1;2;3;1;6;740;11/12/2013
2013034350;2;2;3;1;6;740;12/12/2013
2013034351;3;2;3;1;6;740;12/12/2013
2013034352;1;2;1;1;2;740;24/12/2013
2013034353;1;2;1;1;1;740;15/01/2013
2013034354;1;2;1;1;3;740;14/01/2013
2013034355;5;2;3;3;3;740;01/02/2013
2013034356;1;1;1;8;1;740;18/03/2013
2013034357;1;2;4;8;5;740;08/04/2013
2013034358;1;1;1;1;1;740;14/05/2013
2013034359;5;2;1;2;6;740;18/05/2013
2013034360;2;2;2;2;3;740;08/05/2013
2013034361;1;2;2;1;1;740;14/06/2013
2013034362;1;2;1;1;3;740;25/06/2013
2013034363;1;2;1;1;6;740;26/06/2013
2013034364;1;2;3;1;3;740;26/06/2013
2013034365;1;1;4;1;3;740;26/06/2013
2013034366;1;2;1;1;6;740;12/07/2013
2013034367;1;2;1;1;6;740;05/08/2013
2013034368;1;2;2;1;3;740;01/08/2013
2013034369;5;2;1;1;6;740;30/08/2013
2013034370;5;2;1;1;6;740;06/09/2013
2013034371;1;2;2;1;6;740;24/09/2013
2013034372;2;1;1;1;7;740;13/09/2013
2013034373;1;2;2;1;6;740;27/09/2013
2013034374;1;2;2;2;6;740;18/09/2013
2013034375;1;2;4;1;6;740;06/10/2013
2013034376;5;2;1;2;2;740;12/10/2013
2013034377;1;2;1;1;6;740;18/10/2013
2013034378;5;2;2;1;3;740;19/10/2013
2013034379;2;2;1;1;5;740;30/10/2013
2013034380;1;2;3;1;3;740;26/10/2013
2013034381;5;2;3;2;6;740;05/11/2013
2013034382;1;2;4;9;6;740;04/11/2013
2013034383;5;2;1;1;1;740;25/10/2013
2013034384;1;2;2;1;3;740;17/11/2013
2013034385;1;2;3;1;3;740;14/11/2013
2013034386;5;2;1;6;6;740;26/11/2013
2013034387;5;2;1;1;1;740;29/11/2013
2013034388;1;2;1;1;6;740;02/12/2013
2013034389;2;2;1;3;6;740;19/12/2013
2013034390;1;2;1;2;7;760;23/03/2013
2013034391;1;2;1;1;2;760;06/07/2013
2013034392;5;2;1;1;6;760;29/09/2013
2013034393;1;1;1;8;3;760;09/10/2013
2013034394;1;2;3;1;3;760;20/12/2013
2013034395;1;1;3;1;5;760;27/11/2013
2013034396;1;1;1;1;3;760;12/12/2013
2013034397;1;1;1;1;7;760;02/01/2013
2013034398;5;2;1;2;6;760;02/01/2013
2013034399;1;2;3;2;3;760;07/01/2013
2013034400;1;2;1;1;6;760;24/01/2013
2013034401;2;2;1;1;6;760;25/01/2013
2013034402;5;2;1;1;6;760;27/01/2013
2013034403;5;2;1;8;7;760;02/02/2013
2013034404;1;2;3;1;3;760;06/02/2013
2013034405;2;1;1;1;1;760;07/02/2013
2013034406;3;1;1;1;7;760;11/02/2013
2013034407;3;1;1;1;6;760;19/02/2013
2013034408;1;1;1;1;5;760;03/03/2013
2013034409;1;2;1;1;4;760;05/03/2013
2013034410;1;1;2;8;3;760;13/03/2013
2013034411;1;2;1;1;6;760;14/03/2013
2013034412;5;2;1;1;6;760;17/03/2013
2013034413;1;1;1;1;2;760;30/03/2013
2013034414;1;2;6;1;3;760;03/04/2013
2013034415;1;2;5;1;6;760;14/04/2013
2013034416;1;2;6;1;3;760;14/04/2013
2013034417;5;2;1;2;6;760;14/04/2013
2013034418;1;1;1;1;7;760;16/04/2013
2013034419;1;2;1;1;6;760;18/04/2013
2013034420;1;2;1;1;3;760;25/04/2013
2013034421;1;2;1;1;6;760;06/05/2013
2013034422;1;2;1;1;5;760;07/05/2013
2013034423;1;2;1;1;6;760;12/05/2013
2013034424;5;1;1;3;7;760;20/05/2013
2013034425;2;2;3;1;3;760;21/05/2013
2013034426;1;2;1;1;1;760;22/05/2013
2013034427;1;2;6;7;2;760;23/05/2013
2013034428;5;2;6;8;6;760;25/05/2013
2013034429;1;2;4;2;6;760;30/05/2013
2013034430;1;2;1;2;7;760;30/05/2013
2013034431;1;2;1;1;4;760;06/06/2013
2013034432;1;2;1;1;3;760;15/06/2013
2013034433;1;2;6;1;6;760;18/06/2013
2013034434;1;2;2;2;6;760;20/06/2013
2013034435;1;2;1;1;1;760;21/06/2013
2013034436;1;2;1;1;6;760;24/06/2013
2013034437;1;1;1;1;7;760;28/06/2013
2013034438;1;1;3;1;3;760;07/07/2013
2013034439;1;1;6;1;3;760;08/07/2013
2013034440;1;2;1;1;6;760;12/07/2013
2013034441;1;1;1;1;2;760;13/07/2013
2013034442;1;1;1;1;7;760;15/07/2013
2013034443;1;2;1;1;3;760;16/07/2013
2013034444;1;2;1;1;6;760;16/07/2013
2013034445;1;2;2;1;3;760;19/07/2013
2013034446;1;1;1;1;6;760;23/07/2013
2013034447;1;1;1;1;1;760;29/07/2013
2013034448;1;2;1;1;6;760;27/08/2013
2013034449;1;1;1;1;4;760;03/09/2013
2013034450;1;2;2;1;2;760;18/09/2013
2013034451;1;2;1;1;6;760;23/09/2013
2013034452;1;2;3;1;6;760;28/09/2013
2013034453;2;2;1;1;1;760;06/10/2013
2013034454;1;2;1;1;3;760;12/10/2013
2013034455;3;1;3;8;3;760;08/11/2013
2013034456;3;2;3;1;6;760;21/11/2013
2013034457;5;2;1;1;6;760;27/11/2013
2013034458;5;2;3;6;3;760;29/11/2013
2013034459;5;2;1;8;6;760;30/11/2013
2013034460;1;1;1;8;2;760;03/12/2013
2013034461;5;2;1;2;2;760;05/12/2013
2013034462;1;2;1;1;2;760;06/12/2013
2013034463;5;2;1;2;7;760;07/12/2013
2013034464;5;2;1;1;6;760;08/12/2013
2013034465;1;1;1;1;7;760;10/12/2013
2013034466;3;1;1;2;2;760;13/12/2013
2013034467;3;1;1;8;7;760;13/12/2013
2013034468;1;2;1;1;7;760;18/12/2013
2013034469;5;2;3;2;3;760;22/12/2013
2013034470;5;1;6;5;6;760;16/02/2013
2013034471;1;1;1;1;6;760;15/03/2013
2013034472;1;2;4;1;6;760;14/03/2013
2013034473;5;2;1;8;5;760;12/04/2013
2013034474;1;1;1;1;7;760;09/03/2013
2013034475;1;2;1;1;3;760;30/04/2013
2013034476;1;2;2;9;6;760;18/08/2013
2013034477;5;2;2;5;3;760;18/10/2013
2013034478;1;1;1;1;3;760;06/08/2013
2013034479;5;2;3;1;6;760;14/12/2013
2013034480;5;2;1;2;6;760;29/12/2013
2013034481;5;2;1;1;6;760;13/01/2013
2013034482;1;1;1;8;1;760;23/05/2013
2013034483;1;2;5;1;3;760;07/06/2013
2013034484;1;2;1;1;3;760;17/06/2013
2013034485;1;2;3;1;2;760;10/08/2013
2013034486;3;1;1;8;6;760;09/11/2013
2013034487;1;2;2;1;3;760;28/12/2013
2013034488;5;2;3;2;6;760;03/01/2013
2013034489;1;1;1;1;5;760;04/01/2013
2013034490;5;2;1;2;6;760;06/01/2013
2013034491;5;2;2;5;6;760;09/01/2013
2013034492;1;2;1;2;3;760;10/01/2013
2013034493;1;1;4;1;6;760;10/01/2013
2013034494;5;2;2;2;3;760;10/01/2013
2013034495;1;2;3;1;6;760;11/01/2013
2013034496;1;1;1;1;5;760;16/01/2013
2013034497;1;2;2;4;6;760;17/01/2013
2013034498;2;2;3;1;6;760;17/01/2013
2013034499;5;2;2;1;3;760;19/01/2013
2013034500;1;2;3;1;3;760;22/01/2013
2013034501;1;2;2;1;3;760;23/01/2013
2013034502;2;2;1;2;6;760;23/01/2013
2013034503;1;2;3;1;6;760;24/01/2013
2013034504;5;2;2;1;2;760;24/01/2013
2013034505;5;2;1;1;3;760;29/01/2013
2013034506;2;2;3;3;3;760;30/01/2013
2013034507;1;2;3;3;6;760;01/02/2013
2013034508;5;2;2;1;6;760;01/02/2013
2013034509;1;2;2;1;6;760;05/02/2013
2013034510;1;1;6;1;6;760;05/02/2013
2013034511;5;2;2;2;6;760;08/02/2013
2013034512;1;1;1;1;5;760;08/02/2013
2013034513;1;2;3;2;3;760;10/02/2013
2013034514;5;2;1;1;3;760;11/02/2013
2013034515;5;2;1;1;6;760;12/02/2013
2013034516;1;2;2;1;3;760;13/02/2013
2013034517;5;2;3;1;6;760;16/02/2013
2013034518;5;1;1;1;6;760;19/02/2013
2013034519;1;2;1;1;6;760;21/02/2013
2013034520;5;2;1;1;3;760;21/02/2013
2013034521;1;2;2;1;6;760;23/02/2013
2013034522;3;1;1;1;1;760;24/02/2013
2013034523;5;1;1;2;3;760;25/02/2013
2013034524;5;2;6;1;6;760;27/02/2013
2013034525;1;2;1;1;6;760;27/02/2013
2013034526;1;2;1;1;6;760;28/02/2013
2013034527;5;2;3;1;3;760;02/03/2013
2013034528;1;2;1;1;7;760;03/03/2013
2013034529;1;2;2;1;6;760;05/03/2013
2013034530;1;2;6;1;3;760;06/03/2013
2013034531;1;1;4;2;2;760;07/03/2013
2013034532;5;1;2;1;6;760;10/03/2013
2013034533;1;2;3;1;6;760;17/03/2013
2013034534;1;2;1;1;3;760;18/03/2013
2013034535;5;2;3;1;3;760;18/03/2013
2013034536;1;2;1;1;6;760;19/03/2013
2013034537;5;2;3;1;6;760;23/03/2013
2013034538;3;1;1;1;7;760;23/03/2013
2013034539;1;2;3;1;3;760;24/03/2013
2013034540;1;2;1;1;7;760;24/03/2013
2013034541;1;2;3;1;2;760;29/03/2013
2013034542;5;1;1;1;6;760;30/03/2013
2013034543;1;1;1;1;7;760;01/04/2013
2013034544;1;2;1;1;2;760;04/04/2013
2013034545;1;2;1;1;7;760;05/04/2013
2013034546;1;2;3;1;3;760;06/04/2013
2013034547;1;1;1;1;6;760;06/04/2013
2013034548;1;2;2;1;3;760;07/04/2013
2013034549;1;2;1;2;6;760;10/04/2013
2013034550;1;2;3;2;3;760;11/04/2013
2013034551;5;2;1;1;6;760;13/04/2013
2013034552;1;2;6;1;6;760;14/04/2013
2013034553;1;2;2;1;3;760;18/04/2013
2013034554;1;2;3;1;2;760;19/04/2013
2013034555;1;2;4;1;7;760;19/04/2013
2013034556;1;2;3;1;6;760;19/04/2013
2013034557;1;2;1;1;6;760;23/04/2013
2013034558;1;2;2;1;3;760;25/04/2013
2013034559;1;2;1;1;2;760;06/05/2013
2013034560;1;2;1;1;7;760;10/05/2013
2013034561;5;1;4;3;6;760;11/05/2013
2013034562;1;2;2;1;3;760;14/05/2013
2013034563;1;2;1;1;3;760;15/05/2013
2013034564;1;2;2;1;6;760;15/05/2013
2013034565;1;2;1;1;6;760;15/05/2013
2013034566;1;2;3;1;6;760;15/05/2013
2013034567;1;2;3;1;3;760;15/05/2013
2013034568;1;1;1;1;1;760;16/05/2013
2013034569;1;2;2;1;2;760;17/05/2013
2013034570;1;1;1;3;7;760;20/05/2013
2013034571;1;2;2;1;6;760;27/05/2013
2013034572;1;2;1;1;3;760;27/05/2013
2013034573;1;2;1;2;6;760;28/05/2013
2013034574;1;1;1;1;2;760;29/05/2013
2013034575;1;1;1;1;6;760;31/05/2013
2013034576;5;2;3;1;6;760;01/06/2013
2013034577;1;2;1;1;6;760;03/06/2013
2013034578;1;2;1;1;3;760;05/06/2013
2013034579;1;2;1;1;2;760;04/06/2013
2013034580;1;2;1;1;6;760;07/06/2013
2013034581;1;2;3;1;6;760;09/06/2013
2013034582;1;1;1;1;3;760;10/06/2013
2013034583;1;2;1;1;6;760;11/06/2013
2013034584;1;2;3;2;6;760;11/06/2013
2013034585;1;2;6;1;2;760;12/06/2013
2013034586;1;2;1;1;6;760;12/06/2013
2013034587;1;2;3;1;3;760;15/06/2013
2013034588;1;2;1;1;2;760;21/06/2013
2013034589;1;1;1;1;2;760;21/06/2013
2013034590;1;2;3;1;3;760;21/06/2013
2013034591;1;2;3;2;1;760;22/06/2013
2013034592;5;1;1;1;6;760;23/06/2013
2013034593;1;2;3;1;3;760;27/06/2013
2013034594;1;2;2;1;3;760;02/07/2013
2013034595;1;2;2;1;6;760;03/07/2013
2013034596;1;2;1;1;7;760;03/07/2013
2013034597;1;2;1;1;1;760;05/07/2013
2013034598;1;2;3;1;2;760;05/07/2013
2013034599;1;1;6;1;7;760;06/07/2013
2013034600;5;2;1;1;7;760;09/07/2013
2013034601;1;2;1;1;3;760;09/07/2013
2013034602;1;2;1;1;6;760;10/07/2013
2013034603;1;2;2;1;3;760;10/07/2013
2013034604;5;2;2;1;3;760;11/07/2013
2013034605;5;1;1;1;7;760;12/07/2013
2013034606;1;1;1;1;2;760;15/07/2013
2013034607;1;2;2;1;3;760;16/07/2013
2013034608;1;2;2;1;6;760;17/07/2013
2013034609;1;2;1;1;3;760;19/07/2013
2013034610;1;2;3;1;3;760;21/07/2013
2013034611;1;2;1;1;1;760;26/07/2013
2013034612;1;2;1;1;3;760;01/08/2013
2013034613;1;2;1;1;5;760;02/08/2013
2013034614;1;2;1;1;3;760;04/08/2013
2013034615;1;2;1;1;7;760;06/08/2013
2013034616;5;2;2;1;6;760;06/08/2013
2013034617;1;2;2;1;6;760;08/08/2013
2013034618;2;2;2;1;7;760;10/08/2013
2013034619;5;2;3;1;6;760;15/08/2013
2013034620;1;1;1;1;6;760;21/08/2013
2013034621;1;2;3;1;3;760;22/08/2013
2013034622;1;2;2;1;6;760;22/08/2013
2013034623;1;2;3;1;1;760;30/08/2013
2013034624;1;2;2;1;3;760;31/08/2013
2013034625;1;2;1;1;6;760;02/09/2013
2013034626;1;2;3;1;3;760;02/09/2013
2013034627;5;2;1;1;7;760;03/09/2013
2013034628;1;2;2;1;3;760;04/09/2013
2013034629;1;1;1;1;2;760;05/09/2013
2013034630;1;2;3;1;3;760;05/09/2013
2013034631;1;2;2;1;3;760;06/09/2013
2013034632;5;2;1;1;7;760;06/09/2013
2013034633;5;2;1;1;7;760;08/09/2013
2013034634;5;2;2;1;6;760;09/09/2013
2013034635;2;2;3;1;3;760;09/09/2013
2013034636;1;2;1;1;6;760;11/09/2013
2013034637;1;1;1;1;3;760;13/09/2013
2013034638;1;2;3;1;7;760;14/09/2013
2013034639;1;2;2;1;6;760;20/09/2013
2013034640;5;2;1;1;2;760;22/09/2013
2013034641;1;2;1;1;6;760;23/09/2013
2013034642;1;2;2;1;3;760;23/09/2013
2013034643;1;2;1;1;7;760;24/09/2013
2013034644;1;1;6;1;7;760;29/09/2013
2013034645;1;2;2;1;3;760;02/10/2013
2013034646;5;2;2;1;3;760;05/10/2013
2013034647;1;2;4;1;6;760;10/10/2013
2013034648;2;1;1;3;6;760;11/10/2013
2013034649;1;2;3;2;6;760;11/10/2013
2013034650;5;2;1;1;7;760;17/10/2013
2013034651;1;2;1;1;6;760;18/10/2013
2013034652;5;2;1;1;6;760;18/10/2013
2013034653;5;2;1;1;6;760;20/10/2013
2013034654;2;1;1;1;3;760;23/10/2013
2013034655;1;2;2;1;3;760;24/10/2013
2013034656;5;2;1;1;7;760;25/10/2013
2013034657;2;1;1;1;3;760;25/10/2013
2013034658;1;2;1;1;6;760;25/10/2013
2013034659;1;1;1;1;7;760;26/10/2013
2013034660;1;2;2;1;3;760;26/10/2013
2013034661;1;2;2;1;3;760;30/10/2013
2013034662;1;2;1;1;6;760;31/10/2013
2013034663;5;2;2;2;6;760;01/11/2013
2013034664;1;2;2;1;3;760;03/11/2013
2013034665;5;2;6;2;3;760;05/11/2013
2013034666;1;1;1;6;6;760;05/11/2013
2013034667;5;2;1;2;6;760;05/11/2013
2013034668;1;1;4;2;7;760;06/11/2013
2013034669;1;2;1;2;6;760;07/11/2013
2013034670;1;2;2;1;3;760;08/11/2013
2013034671;5;2;1;2;6;760;08/11/2013
2013034672;1;2;4;2;3;760;12/11/2013
2013034673;1;1;4;2;7;760;12/11/2013
2013034674;1;2;2;1;6;760;16/11/2013
2013034675;1;2;3;1;6;760;19/11/2013
2013034676;1;1;1;1;2;760;19/11/2013
2013034677;5;1;1;3;2;760;20/11/2013
2013034678;5;2;2;1;6;760;21/11/2013
2013034679;2;2;2;1;6;760;22/11/2013
2013034680;1;2;3;1;6;760;22/11/2013
2013034681;5;1;3;2;3;760;22/11/2013
2013034682;3;2;1;1;6;760;25/11/2013
2013034683;5;2;2;2;6;760;25/11/2013
2013034684;2;1;1;1;4;760;26/11/2013
2013034685;1;2;2;1;6;760;26/11/2013
2013034686;3;2;3;1;3;760;26/11/2013
2013034687;5;2;2;1;6;760;27/11/2013
2013034688;1;2;4;1;6;760;01/12/2013
2013034689;5;2;1;1;6;760;03/12/2013
2013034690;1;2;3;1;6;760;05/12/2013
2013034691;5;1;4;2;6;760;07/12/2013
2013034692;1;2;2;1;6;760;10/12/2013
2013034693;1;2;2;1;3;760;12/12/2013
2013034694;5;2;4;1;6;760;12/12/2013
2013034695;2;2;1;1;6;760;13/12/2013
2013034696;1;1;4;2;2;760;13/12/2013
2013034697;1;2;2;1;3;760;13/12/2013
2013034698;1;2;3;1;6;760;19/12/2013
2013034699;1;2;1;1;1;760;20/12/2013
2013034700;5;1;1;1;6;760;21/12/2013
2013034701;1;2;2;3;3;760;24/12/2013
2013034702;5;2;3;1;3;760;24/12/2013
2013034703;1;2;2;1;3;760;26/12/2013
2013034704;1;2;9;3;6;760;27/12/2013
2013034705;1;2;1;1;6;760;30/12/2013
2013034706;1;2;1;1;6;760;31/12/2013
2013034707;1;2;3;2;2;760;23/12/2013
2013034708;1;2;3;1;2;760;26/12/2013
2013034709;1;1;1;1;3;760;02/12/2013
2013034710;1;2;1;1;6;760;09/12/2013
2013034711;1;2;2;1;6;760;10/12/2013
2013034712;2;2;1;1;6;760;13/12/2013
2013034713;5;2;1;1;6;760;19/12/2013
2013034714;2;2;4;2;6;760;20/12/2013
2013034715;1;2;3;1;3;760;17/12/2013
2013034716;1;2;4;3;6;760;13/12/2013
2013034717;1;2;2;8;1;760;07/01/2013
2013034718;5;2;4;1;6;760;15/12/2013
2013034719;1;2;1;9;5;760;24/12/2013
2013034720;5;2;3;9;2;760;30/12/2013
2013034721;1;2;3;1;3;760;15/01/2013
2013034722;5;2;2;1;3;760;02/01/2013
2013034723;5;2;1;1;6;760;09/01/2013
2013034724;5;2;2;1;6;760;09/01/2013
2013034725;1;2;6;1;6;760;15/01/2013
2013034726;3;1;1;1;1;760;16/01/2013