num_acc;lum;agg;inter;atm;col;dep;date
2013037614;1;2;1;1;6;900;04/08/2013
2013037615;5;2;1;1;1;900;12/08/2013
2013037616;1;2;1;1;4;900;13/08/2013
2013037617;2;2;1;1;2;900;25/08/2013
2013037618;1;1;2;1;2;900;26/08/2013
2013037619;1;2;1;1;6;900;30/08/2013
2013037620;1;2;1;1;6;900;05/09/2013
2013037621;1;2;1;1;6;900;09/09/2013
2013037622;1;1;1;1;3;900;06/09/2013
2013037623;1;2;1;2;1;900;11/09/2013
2013037624;1;2;1;1;2;900;13/09/2013
2013037625;1;2;1;2;7;900;17/09/2013
2013037626;1;2;1;1;3;900;19/09/2013
2013037627;1;2;1;1;6;900;19/09/2013
2013037628;2;2;2;2;3;900;19/09/2013
2013037629;1;2;1;1;6;900;20/09/2013
2013037630;1;2;1;1;6;900;22/09/2013
2013037631;1;2;1;1;2;900;23/09/2013
2013037632;1;1;1;1;6;900;25/09/2013
2013037633;5;2;3;1;3;900;29/09/2013
2013037634;1;2;1;1;3;900;30/09/2013
2013037635;1;2;1;1;2;900;03/10/2013
2013037636;2;2;3;1;3;900;07/10/2013
2013037637;1;2;1;1;6;900;09/10/2013
2013037638;2;2;1;3;6;900;10/10/2013
2013037639;1;2;3;1;1;900;10/10/2013
2013037640;1;2;1;2;3;900;14/10/2013
2013037641;1;2;1;1;6;900;14/10/2013
2013037642;1;2;6;2;6;900;20/10/2013
2013037643;1;2;1;1;4;900;31/10/2013
2013037644;1;2;1;2;2;900;03/11/2013
2013037645;1;2;2;1;6;900;07/11/2013
2013037646;5;2;1;1;7;900;07/11/2013
2013037647;1;2;3;2;3;900;08/11/2013
2013037648;5;2;6;1;3;900;09/11/2013
2013037649;5;2;1;1;6;900;13/11/2013
2013037650;5;2;1;3;6;900;19/11/2013
2013037651;4;2;1;4;6;900;19/11/2013
2013037652;1;2;1;1;6;900;27/11/2013
2013037653;5;2;1;1;6;900;29/11/2013
2013037654;5;2;4;1;3;900;02/12/2013
2013037655;1;1;1;9;7;900;04/12/2013
2013037656;4;2;1;1;6;900;06/12/2013
2013037657;1;2;1;1;6;900;09/12/2013
2013037658;5;2;1;9;6;900;10/12/2013
2013037659;5;2;1;8;5;900;12/12/2013
2013037660;5;2;1;1;1;900;13/12/2013
2013037661;1;2;3;1;6;900;18/12/2013
2013037662;5;2;1;2;3;900;25/12/2013
2013037663;1;2;6;2;7;900;26/12/2013
2013037664;5;2;1;1;4;900;26/12/2013
2013037665;5;2;1;1;3;900;27/12/2013
2013037666;2;2;1;1;3;900;31/12/2013
2013037667;2;2;1;1;6;910;08/01/2013
2013037668;5;2;1;1;4;910;08/01/2013
2013037669;5;2;2;2;3;910;15/01/2013
2013037670;5;2;1;1;6;910;15/01/2013
2013037671;1;2;1;1;2;910;16/01/2013
2013037672;2;2;1;1;2;910;26/01/2013
2013037673;1;2;6;1;3;910;28/01/2013
2013037674;1;2;1;2;6;910;01/02/2013
2013037675;1;2;1;1;3;910;07/02/2013
2013037676;1;2;1;1;6;910;08/02/2013
2013037677;3;2;1;1;3;910;11/02/2013
2013037678;1;2;1;1;6;910;12/02/2013
2013037679;1;2;1;1;3;910;15/02/2013
2013037680;1;2;1;1;2;910;15/02/2013
2013037681;5;2;1;1;6;910;22/02/2013
2013037682;1;2;1;1;3;910;05/03/2013
2013037683;1;2;1;1;3;910;07/03/2013
2013037684;1;2;1;1;6;910;16/03/2013
2013037685;1;2;1;1;2;910;18/03/2013
2013037686;1;2;1;2;1;910;18/03/2013
2013037687;1;2;1;1;1;910;21/03/2013
2013037688;3;2;1;4;2;910;01/04/2013
2013037689;1;2;1;1;2;910;05/04/2013
2013037690;1;2;1;1;2;910;05/04/2013
2013037691;1;2;1;1;2;910;07/04/2013
2013037692;1;2;1;1;2;910;09/04/2013
2013037693;1;1;1;1;4;910;16/04/2013
2013037694;1;2;3;1;1;910;18/04/2013
2013037695;1;2;1;1;3;910;23/04/2013
2013037696;1;1;1;1;6;910;24/04/2013
2013037697;1;2;1;1;6;910;02/05/2013
2013037698;1;2;1;1;1;910;04/05/2013
2013037699;1;2;1;2;4;910;15/05/2013
2013037700;1;2;1;2;2;910;18/05/2013
2013037701;1;2;1;1;2;910;30/05/2013
2013037702;5;2;1;1;2;910;31/05/2013
2013037703;1;2;1;1;3;910;01/06/2013
2013037704;1;2;1;1;3;910;07/06/2013
2013037705;1;2;1;1;2;910;07/06/2013
2013037706;1;2;1;1;6;910;08/06/2013
2013037707;1;2;1;2;3;910;12/06/2013
2013037708;1;2;1;2;3;910;13/06/2013
2013037709;1;1;1;2;5;910;17/06/2013
2013037710;1;2;3;1;3;910;26/06/2013
2013037711;1;2;1;2;6;910;28/06/2013
2013037712;1;2;1;1;3;910;04/07/2013
2013037713;1;1;1;1;3;910;10/07/2013
2013037714;1;1;1;1;6;910;13/07/2013
2013037715;1;1;1;1;3;910;14/07/2013
2013037716;1;2;1;1;2;910;20/07/2013
2013037717;1;2;1;1;4;910;20/07/2013
2013037718;1;2;1;1;2;910;29/07/2013
2013037719;1;2;1;1;2;910;06/08/2013
2013037720;1;2;1;1;3;910;08/08/2013
2013037721;1;1;3;1;3;910;03/09/2013
2013037722;1;2;1;1;3;910;05/09/2013
2013037723;5;2;1;9;6;910;06/09/2013
2013037724;1;2;1;1;3;910;07/09/2013
2013037725;1;1;1;1;4;910;11/09/2013
2013037726;1;2;6;2;3;910;13/09/2013
2013037727;1;1;2;2;3;910;14/09/2013
2013037728;1;2;1;2;1;910;14/09/2013
2013037729;1;1;1;1;4;910;15/09/2013
2013037730;1;2;1;1;3;910;23/09/2013
2013037731;1;2;1;1;5;910;24/09/2013
2013037732;5;2;1;1;1;910;27/09/2013
2013037733;1;2;1;1;6;910;30/09/2013
2013037734;5;2;1;1;6;910;02/10/2013
2013037735;2;1;1;1;4;910;09/10/2013
2013037736;1;2;1;1;4;910;11/10/2013
2013037737;1;1;1;3;2;910;16/10/2013
2013037738;1;2;1;1;3;910;29/10/2013
2013037739;1;2;1;1;2;910;31/10/2013
2013037740;1;1;1;1;2;910;02/11/2013
2013037741;1;2;2;2;3;910;06/11/2013
2013037742;1;1;1;2;3;910;12/11/2013
2013037743;1;1;9;1;5;910;19/11/2013
2013037744;5;2;1;2;2;910;21/11/2013
2013037745;5;2;1;1;6;910;23/11/2013
2013037746;3;2;1;1;3;910;26/11/2013
2013037747;5;2;1;1;2;910;26/11/2013
2013037748;5;2;1;1;1;910;02/12/2013
2013037749;1;2;1;1;6;910;03/12/2013
2013037750;1;2;1;1;3;910;04/12/2013
2013037751;1;2;1;1;3;910;06/12/2013
2013037752;5;2;1;1;6;910;20/12/2013
2013037753;1;2;1;1;6;910;24/01/2013
2013037754;5;2;1;2;6;910;30/01/2013
2013037755;5;2;1;1;2;910;15/02/2013
2013037756;5;2;2;1;3;910;04/03/2013
2013037757;1;2;1;1;4;910;07/03/2013
2013037758;1;2;1;2;4;910;24/05/2013
2013037759;1;2;2;1;3;910;26/05/2013
2013037760;1;2;1;1;3;910;05/07/2013
2013037761;1;2;2;1;3;910;15/07/2013
2013037762;1;1;1;1;3;910;09/08/2013
2013037763;1;1;2;1;6;910;30/08/2013
2013037764;1;2;1;1;6;910;11/09/2013
2013037765;1;1;1;1;3;910;25/07/2013
2013037766;1;2;2;1;3;910;04/10/2013
2013037767;1;2;1;8;4;910;17/10/2013
2013037768;1;2;7;1;2;910;23/10/2013
2013037769;1;2;1;1;3;910;19/10/2013
2013037770;5;1;1;8;2;910;07/11/2013
2013037771;5;1;1;3;3;910;08/11/2013
2013037772;1;2;1;8;1;910;07/11/2013
2013037773;5;2;1;1;6;910;22/11/2013
2013037774;5;2;2;1;5;910;03/12/2013
2013037775;1;2;3;1;3;910;05/12/2013
2013037776;1;2;1;1;3;910;14/12/2013
2013037777;1;2;1;1;3;910;04/01/2013
2013037778;1;1;1;1;2;910;09/01/2013
2013037779;1;2;1;1;4;910;16/01/2013
2013037780;1;2;1;1;6;910;30/01/2013
2013037781;2;2;1;2;4;910;04/02/2013
2013037782;2;2;1;1;1;910;04/02/2013
2013037783;5;2;1;1;6;910;09/02/2013
2013037784;1;2;2;1;3;910;07/02/2013
2013037785;5;2;1;1;3;910;15/02/2013
2013037786;1;2;1;1;4;910;04/03/2013
2013037787;1;2;1;1;6;910;13/03/2013
2013037788;1;2;1;1;1;910;28/03/2013
2013037789;1;2;1;1;3;910;29/03/2013
2013037790;1;2;1;1;6;910;02/04/2013
2013037791;1;2;1;1;6;910;06/04/2013
2013037792;1;2;1;1;2;910;12/04/2013
2013037793;1;2;1;1;2;910;13/04/2013
2013037794;1;2;1;1;3;910;25/04/2013
2013037795;1;2;1;1;6;910;02/05/2013
2013037796;5;2;1;1;3;910;04/05/2013
2013037797;1;2;1;1;1;910;14/05/2013
2013037798;1;2;1;1;2;910;14/05/2013
2013037799;5;2;1;1;4;910;26/05/2013
2013037800;1;2;1;1;6;910;26/05/2013
2013037801;1;2;1;1;2;910;29/05/2013
2013037802;1;2;1;1;2;910;30/05/2013
2013037803;1;2;3;1;5;910;03/06/2013
2013037804;1;2;1;1;3;910;08/06/2013
2013037805;1;2;9;1;2;910;18/06/2013
2013037806;1;2;1;1;2;910;09/07/2013
2013037807;1;2;6;1;6;910;15/07/2013
2013037808;1;2;1;1;2;910;19/07/2013
2013037809;1;2;3;1;6;910;02/08/2013
2013037810;5;2;1;1;2;910;29/08/2013
2013037811;1;2;1;1;6;910;29/08/2013
2013037812;1;2;1;1;4;910;30/08/2013
2013037813;1;2;1;1;3;910;06/09/2013
2013037814;1;2;1;1;3;910;18/09/2013
2013037815;1;2;1;1;6;910;19/09/2013
2013037816;1;2;1;1;6;910;24/09/2013
2013037817;2;2;1;1;3;910;30/09/2013
2013037818;1;2;1;1;2;910;30/09/2013
2013037819;1;2;1;1;5;910;01/10/2013
2013037820;5;2;6;1;3;910;02/10/2013
2013037821;5;2;2;1;3;910;03/10/2013
2013037822;2;2;1;1;2;910;04/10/2013
2013037823;1;2;1;1;1;910;02/10/2013
2013037824;1;2;1;1;2;910;11/10/2013
2013037825;1;2;6;1;2;910;13/10/2013
2013037826;1;2;1;1;6;910;10/11/2013
2013037827;1;2;1;1;4;910;11/11/2013
2013037828;1;2;9;1;6;910;12/11/2013
2013037829;1;2;1;1;2;910;18/11/2013
2013037830;5;2;1;3;6;910;20/11/2013
2013037831;3;2;1;2;6;910;20/11/2013
2013037832;5;2;1;1;6;910;22/11/2013
2013037833;1;2;1;1;2;910;27/11/2013
2013037834;5;2;1;1;2;910;06/12/2013
2013037835;1;2;1;1;2;910;07/12/2013
2013037836;5;2;1;1;7;910;09/12/2013
2013037837;1;2;1;1;6;910;10/12/2013
2013037838;1;2;2;1;3;910;13/12/2013
2013037839;5;2;1;1;6;910;13/12/2013
2013037840;2;2;1;1;4;910;17/12/2013
2013037841;5;2;6;1;3;910;24/12/2013
2013037842;1;2;1;1;2;910;20/12/2013
2013037843;5;2;6;1;6;910;17/10/2013
2013037844;1;2;3;1;3;910;12/10/2013
2013037845;1;2;1;1;6;910;16/10/2013
2013037846;1;2;3;1;3;910;20/11/2013
2013037847;1;2;1;1;6;910;20/11/2013
2013037848;5;2;4;2;1;910;08/01/2013
2013037849;5;2;1;1;3;910;08/01/2013
2013037850;1;2;1;1;3;910;22/11/2013
2013037851;5;2;1;2;6;910;03/01/2013
2013037852;1;2;1;1;6;910;05/01/2013
2013037853;4;2;2;2;6;910;11/01/2013
2013037854;2;2;2;1;2;910;25/11/2013
2013037855;5;2;6;1;1;910;06/04/2013
2013037856;5;2;3;1;3;910;28/01/2013
2013037857;2;2;6;1;3;910;09/03/2013
2013037858;1;2;1;1;5;910;12/04/2013
2013037859;1;2;1;1;2;910;12/04/2013
2013037860;3;2;1;1;6;910;02/04/2013
2013037861;1;2;1;1;2;910;14/03/2013
2013037862;1;2;1;1;4;910;12/03/2013
2013037863;1;1;1;1;6;910;17/05/2013
2013037864;2;2;2;1;3;910;23/05/2013
2013037865;2;2;1;2;4;910;26/04/2013
2013037866;1;2;1;1;6;910;27/04/2013
2013037867;1;2;1;1;3;910;22/05/2013
2013037868;1;2;1;1;2;910;19/03/2013
2013037869;1;2;1;1;6;910;04/06/2013
2013037870;1;2;1;1;6;910;04/07/2013
2013037871;1;2;9;1;2;910;02/07/2013
2013037872;1;2;1;1;6;910;13/07/2013
2013037873;1;2;1;1;2;910;08/08/2013
2013037874;1;2;1;1;3;910;08/08/2013
2013037875;1;2;1;1;7;910;11/05/2013
2013037876;1;2;3;1;3;910;07/09/2013
2013037877;1;2;1;1;2;910;29/08/2013
2013037878;1;2;3;1;3;910;06/05/2013
2013037879;1;2;9;2;6;910;14/09/2013
2013037880;1;2;1;3;7;910;16/09/2013
2013037881;1;2;3;1;3;910;28/05/2013
2013037882;1;2;1;1;4;910;05/10/2013
2013037883;1;1;1;1;6;910;08/07/2013
2013037884;1;2;1;1;2;910;11/07/2013
2013037885;2;2;3;2;6;910;09/10/2013
2013037886;1;2;1;1;6;910;25/06/2013
2013037887;1;2;1;1;3;910;20/08/2013
2013037888;1;2;1;1;6;910;30/08/2013
2013037889;1;2;2;1;3;910;15/09/2013
2013037890;1;2;1;8;6;910;06/11/2013
2013037891;1;2;3;1;6;910;04/09/2013
2013037892;1;2;3;1;3;910;18/10/2013
2013037893;1;2;3;1;2;910;02/09/2013
2013037894;1;2;9;1;6;910;27/11/2013
2013037895;1;2;1;1;2;910;21/11/2013
2013037896;1;2;1;1;2;910;17/12/2013
2013037897;5;2;1;1;6;910;30/11/2013
2013037898;1;2;1;8;2;910;06/01/2013
2013037899;2;2;3;8;5;910;09/01/2013
2013037900;5;2;2;1;6;910;09/01/2013
2013037901;2;2;2;1;3;910;11/01/2013
2013037902;1;2;1;2;3;910;01/02/2013
2013037903;5;2;1;1;2;910;28/01/2013
2013037904;3;2;2;2;3;910;05/02/2013
2013037905;1;2;2;1;2;910;31/12/2013
2013037906;1;2;1;2;6;910;09/02/2013
2013037907;1;2;2;2;3;910;13/02/2013
2013037908;1;2;1;1;6;910;16/02/2013
2013037909;1;2;3;1;3;910;17/02/2013
2013037910;1;2;1;1;2;910;12/01/2013
2013037911;1;2;1;1;5;910;14/01/2013
2013037912;3;2;1;1;6;910;15/01/2013
2013037913;1;2;1;1;3;910;23/01/2013
2013037914;1;2;1;1;6;910;06/03/2013
2013037915;5;2;1;1;2;910;08/03/2013
2013037916;1;2;1;1;1;910;23/02/2013
2013037917;1;2;1;2;2;910;28/02/2013
2013037918;1;2;3;1;3;910;05/04/2013
2013037919;1;2;1;1;3;910;06/04/2013
2013037920;1;2;1;1;6;910;23/04/2013
2013037921;1;2;1;1;3;910;05/04/2013
2013037922;1;2;1;2;5;910;09/04/2013
2013037923;1;2;1;8;6;910;12/04/2013
2013037924;1;2;1;1;3;910;16/04/2013
2013037925;1;2;1;1;3;910;21/04/2013
2013037926;1;2;1;1;6;910;21/04/2013
2013037927;1;2;3;1;3;910;22/03/2013
2013037928;1;2;2;1;2;910;27/03/2013
2013037929;5;2;1;1;1;910;26/04/2013
2013037930;3;2;1;1;6;910;25/04/2013
2013037931;1;2;1;9;1;910;27/04/2013
2013037932;5;2;1;9;6;910;27/04/2013
2013037933;1;2;2;1;3;910;10/05/2013
2013037934;3;2;1;2;6;910;16/05/2013
2013037935;1;2;2;1;1;910;16/05/2013
2013037936;2;2;3;1;3;910;24/05/2013
2013037937;1;2;2;1;6;910;06/06/2013
2013037938;1;2;1;1;2;910;06/06/2013
2013037939;2;2;2;1;3;910;09/06/2013
2013037940;2;2;3;1;3;910;05/05/2013
2013037941;1;2;1;1;3;910;16/06/2013
2013037942;5;2;2;1;3;910;25/06/2013
2013037943;1;2;1;1;1;910;25/05/2013
2013037944;1;2;3;1;3;910;25/05/2013
2013037945;1;2;1;1;6;910;27/05/2013
2013037946;1;2;3;1;6;910;08/07/2013
2013037947;1;2;3;1;3;910;18/06/2013
2013037948;1;2;3;1;3;910;17/07/2013
2013037949;1;2;1;1;6;910;21/07/2013
2013037950;1;2;1;1;2;910;21/07/2013
2013037951;1;2;1;1;6;910;08/08/2013
2013037952;1;2;2;1;3;910;09/08/2013
2013037953;1;2;1;1;6;910;16/08/2013
2013037954;5;2;1;1;6;910;28/08/2013
2013037955;1;2;2;1;3;910;05/09/2013
2013037956;1;2;2;2;1;910;18/09/2013
2013037957;1;2;1;1;6;910;24/09/2013
2013037958;1;2;2;1;3;910;24/09/2013
2013037959;1;2;1;1;2;910;25/09/2013
2013037960;1;2;1;1;3;910;27/09/2013
2013037961;5;2;1;1;3;910;03/10/2013
2013037962;1;2;2;1;5;910;02/10/2013
2013037963;5;2;2;1;6;910;10/10/2013
2013037964;1;2;1;2;6;910;14/10/2013
2013037965;3;2;1;2;6;910;16/10/2013
2013037966;1;2;2;1;6;910;25/10/2013
2013037967;1;2;2;1;4;910;31/10/2013
2013037968;1;2;2;1;6;910;01/11/2013
2013037969;5;2;9;9;1;910;04/11/2013
2013037970;1;2;1;2;6;910;13/11/2013
2013037971;5;2;1;1;6;910;13/11/2013
2013037972;1;2;1;2;2;910;21/11/2013
2013037973;1;2;1;1;2;910;05/12/2013
2013037974;1;2;1;9;6;910;19/12/2013
2013037975;5;2;2;2;6;910;27/12/2013
2013037976;5;1;1;1;1;910;01/01/2013
2013037977;5;2;1;1;6;910;01/01/2013
2013037978;3;1;1;2;6;910;03/01/2013
2013037979;1;2;1;1;6;910;05/01/2013
2013037980;5;1;1;1;7;910;10/01/2013
2013037981;1;2;1;8;7;910;15/01/2013
2013037982;1;2;1;1;3;910;16/01/2013
2013037983;1;2;1;1;7;910;23/01/2013
2013037984;3;1;1;1;1;910;28/01/2013
2013037985;5;2;1;1;6;910;07/02/2013
2013037986;2;1;1;1;6;910;08/02/2013
2013037987;1;2;1;2;6;910;11/02/2013
2013037988;1;2;3;1;3;910;11/02/2013
2013037989;1;2;1;1;2;910;15/02/2013
2013037990;1;2;1;1;6;910;18/02/2013
2013037991;1;1;3;1;3;910;18/02/2013
2013037992;1;2;1;1;6;910;20/02/2013
2013037993;2;2;1;4;6;910;25/02/2013
2013037994;2;2;1;1;7;910;26/02/2013
2013037995;1;2;1;1;7;910;03/03/2013
2013037996;5;1;1;1;3;910;04/03/2013
2013037997;5;2;1;2;2;910;06/03/2013
2013037998;1;1;6;4;6;910;12/03/2013
2013037999;1;2;1;1;6;910;17/03/2013
2013038000;1;2;1;1;2;910;20/03/2013
2013038001;1;2;1;1;6;910;22/03/2013
2013038002;1;2;1;1;7;910;27/03/2013
2013038003;1;2;1;1;6;910;28/03/2013
2013038004;1;1;6;1;7;910;03/04/2013
2013038005;1;2;1;1;6;910;23/04/2013
2013038006;1;2;1;1;7;910;23/04/2013
2013038007;1;2;1;1;3;910;27/04/2013
2013038008;1;1;1;1;6;910;02/05/2013
2013038009;1;2;1;1;2;910;03/06/2013
2013038010;1;2;1;1;2;910;06/06/2013
2013038011;1;2;1;1;6;910;07/06/2013
2013038012;1;1;1;1;2;910;12/06/2013
2013038013;1;1;1;1;7;910;14/06/2013
2013038014;1;1;2;1;1;910;14/06/2013
2013038015;1;1;1;2;2;910;16/06/2013
2013038016;3;1;1;2;6;910;21/06/2013
2013038017;1;1;1;1;1;910;12/07/2013
2013038018;1;2;1;1;3;910;15/07/2013
2013038019;1;2;6;1;5;910;15/07/2013
2013038020;2;1;1;1;6;910;16/07/2013
2013038021;1;2;3;1;3;910;20/07/2013
2013038022;1;1;6;1;6;910;21/07/2013
2013038023;1;2;1;1;7;910;25/07/2013
2013038024;1;1;1;1;2;910;25/07/2013
2013038025;1;2;1;1;7;910;28/07/2013
2013038026;1;1;1;1;2;910;29/07/2013
2013038027;1;2;1;1;7;910;06/08/2013
2013038028;1;2;1;1;7;910;08/08/2013
2013038029;1;2;1;2;4;910;25/08/2013
2013038030;1;2;3;2;3;910;25/08/2013
2013038031;1;1;1;2;7;910;26/08/2013
2013038032;1;2;1;1;1;910;30/08/2013
2013038033;1;1;1;1;7;910;05/09/2013
2013038034;1;1;1;2;6;910;07/09/2013
2013038035;1;2;1;2;7;910;14/09/2013
2013038036;1;2;2;2;7;910;14/09/2013
2013038037;5;2;3;1;3;910;21/09/2013
2013038038;1;2;1;1;7;910;22/09/2013
2013038039;1;2;3;1;3;910;23/09/2013
2013038040;1;1;1;1;7;910;25/09/2013
2013038041;3;1;1;1;6;910;25/09/2013
2013038042;1;1;2;1;3;910;06/10/2013
2013038043;1;2;6;1;3;910;13/10/2013
2013038044;1;1;1;2;2;910;15/10/2013
2013038045;1;1;1;1;6;910;15/10/2013
2013038046;3;2;1;2;7;910;19/10/2013
2013038047;1;1;9;1;3;910;22/10/2013
2013038048;5;1;2;2;3;910;27/10/2013
2013038049;2;2;3;2;5;910;05/11/2013
2013038050;1;2;1;1;6;910;11/11/2013
2013038051;1;2;1;1;2;910;15/11/2013
2013038052;5;2;1;1;6;910;18/11/2013
2013038053;1;2;1;1;7;910;19/11/2013
2013038054;1;2;3;1;3;910;28/11/2013
2013038055;3;1;1;1;6;910;01/12/2013
2013038056;2;2;1;1;6;910;02/12/2013
2013038057;3;1;1;1;2;910;02/12/2013
2013038058;1;2;1;1;7;910;08/12/2013
2013038059;3;1;1;9;6;910;10/12/2013
2013038060;1;2;1;1;6;910;12/12/2013
2013038061;3;1;1;9;7;910;16/12/2013
2013038062;1;1;1;1;6;910;18/12/2013
2013038063;3;1;1;2;6;910;23/12/2013
2013038064;1;2;1;3;1;910;24/12/2013
2013038065;5;2;6;2;6;910;30/12/2013
2013038066;1;2;1;1;6;910;31/12/2013
2013038067;1;2;1;8;6;910;15/01/2013
2013038068;1;2;1;2;6;910;30/01/2013
2013038069;2;2;1;2;5;910;14/02/2013
2013038070;1;2;1;1;6;910;15/02/2013
2013038071;1;2;1;1;2;910;06/03/2013
2013038072;1;2;1;1;2;910;16/03/2013
2013038073;1;2;1;1;6;910;03/05/2013
2013038074;1;2;1;2;6;910;21/05/2013
2013038075;1;2;6;1;1;910;27/06/2013
2013038076;1;2;9;1;3;910;13/08/2013
2013038077;1;2;1;1;5;910;03/10/2013
2013038078;1;2;1;1;6;910;30/09/2013
2013038079;1;2;1;1;6;910;07/10/2013
2013038080;3;2;1;2;6;910;15/10/2013
2013038081;3;1;1;1;6;910;31/10/2013
2013038082;5;2;1;1;3;910;04/11/2013
2013038083;1;2;1;1;4;910;07/01/2013
2013038084;1;2;1;1;6;910;03/01/2013
2013038085;1;2;1;1;1;910;09/01/2013
2013038086;5;2;1;1;6;910;12/01/2013
2013038087;2;2;1;1;2;910;27/01/2013
2013038088;2;2;1;1;6;910;28/01/2013
2013038089;5;2;1;1;6;910;04/02/2013
2013038090;1;2;1;1;6;910;09/02/2013
2013038091;2;2;1;1;6;910;12/02/2013
2013038092;2;2;1;1;6;910;13/02/2013
2013038093;1;2;1;1;6;910;13/02/2013
2013038094;2;2;1;1;6;910;20/02/2013
2013038095;2;2;3;1;3;910;26/02/2013
2013038096;2;2;2;1;3;910;28/02/2013
2013038097;1;2;1;1;6;910;05/03/2013
2013038098;1;2;1;1;6;910;01/03/2013
2013038099;1;2;1;1;6;910;03/03/2013
2013038100;5;2;1;1;6;910;07/03/2013
2013038101;1;2;1;1;6;910;25/03/2013
2013038102;5;2;2;3;3;910;10/04/2013
2013038103;1;2;1;1;6;910;22/04/2013
2013038104;1;2;1;1;6;910;22/04/2013
2013038105;1;2;1;1;6;910;24/04/2013
2013038106;2;2;1;2;2;910;16/05/2013
2013038107;1;2;1;1;6;910;14/05/2013
2013038108;1;2;1;1;6;910;28/04/2013
2013038109;1;2;1;1;6;910;10/06/2013
2013038110;2;2;1;1;6;910;03/05/2013
2013038111;1;2;1;1;6;910;06/05/2013
2013038112;2;2;1;2;2;910;30/05/2013
2013038113;2;2;1;1;6;910;13/06/2013
2013038114;1;2;1;1;6;910;06/06/2013
2013038115;1;2;1;1;3;910;21/06/2013
2013038116;1;2;1;1;6;910;16/07/2013
2013038117;1;2;1;1;1;910;15/07/2013
2013038118;1;2;1;1;6;910;08/08/2013
2013038119;1;2;1;1;6;910;13/08/2013
2013038120;2;2;1;1;3;910;15/08/2013
2013038121;2;2;1;1;3;910;14/10/2013
2013038122;1;2;1;1;6;910;18/10/2013
2013038123;2;2;1;1;6;910;07/10/2013
2013038124;5;2;1;2;6;910;14/11/2013
2013038125;1;2;1;1;3;910;18/11/2013
2013038126;2;2;1;3;2;910;20/11/2013
2013038127;1;2;1;1;6;910;19/10/2013
2013038128;1;2;1;1;6;910;30/10/2013
2013038129;5;2;1;2;6;910;12/11/2013
2013038130;2;2;1;1;3;910;29/11/2013
2013038131;2;2;1;1;6;910;02/12/2013
2013038132;1;2;1;1;5;910;12/12/2013
2013038133;5;2;1;1;6;910;22/11/2013
2013038134;1;2;1;1;7;910;10/12/2013
2013038135;5;2;1;1;6;910;06/12/2013
2013038136;3;2;1;2;6;910;25/12/2013
2013038137;5;2;2;2;3;910;11/01/2013
2013038138;3;2;1;1;6;910;17/01/2013
2013038139;5;1;1;2;6;910;28/01/2013
2013038140;5;2;2;8;1;910;06/02/2013
2013038141;1;2;3;1;3;910;08/02/2013
2013038142;2;2;2;8;6;910;20/02/2013
2013038143;1;2;1;1;3;910;20/02/2013
2013038144;5;2;1;1;3;910;14/03/2013
2013038145;1;1;4;7;2;910;25/04/2013
2013038146;2;2;1;1;1;910;04/05/2013
2013038147;3;1;1;8;2;910;19/06/2013
2013038148;1;2;1;1;6;910;25/06/2013
2013038149;1;2;3;1;3;910;01/07/2013
2013038150;1;2;1;1;2;910;18/07/2013
2013038151;1;2;3;1;3;910;16/08/2013
2013038152;1;2;1;1;6;910;30/08/2013
2013038153;1;1;1;2;3;910;09/09/2013
2013038154;5;1;1;1;6;910;11/09/2013
2013038155;1;2;1;2;3;910;12/09/2013
2013038156;1;2;1;2;4;910;16/09/2013
2013038157;1;2;1;1;1;910;23/09/2013
2013038158;1;2;2;1;3;910;08/10/2013
2013038159;5;2;1;1;3;910;11/10/2013
2013038160;1;1;1;7;4;910;16/10/2013
2013038161;5;2;1;2;3;910;20/10/2013
2013038162;1;2;1;1;2;910;05/11/2013
2013038163;5;1;3;2;5;910;07/11/2013
2013038164;5;2;2;2;6;910;07/11/2013
2013038165;2;2;1;2;1;910;08/11/2013
2013038166;1;2;1;2;6;910;12/11/2013
2013038167;5;2;1;2;2;910;12/11/2013
2013038168;5;2;2;1;3;910;17/11/2013
2013038169;1;2;1;1;2;910;10/12/2013
2013038170;5;2;3;1;3;910;12/12/2013
2013038171;5;2;4;1;6;910;20/12/2013
2013038172;1;2;1;1;2;910;10/07/2013
2013038173;1;2;1;1;3;910;19/07/2013
2013038174;1;2;1;1;6;910;31/07/2013
2013038175;1;2;1;1;3;910;08/10/2013
2013038176;1;2;1;1;6;910;16/10/2013
2013038177;3;2;3;1;6;910;21/10/2013
2013038178;5;2;1;1;4;910;23/10/2013
2013038179;5;2;3;1;6;910;26/10/2013
2013038180;5;2;1;1;3;910;21/12/2013
2013038181;1;1;1;1;3;910;17/08/2013
2013038182;1;2;1;1;6;910;23/07/2013
2013038183;3;2;1;1;7;910;25/03/2013
2013038184;3;2;1;1;7;910;04/05/2013
2013038185;4;2;1;1;6;910;30/06/2013
2013038186;1;2;1;1;3;910;12/07/2013
2013038187;1;2;1;1;6;910;26/08/2013
2013038188;4;2;1;1;6;910;25/10/2013
2013038189;1;2;1;1;3;910;14/11/2013
2013038190;2;2;1;1;6;910;04/12/2013