num_acc;lum;agg;inter;atm;col;dep;date
2013038191;2;2;4;2;6;910;21/01/2013
2013038192;1;1;1;2;6;910;01/02/2013
2013038193;5;2;3;1;3;910;05/02/2013
2013038194;5;1;1;2;2;910;08/02/2013
2013038195;1;2;1;1;5;910;29/01/2013
2013038196;1;1;1;1;3;910;25/02/2013
2013038197;1;1;1;1;2;910;07/03/2013
2013038198;1;2;1;2;3;910;08/03/2013
2013038199;1;2;1;1;2;910;14/03/2013
2013038200;5;1;1;1;5;910;17/02/2013
2013038201;5;2;1;2;2;910;08/03/2013
2013038202;5;2;1;1;2;910;21/03/2013
2013038203;2;1;1;3;4;910;08/02/2013
2013038204;2;1;1;1;3;910;09/02/2013
2013038205;1;1;1;1;2;910;10/02/2013
2013038206;1;2;1;1;1;910;13/02/2013
2013038207;1;2;1;1;6;910;11/04/2013
2013038208;1;2;6;1;3;910;12/04/2013
2013038209;1;2;6;1;4;910;20/04/2013
2013038210;1;2;1;1;1;910;17/04/2013
2013038211;1;2;6;1;2;910;21/04/2013
2013038212;1;2;3;1;3;910;29/04/2013
2013038213;1;1;1;1;1;910;14/05/2013
2013038214;1;2;1;1;2;910;25/05/2013
2013038215;1;2;1;2;2;910;16/05/2013
2013038216;1;2;1;1;1;910;30/05/2013
2013038217;1;2;1;1;2;910;04/06/2013
2013038218;1;1;1;1;6;910;05/06/2013
2013038219;1;2;4;1;6;910;06/06/2013
2013038220;1;2;1;2;6;910;12/06/2013
2013038221;1;2;1;1;3;910;11/06/2013
2013038222;1;2;1;1;6;910;25/06/2013
2013038223;1;2;1;1;2;910;25/06/2013
2013038224;1;1;1;1;5;910;26/06/2013
2013038225;1;2;1;1;2;910;29/06/2013
2013038226;1;1;1;1;2;910;30/06/2013
2013038227;1;2;1;1;2;910;01/07/2013
2013038228;1;2;1;1;5;910;06/07/2013
2013038229;1;1;1;1;2;910;08/07/2013
2013038230;1;2;1;1;3;910;13/07/2013
2013038231;4;1;1;1;6;910;10/07/2013
2013038232;1;2;6;1;6;910;19/07/2013
2013038233;1;2;1;1;2;910;19/07/2013
2013038234;1;2;1;1;6;910;19/07/2013
2013038235;1;1;1;1;2;910;24/07/2013
2013038236;1;2;1;1;2;910;26/07/2013
2013038237;1;2;2;1;3;910;27/07/2013
2013038238;1;2;2;1;3;910;26/08/2013
2013038239;1;1;1;1;4;910;20/08/2013
2013038240;5;2;3;1;3;910;20/08/2013
2013038241;5;2;2;1;3;910;15/06/2013
2013038242;1;2;6;1;1;910;01/10/2013
2013038243;1;2;1;1;3;910;02/10/2013
2013038244;1;2;1;1;2;910;17/09/2013
2013038245;1;2;1;1;7;910;07/09/2013
2013038246;1;2;1;1;6;910;04/10/2013
2013038247;5;2;1;1;6;910;10/10/2013
2013038248;5;2;1;1;2;910;10/10/2013
2013038249;1;2;1;1;6;910;11/10/2013
2013038250;1;2;2;1;3;910;11/10/2013
2013038251;1;2;1;1;2;910;15/10/2013
2013038252;1;2;1;1;6;910;15/10/2013
2013038253;5;2;1;1;6;910;15/10/2013
2013038254;1;2;6;1;3;910;18/10/2013
2013038255;5;2;1;3;6;910;28/10/2013
2013038256;1;2;1;2;2;910;08/11/2013
2013038257;5;1;1;2;2;910;08/11/2013
2013038258;1;2;1;1;6;910;12/11/2013
2013038259;1;2;2;2;3;910;14/11/2013
2013038260;1;2;1;1;6;910;15/11/2013
2013038261;1;2;1;1;3;910;15/11/2013
2013038262;1;2;3;1;3;910;20/11/2013
2013038263;5;2;1;3;6;910;20/11/2013
2013038264;1;2;1;1;6;910;27/11/2013
2013038265;2;2;1;1;1;910;28/11/2013
2013038266;1;2;1;1;3;910;09/12/2013
2013038267;1;2;1;1;6;910;10/12/2013
2013038268;1;1;1;1;2;910;14/12/2013
2013038269;3;1;1;1;2;910;15/12/2013
2013038270;5;2;1;1;2;910;17/12/2013
2013038271;1;2;1;1;3;910;18/12/2013
2013038272;5;2;1;1;6;910;19/12/2013
2013038273;5;2;1;2;6;910;27/12/2013
2013038274;5;2;1;2;6;910;30/12/2013
2013038275;2;2;1;2;6;910;08/01/2013
2013038276;1;2;1;1;1;910;05/01/2013
2013038277;2;2;3;8;6;910;08/01/2013
2013038278;1;2;1;1;6;910;08/01/2013
2013038279;2;2;3;1;6;910;16/01/2013
2013038280;5;2;1;1;6;910;28/01/2013
2013038281;5;2;1;2;6;910;29/01/2013
2013038282;1;2;1;1;6;910;30/01/2013
2013038283;1;2;4;1;2;910;06/02/2013
2013038284;5;2;1;1;6;910;13/02/2013
2013038285;4;2;1;2;6;910;05/11/2013
2013038286;1;2;1;1;3;910;30/11/2013
2013038287;5;2;3;1;1;910;13/02/2013
2013038288;1;2;4;1;3;910;18/02/2013
2013038289;1;2;1;1;2;910;16/01/2013
2013038290;1;2;2;1;3;910;22/02/2013
2013038291;1;1;1;1;5;910;16/02/2013
2013038292;1;2;3;1;6;910;13/02/2013
2013038293;5;2;3;1;6;910;28/02/2013
2013038294;5;2;1;1;6;910;26/01/2013
2013038295;1;2;1;1;4;910;23/01/2013
2013038296;2;2;3;1;1;910;01/03/2013
2013038297;1;1;1;1;3;910;19/03/2013
2013038298;1;2;1;1;6;910;15/03/2013
2013038299;1;2;1;1;6;910;22/03/2013
2013038300;1;2;1;1;3;910;26/03/2013
2013038301;1;2;1;1;6;910;09/04/2013
2013038302;1;2;1;1;3;910;08/04/2013
2013038303;1;2;1;1;1;910;16/04/2013
2013038304;1;2;2;8;3;910;19/04/2013
2013038305;1;2;1;1;3;910;21/04/2013
2013038306;1;2;3;2;3;910;26/04/2013
2013038307;1;2;1;1;2;910;29/04/2013
2013038308;1;2;9;1;3;910;17/04/2013
2013038309;1;1;1;1;3;910;12/05/2013
2013038310;1;2;1;1;6;910;22/05/2013
2013038311;1;2;1;1;6;910;28/05/2013
2013038312;1;2;1;1;2;910;08/06/2013
2013038313;1;2;1;2;6;910;09/06/2013
2013038314;5;2;1;1;6;910;02/06/2013
2013038315;1;2;1;1;4;910;11/06/2013
2013038316;5;2;9;1;6;910;27/05/2013
2013038317;1;2;1;1;3;910;15/06/2013
2013038318;1;2;1;1;6;910;18/06/2013
2013038319;1;2;1;1;1;910;27/05/2013
2013038320;3;1;1;8;3;910;23/06/2013
2013038321;1;2;1;1;2;910;27/05/2013
2013038322;1;2;1;1;6;910;17/05/2013
2013038323;1;2;1;1;6;910;03/07/2013
2013038324;1;2;1;1;2;910;11/07/2013
2013038325;1;1;4;1;6;910;12/07/2013
2013038326;1;2;1;1;1;910;29/05/2013
2013038327;1;2;1;1;2;910;09/06/2013
2013038328;1;2;1;1;3;910;07/06/2013
2013038329;1;2;6;1;4;910;15/07/2013
2013038330;4;2;3;1;1;910;10/08/2013
2013038331;5;1;1;1;6;910;21/08/2013
2013038332;1;2;1;1;1;910;28/08/2013
2013038333;1;2;6;1;2;910;03/09/2013
2013038334;1;2;1;1;6;910;13/07/2013
2013038335;1;2;3;1;3;910;05/09/2013
2013038336;1;2;1;1;6;910;06/09/2013
2013038337;1;2;1;1;6;910;09/09/2013
2013038338;1;2;3;2;3;910;09/09/2013
2013038339;1;2;1;1;6;910;10/09/2013
2013038340;1;2;9;1;3;910;26/09/2013
2013038341;5;2;7;8;7;910;28/09/2013
2013038342;5;2;1;1;5;910;30/09/2013
2013038343;1;2;1;1;6;910;01/10/2013
2013038344;1;2;1;1;6;910;01/10/2013
2013038345;4;1;1;2;6;910;10/10/2013
2013038346;1;2;1;8;6;910;12/10/2013
2013038347;1;2;1;1;6;910;12/10/2013
2013038348;1;2;1;7;6;910;15/10/2013
2013038349;1;2;3;1;6;910;18/10/2013
2013038350;1;2;1;1;3;910;24/10/2013
2013038351;1;2;3;1;6;910;29/10/2013
2013038352;1;2;1;1;1;910;15/10/2013
2013038353;1;2;1;2;6;910;09/11/2013
2013038354;5;2;1;1;6;910;11/11/2013
2013038355;1;2;1;1;2;910;29/11/2013
2013038356;1;1;1;1;2;910;03/12/2013
2013038357;1;1;1;4;1;910;11/12/2013
2013038358;5;2;1;1;2;910;23/12/2013
2013038359;1;2;1;1;2;910;12/12/2013
2013038360;5;2;1;1;6;910;29/12/2013
2013038361;1;2;1;1;3;910;02/12/2013
2013038362;1;2;2;1;3;910;03/12/2013
2013038363;1;2;1;1;3;910;04/10/2013
2013038364;5;2;1;2;6;910;03/01/2013
2013038365;3;1;6;1;2;910;08/01/2013
2013038366;1;2;1;1;3;910;06/02/2013
2013038367;5;2;2;1;3;910;06/02/2013
2013038368;1;2;1;3;6;910;14/02/2013
2013038369;1;2;1;1;2;910;28/03/2013
2013038370;5;2;1;1;6;910;06/04/2013
2013038371;1;2;1;1;3;910;11/04/2013
2013038372;1;2;1;1;6;910;29/03/2013
2013038373;1;2;1;1;6;910;20/04/2013
2013038374;5;2;1;1;6;910;29/04/2013
2013038375;1;2;1;1;6;910;30/04/2013
2013038376;1;2;2;1;3;910;02/06/2013
2013038377;1;2;2;1;3;910;03/06/2013
2013038378;1;2;2;1;3;910;25/06/2013
2013038379;1;2;1;1;6;910;27/06/2013
2013038380;1;2;1;1;6;910;02/07/2013
2013038381;1;2;1;1;6;910;05/07/2013
2013038382;1;2;1;1;6;910;16/08/2013
2013038383;1;2;1;1;6;910;23/08/2013
2013038384;5;2;2;1;3;910;05/09/2013
2013038385;1;2;1;1;6;910;06/09/2013
2013038386;1;2;1;1;3;910;27/09/2013
2013038387;2;2;2;2;3;910;29/09/2013
2013038388;5;2;1;1;1;910;07/10/2013
2013038389;2;1;1;2;1;910;15/10/2013
2013038390;1;2;1;1;6;910;23/10/2013
2013038391;1;1;1;2;2;910;21/11/2013
2013038392;5;2;7;1;1;910;22/11/2013
2013038393;2;2;1;2;6;910;29/11/2013
2013038394;1;2;1;1;2;910;03/12/2013
2013038395;5;2;2;1;6;910;09/12/2013
2013038396;5;2;1;1;2;910;18/12/2013
2013038397;1;2;7;1;6;910;20/12/2013
2013038398;2;2;6;4;6;910;21/01/2013
2013038399;2;2;2;1;6;910;17/12/2013
2013038400;4;2;1;2;6;910;01/01/2013
2013038401;1;2;1;4;6;910;16/01/2013
2013038402;2;2;1;1;6;910;10/12/2013
2013038403;1;2;1;1;3;910;14/02/2013
2013038404;5;2;1;1;2;910;16/02/2013
2013038405;5;2;1;9;6;910;01/02/2013
2013038406;5;2;2;2;3;910;05/01/2013
2013038407;5;2;1;8;1;910;12/01/2013
2013038408;1;2;1;2;6;910;10/02/2013
2013038409;1;2;3;1;3;910;18/02/2013
2013038410;5;2;3;1;6;910;18/02/2013
2013038411;2;2;1;1;6;910;28/02/2013
2013038412;1;2;3;1;3;910;07/03/2013
2013038413;1;2;2;1;1;910;08/03/2013
2013038414;1;2;2;1;3;910;09/03/2013
2013038415;2;2;2;1;3;910;22/03/2013
2013038416;1;2;4;1;6;910;27/03/2013
2013038417;5;2;1;1;6;910;03/04/2013
2013038418;1;2;1;1;1;910;19/04/2013
2013038419;1;2;3;1;3;910;30/03/2013
2013038420;1;2;1;1;6;910;02/04/2013
2013038421;1;2;3;1;3;910;30/04/2013
2013038422;1;2;1;1;1;910;03/05/2013
2013038423;1;2;1;1;3;910;05/05/2013
2013038424;2;2;3;1;3;910;02/07/2013
2013038425;1;2;1;1;6;910;26/06/2013
2013038426;1;2;1;1;3;910;09/07/2013
2013038427;1;2;1;1;3;910;09/07/2013
2013038428;1;2;2;1;3;910;12/07/2013
2013038429;1;2;1;1;2;910;20/08/2013
2013038430;1;2;3;1;3;910;25/07/2013
2013038431;1;2;2;1;2;910;05/09/2013
2013038432;1;2;2;1;3;910;11/09/2013
2013038433;1;2;3;1;3;910;05/09/2013
2013038434;2;2;1;1;7;910;30/08/2013
2013038435;5;2;1;1;6;910;25/09/2013
2013038436;1;2;1;1;2;910;26/09/2013
2013038437;5;2;1;1;2;910;12/09/2013
2013038438;4;2;3;1;2;910;13/09/2013
2013038439;1;2;7;1;3;910;11/09/2013
2013038440;1;2;1;1;3;910;22/09/2013
2013038441;5;2;1;1;6;910;13/11/2013
2013038442;2;2;3;1;6;910;14/10/2013
2013038443;2;2;3;2;1;910;10/10/2013
2013038444;5;2;3;1;1;910;16/12/2013
2013038445;5;2;2;1;3;910;11/11/2013
2013038446;1;2;2;1;1;910;05/12/2013
2013038447;1;2;1;1;6;910;19/12/2013
2013038448;5;2;1;1;6;910;23/12/2013
2013038449;5;2;9;1;6;920;07/01/2013
2013038450;5;2;2;2;3;920;14/01/2013
2013038451;5;2;3;8;6;920;16/01/2013
2013038452;5;2;3;1;6;920;17/01/2013
2013038453;1;2;2;4;6;920;20/01/2013
2013038454;1;2;2;1;6;920;23/01/2013
2013038455;1;2;3;1;3;920;31/01/2013
2013038456;2;2;6;1;7;920;21/02/2013
2013038457;1;2;1;1;6;920;01/03/2013
2013038458;1;2;1;7;6;920;25/03/2013
2013038459;1;2;1;1;6;920;26/03/2013
2013038460;1;2;1;1;6;920;26/03/2013
2013038461;1;2;3;1;3;920;27/03/2013
2013038462;1;2;1;1;6;920;28/03/2013
2013038463;5;2;3;1;3;920;30/03/2013
2013038464;1;2;1;1;3;920;30/03/2013
2013038465;1;2;3;1;6;920;03/04/2013
2013038466;1;2;3;1;3;920;06/04/2013
2013038467;1;2;1;1;6;920;25/04/2013
2013038468;1;2;1;2;6;920;30/04/2013
2013038469;1;2;2;1;6;920;11/05/2013
2013038470;5;2;2;1;3;920;21/05/2013
2013038471;5;2;1;1;7;920;24/05/2013
2013038472;1;2;5;1;6;920;27/05/2013
2013038473;1;2;3;1;3;920;29/05/2013
2013038474;1;2;1;1;6;920;01/06/2013
2013038475;1;2;2;1;3;920;03/06/2013
2013038476;1;2;3;1;3;920;08/07/2013
2013038477;1;2;7;1;3;920;16/07/2013
2013038478;5;2;2;1;6;920;23/07/2013
2013038479;1;2;2;1;3;920;24/07/2013
2013038480;1;2;1;1;3;920;21/08/2013
2013038481;1;2;1;1;5;920;30/08/2013
2013038482;1;2;3;1;3;920;04/09/2013
2013038483;1;2;1;1;3;920;04/09/2013
2013038484;1;2;1;1;6;920;23/09/2013
2013038485;1;2;1;1;2;920;24/09/2013
2013038486;5;2;1;1;6;920;31/10/2013
2013038487;1;2;1;2;6;920;07/11/2013
2013038488;1;2;1;1;6;920;18/12/2013
2013038489;5;2;3;2;6;920;27/12/2013
2013038490;1;2;2;1;2;920;08/01/2013
2013038491;5;2;2;1;3;920;13/01/2013
2013038492;5;2;2;1;3;920;17/01/2013
2013038493;5;2;2;4;3;920;19/01/2013
2013038494;5;2;1;4;6;920;19/01/2013
2013038495;2;2;1;4;4;920;21/01/2013
2013038496;5;2;1;1;6;920;29/01/2013
2013038497;5;2;1;1;6;920;29/01/2013
2013038498;2;2;1;2;7;920;01/02/2013
2013038499;1;2;2;1;6;920;01/02/2013
2013038500;1;2;2;1;4;920;04/02/2013
2013038501;1;2;2;2;3;920;04/02/2013
2013038502;1;2;1;1;3;920;06/02/2013
2013038503;1;2;1;1;7;920;12/02/2013
2013038504;1;2;2;1;3;920;13/02/2013
2013038505;1;2;2;1;3;920;20/02/2013
2013038506;1;2;2;1;3;920;20/02/2013
2013038507;1;2;2;1;3;920;20/02/2013
2013038508;1;2;1;1;6;920;27/02/2013
2013038509;1;2;1;2;3;920;27/02/2013
2013038510;1;2;3;1;7;920;28/02/2013
2013038511;5;2;3;1;7;920;01/03/2013
2013038512;1;2;1;1;3;920;09/03/2013
2013038513;5;1;7;4;7;920;11/03/2013
2013038514;1;2;1;1;7;920;14/03/2013
2013038515;5;2;3;2;7;920;20/03/2013
2013038516;1;2;2;1;7;920;21/03/2013
2013038517;1;2;3;1;5;920;21/03/2013
2013038518;1;2;2;1;3;920;01/04/2013
2013038519;5;2;2;1;3;920;03/04/2013
2013038520;1;2;2;1;3;920;05/04/2013
2013038521;1;2;1;2;7;920;09/04/2013
2013038522;2;2;1;1;7;920;12/04/2013
2013038523;5;2;1;1;2;920;13/04/2013
2013038524;1;2;1;2;6;920;13/04/2013
2013038525;1;2;1;1;2;920;18/04/2013
2013038526;1;2;2;1;3;920;19/04/2013
2013038527;1;2;2;1;6;920;19/04/2013
2013038528;1;2;1;1;6;920;25/04/2013
2013038529;1;2;1;1;6;920;25/04/2013
2013038530;1;2;2;1;6;920;26/04/2013
2013038531;1;1;2;1;3;920;05/05/2013
2013038532;1;2;1;1;6;920;13/05/2013
2013038533;5;2;2;3;3;920;19/05/2013
2013038534;1;2;2;2;3;920;20/05/2013
2013038535;1;2;1;2;6;920;21/05/2013
2013038536;1;2;1;2;7;920;21/05/2013
2013038537;1;2;1;1;6;920;21/05/2013
2013038538;1;2;1;1;2;920;22/05/2013
2013038539;1;2;1;1;6;920;23/05/2013
2013038540;1;2;1;1;2;920;25/05/2013
2013038541;1;2;1;2;6;920;30/05/2013
2013038542;1;2;2;1;3;920;04/06/2013
2013038543;1;2;1;1;1;920;06/06/2013
2013038544;5;2;1;1;6;920;08/06/2013
2013038545;1;2;1;1;2;920;12/06/2013
2013038546;1;2;1;2;3;920;13/06/2013
2013038547;1;2;1;2;6;920;13/06/2013
2013038548;1;2;2;1;3;920;14/06/2013
2013038549;1;2;1;1;6;920;31/05/2013
2013038550;1;2;1;2;1;920;20/06/2013
2013038551;1;2;1;1;3;920;21/06/2013
2013038552;1;2;1;1;6;920;22/06/2013
2013038553;1;2;2;1;3;920;27/06/2013
2013038554;1;2;2;1;3;920;02/07/2013
2013038555;1;2;1;1;3;920;02/07/2013
2013038556;1;2;1;1;6;920;02/07/2013
2013038557;1;2;1;1;1;920;09/07/2013
2013038558;1;2;1;1;6;920;10/07/2013
2013038559;1;2;2;1;3;920;10/07/2013
2013038560;1;2;1;1;3;920;13/07/2013
2013038561;1;2;1;1;6;920;17/07/2013
2013038562;1;2;1;1;3;920;18/07/2013
2013038563;1;2;1;1;2;920;23/07/2013
2013038564;1;2;1;1;3;920;25/07/2013
2013038565;1;2;1;1;6;920;29/07/2013
2013038566;1;2;2;3;3;920;07/08/2013
2013038567;1;2;1;1;6;920;07/08/2013
2013038568;5;2;1;1;6;920;10/08/2013
2013038569;5;2;1;1;6;920;13/08/2013
2013038570;1;2;3;1;3;920;17/08/2013
2013038571;1;2;2;2;7;920;25/08/2013
2013038572;1;2;1;1;7;920;26/08/2013
2013038573;1;2;1;1;2;920;29/08/2013
2013038574;1;2;1;1;2;920;28/08/2013
2013038575;1;2;1;1;5;920;04/09/2013
2013038576;1;2;1;1;2;920;10/09/2013
2013038577;3;2;2;1;7;920;12/09/2013
2013038578;5;2;1;1;3;920;13/09/2013
2013038579;1;2;2;1;3;920;15/09/2013
2013038580;5;2;3;1;3;920;20/09/2013
2013038581;1;2;1;1;3;920;21/09/2013
2013038582;1;2;1;1;6;920;22/09/2013
2013038583;1;1;1;1;6;920;22/09/2013
2013038584;1;2;1;1;6;920;20/09/2013
2013038585;3;2;1;1;7;920;24/09/2013
2013038586;5;2;9;1;3;920;24/09/2013
2013038587;1;2;1;1;4;920;26/09/2013
2013038588;1;2;2;1;6;920;30/09/2013
2013038589;1;2;1;1;6;920;01/10/2013
2013038590;1;2;2;1;3;920;03/10/2013
2013038591;1;2;1;1;7;920;04/10/2013
2013038592;1;2;3;1;2;920;05/10/2013
2013038593;1;2;2;1;3;920;05/10/2013
2013038594;1;2;3;1;6;920;07/10/2013
2013038595;1;2;1;1;6;920;08/10/2013
2013038596;1;2;1;1;3;920;17/10/2013
2013038597;2;2;1;1;6;920;17/10/2013
2013038598;1;2;1;1;6;920;21/10/2013
2013038599;5;2;2;2;7;920;25/10/2013
2013038600;1;2;3;1;6;920;26/10/2013
2013038601;1;2;1;1;7;920;28/10/2013
2013038602;1;2;1;1;2;920;30/10/2013
2013038603;1;2;2;2;7;920;01/11/2013
2013038604;5;2;1;2;6;920;02/11/2013
2013038605;5;2;1;1;2;920;02/11/2013
2013038606;1;2;1;2;7;920;04/11/2013
2013038607;3;2;1;1;6;920;05/11/2013
2013038608;1;2;1;1;6;920;06/11/2013
2013038609;1;2;2;1;3;920;10/11/2013
2013038610;5;2;1;2;3;920;14/11/2013
2013038611;1;2;1;1;6;920;13/11/2013
2013038612;1;2;3;1;3;920;13/11/2013
2013038613;1;2;2;2;3;920;14/11/2013
2013038614;1;2;1;1;2;920;17/11/2013
2013038615;1;2;1;2;3;920;21/11/2013
2013038616;1;2;1;1;6;920;21/11/2013
2013038617;1;2;2;2;6;920;21/11/2013
2013038618;1;2;1;1;6;920;08/11/2013
2013038619;1;2;1;1;6;920;04/12/2013
2013038620;5;2;1;2;2;920;03/12/2013
2013038621;5;2;1;1;6;920;08/12/2013
2013038622;5;2;3;1;3;920;10/12/2013
2013038623;1;2;1;1;6;920;10/12/2013
2013038624;1;2;1;1;6;920;13/12/2013
2013038625;1;2;1;1;3;920;13/12/2013
2013038626;5;2;2;1;3;920;14/12/2013
2013038627;1;2;1;1;6;920;15/12/2013
2013038628;5;2;1;1;7;920;15/12/2013
2013038629;1;2;1;1;3;920;17/12/2013
2013038630;5;2;2;1;3;920;19/12/2013
2013038631;5;2;2;1;3;920;30/12/2013
2013038632;1;2;1;1;6;920;07/01/2013
2013038633;1;2;3;1;3;920;24/01/2013
2013038634;5;2;1;3;3;920;06/02/2013
2013038635;1;2;1;1;6;920;07/02/2013
2013038636;3;2;3;2;2;920;14/02/2013
2013038637;5;2;1;2;6;920;27/02/2013
2013038638;1;2;3;2;3;920;08/03/2013
2013038639;1;2;2;1;7;920;18/03/2013
2013038640;1;2;1;3;3;920;09/04/2013
2013038641;1;2;2;2;3;920;12/04/2013
2013038642;1;2;3;1;6;920;24/04/2013
2013038643;1;2;2;1;3;920;07/05/2013
2013038644;1;2;6;1;6;920;14/05/2013
2013038645;5;2;2;2;6;920;15/05/2013
2013038646;1;2;3;1;3;920;17/05/2013
2013038647;1;2;1;1;2;920;24/05/2013
2013038648;1;2;1;1;2;920;27/05/2013
2013038649;1;2;2;1;3;920;10/06/2013
2013038650;1;2;1;1;4;920;14/06/2013
2013038651;1;2;2;1;3;920;14/06/2013
2013038652;1;2;2;1;3;920;18/06/2013
2013038653;1;2;6;1;6;920;22/06/2013
2013038654;1;2;3;1;6;920;10/07/2013
2013038655;5;2;2;1;3;920;10/07/2013
2013038656;1;2;3;1;3;920;11/07/2013
2013038657;1;2;1;1;3;920;12/07/2013
2013038658;1;2;3;1;3;920;17/07/2013
2013038659;1;2;2;1;6;920;28/07/2013
2013038660;1;2;4;1;2;920;29/08/2013
2013038661;1;2;2;1;3;920;03/09/2013
2013038662;1;2;1;1;3;920;07/09/2013
2013038663;1;2;3;1;3;920;11/09/2013
2013038664;1;2;2;1;3;920;30/09/2013
2013038665;1;2;2;1;3;920;08/10/2013
2013038666;1;2;1;1;3;920;18/10/2013
2013038667;1;2;3;1;2;920;18/10/2013
2013038668;2;2;1;4;3;920;22/10/2013
2013038669;1;2;1;1;2;920;24/10/2013
2013038670;1;2;1;1;7;920;30/10/2013
2013038671;1;2;3;1;3;920;31/10/2013
2013038672;1;2;2;2;3;920;05/11/2013
2013038673;1;2;3;2;1;920;08/11/2013
2013038674;1;2;3;1;7;920;20/11/2013
2013038675;1;2;1;1;6;920;25/11/2013
2013038676;1;2;2;2;6;920;07/12/2013
2013038677;1;2;2;1;3;920;09/12/2013
2013038678;1;2;2;1;6;920;09/12/2013
2013038679;2;2;1;1;6;920;12/12/2013
2013038680;2;2;1;1;6;920;16/12/2013
2013038681;1;2;2;1;6;920;17/12/2013
2013038682;1;2;2;1;6;920;18/12/2013
2013038683;5;2;1;1;6;920;08/01/2013
2013038684;2;2;1;2;6;920;09/01/2013
2013038685;1;2;1;2;6;920;15/01/2013
2013038686;2;2;1;4;7;920;16/01/2013
2013038687;5;2;1;1;6;920;26/01/2013
2013038688;5;2;1;2;3;920;27/01/2013
2013038689;1;2;1;2;7;920;30/01/2013
2013038690;1;2;4;1;3;920;03/02/2013
2013038691;2;2;1;1;6;920;04/02/2013
2013038692;1;2;2;2;7;920;06/02/2013
2013038693;5;2;1;1;6;920;07/02/2013
2013038694;5;2;1;1;3;920;09/02/2013
2013038695;5;2;3;2;3;920;10/02/2013
2013038696;1;2;1;1;3;920;11/02/2013
2013038697;5;2;1;1;6;920;11/02/2013
2013038698;4;2;1;1;3;920;12/02/2013
2013038699;2;2;1;2;2;920;14/02/2013
2013038700;1;2;1;2;6;920;14/02/2013
2013038701;1;2;2;1;3;920;16/02/2013
2013038702;5;2;2;1;7;920;16/02/2013
2013038703;5;2;6;1;3;920;17/02/2013
2013038704;1;2;1;1;3;920;19/02/2013
2013038705;1;2;2;1;7;920;27/02/2013
2013038706;2;2;7;1;6;920;27/02/2013
2013038707;5;2;1;2;7;920;27/02/2013
2013038708;1;2;3;1;7;920;05/02/2013
2013038709;1;2;1;1;3;920;01/03/2013
2013038710;1;2;3;1;6;920;01/03/2013
2013038711;1;2;1;1;3;920;04/03/2013
2013038712;5;2;2;2;3;920;06/03/2013
2013038713;1;2;1;1;6;920;07/03/2013
2013038714;1;2;1;4;6;920;12/03/2013
2013038715;1;2;1;1;3;920;14/03/2013
2013038716;1;2;1;8;4;920;17/03/2013
2013038717;5;2;6;2;3;920;21/03/2013
2013038718;1;2;1;1;3;920;22/03/2013
2013038719;1;2;1;1;6;920;26/03/2013
2013038720;1;2;1;8;2;920;28/03/2013
2013038721;1;2;1;1;6;920;01/04/2013
2013038722;1;2;1;1;6;920;08/04/2013
2013038723;1;2;1;1;3;920;08/04/2013
2013038724;1;2;1;1;4;920;11/04/2013
2013038725;1;2;2;1;6;920;11/04/2013
2013038726;1;2;2;1;3;920;12/04/2013
2013038727;5;2;1;2;6;920;13/04/2013
2013038728;1;2;1;1;6;920;14/04/2013
2013038729;1;2;2;1;3;920;16/04/2013
2013038730;1;2;1;2;3;920;10/04/2013
2013038731;1;2;2;1;6;920;17/04/2013
2013038732;1;2;2;1;6;920;18/04/2013
2013038733;1;2;2;1;3;920;18/04/2013
2013038734;1;2;1;1;3;920;19/04/2013
2013038735;1;2;1;2;4;920;19/04/2013
2013038736;1;2;2;1;6;920;26/04/2013
2013038737;1;2;2;1;3;920;26/04/2013
2013038738;1;2;1;1;2;920;29/04/2013
2013038739;1;2;1;1;6;920;29/04/2013
2013038740;1;2;2;1;3;920;05/05/2013
2013038741;2;2;2;1;3;920;05/05/2013
2013038742;5;2;1;1;3;920;08/05/2013
2013038743;1;2;1;1;7;920;10/05/2013
2013038744;1;2;1;1;6;920;13/05/2013
2013038745;5;2;1;1;7;920;16/05/2013
2013038746;5;2;1;2;6;920;19/05/2013
2013038747;1;2;1;3;7;920;20/05/2013
2013038748;1;2;1;2;3;920;20/05/2013
2013038749;1;2;1;2;6;920;21/05/2013
2013038750;1;2;1;3;2;920;21/05/2013
2013038751;2;2;1;1;2;920;23/05/2013
2013038752;1;2;1;2;2;920;24/05/2013
2013038753;1;2;1;1;3;920;25/05/2013
2013038754;1;2;1;1;3;920;26/05/2013
2013038755;1;2;1;1;6;920;27/05/2013
2013038756;1;2;3;1;6;920;29/05/2013
2013038757;1;2;3;1;3;920;31/05/2013
2013038758;1;2;1;1;6;920;31/05/2013
2013038759;2;2;1;1;7;920;01/06/2013
2013038760;1;2;3;1;5;920;01/06/2013
2013038761;1;2;1;1;6;920;02/06/2013
2013038762;1;2;3;3;3;920;30/05/2013
2013038763;1;2;2;1;6;920;30/05/2013
2013038764;1;2;1;1;3;920;03/06/2013
2013038765;1;2;1;1;2;920;04/06/2013
2013038766;1;2;2;1;6;920;05/06/2013
2013038767;5;2;1;1;3;920;06/06/2013
2013038768;1;2;6;1;3;920;07/06/2013