num_acc;lum;agg;inter;atm;col;dep;date
2013041655;2;2;3;1;3;930;11/05/2013
2013041656;1;2;1;1;2;930;12/05/2013
2013041657;1;2;3;1;6;930;17/05/2013
2013041658;1;2;1;2;6;930;18/05/2013
2013041659;2;2;2;2;1;930;23/05/2013
2013041660;2;2;1;1;4;930;25/05/2013
2013041661;1;2;1;1;6;930;28/05/2013
2013041662;5;2;2;1;1;930;06/06/2013
2013041663;5;2;3;2;7;930;21/06/2013
2013041664;1;2;2;1;7;930;25/06/2013
2013041665;1;2;1;2;2;930;28/06/2013
2013041666;1;2;1;1;3;930;29/06/2013
2013041667;2;2;1;1;6;930;30/06/2013
2013041668;1;2;9;1;3;930;01/07/2013
2013041669;1;2;3;8;1;930;03/07/2013
2013041670;1;2;1;1;6;930;09/07/2013
2013041671;2;2;1;1;6;930;14/07/2013
2013041672;1;2;1;1;6;930;15/07/2013
2013041673;1;2;2;1;3;930;17/07/2013
2013041674;1;2;1;1;3;930;20/07/2013
2013041675;5;2;7;1;6;930;27/07/2013
2013041676;1;2;1;1;6;930;29/07/2013
2013041677;1;2;1;1;6;930;02/08/2013
2013041678;1;2;1;1;6;930;04/08/2013
2013041679;5;2;7;1;3;930;11/08/2013
2013041680;1;2;3;1;2;930;16/08/2013
2013041681;2;2;9;1;7;930;29/08/2013
2013041682;1;2;1;1;6;930;02/09/2013
2013041683;1;2;2;1;3;930;05/09/2013
2013041684;1;2;2;1;3;930;08/09/2013
2013041685;1;2;3;1;7;930;10/09/2013
2013041686;1;2;1;1;6;930;24/09/2013
2013041687;1;2;2;1;3;930;27/09/2013
2013041688;1;1;1;1;6;930;04/10/2013
2013041689;1;2;1;1;2;930;07/10/2013
2013041690;1;2;1;1;6;930;10/10/2013
2013041691;5;2;1;2;6;930;10/10/2013
2013041692;1;2;2;1;6;930;11/10/2013
2013041693;5;2;1;1;6;930;13/10/2013
2013041694;1;2;2;1;3;930;14/10/2013
2013041695;1;2;1;2;1;930;16/10/2013
2013041696;1;2;2;1;3;930;25/10/2013
2013041697;1;2;1;1;6;930;28/10/2013
2013041698;5;2;2;1;3;930;29/10/2013
2013041699;5;2;2;1;1;930;30/10/2013
2013041700;1;2;1;1;6;930;30/10/2013
2013041701;5;2;5;1;3;930;30/10/2013
2013041702;2;2;2;1;7;930;03/11/2013
2013041703;5;2;3;2;6;930;08/11/2013
2013041704;3;2;4;1;6;930;19/11/2013
2013041705;5;2;1;1;6;930;20/11/2013
2013041706;5;2;3;1;6;930;24/11/2013
2013041707;1;2;1;1;6;930;02/12/2013
2013041708;1;2;1;1;6;930;05/12/2013
2013041709;1;2;2;1;1;930;09/12/2013
2013041710;5;2;2;1;6;930;10/12/2013
2013041711;1;2;1;1;7;930;11/12/2013
2013041712;1;2;3;8;3;930;11/12/2013
2013041713;5;2;1;1;3;930;13/12/2013
2013041714;5;2;5;2;3;930;22/12/2013
2013041715;1;2;1;8;2;930;22/12/2013
2013041716;5;2;4;1;6;930;27/10/2013
2013041717;1;2;1;1;6;930;06/09/2013
2013041718;2;2;4;1;1;930;09/07/2013
2013041719;1;2;1;8;3;930;24/11/2013
2013041720;1;2;1;8;1;930;10/01/2013
2013041721;5;2;2;2;3;930;11/01/2013
2013041722;5;2;1;1;2;930;12/01/2013
2013041723;5;2;2;9;3;930;25/01/2013
2013041724;1;2;2;1;3;930;28/01/2013
2013041725;1;2;1;1;7;930;30/01/2013
2013041726;5;2;2;8;6;930;12/02/2013
2013041727;3;2;2;1;3;930;14/02/2013
2013041728;1;2;1;1;6;930;21/02/2013
2013041729;1;2;2;4;3;930;23/02/2013
2013041730;1;2;3;8;6;930;26/02/2013
2013041731;1;1;1;1;3;930;09/03/2013
2013041732;1;2;1;4;2;930;13/03/2013
2013041733;5;2;1;8;7;930;13/03/2013
2013041734;1;2;2;1;3;930;14/03/2013
2013041735;1;2;2;8;3;930;17/03/2013
2013041736;1;2;2;1;3;930;18/03/2013
2013041737;3;2;1;1;5;930;23/03/2013
2013041738;1;2;1;1;2;930;17/04/2013
2013041739;5;2;1;1;1;930;21/04/2013
2013041740;1;2;1;1;3;930;27/04/2013
2013041741;1;1;1;3;7;930;01/05/2013
2013041742;2;2;2;1;3;930;06/05/2013
2013041743;1;2;1;1;6;930;11/05/2013
2013041744;1;2;1;2;2;930;13/05/2013
2013041745;1;2;3;1;3;930;17/05/2013
2013041746;1;2;1;8;7;930;19/05/2013
2013041747;1;1;1;1;3;930;23/05/2013
2013041748;5;2;1;2;2;930;23/05/2013
2013041749;1;2;1;1;3;930;24/05/2013
2013041750;1;2;1;1;5;930;25/05/2013
2013041751;1;1;1;1;6;930;27/05/2013
2013041752;1;2;1;1;2;930;03/06/2013
2013041753;1;2;2;1;3;930;05/06/2013
2013041754;1;2;1;1;6;930;05/06/2013
2013041755;1;2;2;1;2;930;11/06/2013
2013041756;1;2;3;1;3;930;19/06/2013
2013041757;1;2;1;2;7;930;21/06/2013
2013041758;1;2;9;1;6;930;07/07/2013
2013041759;1;2;2;1;3;930;07/07/2013
2013041760;1;2;2;1;6;930;23/06/2013
2013041761;1;2;2;1;3;930;28/06/2013
2013041762;1;2;1;1;7;930;28/06/2013
2013041763;1;2;1;1;2;930;30/06/2013
2013041764;1;2;1;1;6;930;10/07/2013
2013041765;1;2;2;1;3;930;05/07/2013
2013041766;1;2;3;1;3;930;20/07/2013
2013041767;5;2;2;1;1;930;22/07/2013
2013041768;1;2;2;1;7;930;26/07/2013
2013041769;1;2;1;1;2;930;27/07/2013
2013041770;1;1;1;1;3;930;30/07/2013
2013041771;1;2;2;1;3;930;03/08/2013
2013041772;1;2;2;1;2;930;07/08/2013
2013041773;1;2;2;1;2;930;19/08/2013
2013041774;1;2;1;1;5;930;29/08/2013
2013041775;1;2;2;1;7;930;31/08/2013
2013041776;1;2;2;1;7;930;01/09/2013
2013041777;1;2;1;1;2;930;03/09/2013
2013041778;1;2;1;1;6;930;07/09/2013
2013041779;3;2;3;1;3;930;07/09/2013
2013041780;1;2;9;1;7;930;12/09/2013
2013041781;1;2;1;1;3;930;12/09/2013
2013041782;1;2;1;1;3;930;19/09/2013
2013041783;1;2;1;1;2;930;19/09/2013
2013041784;1;2;1;1;7;930;23/09/2013
2013041785;1;2;3;8;6;930;01/10/2013
2013041786;1;2;1;1;3;930;02/10/2013
2013041787;1;2;3;1;3;930;03/10/2013
2013041788;1;2;2;1;3;930;13/10/2013
2013041789;5;2;1;1;3;930;15/10/2013
2013041790;1;2;2;1;3;930;21/10/2013
2013041791;1;2;3;1;3;930;24/10/2013
2013041792;3;1;1;8;6;930;30/10/2013
2013041793;3;1;1;2;1;930;03/11/2013
2013041794;3;2;2;1;3;930;31/10/2013
2013041795;1;2;1;1;6;930;31/10/2013
2013041796;5;2;2;2;3;930;05/11/2013
2013041797;1;2;1;2;6;930;08/11/2013
2013041798;2;2;1;1;6;930;11/11/2013
2013041799;2;2;2;1;6;930;13/11/2013
2013041800;5;2;1;3;6;930;20/11/2013
2013041801;5;2;3;1;3;930;28/11/2013
2013041802;1;2;6;1;3;930;28/11/2013
2013041803;1;1;1;1;6;930;29/11/2013
2013041804;1;1;1;1;7;930;01/12/2013
2013041805;5;2;1;1;5;930;01/12/2013
2013041806;1;2;2;1;6;930;05/12/2013
2013041807;2;2;1;1;2;930;08/12/2013
2013041808;5;2;2;1;3;930;10/12/2013
2013041809;5;2;3;9;6;930;10/12/2013
2013041810;1;2;2;1;3;930;14/12/2013
2013041811;2;2;3;1;3;930;15/12/2013
2013041812;1;2;2;1;6;930;15/12/2013
2013041813;2;2;1;1;6;930;16/12/2013
2013041814;1;2;3;1;2;930;18/12/2013
2013041815;2;2;2;1;3;930;18/12/2013
2013041816;1;2;1;1;6;930;20/12/2013
2013041817;1;2;3;1;2;930;26/12/2013
2013041818;1;2;6;1;3;930;29/12/2013
2013041819;3;1;1;2;6;930;30/12/2013
2013041820;1;2;3;1;3;930;02/01/2013
2013041821;1;2;2;2;3;930;10/01/2013
2013041822;1;2;2;8;6;930;31/01/2013
2013041823;1;2;1;1;6;930;05/02/2013
2013041824;1;2;3;2;3;930;06/02/2013
2013041825;1;2;3;1;3;930;08/02/2013
2013041826;1;2;2;1;3;930;16/02/2013
2013041827;1;2;3;1;3;930;20/02/2013
2013041828;1;2;3;4;6;930;25/02/2013
2013041829;5;2;9;1;6;930;26/02/2013
2013041830;1;2;1;1;3;930;28/02/2013
2013041831;2;2;9;1;3;930;01/03/2013
2013041832;5;2;1;1;2;930;01/03/2013
2013041833;1;2;2;1;3;930;09/03/2013
2013041834;5;2;1;4;6;930;13/03/2013
2013041835;5;2;1;3;1;930;19/03/2013
2013041836;1;2;1;1;3;930;02/04/2013
2013041837;1;2;1;1;6;930;03/04/2013
2013041838;1;2;1;1;6;930;03/04/2013
2013041839;1;2;1;1;1;930;05/04/2013
2013041840;5;2;2;1;3;930;14/04/2013
2013041841;1;2;1;1;6;930;16/04/2013
2013041842;1;2;2;1;1;930;16/04/2013
2013041843;1;2;1;1;3;930;17/04/2013
2013041844;1;2;3;1;6;930;19/04/2013
2013041845;1;2;9;2;6;930;19/04/2013
2013041846;1;2;1;1;3;930;21/04/2013
2013041847;1;2;3;1;2;930;24/04/2013
2013041848;1;2;2;2;3;930;26/04/2013
2013041849;1;2;1;1;2;930;02/05/2013
2013041850;1;2;1;1;4;930;02/05/2013
2013041851;1;2;1;1;2;930;05/05/2013
2013041852;1;2;1;8;6;930;17/05/2013
2013041853;1;2;1;1;6;930;17/05/2013
2013041854;1;2;1;3;6;930;20/05/2013
2013041855;1;2;1;2;6;930;21/05/2013
2013041856;1;2;3;8;3;930;28/05/2013
2013041857;1;2;1;1;7;930;29/05/2013
2013041858;1;2;2;1;3;930;30/05/2013
2013041859;1;2;1;8;6;930;31/05/2013
2013041860;1;2;2;1;3;930;04/06/2013
2013041861;1;2;3;7;6;930;04/06/2013
2013041862;1;2;1;1;6;930;08/06/2013
2013041863;1;1;1;1;3;930;08/06/2013
2013041864;2;2;1;2;3;930;08/06/2013
2013041865;1;2;1;2;6;930;09/06/2013
2013041866;1;2;2;7;3;930;10/06/2013
2013041867;1;2;8;1;6;930;11/06/2013
2013041868;1;2;1;1;6;930;12/06/2013
2013041869;1;2;1;1;6;930;09/06/2013
2013041870;1;2;1;1;6;930;25/06/2013
2013041871;1;2;3;1;2;930;20/06/2013
2013041872;1;2;1;1;6;930;26/06/2013
2013041873;1;2;2;1;6;930;26/06/2013
2013041874;5;2;1;1;3;930;27/06/2013
2013041875;1;2;9;1;3;930;28/06/2013
2013041876;1;2;1;1;6;930;01/07/2013
2013041877;1;2;1;2;6;930;03/07/2013
2013041878;1;2;1;1;3;930;05/07/2013
2013041879;1;2;2;1;5;930;08/07/2013
2013041880;1;2;2;1;6;930;09/07/2013
2013041881;1;2;1;1;6;930;12/07/2013
2013041882;1;2;1;1;6;930;22/07/2013
2013041883;1;2;1;1;3;930;30/07/2013
2013041884;1;2;1;1;6;930;17/08/2013
2013041885;1;2;1;1;7;930;19/08/2013
2013041886;5;2;9;1;7;930;22/08/2013
2013041887;1;2;2;3;3;930;25/08/2013
2013041888;5;2;1;1;3;930;03/09/2013
2013041889;1;2;1;1;2;930;04/09/2013
2013041890;1;2;2;1;6;930;04/09/2013
2013041891;1;2;9;1;1;930;10/09/2013
2013041892;1;2;2;1;3;930;11/09/2013
2013041893;1;2;2;1;3;930;13/09/2013
2013041894;5;2;2;3;3;930;14/09/2013
2013041895;1;2;3;1;3;930;21/09/2013
2013041896;5;2;3;1;1;930;22/09/2013
2013041897;1;2;7;1;6;930;26/09/2013
2013041898;1;2;6;1;3;930;28/09/2013
2013041899;1;2;2;8;1;930;30/09/2013
2013041900;1;2;9;1;2;930;30/09/2013
2013041901;1;2;1;1;5;930;01/10/2013
2013041902;1;2;2;2;3;930;03/10/2013
2013041903;5;2;2;1;3;930;04/10/2013
2013041904;5;2;1;1;3;930;05/10/2013
2013041905;1;2;1;1;3;930;08/10/2013
2013041906;1;2;1;2;6;930;10/10/2013
2013041907;5;2;2;1;3;930;13/10/2013
2013041908;1;2;1;1;5;930;24/10/2013
2013041909;1;2;2;2;3;930;26/10/2013
2013041910;5;2;4;1;6;930;31/10/2013
2013041911;1;2;2;1;6;930;04/11/2013
2013041912;5;2;7;1;4;930;04/11/2013
2013041913;1;2;2;1;1;930;09/11/2013
2013041914;1;2;2;2;3;930;09/11/2013
2013041915;2;2;3;2;4;930;15/11/2013
2013041916;1;2;2;8;6;930;18/11/2013
2013041917;5;2;3;1;6;930;18/11/2013
2013041918;1;2;2;2;3;930;21/11/2013
2013041919;1;2;1;1;6;930;22/11/2013
2013041920;2;2;2;1;6;930;22/11/2013
2013041921;1;2;2;1;3;930;23/11/2013
2013041922;1;2;2;8;5;930;01/12/2013
2013041923;5;2;1;1;6;930;04/12/2013
2013041924;1;2;1;1;3;930;05/12/2013
2013041925;5;2;1;8;6;930;08/12/2013
2013041926;1;2;1;1;1;930;09/12/2013
2013041927;1;2;2;1;6;930;10/12/2013
2013041928;1;2;1;1;6;930;11/12/2013
2013041929;2;2;2;1;3;930;12/12/2013
2013041930;1;2;1;1;6;930;13/12/2013
2013041931;1;2;1;1;3;930;16/12/2013
2013041932;1;2;1;1;6;930;16/12/2013
2013041933;5;2;1;1;4;930;19/12/2013
2013041934;1;2;1;1;6;930;20/12/2013
2013041935;1;2;1;1;6;930;21/12/2013
2013041936;5;2;1;1;6;930;31/12/2013
2013041937;4;2;2;1;1;930;07/01/2013
2013041938;5;2;2;1;6;930;28/01/2013
2013041939;5;2;3;2;3;930;29/01/2013
2013041940;1;2;1;1;3;930;11/02/2013
2013041941;1;2;1;8;3;930;12/02/2013
2013041942;5;2;1;1;1;930;15/02/2013
2013041943;1;2;1;1;4;930;20/02/2013
2013041944;1;2;1;1;2;930;27/02/2013
2013041945;5;2;3;1;3;930;28/02/2013
2013041946;1;2;3;2;2;930;08/03/2013
2013041947;5;2;1;1;3;930;09/03/2013
2013041948;1;2;1;1;6;930;17/03/2013
2013041949;1;2;1;1;6;930;18/03/2013
2013041950;1;2;1;1;6;930;18/03/2013
2013041951;1;2;1;1;2;930;03/04/2013
2013041952;1;2;1;2;6;930;15/04/2013
2013041953;1;2;1;1;6;930;18/04/2013
2013041954;5;2;2;1;3;930;21/04/2013
2013041955;1;2;1;1;2;930;29/04/2013
2013041956;1;2;1;1;1;930;04/05/2013
2013041957;1;2;1;1;5;930;22/05/2013
2013041958;1;2;1;1;2;930;25/05/2013
2013041959;5;2;3;1;6;930;01/06/2013
2013041960;1;2;3;1;5;930;31/05/2013
2013041961;5;2;2;1;6;930;02/06/2013
2013041962;5;2;2;1;3;930;25/05/2013
2013041963;5;2;1;8;6;930;08/06/2013
2013041964;1;2;1;1;6;930;17/06/2013
2013041965;1;2;3;1;3;930;29/06/2013
2013041966;1;2;3;2;3;930;03/07/2013
2013041967;1;2;1;1;2;930;07/07/2013
2013041968;1;2;1;1;6;930;09/07/2013
2013041969;5;2;1;1;3;930;11/07/2013
2013041970;1;2;1;1;6;930;24/07/2013
2013041971;1;2;1;1;6;930;25/07/2013
2013041972;1;2;1;1;3;930;01/08/2013
2013041973;1;2;1;1;1;930;05/08/2013
2013041974;1;2;3;2;3;930;07/08/2013
2013041975;1;2;1;1;3;930;09/08/2013
2013041976;5;2;3;1;3;930;10/08/2013
2013041977;2;2;1;1;6;930;28/08/2013
2013041978;1;2;1;1;6;930;17/09/2013
2013041979;5;2;3;3;6;930;29/09/2013
2013041980;1;2;1;1;6;930;26/08/2013
2013041981;1;2;3;1;3;930;05/09/2013
2013041982;1;2;1;1;6;930;05/09/2013
2013041983;2;2;1;1;6;930;07/09/2013
2013041984;1;2;9;1;3;930;28/09/2013
2013041985;1;2;1;1;3;930;08/10/2013
2013041986;1;2;1;1;2;930;15/10/2013
2013041987;1;2;1;1;7;930;16/10/2013
2013041988;5;2;1;1;6;930;17/10/2013
2013041989;5;2;1;1;3;930;26/10/2013
2013041990;5;2;2;1;6;930;19/10/2013
2013041991;1;2;1;1;6;930;23/10/2013
2013041992;5;1;1;8;1;930;11/11/2013
2013041993;5;2;5;1;3;930;24/11/2013
2013041994;2;1;1;1;6;930;08/12/2013
2013041995;1;2;2;1;6;930;14/12/2013
2013041996;1;2;1;1;6;930;19/12/2013
2013041997;5;2;2;8;2;930;19/12/2013
2013041998;5;2;2;3;4;930;24/12/2013
2013041999;1;2;1;1;3;930;04/12/2013
2013042000;1;2;2;1;3;930;02/01/2013
2013042001;5;2;1;8;3;930;02/01/2013
2013042002;1;1;1;2;6;930;08/01/2013
2013042003;1;2;1;8;3;930;10/01/2013
2013042004;1;2;3;9;6;930;16/01/2013
2013042005;1;2;2;1;3;930;18/01/2013
2013042006;1;2;1;1;7;930;23/01/2013
2013042007;1;2;1;1;7;930;24/01/2013
2013042008;5;2;1;2;6;930;28/01/2013
2013042009;1;2;3;2;2;930;01/02/2013
2013042010;1;2;1;1;3;930;17/02/2013
2013042011;1;2;2;1;3;930;18/02/2013
2013042012;1;2;6;2;2;930;07/03/2013
2013042013;3;2;3;2;3;930;12/03/2013
2013042014;1;2;1;4;6;930;12/03/2013
2013042015;1;2;1;1;6;930;20/03/2013
2013042016;1;2;2;1;3;930;20/03/2013
2013042017;1;2;1;1;6;930;22/03/2013
2013042018;1;2;2;1;2;930;04/04/2013
2013042019;1;2;1;1;2;930;05/04/2013
2013042020;1;2;2;1;3;930;13/04/2013
2013042021;1;2;1;1;2;930;19/04/2013
2013042022;1;2;6;1;6;930;22/04/2013
2013042023;1;2;2;2;3;930;24/05/2013
2013042024;1;2;1;1;2;930;29/05/2013
2013042025;1;2;1;3;3;930;30/05/2013
2013042026;5;2;1;1;6;930;05/06/2013
2013042027;1;2;3;1;6;930;05/06/2013
2013042028;2;2;1;1;2;930;16/06/2013
2013042029;1;2;3;1;6;930;18/06/2013
2013042030;1;2;1;1;3;930;18/06/2013
2013042031;1;2;3;1;3;930;25/06/2013
2013042032;1;2;2;1;5;930;25/06/2013
2013042033;1;2;2;1;3;930;05/07/2013
2013042034;1;2;1;1;6;930;09/07/2013
2013042035;1;2;2;1;7;930;10/07/2013
2013042036;1;2;1;1;2;930;12/07/2013
2013042037;5;2;6;2;7;930;19/08/2013
2013042038;2;2;1;1;6;930;21/08/2013
2013042039;1;2;3;1;3;930;23/08/2013
2013042040;1;2;1;1;3;930;23/08/2013
2013042041;2;2;1;1;7;930;23/08/2013
2013042042;5;2;2;1;1;930;31/08/2013
2013042043;1;2;1;7;2;930;07/09/2013
2013042044;1;2;1;1;3;930;08/09/2013
2013042045;1;2;1;2;6;930;09/09/2013
2013042046;5;2;6;1;6;930;10/09/2013
2013042047;1;2;1;1;6;930;12/09/2013
2013042048;5;2;2;2;3;930;25/09/2013
2013042049;1;2;1;1;2;930;26/09/2013
2013042050;1;2;2;1;5;930;02/12/2013
2013042051;5;2;1;1;6;930;02/12/2013
2013042052;5;2;3;1;5;930;05/12/2013
2013042053;1;2;3;9;1;930;07/12/2013
2013042054;1;2;6;1;6;930;10/12/2013
2013042055;1;2;2;1;3;930;12/12/2013
2013042056;2;2;2;2;3;930;19/12/2013
2013042057;2;2;3;2;6;930;19/12/2013
2013042058;1;2;3;2;6;930;22/12/2013
2013042059;1;2;1;2;3;930;03/01/2013
2013042060;5;2;3;1;6;930;28/01/2013
2013042061;2;2;4;1;1;930;16/02/2013
2013042062;5;2;3;1;1;930;02/04/2013
2013042063;1;2;1;1;6;930;02/04/2013
2013042064;1;2;1;2;6;930;13/04/2013
2013042065;1;2;6;8;3;930;15/04/2013
2013042066;5;2;1;1;6;930;20/04/2013
2013042067;1;2;1;1;6;930;20/04/2013
2013042068;1;2;1;1;2;930;26/04/2013
2013042069;1;2;9;1;3;930;02/05/2013
2013042070;5;2;4;2;3;930;13/05/2013
2013042071;1;2;2;8;2;930;23/05/2013
2013042072;1;2;1;3;2;930;30/05/2013
2013042073;1;2;1;1;6;930;01/06/2013
2013042074;1;2;7;1;3;930;05/06/2013
2013042075;1;2;1;1;1;930;10/06/2013
2013042076;1;2;1;1;6;930;12/06/2013
2013042077;1;2;3;1;6;930;18/06/2013
2013042078;1;2;3;3;3;930;20/06/2013
2013042079;1;2;2;1;3;930;27/06/2013
2013042080;1;2;6;1;3;930;02/07/2013
2013042081;1;2;1;1;3;930;05/07/2013
2013042082;1;2;1;1;4;930;08/07/2013
2013042083;1;2;1;1;3;930;19/07/2013
2013042084;1;2;1;1;6;930;24/07/2013
2013042085;1;2;1;1;6;930;27/07/2013
2013042086;4;2;3;1;3;930;08/08/2013
2013042087;1;2;2;1;3;930;12/08/2013
2013042088;1;2;2;1;3;930;01/09/2013
2013042089;1;2;1;1;6;930;02/09/2013
2013042090;1;2;1;1;6;930;02/09/2013
2013042091;1;2;3;1;3;930;02/09/2013
2013042092;1;2;1;2;2;930;13/09/2013
2013042093;1;2;2;1;7;930;27/09/2013
2013042094;5;2;7;1;3;930;06/10/2013
2013042095;1;2;1;1;6;930;10/10/2013
2013042096;5;2;1;1;7;930;26/10/2013
2013042097;1;2;1;1;7;930;29/10/2013
2013042098;2;2;1;1;6;930;17/11/2013
2013042099;5;2;1;2;7;930;21/11/2013
2013042100;2;2;2;1;3;930;30/11/2013
2013042101;5;2;2;1;1;930;12/12/2013
2013042102;5;2;3;1;6;930;23/12/2013
2013042103;5;2;4;3;6;930;27/12/2013
2013042104;1;2;1;4;7;930;19/01/2013
2013042105;5;2;1;4;2;930;20/01/2013
2013042106;5;2;1;1;6;930;27/01/2013
2013042107;1;2;9;8;6;930;29/01/2013
2013042108;1;2;2;2;2;930;04/02/2013
2013042109;1;2;1;2;6;930;14/02/2013
2013042110;1;2;3;2;3;930;14/02/2013
2013042111;1;2;1;1;6;930;19/02/2013
2013042112;5;2;1;1;3;930;21/02/2013
2013042113;1;2;1;1;6;930;03/03/2013
2013042114;1;2;1;4;2;930;12/03/2013
2013042115;1;2;3;4;6;930;12/03/2013
2013042116;1;2;1;1;6;930;01/06/2013
2013042117;5;2;1;1;6;930;13/06/2013
2013042118;1;2;1;1;3;930;18/06/2013
2013042119;1;2;1;8;2;930;20/06/2013
2013042120;1;2;2;1;6;930;25/06/2013
2013042121;1;2;1;1;5;930;26/06/2013
2013042122;1;2;1;1;6;930;11/06/2013
2013042123;1;2;1;1;6;930;02/08/2013
2013042124;1;2;1;1;2;930;14/08/2013
2013042125;1;2;1;1;1;930;03/10/2013
2013042126;1;2;1;1;7;930;06/10/2013
2013042127;2;2;1;1;3;930;09/10/2013
2013042128;1;2;3;3;3;930;16/10/2013
2013042129;5;2;1;1;6;930;23/10/2013
2013042130;1;2;1;2;6;930;25/10/2013
2013042131;5;2;1;2;1;930;28/10/2013
2013042132;1;2;1;1;3;930;31/10/2013
2013042133;1;2;1;8;3;930;03/11/2013
2013042134;5;2;2;2;3;930;05/11/2013
2013042135;5;2;3;1;3;930;11/11/2013
2013042136;1;2;1;1;2;930;07/01/2013
2013042137;2;2;2;2;3;930;11/01/2013
2013042138;4;2;2;2;2;930;12/01/2013
2013042139;1;2;2;1;2;930;16/01/2013
2013042140;1;2;9;8;6;930;17/01/2013
2013042141;1;2;6;4;3;930;22/01/2013
2013042142;1;2;1;1;6;930;25/01/2013
2013042143;5;2;1;2;6;930;28/01/2013
2013042144;2;2;1;2;3;930;11/02/2013
2013042145;2;2;7;1;6;930;11/02/2013
2013042146;5;2;2;1;3;930;18/02/2013
2013042147;1;2;1;1;6;930;19/02/2013
2013042148;1;2;6;1;3;930;27/02/2013
2013042149;5;2;1;1;2;930;27/02/2013
2013042150;1;2;1;1;3;930;02/03/2013
2013042151;5;2;2;1;3;930;09/03/2013
2013042152;1;2;1;2;2;930;11/03/2013
2013042153;5;2;1;4;1;930;12/03/2013
2013042154;1;2;1;1;3;930;15/03/2013
2013042155;5;2;1;1;3;930;29/03/2013
2013042156;5;2;2;1;1;930;01/04/2013
2013042157;1;2;1;1;3;930;05/04/2013
2013042158;1;2;1;1;6;930;10/04/2013
2013042159;1;2;3;1;2;930;10/04/2013
2013042160;5;2;3;2;6;930;11/04/2013
2013042161;5;2;1;1;7;930;16/04/2013
2013042162;1;2;2;1;3;930;18/04/2013
2013042163;1;2;1;1;6;930;27/04/2013
2013042164;1;2;1;1;2;930;29/04/2013
2013042165;1;2;6;1;3;930;02/05/2013
2013042166;1;2;2;1;3;930;14/05/2013
2013042167;5;2;1;2;1;930;14/05/2013
2013042168;5;2;2;1;3;930;23/05/2013
2013042169;1;2;5;3;3;930;30/05/2013
2013042170;1;2;4;1;3;930;31/05/2013
2013042171;1;2;2;1;3;930;02/06/2013
2013042172;1;2;1;1;2;930;07/06/2013
2013042173;1;2;2;1;6;930;12/06/2013
2013042174;5;2;1;1;6;930;16/06/2013
2013042175;1;2;1;1;2;930;18/06/2013
2013042176;5;2;3;2;5;930;20/06/2013
2013042177;1;2;2;1;6;930;24/06/2013
2013042178;1;2;2;1;3;930;25/06/2013
2013042179;1;2;1;1;6;930;26/06/2013
2013042180;1;2;1;1;6;930;27/06/2013
2013042181;1;2;1;1;4;930;28/06/2013
2013042182;1;2;1;1;6;930;01/07/2013
2013042183;1;2;1;1;2;930;01/07/2013
2013042184;1;2;2;1;3;930;06/07/2013
2013042185;1;2;2;1;3;930;07/07/2013
2013042186;1;2;2;1;3;930;12/07/2013
2013042187;1;2;1;1;3;930;15/07/2013
2013042188;1;2;1;1;6;930;17/07/2013
2013042189;1;2;3;1;6;930;18/07/2013
2013042190;1;2;3;1;6;930;21/07/2013
2013042191;1;2;2;7;3;930;21/07/2013
2013042192;5;2;1;2;6;930;29/07/2013
2013042193;1;2;2;1;3;930;31/07/2013
2013042194;1;2;1;1;6;930;01/08/2013
2013042195;1;2;1;1;6;930;08/08/2013
2013042196;2;2;1;1;7;930;13/08/2013
2013042197;1;2;3;1;3;930;27/08/2013
2013042198;1;2;1;1;7;930;05/09/2013
2013042199;1;2;1;2;2;930;06/09/2013
2013042200;1;2;3;1;3;930;10/09/2013
2013042201;1;2;2;2;3;930;13/09/2013
2013042202;1;2;1;1;6;930;20/09/2013
2013042203;1;2;1;1;6;930;24/09/2013
2013042204;5;2;3;1;1;930;01/10/2013
2013042205;5;2;1;1;1;930;03/10/2013
2013042206;1;2;3;1;3;930;08/10/2013
2013042207;1;2;2;1;6;930;09/10/2013
2013042208;5;2;1;1;6;930;09/10/2013
2013042209;1;2;1;8;5;930;11/10/2013
2013042210;5;2;1;1;6;930;24/10/2013
2013042211;1;2;1;1;1;930;25/10/2013
2013042212;1;2;2;2;3;930;28/10/2013
2013042213;1;2;1;8;6;930;02/11/2013
2013042214;5;2;3;2;3;930;05/11/2013
2013042215;2;2;3;1;3;930;07/11/2013
2013042216;1;2;2;1;3;930;13/11/2013
2013042217;1;2;1;9;6;930;13/11/2013
2013042218;1;2;2;2;3;930;19/11/2013
2013042219;1;2;1;1;6;930;20/11/2013
2013042220;1;2;1;1;6;930;23/11/2013
2013042221;1;2;2;1;6;930;05/12/2013
2013042222;1;2;2;1;3;930;10/12/2013
2013042223;5;2;3;1;3;930;10/12/2013
2013042224;1;2;3;1;3;930;17/12/2013
2013042225;1;2;1;1;6;930;19/12/2013
2013042226;1;2;6;1;6;930;21/12/2013
2013042227;1;1;3;1;3;930;22/12/2013
2013042228;5;2;2;1;3;930;25/12/2013
2013042229;4;2;2;2;3;930;31/12/2013
2013042230;1;2;1;1;2;930;24/01/2013
2013042231;5;2;1;1;6;930;28/01/2013
2013042232;5;2;1;1;6;930;29/01/2013