num_acc;lum;agg;inter;atm;col;dep;date
2013042233;1;2;1;2;6;930;06/02/2013
2013042234;1;2;1;1;6;930;10/02/2013
2013042235;1;2;1;1;6;930;14/02/2013
2013042236;5;2;1;1;6;930;05/03/2013
2013042237;2;2;1;3;6;930;19/03/2013
2013042238;1;2;1;1;6;930;25/03/2013
2013042239;1;2;1;1;6;930;30/03/2013
2013042240;1;2;1;1;6;930;27/03/2013
2013042241;1;2;1;1;6;930;16/04/2013
2013042242;1;2;3;1;3;930;19/04/2013
2013042243;5;2;1;2;7;930;26/04/2013
2013042244;1;1;1;1;6;930;28/04/2013
2013042245;1;2;1;1;6;930;05/06/2013
2013042246;1;2;1;1;6;930;08/06/2013
2013042247;1;2;1;1;6;930;11/06/2013
2013042248;1;2;1;1;6;930;24/06/2013
2013042249;1;2;1;1;6;930;01/07/2013
2013042250;1;2;1;1;6;930;09/07/2013
2013042251;1;2;1;1;6;930;10/07/2013
2013042252;1;2;1;1;7;930;18/07/2013
2013042253;1;2;1;1;6;930;24/07/2013
2013042254;2;2;1;1;6;930;26/07/2013
2013042255;1;2;1;1;6;930;11/08/2013
2013042256;1;2;1;1;7;930;18/08/2013
2013042257;1;2;1;1;6;930;18/08/2013
2013042258;1;2;1;1;6;930;04/09/2013
2013042259;5;2;2;1;6;930;08/09/2013
2013042260;1;2;1;2;6;930;09/09/2013
2013042261;1;2;1;1;6;930;11/09/2013
2013042262;5;2;1;1;6;930;17/09/2013
2013042263;1;1;1;1;6;930;20/09/2013
2013042264;1;2;2;1;6;930;28/09/2013
2013042265;5;2;1;1;3;930;24/11/2013
2013042266;5;2;1;2;6;930;10/10/2013
2013042267;5;2;1;1;3;930;03/12/2013
2013042268;5;2;1;1;6;930;08/12/2013
2013042269;1;2;2;1;6;930;11/10/2013
2013042270;5;2;3;1;6;930;08/12/2013
2013042271;5;2;2;1;6;930;16/12/2013
2013042272;1;2;1;1;1;930;16/12/2013
2013042273;3;2;1;1;6;930;12/10/2013
2013042274;5;2;1;1;6;930;17/10/2013
2013042275;1;2;1;1;6;930;19/10/2013
2013042276;1;2;1;1;6;930;24/10/2013
2013042277;5;2;1;2;6;930;21/10/2013
2013042278;1;1;1;2;2;930;22/12/2013
2013042279;5;2;7;1;6;930;29/11/2013
2013042280;1;2;1;2;2;930;27/12/2013
2013042281;1;2;3;1;6;930;30/12/2013
2013042282;5;2;3;2;3;930;01/01/2013
2013042283;1;2;3;1;3;930;01/01/2013
2013042284;1;2;1;2;3;930;10/01/2013
2013042285;4;2;9;2;6;930;11/01/2013
2013042286;5;2;1;4;7;930;18/01/2013
2013042287;5;2;1;4;1;930;19/01/2013
2013042288;1;2;1;1;3;930;24/01/2013
2013042289;5;2;1;1;3;930;29/01/2013
2013042290;1;2;1;2;6;930;01/02/2013
2013042291;2;2;1;1;3;930;03/02/2013
2013042292;5;2;1;1;6;930;05/02/2013
2013042293;1;2;1;2;3;930;06/02/2013
2013042294;1;2;2;4;3;930;10/02/2013
2013042295;5;2;1;8;6;930;19/02/2013
2013042296;1;2;1;7;6;930;19/02/2013
2013042297;1;2;1;1;6;930;28/02/2013
2013042298;5;1;2;1;2;930;02/03/2013
2013042299;5;2;6;1;2;930;02/03/2013
2013042300;1;2;1;1;2;930;04/03/2013
2013042301;5;2;1;1;7;930;04/03/2013
2013042302;5;2;3;1;6;930;09/03/2013
2013042303;2;2;2;1;3;930;15/03/2013
2013042304;5;2;3;1;3;930;15/03/2013
2013042305;1;2;1;1;3;930;23/03/2013
2013042306;1;2;1;1;1;930;25/03/2013
2013042307;1;2;2;1;7;930;28/03/2013
2013042308;5;1;1;1;4;930;28/03/2013
2013042309;1;2;1;1;3;930;29/03/2013
2013042310;5;2;2;1;3;930;29/03/2013
2013042311;5;2;3;1;3;930;29/03/2013
2013042312;1;2;1;1;6;930;31/03/2013
2013042313;5;2;1;1;6;930;28/03/2013
2013042314;1;2;1;1;6;930;01/04/2013
2013042315;5;2;1;1;7;930;01/04/2013
2013042316;1;2;1;1;2;930;02/04/2013
2013042317;1;2;1;8;2;930;30/03/2013
2013042318;5;2;1;1;3;930;06/04/2013
2013042319;1;2;8;1;3;930;07/04/2013
2013042320;1;2;1;1;3;930;08/04/2013
2013042321;1;2;1;1;7;930;08/04/2013
2013042322;1;2;1;1;2;930;08/04/2013
2013042323;1;2;6;1;6;930;08/04/2013
2013042324;2;2;1;1;6;930;09/04/2013
2013042325;1;2;1;1;6;930;12/04/2013
2013042326;5;2;1;2;3;930;12/04/2013
2013042327;1;2;1;1;6;930;14/04/2013
2013042328;1;2;1;1;1;930;17/04/2013
2013042329;2;2;1;1;3;930;20/04/2013
2013042330;1;2;1;1;6;930;22/04/2013
2013042331;1;2;1;1;6;930;26/04/2013
2013042332;1;2;1;2;6;930;26/04/2013
2013042333;1;2;3;1;3;930;27/04/2013
2013042334;1;2;1;1;2;930;04/05/2013
2013042335;1;2;1;1;2;930;07/05/2013
2013042336;1;2;1;1;1;930;09/05/2013
2013042337;1;2;1;2;5;930;11/05/2013
2013042338;1;2;1;1;3;930;13/05/2013
2013042339;1;2;2;1;3;930;13/05/2013
2013042340;1;2;2;1;6;930;15/05/2013
2013042341;5;2;2;1;3;930;15/05/2013
2013042342;1;2;3;2;3;930;16/05/2013
2013042343;1;2;1;1;6;930;17/05/2013
2013042344;1;1;9;8;6;930;18/05/2013
2013042345;1;2;3;1;3;930;19/05/2013
2013042346;1;2;2;3;3;930;21/05/2013
2013042347;1;2;2;1;3;930;22/05/2013
2013042348;1;2;3;1;6;930;22/05/2013
2013042349;1;2;3;2;2;930;24/05/2013
2013042350;1;2;1;2;2;930;24/05/2013
2013042351;1;2;1;2;7;930;25/05/2013
2013042352;2;2;3;1;6;930;28/05/2013
2013042353;1;2;2;1;3;930;29/05/2013
2013042354;1;2;1;2;2;930;30/05/2013
2013042355;1;2;1;2;1;930;30/05/2013
2013042356;1;2;1;1;6;930;04/06/2013
2013042357;1;2;1;1;6;930;05/06/2013
2013042358;1;2;1;1;3;930;08/06/2013
2013042359;1;2;1;1;6;930;08/06/2013
2013042360;2;2;1;1;3;930;08/06/2013
2013042361;1;2;1;1;5;930;10/06/2013
2013042362;1;2;1;2;6;930;13/06/2013
2013042363;1;2;1;1;3;930;17/06/2013
2013042364;1;2;2;2;3;930;17/06/2013
2013042365;1;2;1;1;3;930;18/06/2013
2013042366;1;2;7;1;6;930;18/06/2013
2013042367;1;2;3;2;3;930;19/06/2013
2013042368;1;2;3;8;3;930;19/06/2013
2013042369;1;2;3;1;6;930;20/06/2013
2013042370;2;2;1;1;2;930;21/06/2013
2013042371;1;2;2;2;1;930;23/06/2013
2013042372;1;2;1;2;6;930;23/06/2013
2013042373;1;2;1;1;6;930;24/06/2013
2013042374;1;2;1;1;6;930;24/06/2013
2013042375;1;2;1;1;6;930;01/07/2013
2013042376;1;2;3;2;3;930;03/07/2013
2013042377;1;2;1;1;1;930;05/07/2013
2013042378;1;2;2;1;3;930;05/07/2013
2013042379;1;2;1;1;3;930;06/07/2013
2013042380;5;2;9;1;3;930;10/07/2013
2013042381;1;2;1;1;6;930;11/07/2013
2013042382;1;2;2;1;3;930;11/07/2013
2013042383;1;2;3;1;3;930;12/07/2013
2013042384;1;2;1;1;2;930;18/07/2013
2013042385;1;2;1;1;3;930;18/07/2013
2013042386;1;2;1;1;1;930;18/07/2013
2013042387;1;2;1;1;5;930;19/07/2013
2013042388;1;2;1;1;3;930;19/07/2013
2013042389;1;2;1;1;6;930;20/07/2013
2013042390;1;2;1;1;6;930;23/07/2013
2013042391;1;2;2;1;3;930;24/07/2013
2013042392;1;2;1;1;7;930;25/07/2013
2013042393;2;2;1;1;1;930;26/07/2013
2013042394;5;2;1;1;3;930;27/07/2013
2013042395;1;2;1;1;6;930;27/07/2013
2013042396;1;2;1;9;3;930;31/07/2013
2013042397;1;2;1;1;7;930;31/07/2013
2013042398;1;2;4;1;3;930;01/08/2013
2013042399;1;2;3;1;6;930;04/08/2013
2013042400;1;2;2;1;3;930;04/08/2013
2013042401;2;2;1;1;6;930;12/08/2013
2013042402;2;2;1;1;1;930;13/08/2013
2013042403;1;2;1;1;3;930;15/08/2013
2013042404;1;2;1;1;6;930;16/08/2013
2013042405;1;2;1;1;3;930;24/08/2013
2013042406;5;2;1;3;1;930;25/08/2013
2013042407;1;2;9;1;2;930;26/08/2013
2013042408;1;2;1;1;6;930;04/09/2013
2013042409;1;2;1;1;2;930;05/09/2013
2013042410;1;2;1;1;7;930;05/09/2013
2013042411;2;2;1;1;5;930;05/09/2013
2013042412;1;2;1;3;2;930;09/09/2013
2013042413;1;2;1;1;1;930;10/09/2013
2013042414;1;2;2;2;6;930;11/09/2013
2013042415;1;2;1;2;6;930;17/09/2013
2013042416;5;2;1;2;2;930;17/09/2013
2013042417;5;2;1;2;5;930;18/09/2013
2013042418;1;2;1;1;6;930;20/09/2013
2013042419;1;2;1;1;3;930;20/09/2013
2013042420;1;2;2;1;3;930;20/09/2013
2013042421;1;2;1;1;3;930;22/09/2013
2013042422;1;1;1;1;6;930;22/09/2013
2013042423;1;2;1;1;6;930;24/09/2013
2013042424;2;2;1;1;3;930;25/09/2013
2013042425;1;2;1;1;3;930;26/09/2013
2013042426;5;2;1;1;6;930;27/09/2013
2013042427;1;2;3;1;3;930;28/09/2013
2013042428;5;1;1;1;5;930;28/09/2013
2013042429;1;2;1;1;6;930;02/10/2013
2013042430;1;2;1;1;3;930;02/10/2013
2013042431;1;2;2;1;3;930;02/10/2013
2013042432;1;2;1;1;3;930;04/10/2013
2013042433;5;2;1;1;3;930;07/10/2013
2013042434;1;2;1;1;3;930;08/10/2013
2013042435;5;2;1;1;6;930;08/10/2013
2013042436;1;2;1;1;2;930;10/10/2013
2013042437;1;2;1;2;6;930;11/10/2013
2013042438;1;2;2;1;1;930;14/10/2013
2013042439;1;2;3;1;7;930;15/10/2013
2013042440;1;2;1;2;6;930;16/10/2013
2013042441;1;2;1;1;3;930;17/10/2013
2013042442;1;2;1;1;3;930;17/10/2013
2013042443;1;2;4;1;6;930;21/10/2013
2013042444;5;2;1;1;3;930;24/10/2013
2013042445;1;2;2;1;6;930;26/10/2013
2013042446;1;2;1;1;3;930;27/10/2013
2013042447;1;2;1;3;2;930;25/10/2013
2013042448;1;2;2;1;3;930;29/10/2013
2013042449;2;2;1;2;3;930;29/10/2013
2013042450;3;2;1;1;1;930;29/10/2013
2013042451;1;2;2;1;3;930;30/10/2013
2013042452;5;2;1;2;6;930;31/10/2013
2013042453;3;2;1;3;2;930;01/11/2013
2013042454;1;2;1;1;2;930;02/11/2013
2013042455;1;2;1;2;6;930;04/11/2013
2013042456;5;2;2;1;3;930;04/11/2013
2013042457;5;2;1;1;2;930;06/11/2013
2013042458;1;2;1;2;6;930;08/11/2013
2013042459;5;2;1;2;3;930;09/11/2013
2013042460;5;2;1;1;6;930;10/11/2013
2013042461;1;2;1;1;1;930;12/11/2013
2013042462;3;2;1;1;6;930;13/11/2013
2013042463;1;2;1;1;6;930;21/11/2013
2013042464;1;2;1;1;3;930;27/11/2013
2013042465;2;2;3;1;6;930;29/11/2013
2013042466;1;2;1;1;6;930;30/11/2013
2013042467;1;2;1;1;6;930;04/12/2013
2013042468;2;2;1;1;3;930;04/12/2013
2013042469;2;2;2;1;6;930;04/12/2013
2013042470;1;1;4;1;1;930;05/12/2013
2013042471;5;2;1;1;6;930;06/12/2013
2013042472;5;2;1;8;6;930;16/11/2013
2013042473;2;2;3;1;6;930;10/12/2013
2013042474;5;2;1;1;6;930;10/12/2013
2013042475;1;2;3;1;6;930;11/12/2013
2013042476;5;2;1;1;6;930;15/12/2013
2013042477;1;2;1;1;6;930;16/12/2013
2013042478;1;2;3;1;3;930;17/12/2013
2013042479;5;2;1;1;3;930;17/12/2013
2013042480;1;2;1;1;6;930;18/12/2013
2013042481;5;2;2;1;6;930;21/12/2013
2013042482;3;2;9;1;3;930;21/12/2013
2013042483;5;2;4;1;6;930;22/12/2013
2013042484;4;2;1;2;6;930;23/12/2013
2013042485;5;2;1;2;6;930;24/12/2013
2013042486;3;2;1;3;6;930;24/12/2013
2013042487;1;2;1;2;6;930;03/01/2013
2013042488;1;2;3;1;6;930;08/01/2013
2013042489;1;2;1;2;3;930;10/01/2013
2013042490;5;2;1;2;6;930;12/01/2013
2013042491;1;2;1;1;6;930;16/01/2013
2013042492;5;2;1;1;6;930;17/01/2013
2013042493;3;2;1;4;6;930;19/01/2013
2013042494;5;2;1;1;6;930;25/01/2013
2013042495;5;2;1;1;4;930;31/01/2013
2013042496;1;2;3;2;3;930;02/02/2013
2013042497;1;2;1;2;3;930;04/02/2013
2013042498;2;2;1;3;1;930;06/02/2013
2013042499;1;2;1;1;6;930;07/02/2013
2013042500;5;2;1;1;3;930;13/02/2013
2013042501;1;2;3;1;3;930;13/02/2013
2013042502;1;2;1;1;2;930;19/02/2013
2013042503;2;2;1;1;2;930;20/02/2013
2013042504;5;2;1;1;6;930;21/02/2013
2013042505;5;2;1;1;3;930;21/02/2013
2013042506;1;2;1;1;3;930;15/03/2013
2013042507;1;2;2;8;6;930;16/03/2013
2013042508;1;2;1;1;6;930;16/03/2013
2013042509;5;2;2;8;3;930;20/03/2013
2013042510;1;2;1;1;3;930;22/03/2013
2013042511;3;2;1;1;6;930;24/03/2013
2013042512;1;2;1;2;7;930;11/04/2013
2013042513;1;2;1;1;6;930;15/04/2013
2013042514;1;2;1;1;3;930;17/04/2013
2013042515;1;2;7;1;7;930;18/04/2013
2013042516;5;2;9;1;6;930;18/04/2013
2013042517;1;2;1;1;3;930;28/04/2013
2013042518;1;2;1;1;1;930;29/04/2013
2013042519;5;2;1;1;6;930;21/03/2013
2013042520;1;2;9;1;3;930;05/05/2013
2013042521;1;2;1;1;1;930;25/05/2013
2013042522;1;2;2;1;3;930;26/05/2013
2013042523;1;2;1;1;6;930;14/06/2013
2013042524;5;2;3;1;3;930;07/06/2013
2013042525;1;2;1;1;3;930;08/06/2013
2013042526;1;2;3;1;7;930;10/06/2013
2013042527;1;2;1;1;3;930;16/06/2013
2013042528;1;2;1;1;6;930;17/06/2013
2013042529;1;2;1;1;3;930;18/06/2013
2013042530;1;2;2;8;3;930;19/06/2013
2013042531;5;2;1;1;2;930;01/06/2013
2013042532;1;2;1;8;3;930;22/06/2013
2013042533;1;2;7;1;3;930;26/06/2013
2013042534;1;2;4;2;7;930;03/07/2013
2013042535;5;2;1;1;2;930;04/07/2013
2013042536;1;2;1;1;6;930;06/07/2013
2013042537;4;2;1;1;6;930;10/07/2013
2013042538;1;2;1;1;3;930;12/07/2013
2013042539;1;2;1;1;3;930;15/07/2013
2013042540;2;2;1;8;1;930;24/07/2013
2013042541;1;2;1;2;6;930;26/07/2013
2013042542;1;2;4;1;2;930;01/08/2013
2013042543;1;2;1;1;7;930;08/08/2013
2013042544;3;2;4;1;6;930;25/07/2013
2013042545;1;2;3;1;3;930;16/08/2013
2013042546;3;2;1;1;7;930;19/08/2013
2013042547;1;2;1;1;3;930;02/09/2013
2013042548;1;2;1;1;6;930;03/09/2013
2013042549;1;2;1;1;7;930;04/09/2013
2013042550;5;2;1;1;3;930;10/09/2013
2013042551;1;2;3;2;2;930;12/09/2013
2013042552;5;2;2;2;6;930;15/09/2013
2013042553;1;2;1;2;3;930;16/09/2013
2013042554;1;2;2;1;3;930;17/09/2013
2013042555;1;2;1;1;6;930;20/09/2013
2013042556;1;2;1;1;3;930;02/10/2013
2013042557;1;2;1;1;6;930;03/10/2013
2013042558;1;2;1;1;6;930;03/10/2013
2013042559;2;2;1;1;5;930;10/10/2013
2013042560;1;2;2;1;1;930;15/10/2013
2013042561;5;2;2;2;1;930;03/10/2013
2013042562;1;2;1;1;6;930;15/10/2013
2013042563;1;2;3;2;3;930;05/11/2013
2013042564;1;2;1;2;3;930;05/11/2013
2013042565;2;2;2;2;6;930;05/11/2013
2013042566;1;2;1;2;3;930;08/11/2013
2013042567;4;2;1;1;6;930;13/11/2013
2013042568;1;2;1;2;2;930;14/11/2013
2013042569;5;2;1;3;6;930;20/11/2013
2013042570;5;2;1;2;7;930;20/11/2013
2013042571;4;2;1;3;6;930;20/11/2013
2013042572;5;2;4;2;6;930;20/11/2013
2013042573;5;2;2;1;3;930;22/11/2013
2013042574;5;2;1;1;3;930;24/11/2013
2013042575;1;2;1;1;3;930;28/11/2013
2013042576;5;2;1;2;6;930;29/11/2013
2013042577;1;2;1;7;3;930;15/12/2013
2013042578;2;2;1;1;6;930;17/12/2013
2013042579;1;2;1;1;3;930;18/12/2013
2013042580;2;2;1;1;3;930;18/12/2013
2013042581;1;2;1;1;6;930;19/12/2013
2013042582;1;2;3;2;3;930;19/12/2013
2013042583;5;2;1;1;3;930;19/12/2013
2013042584;5;2;1;1;6;930;29/12/2013
2013042585;5;2;2;2;3;930;30/12/2013
2013042586;1;2;1;1;3;930;06/04/2013
2013042587;1;2;1;1;7;930;26/04/2013
2013042588;1;2;1;2;4;930;27/01/2013
2013042589;5;2;1;1;6;930;09/02/2013
2013042590;1;2;1;1;6;930;15/02/2013
2013042591;1;2;1;1;3;930;17/02/2013
2013042592;1;2;1;1;6;930;16/06/2013
2013042593;1;2;3;1;3;930;21/06/2013
2013042594;1;2;1;1;1;930;12/07/2013
2013042595;1;2;3;1;6;930;17/07/2013
2013042596;5;2;2;1;3;930;26/07/2013
2013042597;1;2;1;1;6;930;27/07/2013
2013042598;5;2;1;2;6;930;18/05/2013
2013042599;2;2;1;2;3;930;08/11/2013
2013042600;5;2;1;1;6;930;17/11/2013
2013042601;1;2;3;3;3;930;24/12/2013
2013042602;1;2;2;1;3;930;01/06/2013
2013042603;1;2;1;1;3;930;12/06/2013
2013042604;1;2;2;1;3;930;22/06/2013
2013042605;1;2;2;1;3;930;25/06/2013
2013042606;1;2;1;1;3;930;01/07/2013
2013042607;1;2;1;1;7;930;01/07/2013
2013042608;1;2;1;1;3;930;08/07/2013
2013042609;1;2;2;1;3;930;10/07/2013
2013042610;1;2;1;1;6;930;12/07/2013
2013042611;2;2;2;1;3;930;20/07/2013
2013042612;5;2;1;1;7;930;26/07/2013
2013042613;5;2;6;9;4;930;29/07/2013
2013042614;1;2;6;1;3;930;01/08/2013
2013042615;1;2;3;1;6;930;08/08/2013
2013042616;1;1;2;1;1;930;19/08/2013
2013042617;1;2;1;1;1;930;20/08/2013
2013042618;1;2;1;;6;930;29/05/2013
2013042619;5;2;1;3;6;930;09/01/2013
2013042620;1;2;1;1;6;930;10/12/2013
2013042621;1;2;1;1;6;930;11/01/2013
2013042622;5;2;1;1;2;930;01/12/2013
2013042623;1;2;3;1;6;930;28/01/2013
2013042624;1;2;1;1;4;930;14/01/2013
2013042625;5;2;1;1;7;930;06/05/2013
2013042626;1;2;1;1;6;930;03/05/2013
2013042627;1;2;9;1;6;930;29/05/2013
2013042628;1;2;2;2;3;930;21/06/2013
2013042629;1;2;2;1;6;930;22/06/2013
2013042630;1;2;1;8;6;930;24/05/2013
2013042631;1;2;1;1;7;930;19/06/2013
2013042632;5;2;1;1;6;930;22/07/2013
2013042633;1;2;2;1;5;930;19/09/2013
2013042634;1;2;1;1;6;930;11/09/2013
2013042635;1;2;1;1;6;930;04/10/2013
2013042636;5;2;1;1;6;930;23/10/2013
2013042637;1;2;1;1;6;930;18/10/2013
2013042638;1;2;1;2;2;930;08/11/2013
2013042639;5;2;1;8;3;930;08/11/2013
2013042640;1;2;4;8;3;930;29/11/2013
2013042641;5;2;1;1;2;930;25/12/2013
2013042642;1;2;1;1;6;930;29/12/2013
2013042643;1;2;1;1;6;930;21/02/2013
2013042644;1;2;1;1;3;930;29/03/2013
2013042645;1;2;8;1;3;930;15/04/2013
2013042646;1;2;3;1;3;930;19/04/2013
2013042647;1;2;1;1;6;930;19/11/2013
2013042648;1;2;1;1;6;930;05/05/2013
2013042649;1;2;1;1;3;930;24/07/2013
2013042650;1;2;1;1;6;930;04/07/2013
2013042651;1;2;2;1;3;930;13/07/2013
2013042652;5;2;2;1;3;930;23/10/2013
2013042653;1;2;3;1;3;930;28/07/2013
2013042654;1;2;1;1;3;930;24/10/2013
2013042655;1;2;2;1;6;930;11/11/2013
2013042656;3;2;2;1;3;930;22/10/2013
2013042657;2;2;4;8;2;930;21/11/2013
2013042658;1;2;1;1;3;930;31/01/2013
2013042659;1;2;3;2;3;930;01/02/2013
2013042660;3;2;1;1;6;930;04/02/2013
2013042661;1;2;6;2;6;930;06/02/2013
2013042662;1;2;2;1;3;930;06/02/2013
2013042663;2;2;1;2;2;930;14/02/2013
2013042664;1;2;1;1;7;930;18/02/2013
2013042665;1;1;6;1;6;930;20/02/2013
2013042666;1;2;3;1;3;930;21/02/2013
2013042667;1;2;3;2;6;930;05/04/2013
2013042668;1;2;1;1;6;930;05/04/2013
2013042669;1;2;6;1;3;930;07/04/2013
2013042670;1;2;2;1;3;930;07/04/2013
2013042671;1;2;2;1;3;930;14/04/2013
2013042672;1;2;1;1;1;930;03/05/2013
2013042673;1;2;1;1;6;930;05/05/2013
2013042674;1;2;1;1;6;930;09/05/2013
2013042675;5;2;1;1;1;930;10/05/2013
2013042676;1;2;1;1;3;930;13/05/2013
2013042677;1;2;1;2;4;930;15/05/2013
2013042678;1;2;1;1;6;930;04/06/2013
2013042679;1;2;1;1;7;930;14/06/2013
2013042680;1;2;3;1;6;930;15/06/2013
2013042681;1;2;1;1;1;930;20/06/2013
2013042682;1;1;1;2;6;930;22/06/2013
2013042683;1;2;1;1;6;930;27/06/2013
2013042684;1;2;3;1;3;930;21/06/2013
2013042685;1;2;6;1;3;930;30/06/2013
2013042686;1;2;1;1;1;930;06/07/2013
2013042687;1;1;6;1;3;930;06/07/2013
2013042688;1;2;1;1;3;930;08/07/2013
2013042689;1;2;1;1;3;930;15/07/2013
2013042690;1;2;2;1;3;930;20/07/2013
2013042691;1;2;1;1;6;930;23/07/2013
2013042692;1;2;2;1;3;930;24/07/2013
2013042693;1;2;1;1;5;930;24/07/2013
2013042694;1;2;6;1;2;930;01/08/2013
2013042695;1;2;2;1;3;930;04/08/2013
2013042696;1;2;1;1;5;930;05/08/2013
2013042697;1;2;1;1;6;930;06/08/2013
2013042698;1;2;3;1;3;930;08/08/2013
2013042699;1;2;1;1;4;930;08/08/2013
2013042700;1;2;2;1;3;930;23/08/2013
2013042701;1;2;6;1;7;930;01/09/2013
2013042702;1;2;1;1;6;930;02/09/2013
2013042703;1;2;1;1;1;930;03/09/2013
2013042704;1;2;1;1;3;930;04/09/2013
2013042705;1;2;1;1;4;930;05/09/2013
2013042706;1;2;1;1;4;930;05/09/2013
2013042707;1;2;1;3;3;930;09/09/2013
2013042708;2;2;6;1;2;930;12/09/2013
2013042709;5;2;2;2;5;930;14/09/2013
2013042710;1;2;1;1;2;930;15/09/2013
2013042711;1;2;1;1;3;930;15/09/2013
2013042712;1;2;6;2;2;930;17/09/2013
2013042713;1;2;1;2;3;930;18/09/2013
2013042714;1;2;2;1;6;930;19/09/2013
2013042715;5;2;2;8;2;930;21/09/2013
2013042716;5;2;3;1;3;930;21/09/2013
2013042717;1;2;1;1;4;930;22/09/2013
2013042718;1;2;1;1;2;930;24/09/2013
2013042719;5;2;1;1;6;930;02/10/2013
2013042720;5;2;1;1;6;930;05/10/2013
2013042721;1;2;1;1;3;930;07/10/2013
2013042722;1;2;3;1;3;930;08/10/2013
2013042723;1;1;1;2;2;930;09/10/2013
2013042724;1;1;1;1;3;930;12/10/2013
2013042725;1;2;5;1;3;930;14/10/2013
2013042726;1;2;5;1;1;930;15/10/2013
2013042727;5;2;3;2;3;930;25/10/2013
2013042728;1;2;6;1;3;930;31/10/2013
2013042729;1;2;1;1;6;930;02/11/2013
2013042730;5;2;2;2;3;930;07/11/2013
2013042731;1;2;2;3;3;930;04/11/2013
2013042732;3;2;1;2;6;930;10/11/2013
2013042733;1;2;3;1;3;930;10/11/2013
2013042734;3;2;1;1;6;930;13/11/2013
2013042735;5;2;1;2;6;930;13/11/2013
2013042736;5;2;2;1;3;930;14/11/2013
2013042737;1;2;2;1;3;930;20/11/2013
2013042738;1;2;1;1;7;930;22/11/2013
2013042739;1;2;1;1;2;930;26/11/2013
2013042740;3;2;5;1;3;930;27/11/2013
2013042741;1;2;1;1;2;930;28/11/2013
2013042742;1;2;2;1;6;930;28/11/2013
2013042743;1;1;1;2;2;930;28/11/2013
2013042744;1;2;1;1;4;930;30/11/2013
2013042745;1;2;2;1;3;930;07/12/2013
2013042746;5;2;2;1;3;930;10/12/2013
2013042747;1;2;1;1;6;930;11/12/2013
2013042748;2;2;1;9;6;930;11/12/2013
2013042749;5;2;1;1;7;930;11/12/2013
2013042750;1;2;6;1;6;930;12/12/2013
2013042751;1;2;8;1;6;930;12/12/2013
2013042752;1;2;1;2;6;940;30/05/2013
2013042753;1;2;1;1;6;940;29/05/2013
2013042754;1;2;1;1;2;940;04/06/2013
2013042755;1;2;2;1;3;940;08/01/2013
2013042756;1;2;2;1;6;940;06/06/2013
2013042757;1;2;3;1;3;940;06/06/2013
2013042758;5;2;3;1;6;940;11/01/2013
2013042759;5;2;1;4;3;940;14/01/2013
2013042760;1;2;3;1;3;940;14/06/2013
2013042761;1;2;1;1;6;940;22/06/2013
2013042762;5;2;2;1;3;940;04/07/2013
2013042763;1;2;1;1;6;940;09/07/2013
2013042764;1;2;3;1;3;940;18/07/2013
2013042765;1;2;1;8;3;940;11/02/2013
2013042766;1;2;1;1;6;940;13/02/2013
2013042767;5;2;1;1;6;940;20/02/2013
2013042768;5;2;8;1;6;940;20/02/2013
2013042769;5;2;2;8;1;940;22/02/2013
2013042770;1;2;2;8;3;940;24/08/2013
2013042771;1;2;1;2;3;940;08/03/2013
2013042772;1;2;1;1;3;940;01/09/2013
2013042773;1;2;2;1;6;940;20/03/2013
2013042774;2;2;1;1;6;940;11/09/2013
2013042775;1;2;2;1;3;940;30/03/2013
2013042776;1;2;3;1;3;940;27/09/2013
2013042777;2;2;3;1;2;940;12/04/2013
2013042778;1;2;1;1;6;940;26/04/2013
2013042779;1;2;1;1;1;940;29/04/2013
2013042780;1;2;3;1;6;940;22/10/2013
2013042781;1;2;2;1;3;940;05/05/2013
2013042782;1;2;2;1;6;940;08/05/2013
2013042783;1;2;9;1;3;940;30/10/2013
2013042784;5;2;1;2;3;940;12/05/2013
2013042785;1;2;3;2;3;940;05/11/2013
2013042786;1;2;2;2;3;940;20/05/2013
2013042787;5;2;2;1;3;940;10/11/2013
2013042788;1;2;2;2;3;940;12/11/2013
2013042789;5;2;2;2;3;940;13/11/2013
2013042790;1;2;1;8;1;940;18/11/2013
2013042791;1;2;3;1;3;940;22/11/2013
2013042792;1;2;2;2;6;940;29/11/2013
2013042793;1;2;3;1;3;940;01/10/2013
2013042794;1;2;2;1;5;940;02/10/2013
2013042795;5;2;1;1;6;940;02/12/2013
2013042796;1;2;1;1;2;940;03/12/2013
2013042797;2;2;1;2;6;940;24/12/2013
2013042798;5;2;2;1;1;940;28/12/2013
2013042799;5;2;9;9;6;940;10/02/2013
2013042800;1;2;1;1;7;940;02/10/2013
2013042801;3;2;1;1;7;940;05/10/2013
2013042802;1;2;9;1;6;940;08/10/2013
2013042803;1;2;3;1;1;940;30/09/2013
2013042804;1;2;4;8;3;940;15/10/2013
2013042805;4;2;1;1;6;940;25/01/2013
2013042806;5;2;3;1;1;940;04/01/2013
2013042807;1;2;2;2;2;940;04/11/2013
2013042808;1;2;1;2;6;940;05/11/2013
2013042809;5;2;3;1;2;940;07/01/2013