num_acc;lum;agg;inter;atm;col;dep;date
2013042810;2;2;1;2;7;940;08/11/2013
2013042811;1;2;1;1;1;940;09/11/2013
2013042812;5;2;1;2;3;940;10/11/2013
2013042813;2;2;1;2;3;940;21/11/2013
2013042814;1;2;1;1;3;940;18/11/2013
2013042815;2;1;1;1;7;940;14/01/2013
2013042816;1;2;1;1;3;940;14/01/2013
2013042817;5;2;1;1;6;940;17/01/2013
2013042818;1;2;1;4;1;940;19/01/2013
2013042819;1;2;1;2;6;940;19/11/2013
2013042820;5;2;1;4;1;940;20/01/2013
2013042821;1;2;1;8;5;940;24/01/2013
2013042822;1;2;1;1;7;940;24/01/2013
2013042823;1;2;1;1;6;940;25/01/2013
2013042824;1;2;1;1;1;940;26/01/2013
2013042825;1;2;1;1;6;940;26/11/2013
2013042826;3;2;1;1;2;940;26/11/2013
2013042827;5;2;1;1;6;940;27/01/2013
2013042828;1;2;1;1;6;940;29/11/2013
2013042829;1;2;3;2;6;940;01/02/2013
2013042830;5;2;1;9;1;940;02/02/2013
2013042831;1;2;3;1;3;940;04/02/2013
2013042832;1;2;1;1;3;940;04/12/2013
2013042833;1;2;1;1;6;940;07/12/2013
2013042834;2;2;1;8;7;940;08/02/2013
2013042835;1;2;1;1;3;940;08/02/2013
2013042836;5;2;3;1;3;940;09/02/2013
2013042837;1;2;4;1;7;940;09/12/2013
2013042838;5;2;2;1;6;940;09/02/2013
2013042839;5;2;3;1;3;940;12/12/2013
2013042840;1;2;1;1;6;940;13/12/2013
2013042841;1;2;9;1;6;940;16/12/2013
2013042842;2;2;1;1;2;940;16/02/2013
2013042843;1;2;1;1;2;940;16/02/2013
2013042844;1;2;1;1;6;940;14/07/2013
2013042845;1;2;1;1;6;940;17/12/2013
2013042846;2;2;3;5;2;940;17/02/2013
2013042847;5;2;3;1;3;940;18/02/2013
2013042848;1;2;2;1;3;940;18/02/2013
2013042849;1;2;6;1;2;940;19/12/2013
2013042850;3;1;1;1;1;940;19/12/2013
2013042851;1;2;3;7;6;940;20/12/2013
2013042852;1;2;1;1;1;940;20/12/2013
2013042853;1;2;1;1;4;940;21/12/2013
2013042854;5;2;1;8;6;940;22/12/2013
2013042855;1;2;1;1;3;940;27/02/2013
2013042856;1;2;9;1;6;940;27/02/2013
2013042857;1;2;6;1;7;940;28/02/2013
2013042858;1;2;1;1;6;940;16/04/2013
2013042859;1;2;4;1;6;940;01/03/2013
2013042860;5;2;2;1;3;940;03/03/2013
2013042861;5;1;3;1;6;940;07/03/2013
2013042862;1;2;1;1;6;940;09/03/2013
2013042863;1;2;1;1;6;940;03/10/2013
2013042864;1;2;4;1;3;940;03/10/2013
2013042865;2;2;1;1;6;940;16/03/2013
2013042866;1;2;1;1;2;940;20/03/2013
2013042867;2;2;1;1;5;940;25/03/2013
2013042868;1;2;1;1;2;940;25/03/2013
2013042869;5;2;1;1;5;940;03/04/2013
2013042870;1;2;1;1;3;940;04/04/2013
2013042871;5;2;3;1;2;940;04/04/2013
2013042872;1;1;1;2;1;940;04/11/2013
2013042873;1;2;1;8;1;940;12/04/2013
2013042874;1;2;1;1;3;940;14/04/2013
2013042875;1;2;1;1;6;940;17/04/2013
2013042876;5;2;3;1;2;940;17/04/2013
2013042877;1;2;3;1;2;940;21/04/2013
2013042878;1;2;6;1;7;940;23/04/2013
2013042879;1;2;1;1;2;940;25/04/2013
2013042880;1;2;6;1;3;940;25/04/2013
2013042881;2;2;6;1;3;940;11/07/2013
2013042882;2;2;1;1;6;940;25/07/2013
2013042883;1;2;1;1;6;940;25/01/2013
2013042884;1;2;3;1;1;940;04/05/2013
2013042885;1;2;1;1;6;940;04/05/2013
2013042886;2;1;1;1;4;940;07/05/2013
2013042887;1;2;3;1;1;940;25/09/2013
2013042888;1;2;1;1;1;940;10/05/2013
2013042889;1;2;3;1;3;940;10/05/2013
2013042890;2;2;1;1;5;940;25/11/2013
2013042891;1;2;1;1;7;940;14/05/2013
2013042892;1;2;2;1;6;940;14/05/2013
2013042893;1;2;3;1;2;940;15/05/2013
2013042894;1;2;1;2;6;940;21/05/2013
2013042895;1;2;6;1;3;940;22/05/2013
2013042896;1;2;1;1;6;940;23/05/2013
2013042897;1;2;1;2;7;940;24/05/2013
2013042898;5;2;3;1;3;940;26/05/2013
2013042899;1;2;1;1;6;940;26/05/2013
2013042900;5;2;1;1;6;940;06/05/2013
2013042901;1;1;1;1;7;940;06/06/2013
2013042902;1;2;2;1;3;940;07/06/2013
2013042903;1;2;1;1;7;940;08/06/2013
2013042904;1;2;1;1;6;940;08/06/2013
2013042905;1;2;1;1;7;940;08/06/2013
2013042906;1;2;3;1;3;940;08/06/2013
2013042907;2;1;1;1;6;940;09/06/2013
2013042908;1;2;1;2;4;940;14/06/2013
2013042909;1;2;1;2;7;940;20/06/2013
2013042910;2;2;1;1;6;940;22/06/2013
2013042911;1;2;1;2;2;940;22/06/2013
2013042912;1;2;1;1;2;940;24/06/2013
2013042913;1;2;1;2;3;940;27/06/2013
2013042914;1;2;6;2;6;940;28/06/2013
2013042915;2;2;1;1;3;940;30/06/2013
2013042916;1;2;1;1;3;940;03/07/2013
2013042917;1;2;1;1;2;940;03/07/2013
2013042918;1;2;3;1;3;940;17/04/2013
2013042919;1;1;1;1;4;940;05/07/2013
2013042920;1;1;3;1;3;940;17/06/2013
2013042921;1;2;6;1;7;940;08/07/2013
2013042922;1;2;7;1;3;940;11/07/2013
2013042923;1;2;9;1;6;940;18/07/2013
2013042924;1;2;1;1;6;940;20/07/2013
2013042925;1;2;3;1;3;940;23/07/2013
2013042926;1;2;1;1;7;940;24/07/2013
2013042927;1;2;1;7;3;940;25/07/2013
2013042928;1;2;1;1;2;940;30/07/2013
2013042929;5;2;1;1;7;940;04/08/2013
2013042930;1;2;3;1;3;940;06/08/2013
2013042931;1;2;1;1;1;940;08/08/2013
2013042932;1;2;3;1;1;940;08/08/2013
2013042933;1;2;2;1;3;940;18/11/2013
2013042934;1;1;3;1;2;940;13/08/2013
2013042935;1;2;1;1;6;940;13/08/2013
2013042936;1;2;1;1;6;940;14/08/2013
2013042937;1;1;9;1;6;940;15/08/2013
2013042938;1;2;1;1;6;940;18/08/2013
2013042939;5;2;6;1;7;940;27/08/2013
2013042940;1;2;3;1;3;940;28/08/2013
2013042941;1;2;1;1;2;940;30/08/2013
2013042942;1;2;1;1;6;940;02/09/2013
2013042943;1;2;1;1;6;940;29/04/2013
2013042944;1;2;3;1;2;940;04/09/2013
2013042945;1;2;4;1;3;940;05/09/2013
2013042946;1;1;1;1;7;940;29/05/2013
2013042947;1;2;1;3;2;940;06/09/2013
2013042948;1;2;1;2;3;940;14/09/2013
2013042949;1;2;2;8;3;940;16/09/2013
2013042950;1;1;6;1;3;940;19/09/2013
2013042951;5;2;1;2;6;940;01/01/2013
2013042952;1;2;4;1;3;940;02/01/2013
2013042953;5;2;1;1;2;940;03/01/2013
2013042954;5;2;1;1;2;940;04/01/2013
2013042955;5;2;1;1;3;940;05/01/2013
2013042956;1;2;1;2;6;940;10/01/2013
2013042957;1;2;1;1;6;940;10/01/2013
2013042958;2;2;1;2;1;940;10/01/2013
2013042959;1;2;3;1;3;940;11/01/2013
2013042960;1;2;1;1;3;940;11/01/2013
2013042961;5;2;1;1;6;940;11/01/2013
2013042962;1;2;2;1;3;940;12/01/2013
2013042963;5;2;4;1;1;940;12/01/2013
2013042964;5;2;1;1;4;940;17/01/2013
2013042965;1;2;1;1;6;940;27/01/2013
2013042966;1;2;1;2;1;940;29/01/2013
2013042967;2;2;1;1;6;940;03/02/2013
2013042968;5;2;1;1;6;940;05/02/2013
2013042969;5;2;1;3;3;940;06/02/2013
2013042970;5;2;1;1;6;940;20/02/2013
2013042971;1;2;1;1;6;940;26/02/2013
2013042972;5;2;1;2;1;940;06/03/2013
2013042973;1;2;1;1;6;940;16/03/2013
2013042974;5;2;3;1;1;940;21/03/2013
2013042975;5;2;2;2;3;940;20/03/2013
2013042976;5;2;1;1;3;940;17/03/2013
2013042977;1;2;1;1;3;940;02/03/2013
2013042978;5;2;2;1;3;940;28/03/2013
2013042979;1;2;1;1;2;940;01/04/2013
2013042980;1;2;1;1;2;940;29/03/2013
2013042981;1;2;3;1;6;940;02/04/2013
2013042982;1;2;1;1;6;940;04/04/2013
2013042983;1;2;1;1;6;940;12/04/2013
2013042984;5;2;1;1;2;940;13/04/2013
2013042985;1;2;2;1;3;940;16/04/2013
2013042986;1;2;1;1;3;940;24/04/2013
2013042987;1;2;1;1;3;940;22/04/2013
2013042988;1;2;2;1;3;940;19/04/2013
2013042989;1;2;1;1;6;940;24/04/2013
2013042990;1;2;1;1;6;940;24/04/2013
2013042991;1;2;1;1;2;940;30/04/2013
2013042992;1;2;1;1;3;940;30/04/2013
2013042993;1;2;1;1;6;940;01/05/2013
2013042994;1;2;1;1;2;940;03/05/2013
2013042995;1;2;3;1;6;940;06/05/2013
2013042996;1;2;1;1;6;940;11/05/2013
2013042997;1;2;1;2;6;940;25/05/2013
2013042998;1;2;1;1;6;940;27/05/2013
2013042999;1;2;1;1;3;940;31/05/2013
2013043000;1;2;1;1;6;940;31/05/2013
2013043001;1;2;1;1;3;940;08/06/2013
2013043002;1;2;1;1;1;940;09/06/2013
2013043003;1;2;1;1;3;940;14/06/2013
2013043004;1;2;1;1;6;940;18/06/2013
2013043005;1;2;1;1;2;940;18/06/2013
2013043006;1;2;2;1;3;940;19/06/2013
2013043007;1;2;1;1;2;940;20/06/2013
2013043008;1;2;3;1;3;940;20/06/2013
2013043009;1;2;6;1;6;940;21/06/2013
2013043010;1;2;1;1;3;940;21/06/2013
2013043011;1;2;1;1;6;940;21/06/2013
2013043012;1;2;3;1;6;940;26/06/2013
2013043013;1;2;1;1;6;940;27/06/2013
2013043014;1;2;1;1;6;940;30/06/2013
2013043015;1;2;6;1;2;940;04/07/2013
2013043016;1;2;2;1;3;940;08/07/2013
2013043017;1;2;1;1;4;940;11/07/2013
2013043018;1;2;1;1;4;940;12/07/2013
2013043019;5;2;1;1;2;940;13/07/2013
2013043020;1;2;6;1;1;940;18/07/2013
2013043021;1;2;1;1;2;940;19/07/2013
2013043022;1;2;2;1;3;940;20/07/2013
2013043023;1;2;2;1;3;940;01/08/2013
2013043024;1;2;1;1;2;940;06/08/2013
2013043025;1;1;1;1;3;940;11/08/2013
2013043026;5;2;1;1;4;940;12/08/2013
2013043027;1;2;1;1;2;940;14/08/2013
2013043028;1;2;1;1;3;940;20/08/2013
2013043029;5;2;1;1;6;940;29/08/2013
2013043030;1;2;2;1;3;940;03/09/2013
2013043031;1;2;1;1;1;940;05/09/2013
2013043032;1;2;1;1;3;940;10/09/2013
2013043033;1;2;1;1;6;940;13/09/2013
2013043034;5;2;1;3;6;940;14/09/2013
2013043035;1;2;1;1;6;940;16/09/2013
2013043036;1;2;1;1;5;940;18/09/2013
2013043037;1;2;1;1;2;940;22/09/2013
2013043038;5;2;2;1;3;940;23/09/2013
2013043039;1;2;1;1;3;940;24/09/2013
2013043040;1;2;1;1;6;940;24/09/2013
2013043041;5;2;3;1;3;940;27/09/2013
2013043042;5;2;1;1;6;940;28/09/2013
2013043043;1;2;1;1;3;940;06/10/2013
2013043044;5;2;6;1;2;940;07/10/2013
2013043045;1;2;1;1;3;940;12/10/2013
2013043046;1;2;1;2;6;940;26/10/2013
2013043047;1;2;2;2;3;940;26/10/2013
2013043048;5;2;1;1;3;940;06/11/2013
2013043049;1;2;2;1;6;940;07/11/2013
2013043050;1;2;1;1;3;940;20/11/2013
2013043051;1;2;2;1;3;940;25/11/2013
2013043052;1;2;1;1;2;940;28/11/2013
2013043053;1;2;1;1;2;940;02/12/2013
2013043054;5;2;1;1;6;940;14/12/2013
2013043055;5;2;2;2;1;940;19/12/2013
2013043056;3;2;1;1;6;940;21/12/2013
2013043057;5;2;3;8;3;940;03/01/2013
2013043058;1;2;1;1;2;940;04/06/2013
2013043059;1;2;1;1;7;940;05/06/2013
2013043060;1;2;1;2;6;940;12/01/2013
2013043061;1;2;1;1;6;940;07/06/2013
2013043062;1;2;1;2;2;940;22/01/2013
2013043063;1;2;1;1;6;940;16/06/2013
2013043064;1;2;1;3;3;940;19/06/2013
2013043065;3;2;1;1;2;940;02/02/2013
2013043066;1;2;3;1;1;940;25/06/2013
2013043067;1;2;1;1;6;940;05/02/2013
2013043068;2;2;2;8;3;940;08/02/2013
2013043069;1;2;3;1;3;940;30/06/2013
2013043070;1;2;1;1;6;940;01/07/2013
2013043071;5;2;1;1;7;940;07/07/2013
2013043072;1;2;2;1;7;940;18/02/2013
2013043073;1;2;1;1;6;940;12/07/2013
2013043074;1;2;1;1;6;940;12/07/2013
2013043075;1;2;1;1;2;940;14/07/2013
2013043076;1;2;6;1;7;940;28/02/2013
2013043077;5;2;1;1;6;940;04/03/2013
2013043078;5;2;1;1;2;940;06/03/2013
2013043079;1;2;1;1;2;940;07/03/2013
2013043080;1;2;1;1;5;940;16/03/2013
2013043081;1;2;1;1;6;940;16/03/2013
2013043082;1;2;1;1;3;940;05/08/2013
2013043083;1;2;1;1;1;940;19/03/2013
2013043084;5;2;2;2;3;940;19/03/2013
2013043085;1;2;9;1;2;940;23/03/2013
2013043086;1;2;1;1;6;940;23/03/2013
2013043087;1;2;3;1;3;940;14/08/2013
2013043088;5;2;1;1;7;940;30/03/2013
2013043089;5;2;1;1;7;940;21/08/2013
2013043090;1;2;1;1;3;940;21/08/2013
2013043091;1;2;2;1;3;940;03/04/2013
2013043092;1;2;1;1;6;940;14/04/2013
2013043093;1;2;3;8;5;940;27/04/2013
2013043094;1;2;2;1;3;940;27/04/2013
2013043095;1;2;1;1;6;940;03/05/2013
2013043096;1;2;1;2;6;940;14/09/2013
2013043097;1;2;3;1;6;940;17/05/2013
2013043098;5;2;1;2;7;940;22/05/2013
2013043099;1;2;1;1;4;940;22/05/2013
2013043100;1;2;1;2;1;940;28/05/2013
2013043101;1;2;1;1;6;940;08/10/2013
2013043102;1;2;2;1;2;940;08/10/2013
2013043103;1;2;1;1;6;940;12/10/2013
2013043104;1;2;1;1;6;940;22/10/2013
2013043105;2;2;1;1;6;940;06/11/2013
2013043106;5;1;1;2;3;940;08/11/2013
2013043107;5;2;3;1;3;940;10/11/2013
2013043108;5;2;1;1;3;940;17/11/2013
2013043109;5;2;2;1;3;940;13/12/2013
2013043110;1;2;3;2;6;940;24/12/2013
2013043111;5;2;9;1;1;940;25/06/2013
2013043112;1;2;1;1;6;940;31/07/2013
2013043113;2;2;2;2;3;940;03/01/2013
2013043114;3;2;1;2;3;940;09/01/2013
2013043115;1;2;2;1;6;940;14/01/2013
2013043116;5;2;1;8;6;940;14/01/2013
2013043117;2;2;2;4;3;940;15/01/2013
2013043118;1;2;1;1;6;940;11/02/2013
2013043119;1;1;1;2;6;940;14/02/2013
2013043120;1;2;1;1;6;940;16/02/2013
2013043121;5;2;1;1;3;940;17/02/2013
2013043122;1;2;1;1;3;940;21/02/2013
2013043123;1;2;1;1;3;940;21/02/2013
2013043124;1;2;2;1;1;940;21/02/2013
2013043125;1;2;1;1;6;940;28/02/2013
2013043126;5;1;1;1;7;940;01/03/2013
2013043127;3;1;1;2;6;940;09/03/2013
2013043128;1;2;1;1;3;940;19/03/2013
2013043129;1;2;1;1;6;940;20/03/2013
2013043130;5;2;2;2;2;940;21/03/2013
2013043131;1;2;1;1;6;940;22/03/2013
2013043132;1;2;3;1;1;940;29/03/2013
2013043133;1;2;7;1;6;940;29/03/2013
2013043134;1;2;1;1;6;940;30/03/2013
2013043135;1;2;1;1;2;940;02/04/2013
2013043136;1;2;2;1;3;940;02/04/2013
2013043137;1;2;2;1;3;940;06/04/2013
2013043138;1;2;1;1;6;940;07/04/2013
2013043139;1;2;6;2;3;940;09/04/2013
2013043140;1;2;1;1;6;940;10/04/2013
2013043141;5;2;1;1;6;940;16/04/2013
2013043142;1;2;4;1;3;940;18/04/2013
2013043143;1;2;2;1;6;940;25/04/2013
2013043144;5;2;2;2;3;940;01/05/2013
2013043145;1;2;1;1;6;940;02/05/2013
2013043146;1;2;1;1;3;940;06/05/2013
2013043147;5;2;3;1;3;940;07/05/2013
2013043148;1;2;5;1;3;940;11/05/2013
2013043149;1;2;2;1;3;940;18/05/2013
2013043150;1;2;1;2;1;940;20/05/2013
2013043151;1;2;1;3;1;940;24/05/2013
2013043152;1;2;1;3;5;940;24/05/2013
2013043153;1;2;2;1;2;940;27/05/2013
2013043154;1;2;1;1;2;940;27/05/2013
2013043155;1;2;5;2;3;940;30/05/2013
2013043156;1;2;1;8;6;940;31/05/2013
2013043157;5;2;1;1;6;940;03/06/2013
2013043158;1;2;1;1;3;940;04/06/2013
2013043159;1;2;9;1;6;940;07/06/2013
2013043160;1;2;1;2;3;940;09/06/2013
2013043161;1;2;2;1;2;940;10/06/2013
2013043162;5;2;9;1;3;940;11/06/2013
2013043163;2;2;1;8;3;940;13/06/2013
2013043164;1;2;3;1;3;940;18/06/2013
2013043165;1;2;1;2;6;940;20/06/2013
2013043166;1;2;3;8;3;940;21/06/2013
2013043167;1;2;2;1;3;940;21/06/2013
2013043168;1;1;1;1;5;940;21/06/2013
2013043169;1;2;2;1;3;940;25/06/2013
2013043170;1;2;6;1;2;940;04/06/2013
2013043171;1;2;1;2;3;940;28/06/2013
2013043172;1;2;1;1;4;940;29/06/2013
2013043173;1;2;1;1;2;940;08/07/2013
2013043174;1;2;2;1;3;940;09/07/2013
2013043175;1;2;4;1;3;940;11/07/2013
2013043176;1;2;1;1;2;940;13/07/2013
2013043177;1;2;6;1;3;940;17/07/2013
2013043178;1;2;1;1;3;940;19/07/2013
2013043179;1;2;2;1;1;940;20/07/2013
2013043180;5;2;2;1;3;940;28/07/2013
2013043181;5;2;3;1;3;940;14/08/2013
2013043182;1;2;1;1;6;940;27/06/2013
2013043183;1;2;2;1;3;940;27/08/2013
2013043184;1;2;1;1;3;940;27/08/2013
2013043185;1;2;3;1;5;940;04/09/2013
2013043186;1;2;1;1;1;940;04/09/2013
2013043187;5;2;1;1;6;940;05/09/2013
2013043188;1;2;1;1;2;940;07/09/2013
2013043189;1;2;1;1;2;940;12/09/2013
2013043190;4;2;1;2;3;940;13/09/2013
2013043191;1;2;2;2;3;940;14/09/2013
2013043192;1;2;1;1;3;940;19/09/2013
2013043193;1;2;1;1;6;940;24/09/2013
2013043194;1;2;1;1;3;940;26/09/2013
2013043195;1;2;2;1;7;940;01/10/2013
2013043196;5;2;3;1;3;940;04/10/2013
2013043197;1;2;1;1;2;940;05/10/2013
2013043198;1;2;1;8;7;940;06/10/2013
2013043199;1;2;1;2;3;940;11/10/2013
2013043200;1;2;2;1;6;940;14/10/2013
2013043201;1;2;2;8;3;940;16/10/2013
2013043202;1;2;1;1;5;940;22/10/2013
2013043203;1;2;3;2;3;940;26/10/2013
2013043204;1;2;1;1;6;940;28/10/2013
2013043205;1;2;2;1;3;940;29/10/2013
2013043206;1;2;4;1;6;940;31/10/2013
2013043207;1;2;1;1;6;940;31/10/2013
2013043208;1;2;3;2;3;940;02/11/2013
2013043209;1;2;2;3;7;940;05/11/2013
2013043210;1;2;3;2;3;940;08/11/2013
2013043211;1;2;2;3;3;940;14/11/2013
2013043212;1;2;1;1;6;940;18/11/2013
2013043213;1;2;2;1;3;940;27/11/2013
2013043214;1;2;3;1;3;940;02/12/2013
2013043215;3;2;1;1;3;940;02/12/2013
2013043216;1;2;2;1;3;940;09/12/2013
2013043217;1;2;1;1;3;940;13/12/2013
2013043218;5;2;1;1;6;940;18/12/2013
2013043219;1;2;1;1;6;940;20/12/2013
2013043220;5;2;2;1;4;940;20/12/2013
2013043221;1;2;2;2;3;940;22/12/2013
2013043222;5;2;3;2;3;940;24/12/2013
2013043223;1;2;6;2;3;940;27/12/2013
2013043224;1;2;1;8;6;940;27/12/2013
2013043225;5;2;1;2;6;940;27/12/2013
2013043226;2;2;2;1;6;940;17/08/2013
2013043227;5;2;1;1;6;940;16/12/2013
2013043228;2;2;2;1;3;940;18/08/2013
2013043229;1;2;3;1;3;940;25/01/2013
2013043230;1;2;1;1;6;940;20/08/2013
2013043231;1;2;3;1;6;940;28/04/2013
2013043232;1;2;2;1;3;940;19/12/2013
2013043233;1;2;1;1;2;940;18/03/2013
2013043234;1;2;9;1;6;940;24/08/2013
2013043235;5;1;1;1;2;940;05/05/2013
2013043236;5;2;1;1;6;940;31/03/2013
2013043237;1;2;2;1;3;940;28/08/2013
2013043238;1;2;2;1;3;940;06/05/2013
2013043239;1;2;1;1;7;940;28/12/2013
2013043240;1;2;1;1;2;940;29/08/2013
2013043241;1;2;1;1;6;940;09/05/2013
2013043242;5;2;2;1;3;940;11/05/2013
2013043243;1;2;1;1;6;940;31/12/2013
2013043244;1;2;1;1;7;940;13/05/2013
2013043245;1;2;1;1;6;940;05/09/2013
2013043246;1;2;1;1;6;940;06/09/2013
2013043247;5;2;1;4;2;940;18/01/2013
2013043248;1;2;1;2;3;940;09/09/2013
2013043249;5;2;1;1;2;940;31/08/2013
2013043250;1;2;1;1;2;940;14/10/2013
2013043251;1;2;2;1;3;940;28/08/2013
2013043252;1;2;1;1;6;940;20/09/2013
2013043253;1;2;1;1;6;940;18/11/2013
2013043254;1;2;1;1;5;940;03/12/2013
2013043255;1;2;2;1;6;940;30/04/2013
2013043256;1;1;1;8;4;940;05/02/2013
2013043257;1;2;1;1;6;940;01/06/2013
2013043258;5;2;2;1;3;940;07/02/2013
2013043259;1;2;1;1;6;940;10/05/2013
2013043260;1;2;1;1;6;940;27/09/2013
2013043261;1;2;1;1;6;940;03/06/2013
2013043262;1;2;1;1;6;940;04/06/2013
2013043263;2;2;1;1;6;940;01/10/2013
2013043264;1;2;1;8;6;940;12/02/2013
2013043265;2;2;9;1;2;940;04/10/2013
2013043266;5;2;1;1;2;940;04/10/2013
2013043267;1;2;2;1;3;940;10/06/2013
2013043268;1;2;1;1;6;940;18/02/2013
2013043269;1;2;9;8;3;940;12/06/2013
2013043270;3;1;1;2;2;940;09/10/2013
2013043271;1;2;1;1;6;940;16/06/2013
2013043272;1;2;1;1;5;940;12/10/2013
2013043273;1;2;2;1;3;940;18/06/2013
2013043274;5;2;2;2;3;940;17/10/2013
2013043275;1;2;1;2;3;940;20/10/2013
2013043276;5;2;2;8;4;940;20/10/2013
2013043277;1;2;1;1;6;940;21/10/2013
2013043278;1;2;1;1;3;940;04/03/2013
2013043279;1;2;3;1;3;940;06/03/2013
2013043280;1;2;1;1;6;940;01/07/2013
2013043281;1;2;1;1;3;940;02/07/2013
2013043282;1;2;1;1;6;940;02/07/2013
2013043283;1;2;3;8;2;940;31/10/2013
2013043284;1;2;1;1;7;940;06/07/2013
2013043285;1;2;1;8;2;940;06/11/2013
2013043286;1;2;1;1;3;940;22/03/2013
2013043287;5;2;1;2;7;940;08/11/2013
2013043288;5;2;1;2;6;940;09/11/2013
2013043289;2;2;1;1;6;940;24/03/2013
2013043290;1;2;1;1;3;940;25/03/2013
2013043291;5;2;7;1;6;940;14/11/2013
2013043292;1;2;2;1;6;940;18/07/2013
2013043293;1;2;1;1;3;940;31/03/2013
2013043294;1;2;1;1;3;940;31/03/2013
2013043295;1;2;1;1;6;940;18/11/2013
2013043296;5;2;1;1;3;940;31/03/2013
2013043297;5;2;1;1;3;940;20/07/2013
2013043298;1;2;1;1;6;940;02/04/2013
2013043299;1;2;3;2;3;940;23/07/2013
2013043300;2;2;1;1;3;940;23/07/2013
2013043301;5;2;1;2;6;940;21/11/2013
2013043302;1;2;3;8;2;940;22/11/2013
2013043303;5;2;1;1;6;940;22/11/2013
2013043304;1;2;1;1;6;940;26/07/2013
2013043305;1;2;3;1;3;940;06/04/2013
2013043306;1;2;1;1;6;940;26/07/2013
2013043307;5;2;2;1;3;940;25/11/2013
2013043308;1;2;1;1;6;940;27/11/2013
2013043309;1;2;1;2;2;940;12/04/2013
2013043310;1;2;3;7;6;940;01/08/2013
2013043311;1;2;9;1;3;940;02/12/2013
2013043312;1;2;3;1;2;940;04/12/2013
2013043313;1;2;7;1;6;940;18/04/2013
2013043314;1;2;1;1;6;940;08/12/2013
2013043315;1;2;1;1;3;940;09/12/2013
2013043316;1;2;1;1;2;940;09/08/2013
2013043317;1;2;3;1;2;940;12/08/2013
2013043318;1;2;1;1;6;940;25/04/2013
2013043319;1;2;1;2;2;940;03/01/2013
2013043320;3;2;1;1;6;940;07/01/2013
2013043321;1;2;1;1;6;940;08/01/2013
2013043322;5;2;1;9;6;940;14/01/2013
2013043323;3;2;6;1;6;940;09/01/2013
2013043324;1;2;3;1;3;940;16/01/2013
2013043325;2;2;1;2;3;940;15/01/2013
2013043326;1;2;1;1;6;940;14/01/2013
2013043327;1;2;2;1;6;940;22/01/2013
2013043328;5;2;1;1;2;940;26/01/2013
2013043329;5;2;1;1;2;940;26/01/2013
2013043330;2;2;1;1;6;940;28/01/2013
2013043331;1;2;1;2;6;940;30/01/2013
2013043332;2;2;3;1;3;940;01/02/2013
2013043333;1;2;1;1;6;940;03/02/2013
2013043334;5;2;1;1;4;940;02/02/2013
2013043335;1;2;1;1;2;940;31/01/2013
2013043336;1;2;1;1;2;940;05/02/2013
2013043337;1;2;1;1;6;940;06/02/2013
2013043338;1;2;1;2;6;940;09/02/2013
2013043339;1;2;1;1;3;940;11/02/2013
2013043340;1;2;1;1;2;940;11/02/2013
2013043341;1;2;1;1;6;940;13/02/2013
2013043342;1;2;1;1;3;940;13/02/2013
2013043343;3;2;1;1;6;940;16/02/2013
2013043344;1;2;1;1;6;940;16/02/2013
2013043345;2;2;1;1;6;940;16/02/2013
2013043346;1;2;1;1;2;940;17/02/2013
2013043347;1;2;1;1;6;940;18/02/2013
2013043348;1;2;1;1;2;940;22/02/2013
2013043349;5;2;1;4;7;940;24/02/2013
2013043350;5;1;1;1;6;940;01/03/2013
2013043351;1;2;1;1;2;940;01/03/2013
2013043352;5;2;1;1;4;940;02/03/2013
2013043353;5;2;1;1;2;940;01/03/2013
2013043354;1;2;1;1;3;940;05/03/2013
2013043355;5;2;1;1;3;940;07/03/2013
2013043356;1;2;1;1;6;940;15/03/2013
2013043357;5;2;1;1;3;940;20/03/2013
2013043358;1;2;1;1;6;940;22/03/2013
2013043359;1;2;1;1;6;940;03/04/2013
2013043360;1;2;3;1;6;940;06/04/2013
2013043361;3;2;1;1;6;940;08/04/2013
2013043362;1;2;3;1;3;940;06/04/2013
2013043363;1;2;1;1;3;940;10/04/2013
2013043364;1;2;1;1;2;940;10/04/2013
2013043365;1;2;1;1;2;940;11/04/2013
2013043366;1;2;1;1;6;940;17/04/2013
2013043367;1;2;1;1;6;940;17/04/2013
2013043368;3;2;1;1;3;940;18/04/2013
2013043369;1;2;1;1;3;940;18/04/2013
2013043370;1;2;6;1;3;940;18/04/2013
2013043371;1;2;1;1;6;940;19/04/2013
2013043372;1;2;1;1;2;940;22/04/2013
2013043373;1;2;1;1;2;940;22/04/2013
2013043374;1;2;1;1;2;940;23/04/2013
2013043375;1;2;1;1;2;940;25/04/2013
2013043376;1;2;1;1;3;940;29/04/2013
2013043377;1;2;1;1;3;940;28/04/2013
2013043378;1;2;1;1;2;940;06/05/2013
2013043379;3;2;1;1;7;940;09/05/2013
2013043380;1;2;6;1;6;940;10/05/2013
2013043381;1;2;1;1;6;940;12/05/2013
2013043382;5;2;1;2;6;940;12/05/2013
2013043383;5;2;9;2;3;940;12/05/2013
2013043384;1;2;1;1;2;940;15/05/2013
2013043385;1;2;1;1;2;940;17/05/2013
2013043386;1;2;1;1;6;940;20/05/2013