num_acc;lum;agg;inter;atm;col;dep;date
2013043387;1;2;6;1;3;940;21/05/2013
2013043388;1;2;1;1;2;940;21/05/2013
2013043389;1;2;1;2;2;940;21/05/2013
2013043390;1;2;1;1;6;940;22/05/2013
2013043391;5;2;1;1;4;940;18/05/2013
2013043392;1;2;1;1;6;940;28/05/2013
2013043393;1;2;1;1;6;940;28/05/2013
2013043394;1;2;1;1;6;940;29/05/2013
2013043395;1;2;1;2;6;940;30/05/2013
2013043396;1;2;1;1;6;940;31/05/2013
2013043397;1;2;1;1;6;940;31/05/2013
2013043398;1;2;1;1;2;940;05/06/2013
2013043399;1;2;1;1;2;940;08/06/2013
2013043400;1;2;1;1;3;940;08/06/2013
2013043401;5;2;1;2;6;940;09/06/2013
2013043402;1;2;1;1;6;940;07/06/2013
2013043403;1;2;3;2;3;940;13/06/2013
2013043404;2;1;6;1;3;940;16/06/2013
2013043405;1;2;1;1;6;940;17/06/2013
2013043406;1;2;6;2;2;940;17/06/2013
2013043407;3;1;6;1;2;940;16/06/2013
2013043408;1;2;2;1;5;940;18/06/2013
2013043409;1;2;1;1;2;940;18/06/2013
2013043410;1;2;1;3;4;940;19/06/2013
2013043411;5;2;1;1;3;940;21/06/2013
2013043412;1;2;1;1;6;940;23/06/2013
2013043413;1;2;1;1;6;940;22/06/2013
2013043414;1;2;1;1;6;940;23/06/2013
2013043415;1;2;1;1;6;940;23/06/2013
2013043416;5;2;1;1;3;940;25/06/2013
2013043417;1;2;1;1;3;940;25/06/2013
2013043418;1;2;6;1;6;940;26/06/2013
2013043419;1;2;1;1;6;940;26/06/2013
2013043420;1;2;1;1;6;940;28/06/2013
2013043421;1;2;1;1;2;940;28/06/2013
2013043422;1;2;1;1;6;940;28/06/2013
2013043423;5;2;1;1;2;940;30/06/2013
2013043424;1;2;1;1;3;940;30/06/2013
2013043425;1;2;1;1;2;940;01/07/2013
2013043426;1;2;1;1;6;940;02/07/2013
2013043427;1;2;1;1;6;940;02/07/2013
2013043428;2;2;1;1;3;940;02/07/2013
2013043429;1;2;1;1;2;940;09/07/2013
2013043430;1;2;1;1;2;940;10/07/2013
2013043431;1;2;1;1;6;940;11/07/2013
2013043432;1;1;1;1;6;940;11/07/2013
2013043433;1;2;1;1;6;940;12/07/2013
2013043434;1;2;1;1;6;940;14/07/2013
2013043435;1;2;3;1;3;940;14/07/2013
2013043436;1;2;1;1;6;940;17/07/2013
2013043437;1;2;1;1;3;940;19/07/2013
2013043438;1;2;1;1;6;940;22/07/2013
2013043439;5;2;1;1;3;940;24/07/2013
2013043440;1;2;3;1;6;940;25/07/2013
2013043441;1;2;1;1;6;940;05/08/2013
2013043442;1;2;1;1;6;940;06/08/2013
2013043443;1;2;1;1;2;940;20/08/2013
2013043444;5;2;1;2;7;940;25/08/2013
2013043445;1;2;6;1;3;940;26/08/2013
2013043446;1;2;1;2;6;940;27/08/2013
2013043447;1;2;1;1;6;940;30/08/2013
2013043448;1;2;1;1;2;940;03/09/2013
2013043449;1;2;1;1;6;940;04/09/2013
2013043450;1;2;1;1;6;940;12/09/2013
2013043451;1;2;1;1;3;940;12/09/2013
2013043452;2;2;1;3;4;940;14/09/2013
2013043453;1;2;6;2;2;940;17/09/2013
2013043454;1;1;1;2;2;940;18/09/2013
2013043455;2;2;1;1;6;940;21/09/2013
2013043456;1;2;1;1;3;940;22/09/2013
2013043457;1;2;1;1;3;940;22/09/2013
2013043458;1;2;1;1;7;940;18/09/2013
2013043459;1;2;1;1;6;940;25/09/2013
2013043460;1;2;1;1;6;940;26/09/2013
2013043461;5;2;2;1;2;940;26/09/2013
2013043462;1;2;1;1;2;940;23/09/2013
2013043463;1;2;1;1;2;940;01/10/2013
2013043464;5;2;1;1;6;940;04/10/2013
2013043465;1;2;1;1;6;940;06/10/2013
2013043466;1;2;1;1;3;940;07/10/2013
2013043467;1;2;1;1;2;940;09/10/2013
2013043468;1;2;1;1;2;940;11/10/2013
2013043469;1;2;2;1;3;940;13/10/2013
2013043470;1;2;1;2;7;940;16/10/2013
2013043471;1;2;1;2;6;940;16/10/2013
2013043472;1;2;1;1;6;940;18/10/2013
2013043473;1;2;1;1;6;940;19/10/2013
2013043474;1;2;1;1;6;940;22/10/2013
2013043475;1;2;1;1;6;940;23/10/2013
2013043476;1;2;1;1;6;940;23/10/2013
2013043477;2;2;1;1;2;940;26/10/2013
2013043478;1;2;1;1;6;940;28/10/2013
2013043479;1;2;1;1;4;940;29/10/2013
2013043480;1;2;1;1;3;940;29/10/2013
2013043481;1;2;1;1;6;940;29/10/2013
2013043482;1;2;1;2;3;940;01/11/2013
2013043483;3;2;1;1;3;940;12/11/2013
2013043484;3;2;1;1;3;940;12/11/2013
2013043485;5;2;2;1;2;940;13/11/2013
2013043486;5;2;1;1;3;940;13/11/2013
2013043487;1;2;1;1;1;940;15/11/2013
2013043488;1;2;1;1;6;940;13/11/2013
2013043489;5;2;1;1;2;940;17/11/2013
2013043490;1;1;1;2;3;940;12/11/2013
2013043491;1;2;1;1;6;940;18/11/2013
2013043492;1;2;1;1;6;940;15/11/2013
2013043493;5;2;1;1;4;940;23/11/2013
2013043494;3;2;1;1;6;940;22/11/2013
2013043495;1;2;1;1;6;940;26/11/2013
2013043496;5;2;1;1;6;940;26/11/2013
2013043497;1;2;1;1;6;940;27/11/2013
2013043498;1;2;1;1;2;940;27/11/2013
2013043499;1;2;1;1;6;940;26/11/2013
2013043500;1;2;2;1;1;940;01/12/2013
2013043501;5;2;1;1;2;940;02/12/2013
2013043502;1;2;1;1;6;940;03/12/2013
2013043503;1;2;1;1;6;940;06/12/2013
2013043504;1;2;1;1;2;940;10/12/2013
2013043505;2;2;1;1;3;940;10/12/2013
2013043506;1;2;1;1;2;940;14/12/2013
2013043507;1;2;1;1;2;940;19/12/2013
2013043508;5;2;1;1;1;940;20/12/2013
2013043509;5;2;1;1;6;940;21/12/2013
2013043510;1;2;1;1;3;940;21/12/2013
2013043511;5;2;1;2;1;940;23/12/2013
2013043512;1;2;1;1;6;940;24/12/2013
2013043513;1;2;1;1;1;940;25/12/2013
2013043514;1;2;1;1;3;940;31/12/2013
2013043515;3;2;1;1;6;940;31/12/2013
2013043516;5;2;7;4;6;940;18/01/2013
2013043517;5;2;2;1;3;940;25/01/2013
2013043518;1;2;1;3;2;940;30/01/2013
2013043519;5;2;3;1;1;940;30/01/2013
2013043520;5;2;4;2;3;940;02/02/2013
2013043521;1;2;1;1;6;940;23/02/2013
2013043522;1;2;3;1;6;940;03/03/2013
2013043523;1;2;1;8;3;940;10/03/2013
2013043524;1;2;1;1;6;940;27/03/2013
2013043525;1;2;1;1;2;940;17/04/2013
2013043526;5;2;2;1;3;940;21/04/2013
2013043527;1;2;6;1;2;940;29/04/2013
2013043528;1;2;2;1;3;940;07/05/2013
2013043529;1;2;1;8;1;940;14/05/2013
2013043530;1;2;2;1;6;940;22/05/2013
2013043531;1;2;1;2;1;940;28/05/2013
2013043532;1;2;1;1;2;940;11/06/2013
2013043533;1;2;1;1;1;940;16/06/2013
2013043534;1;2;2;2;1;940;18/06/2013
2013043535;1;2;2;2;1;940;23/06/2013
2013043536;1;2;1;1;3;940;26/06/2013
2013043537;1;2;2;1;6;940;10/07/2013
2013043538;1;2;1;1;3;940;23/07/2013
2013043539;2;2;2;1;3;940;17/07/2013
2013043540;1;2;1;1;6;940;31/07/2013
2013043541;5;2;1;1;6;940;03/08/2013
2013043542;1;2;2;1;6;940;02/08/2013
2013043543;1;2;1;7;7;940;20/08/2013
2013043544;5;2;6;1;3;940;17/08/2013
2013043545;1;2;2;1;3;940;07/09/2013
2013043546;1;2;1;1;3;940;11/09/2013
2013043547;5;2;7;3;3;940;14/09/2013
2013043548;1;2;1;2;3;940;16/09/2013
2013043549;1;2;1;1;6;940;21/09/2013
2013043550;1;2;2;1;3;940;23/09/2013
2013043551;1;2;2;1;1;940;23/09/2013
2013043552;1;2;6;1;2;940;28/09/2013
2013043553;1;2;1;1;6;940;30/09/2013
2013043554;1;2;6;8;3;940;05/10/2013
2013043555;1;2;1;1;2;940;10/10/2013
2013043556;1;2;2;7;3;940;13/10/2013
2013043557;5;2;2;1;6;940;17/10/2013
2013043558;2;2;1;8;6;940;21/10/2013
2013043559;1;2;3;8;2;940;27/10/2013
2013043560;1;2;1;1;1;940;28/10/2013
2013043561;5;2;1;2;6;940;06/11/2013
2013043562;1;2;1;1;2;940;09/11/2013
2013043563;1;2;4;1;6;940;13/11/2013
2013043564;1;2;1;1;6;940;02/12/2013
2013043565;5;2;3;1;6;940;02/12/2013
2013043566;1;2;3;1;3;940;04/12/2013
2013043567;5;2;1;1;6;940;13/12/2013
2013043568;5;2;1;1;6;940;14/12/2013
2013043569;1;2;1;1;6;940;19/12/2013
2013043570;1;2;1;1;3;940;19/12/2013
2013043571;1;2;2;1;3;940;19/12/2013
2013043572;5;2;3;2;3;940;27/12/2013
2013043573;5;2;3;2;3;940;02/01/2013
2013043574;5;2;2;1;3;940;04/01/2013
2013043575;1;2;2;1;6;940;05/01/2013
2013043576;1;2;3;1;3;940;08/01/2013
2013043577;1;2;3;1;3;940;09/01/2013
2013043578;1;2;2;8;3;940;09/01/2013
2013043579;1;2;1;8;6;940;15/01/2013
2013043580;1;2;1;4;7;940;20/01/2013
2013043581;1;2;1;4;2;940;20/01/2013
2013043582;1;1;1;1;3;940;25/01/2013
2013043583;1;2;3;1;6;940;26/01/2013
2013043584;1;2;2;1;3;940;26/01/2013
2013043585;1;2;1;1;3;940;26/01/2013
2013043586;1;2;1;1;6;940;04/02/2013
2013043587;1;2;2;1;6;940;06/02/2013
2013043588;1;2;1;1;3;940;08/02/2013
2013043589;2;2;1;1;6;940;13/02/2013
2013043590;1;2;1;3;2;940;14/02/2013
2013043591;5;2;1;1;5;940;15/02/2013
2013043592;1;2;2;1;3;940;21/02/2013
2013043593;1;2;9;1;6;940;21/02/2013
2013043594;1;2;1;8;2;940;22/02/2013
2013043595;1;2;1;4;2;940;24/02/2013
2013043596;1;2;1;4;3;940;25/02/2013
2013043597;1;2;1;8;6;940;26/02/2013
2013043598;1;2;1;1;2;940;28/02/2013
2013043599;5;2;1;1;7;940;01/03/2013
2013043600;1;2;1;7;6;940;04/03/2013
2013043601;1;2;2;1;6;940;04/03/2013
2013043602;5;1;1;1;2;940;09/03/2013
2013043603;1;2;3;1;3;940;15/03/2013
2013043604;1;2;1;1;6;940;21/03/2013
2013043605;1;2;2;1;2;940;24/03/2013
2013043606;1;2;1;1;6;940;25/03/2013
2013043607;1;2;1;1;3;940;27/03/2013
2013043608;1;2;3;1;2;940;29/03/2013
2013043609;1;2;1;1;6;940;01/04/2013
2013043610;5;2;2;4;7;940;04/04/2013
2013043611;1;2;1;2;6;940;12/04/2013
2013043612;1;2;1;2;1;940;12/04/2013
2013043613;1;2;1;1;2;940;14/04/2013
2013043614;1;2;1;1;2;940;16/04/2013
2013043615;1;2;1;1;2;940;17/04/2013
2013043616;1;2;1;1;3;940;22/04/2013
2013043617;1;2;1;1;2;940;23/04/2013
2013043618;5;1;3;1;3;940;23/04/2013
2013043619;1;2;1;1;2;940;26/04/2013
2013043620;1;2;3;1;6;940;27/04/2013
2013043621;5;2;1;1;7;940;28/04/2013
2013043622;1;2;2;1;1;940;29/04/2013
2013043623;5;2;1;1;7;940;29/04/2013
2013043624;2;2;1;1;2;940;01/05/2013
2013043625;1;2;1;1;6;940;04/05/2013
2013043626;1;2;1;1;7;940;04/05/2013
2013043627;1;2;1;1;1;940;07/05/2013
2013043628;1;2;3;1;3;940;13/05/2013
2013043629;1;2;2;2;3;940;18/05/2013
2013043630;1;2;2;3;3;940;21/05/2013
2013043631;1;2;2;1;3;940;22/05/2013
2013043632;1;2;9;2;3;940;24/05/2013
2013043633;1;2;1;1;4;940;27/05/2013
2013043634;1;2;3;2;3;940;28/05/2013
2013043635;1;2;1;3;7;940;30/05/2013
2013043636;1;2;1;3;6;940;30/05/2013
2013043637;1;2;1;1;3;940;01/06/2013
2013043638;5;2;2;1;3;940;02/06/2013
2013043639;1;2;1;1;3;940;08/06/2013
2013043640;1;2;2;1;3;940;10/06/2013
2013043641;1;2;9;1;6;940;11/06/2013
2013043642;1;2;1;1;7;940;12/06/2013
2013043643;1;2;3;1;1;940;15/06/2013
2013043644;1;2;1;1;7;940;16/06/2013
2013043645;1;2;1;9;6;940;20/06/2013
2013043646;5;2;1;1;7;940;22/06/2013
2013043647;1;2;1;1;7;940;26/06/2013
2013043648;1;2;1;1;7;940;28/06/2013
2013043649;1;2;1;1;3;940;28/06/2013
2013043650;5;2;6;1;7;940;29/06/2013
2013043651;2;2;1;2;3;940;29/06/2013
2013043652;5;2;6;1;7;940;29/06/2013
2013043653;1;1;1;1;6;940;02/07/2013
2013043654;1;2;1;1;3;940;04/07/2013
2013043655;1;2;1;1;2;940;06/07/2013
2013043656;3;2;1;1;7;940;05/07/2013
2013043657;1;2;1;1;5;940;08/07/2013
2013043658;1;2;2;1;6;940;09/07/2013
2013043659;1;2;1;1;3;940;09/07/2013
2013043660;1;2;1;1;1;940;09/07/2013
2013043661;1;1;9;1;3;940;10/07/2013
2013043662;5;2;8;1;7;940;13/07/2013
2013043663;1;1;9;1;3;940;17/07/2013
2013043664;1;2;1;1;2;940;18/07/2013
2013043665;1;2;1;1;6;940;19/07/2013
2013043666;1;2;2;1;3;940;19/07/2013
2013043667;5;2;1;1;6;940;27/07/2013
2013043668;5;2;2;1;3;940;02/08/2013
2013043669;1;2;1;2;3;940;07/08/2013
2013043670;1;2;3;1;3;940;08/08/2013
2013043671;5;2;1;1;7;940;09/08/2013
2013043672;5;2;2;1;3;940;11/08/2013
2013043673;1;2;1;1;7;940;13/08/2013
2013043674;1;2;3;1;6;940;22/08/2013
2013043675;1;2;1;1;6;940;24/08/2013
2013043676;1;2;1;2;6;940;25/08/2013
2013043677;1;2;3;1;1;940;29/08/2013
2013043678;5;1;1;1;2;940;31/08/2013
2013043679;1;2;1;1;3;940;02/09/2013
2013043680;5;2;1;1;2;940;02/09/2013
2013043681;5;2;1;1;7;940;02/09/2013
2013043682;1;2;1;1;3;940;03/09/2013
2013043683;4;2;2;1;3;940;05/09/2013
2013043684;1;2;2;1;3;940;06/09/2013
2013043685;4;2;3;1;1;940;08/09/2013
2013043686;1;2;1;1;6;940;08/09/2013
2013043687;1;2;3;2;6;940;12/09/2013
2013043688;5;2;1;2;2;940;13/09/2013
2013043689;5;2;1;2;6;940;15/09/2013
2013043690;1;2;1;1;3;940;17/09/2013
2013043691;1;2;1;8;6;940;17/09/2013
2013043692;1;2;1;1;3;940;21/09/2013
2013043693;1;2;1;1;7;940;24/09/2013
2013043694;1;2;2;1;3;940;24/09/2013
2013043695;1;2;1;1;3;940;27/09/2013
2013043696;1;2;3;1;3;940;28/09/2013
2013043697;3;2;1;1;4;940;28/09/2013
2013043698;5;2;1;2;2;940;29/09/2013
2013043699;1;2;1;1;2;940;29/09/2013
2013043700;3;2;1;1;3;940;30/09/2013
2013043701;5;2;3;1;2;940;01/10/2013
2013043702;1;2;1;1;6;940;08/10/2013
2013043703;5;2;1;2;3;940;10/10/2013
2013043704;5;2;1;1;6;940;12/10/2013
2013043705;1;2;1;1;3;940;13/10/2013
2013043706;1;2;3;1;3;940;14/10/2013
2013043707;1;1;2;1;2;940;17/10/2013
2013043708;1;2;1;1;3;940;17/10/2013
2013043709;1;2;1;1;6;940;18/10/2013
2013043710;4;2;1;1;3;940;18/10/2013
2013043711;1;2;1;1;6;940;19/10/2013
2013043712;1;2;1;1;3;940;19/10/2013
2013043713;5;2;1;1;6;940;21/10/2013
2013043714;5;2;1;1;6;940;21/10/2013
2013043715;1;2;1;1;6;940;22/10/2013
2013043716;1;2;1;1;3;940;23/10/2013
2013043717;5;2;9;1;1;940;28/10/2013
2013043718;1;2;1;1;6;940;29/10/2013
2013043719;1;2;1;8;6;940;07/11/2013
2013043720;1;2;3;2;3;940;08/11/2013
2013043721;1;2;1;2;3;940;08/11/2013
2013043722;5;2;1;1;1;940;09/11/2013
2013043723;5;2;2;1;3;940;11/11/2013
2013043724;1;2;3;2;3;940;12/11/2013
2013043725;5;2;1;2;3;940;12/11/2013
2013043726;1;2;1;1;7;940;13/11/2013
2013043727;1;2;1;1;6;940;13/11/2013
2013043728;1;2;1;8;6;940;16/11/2013
2013043729;1;2;1;1;6;940;18/11/2013
2013043730;1;2;3;2;2;940;19/11/2013
2013043731;1;2;1;1;6;940;19/11/2013
2013043732;1;2;1;2;3;940;20/11/2013
2013043733;1;2;1;2;6;940;21/11/2013
2013043734;5;2;1;1;6;940;24/11/2013
2013043735;1;2;1;1;6;940;25/11/2013
2013043736;5;2;2;1;1;940;26/11/2013
2013043737;1;2;1;1;6;940;28/11/2013
2013043738;1;2;2;1;3;940;28/11/2013
2013043739;5;2;1;1;1;940;01/12/2013
2013043740;1;2;1;1;7;940;02/12/2013
2013043741;5;2;1;1;6;940;02/12/2013
2013043742;5;2;1;1;2;940;03/12/2013
2013043743;1;2;2;8;3;940;04/12/2013
2013043744;5;2;3;1;6;940;04/12/2013
2013043745;1;2;3;1;1;940;05/12/2013
2013043746;1;2;1;1;7;940;09/12/2013
2013043747;1;2;1;1;6;940;10/12/2013
2013043748;1;2;1;7;3;940;16/12/2013
2013043749;1;2;3;1;6;940;17/12/2013
2013043750;2;2;2;1;3;940;20/12/2013
2013043751;1;2;3;7;6;940;20/12/2013
2013043752;5;2;1;3;3;940;24/12/2013
2013043753;2;1;1;2;2;940;04/01/2013
2013043754;2;2;1;1;6;940;18/01/2013
2013043755;5;2;3;2;1;940;10/01/2013
2013043756;1;2;9;1;3;940;13/01/2013
2013043757;1;2;1;4;6;940;15/01/2013
2013043758;2;2;1;8;6;940;23/01/2013
2013043759;1;2;1;1;6;940;24/01/2013
2013043760;4;2;1;2;3;940;04/02/2013
2013043761;5;2;1;9;7;940;04/02/2013
2013043762;5;2;2;1;1;940;06/02/2013
2013043763;5;2;3;1;3;940;13/02/2013
2013043764;1;2;1;2;7;940;14/02/2013
2013043765;1;2;2;1;2;940;15/02/2013
2013043766;1;2;3;1;3;940;16/02/2013
2013043767;5;2;2;1;3;940;02/03/2013
2013043768;1;1;1;1;6;940;04/03/2013
2013043769;1;2;6;1;3;940;06/03/2013
2013043770;1;2;1;2;6;940;11/03/2013
2013043771;2;2;3;1;6;940;15/03/2013
2013043772;5;2;1;2;6;940;16/03/2013
2013043773;5;2;1;1;6;940;20/03/2013
2013043774;1;2;1;1;6;940;23/03/2013
2013043775;1;2;3;1;6;940;28/03/2013
2013043776;1;2;1;1;6;940;28/03/2013
2013043777;3;1;1;1;5;940;28/03/2013
2013043778;1;2;3;1;3;940;02/04/2013
2013043779;1;2;1;1;1;940;06/04/2013
2013043780;1;2;1;1;6;940;11/04/2013
2013043781;5;2;9;2;7;940;12/04/2013
2013043782;1;2;3;2;3;940;12/04/2013
2013043783;1;2;4;2;1;940;13/04/2013
2013043784;5;2;9;2;7;940;14/04/2013
2013043785;1;2;1;1;3;940;16/04/2013
2013043786;1;2;1;1;3;940;17/04/2013
2013043787;1;2;9;7;1;940;19/04/2013
2013043788;1;2;3;1;6;940;25/04/2013
2013043789;1;2;1;1;3;940;21/04/2013
2013043790;5;2;1;1;3;940;24/04/2013
2013043791;1;2;3;1;3;940;25/04/2013
2013043792;1;2;2;2;6;940;26/04/2013
2013043793;1;2;1;3;6;940;01/05/2013
2013043794;1;1;1;8;6;940;03/05/2013
2013043795;1;2;1;1;2;940;07/05/2013
2013043796;1;1;1;1;7;940;11/05/2013
2013043797;1;2;2;1;6;940;15/05/2013
2013043798;1;2;1;1;2;940;15/05/2013
2013043799;1;1;1;1;2;940;17/05/2013
2013043800;5;1;1;1;3;940;18/05/2013
2013043801;1;2;1;3;6;940;20/05/2013
2013043802;1;2;3;3;2;940;23/05/2013
2013043803;1;2;1;1;3;940;23/05/2013
2013043804;1;2;1;1;6;940;24/05/2013
2013043805;1;2;1;2;3;940;24/05/2013
2013043806;1;2;1;2;1;940;24/05/2013
2013043807;1;2;2;1;4;940;27/05/2013
2013043808;1;2;1;1;3;940;01/06/2013
2013043809;1;2;1;1;6;940;01/06/2013
2013043810;1;2;1;1;1;940;04/06/2013
2013043811;5;2;1;1;6;940;04/06/2013
2013043812;5;2;4;1;2;940;09/06/2013
2013043813;1;1;1;1;2;940;11/06/2013
2013043814;1;2;1;1;3;940;11/06/2013
2013043815;1;2;1;1;3;940;11/06/2013
2013043816;1;2;1;1;6;940;12/06/2013
2013043817;1;2;1;2;2;940;13/06/2013
2013043818;1;2;2;1;3;940;15/06/2013
2013043819;1;2;1;1;2;940;16/06/2013
2013043820;5;2;1;1;6;940;23/06/2013
2013043821;1;2;2;1;4;940;24/06/2013
2013043822;1;2;3;1;3;940;25/06/2013
2013043823;1;2;2;1;3;940;26/06/2013
2013043824;1;2;2;1;3;940;27/06/2013
2013043825;1;2;1;1;4;940;28/06/2013
2013043826;5;2;1;2;2;940;29/06/2013
2013043827;1;2;1;1;4;940;02/07/2013
2013043828;1;2;1;1;2;940;07/07/2013
2013043829;1;2;3;1;3;940;07/07/2013
2013043830;2;2;1;1;3;940;10/07/2013
2013043831;1;2;1;1;3;940;11/07/2013
2013043832;1;2;1;1;6;940;11/07/2013
2013043833;1;2;2;1;3;940;17/07/2013
2013043834;1;2;3;7;1;940;18/07/2013
2013043835;1;1;1;1;3;940;19/07/2013
2013043836;1;2;6;1;4;940;21/07/2013
2013043837;1;1;1;1;2;940;23/07/2013
2013043838;1;2;1;1;7;940;23/07/2013
2013043839;1;1;1;7;6;940;25/07/2013
2013043840;1;2;6;1;7;940;28/07/2013
2013043841;1;2;1;1;6;940;31/07/2013
2013043842;1;2;1;1;3;940;03/08/2013
2013043843;5;2;7;1;6;940;07/08/2013
2013043844;1;1;1;1;3;940;08/08/2013
2013043845;1;2;2;1;3;940;13/08/2013
2013043846;1;1;1;1;6;940;16/08/2013
2013043847;5;2;1;1;6;940;21/08/2013
2013043848;1;2;2;1;3;940;26/08/2013
2013043849;1;1;3;1;3;940;27/08/2013
2013043850;1;2;3;1;3;940;29/08/2013
2013043851;1;1;1;7;3;940;31/08/2013
2013043852;1;2;1;1;7;940;02/09/2013
2013043853;1;2;1;1;2;940;03/09/2013
2013043854;3;2;1;1;6;940;09/09/2013
2013043855;1;2;1;2;7;940;14/09/2013
2013043856;3;1;1;2;4;940;15/09/2013
2013043857;1;2;1;2;3;940;16/09/2013
2013043858;1;2;1;2;6;940;17/09/2013
2013043859;1;2;1;1;6;940;18/09/2013
2013043860;1;2;1;1;3;940;16/09/2013
2013043861;1;2;1;1;6;940;20/09/2013
2013043862;5;2;1;1;6;940;21/09/2013
2013043863;1;2;1;1;6;940;25/09/2013
2013043864;1;2;1;1;3;940;26/09/2013
2013043865;1;2;1;1;7;940;26/09/2013
2013043866;1;2;9;1;6;940;27/09/2013
2013043867;3;2;1;2;1;940;29/09/2013
2013043868;5;2;1;2;6;940;29/09/2013
2013043869;5;2;6;1;7;940;30/09/2013
2013043870;1;2;1;1;6;940;02/10/2013
2013043871;1;2;2;1;3;940;03/10/2013
2013043872;1;2;1;1;6;940;03/10/2013
2013043873;1;2;1;1;3;940;05/10/2013
2013043874;1;2;1;1;3;940;09/10/2013
2013043875;1;1;2;1;3;940;10/10/2013
2013043876;5;2;2;2;6;940;11/10/2013
2013043877;5;2;8;1;6;940;11/10/2013
2013043878;1;2;3;1;1;940;14/10/2013
2013043879;1;2;2;1;6;940;14/10/2013
2013043880;5;2;2;1;6;940;15/10/2013
2013043881;1;2;1;8;2;940;16/10/2013
2013043882;1;2;1;8;3;940;16/10/2013
2013043883;1;2;2;1;3;940;17/10/2013
2013043884;2;2;1;1;6;940;17/10/2013
2013043885;2;2;1;5;7;940;18/10/2013
2013043886;1;2;1;1;6;940;22/10/2013
2013043887;5;1;1;1;3;940;23/10/2013
2013043888;1;2;1;1;5;940;24/10/2013
2013043889;1;2;1;2;6;940;25/10/2013
2013043890;5;2;2;3;3;940;25/10/2013
2013043891;1;1;2;8;3;940;26/10/2013
2013043892;1;2;2;1;6;940;02/11/2013
2013043893;1;2;6;2;2;940;04/11/2013
2013043894;5;1;1;2;6;940;06/11/2013
2013043895;3;1;1;1;4;940;07/11/2013
2013043896;1;1;1;2;4;940;09/11/2013
2013043897;1;2;1;3;2;940;10/11/2013
2013043898;1;2;1;1;6;940;11/11/2013
2013043899;5;2;2;1;2;940;11/11/2013
2013043900;2;2;1;1;3;940;13/11/2013
2013043901;1;2;1;2;7;940;14/11/2013
2013043902;5;2;6;1;6;940;15/11/2013
2013043903;1;2;3;2;1;940;19/11/2013
2013043904;5;2;2;1;1;940;19/11/2013
2013043905;1;2;1;1;2;940;20/11/2013
2013043906;5;2;2;1;1;940;25/11/2013
2013043907;2;2;1;1;3;940;26/11/2013
2013043908;1;2;2;1;3;940;28/11/2013
2013043909;5;2;2;1;3;940;29/11/2013
2013043910;5;2;3;1;3;940;30/11/2013
2013043911;3;2;3;1;3;940;01/12/2013
2013043912;5;2;3;1;3;940;02/12/2013
2013043913;1;2;1;8;3;940;04/12/2013
2013043914;5;1;3;1;6;940;04/12/2013
2013043915;5;1;1;1;6;940;05/12/2013
2013043916;5;2;1;1;3;940;09/12/2013
2013043917;1;2;2;1;6;940;14/12/2013
2013043918;1;1;1;1;2;940;19/12/2013
2013043919;1;2;1;1;6;940;23/12/2013
2013043920;1;2;1;2;6;940;25/12/2013
2013043921;5;2;2;8;3;940;30/12/2013
2013043922;5;2;1;1;6;940;30/12/2013
2013043923;1;2;2;1;3;940;31/12/2013
2013043924;1;2;1;2;2;940;04/01/2013
2013043925;5;2;9;2;6;940;10/01/2013
2013043926;5;2;1;3;6;940;13/01/2013
2013043927;1;2;1;1;6;940;16/01/2013
2013043928;5;2;1;1;7;940;18/01/2013
2013043929;5;2;2;1;3;940;24/01/2013
2013043930;1;2;1;8;6;940;25/01/2013
2013043931;5;2;1;1;6;940;26/01/2013
2013043932;1;2;1;7;1;940;28/01/2013
2013043933;3;2;1;2;6;940;03/02/2013
2013043934;1;2;1;1;6;940;13/02/2013
2013043935;1;2;1;1;6;940;21/02/2013
2013043936;1;2;1;8;1;940;22/02/2013
2013043937;5;2;1;1;2;940;23/02/2013
2013043938;5;2;1;1;6;940;28/02/2013
2013043939;1;2;1;1;6;940;04/03/2013
2013043940;1;2;1;2;2;940;07/03/2013
2013043941;1;2;1;1;6;940;21/03/2013
2013043942;1;2;1;8;6;940;11/04/2013
2013043943;1;2;1;1;6;940;18/04/2013
2013043944;1;2;2;1;6;940;24/04/2013
2013043945;1;2;1;2;2;940;01/05/2013
2013043946;1;2;1;1;6;940;04/05/2013
2013043947;1;2;1;1;6;940;08/06/2013
2013043948;1;2;1;1;3;940;19/06/2013
2013043949;1;2;3;1;2;940;05/07/2013
2013043950;1;2;1;1;6;940;09/07/2013
2013043951;1;2;3;1;3;940;10/07/2013
2013043952;1;2;1;1;6;940;18/07/2013
2013043953;1;2;1;1;6;940;23/07/2013
2013043954;5;2;1;1;6;940;13/07/2013
2013043955;1;2;3;1;6;940;27/07/2013
2013043956;1;2;1;1;6;940;29/07/2013
2013043957;1;2;1;1;6;940;30/07/2013
2013043958;1;2;1;1;6;940;29/07/2013
2013043959;2;2;3;2;3;940;07/08/2013
2013043960;1;2;9;1;3;940;24/10/2013
2013043961;1;2;1;1;6;940;09/08/2013
2013043962;1;2;1;1;6;940;09/08/2013
2013043963;5;2;7;1;7;940;10/08/2013
2013043964;5;2;2;1;3;940;15/08/2013