num_acc;lum;agg;inter;atm;col;dep;date
2013045119;1;2;1;1;4;950;26/12/2013
2013045120;5;1;1;2;5;950;09/01/2013
2013045121;1;2;1;1;2;950;10/01/2013
2013045122;5;2;1;1;6;950;24/02/2013
2013045123;1;2;1;1;6;950;09/03/2013
2013045124;1;2;1;1;6;950;20/03/2013
2013045125;1;2;1;8;6;950;16/03/2013
2013045126;5;2;1;1;6;950;30/01/2013
2013045127;1;2;1;1;3;950;01/02/2013
2013045128;1;2;1;1;6;950;21/02/2013
2013045129;1;2;3;1;6;950;07/01/2013
2013045130;1;2;2;1;6;950;22/04/2013
2013045131;1;2;4;1;3;950;24/07/2013
2013045132;1;2;1;1;6;950;01/09/2013
2013045133;1;1;1;3;6;950;17/09/2013
2013045134;1;2;1;1;6;950;26/06/2013
2013045135;1;1;1;1;1;950;01/10/2013
2013045136;1;2;1;1;6;950;02/10/2013
2013045137;5;2;1;2;6;950;21/10/2013
2013045138;3;1;1;2;4;950;04/11/2013
2013045139;1;2;1;1;6;950;31/10/2013
2013045140;1;2;1;1;6;950;13/11/2013
2013045141;5;2;1;8;2;950;18/12/2013
2013045142;2;2;1;7;6;950;15/12/2013
2013045143;5;2;1;1;6;950;20/12/2013
2013045144;3;1;1;1;1;950;01/12/2013
2013045145;1;2;1;1;6;950;15/08/2013
2013045146;5;2;1;8;2;950;04/01/2013
2013045147;5;2;1;2;6;950;10/01/2013
2013045148;5;2;1;2;3;950;13/01/2013
2013045149;1;2;2;2;6;950;09/04/2013
2013045150;1;2;1;1;3;950;13/04/2013
2013045151;1;2;1;1;2;950;03/06/2013
2013045152;1;2;2;1;3;950;08/06/2013
2013045153;1;2;1;7;6;950;15/06/2013
2013045154;1;2;1;1;6;950;17/06/2013
2013045155;1;2;1;1;2;950;22/07/2013
2013045156;5;2;3;1;1;950;31/08/2013
2013045157;1;2;1;1;3;950;01/10/2013
2013045158;1;2;1;1;6;950;15/10/2013
2013045159;5;2;3;1;3;950;16/10/2013
2013045160;5;2;1;1;7;950;19/10/2013
2013045161;2;2;2;2;3;950;14/11/2013
2013045162;4;2;1;1;6;950;19/11/2013
2013045163;5;2;3;2;3;950;13/12/2013
2013045164;1;2;1;1;4;950;04/03/2013
2013045165;5;2;3;8;6;950;22/01/2013
2013045166;1;2;1;1;6;950;10/04/2013
2013045167;1;1;1;1;4;950;05/04/2013
2013045168;1;2;2;1;6;950;02/07/2013
2013045169;1;1;1;1;3;201;08/01/2013
2013045170;1;2;1;1;3;201;09/01/2013
2013045171;4;1;1;2;7;201;14/01/2013
2013045172;5;2;1;1;6;201;26/01/2013
2013045173;5;2;1;1;3;201;27/01/2013
2013045174;1;2;1;1;6;201;26/02/2013
2013045175;1;2;1;1;3;201;26/02/2013
2013045176;1;2;1;1;2;201;03/03/2013
2013045177;1;2;1;1;3;201;08/03/2013
2013045178;2;1;1;2;6;201;14/03/2013
2013045179;5;2;1;9;2;201;21/03/2013
2013045180;1;1;1;1;7;201;21/03/2013
2013045181;1;2;1;1;6;201;09/04/2013
2013045182;1;2;1;1;6;201;10/04/2013
2013045183;1;1;6;1;1;201;16/04/2013
2013045184;1;2;1;1;3;201;02/05/2013
2013045185;5;2;1;1;6;201;03/05/2013
2013045186;2;2;1;8;1;201;17/05/2013
2013045187;1;1;9;1;6;201;17/05/2013
2013045188;1;2;1;1;6;201;26/05/2013
2013045189;1;2;1;1;6;201;04/06/2013
2013045190;1;2;1;1;2;201;18/06/2013
2013045191;1;2;9;1;6;201;21/06/2013
2013045192;5;2;3;1;3;201;29/06/2013
2013045193;5;2;1;1;5;201;29/06/2013
2013045194;1;2;6;1;3;201;06/07/2013
2013045195;5;2;3;1;3;201;13/07/2013
2013045196;1;1;1;1;3;201;18/07/2013
2013045197;1;2;3;1;3;201;23/07/2013
2013045198;5;2;1;1;2;201;25/07/2013
2013045199;1;2;1;1;3;201;26/07/2013
2013045200;1;2;1;1;6;201;31/07/2013
2013045201;1;2;1;1;5;201;01/08/2013
2013045202;5;2;1;1;6;201;02/08/2013
2013045203;5;2;1;1;6;201;04/08/2013
2013045204;1;2;6;1;2;201;07/08/2013
2013045205;1;2;1;1;4;201;10/08/2013
2013045206;1;2;2;1;6;201;12/08/2013
2013045207;5;2;1;1;6;201;14/08/2013
2013045208;5;2;1;1;3;201;17/08/2013
2013045209;5;2;1;1;6;201;27/08/2013
2013045210;5;2;1;1;7;201;01/09/2013
2013045211;1;2;1;1;2;201;03/09/2013
2013045212;5;2;1;2;3;201;10/09/2013
2013045213;5;2;3;1;3;201;29/09/2013
2013045214;1;2;6;1;3;201;02/10/2013
2013045215;1;2;1;1;3;201;09/10/2013
2013045216;1;2;1;1;6;201;10/10/2013
2013045217;5;2;3;1;1;201;14/10/2013
2013045218;2;1;3;1;2;201;17/10/2013
2013045219;1;2;1;1;3;201;19/10/2013
2013045220;5;2;1;1;7;201;21/10/2013
2013045221;5;2;1;1;6;201;24/10/2013
2013045222;5;2;9;1;6;201;25/10/2013
2013045223;1;2;1;1;6;201;01/11/2013
2013045224;1;2;1;1;7;201;05/11/2013
2013045225;5;2;6;1;6;201;11/11/2013
2013045226;5;1;1;1;7;201;15/11/2013
2013045227;1;2;1;1;3;201;19/11/2013
2013045228;5;2;3;1;3;201;19/11/2013
2013045229;5;2;1;1;2;201;21/11/2013
2013045230;1;1;6;1;3;201;28/11/2013
2013045231;1;2;1;1;6;201;11/12/2013
2013045232;5;2;9;1;3;201;22/12/2013
2013045233;4;2;1;1;6;201;27/12/2013
2013045234;5;2;1;1;1;201;28/12/2013
2013045235;1;2;1;1;4;201;31/12/2013
2013045236;5;2;2;1;3;201;31/12/2013
2013045237;5;2;1;2;6;690;19/01/2013
2013045238;1;2;1;8;2;690;28/01/2013
2013045239;1;2;2;4;3;690;09/02/2013
2013045240;5;2;1;1;2;690;09/02/2013
2013045241;1;2;1;1;4;690;09/03/2013
2013045242;5;2;2;6;3;690;17/03/2013
2013045243;1;2;1;1;3;690;25/03/2013
2013045244;1;2;7;1;3;690;16/04/2013
2013045245;1;2;2;2;3;690;27/04/2013
2013045246;5;2;2;1;3;690;22/04/2013
2013045247;1;2;3;1;6;690;27/05/2013
2013045248;1;2;1;2;2;690;30/05/2013
2013045249;1;2;1;1;6;690;05/06/2013
2013045250;1;2;2;1;3;690;07/06/2013
2013045251;5;2;1;1;3;690;11/06/2013
2013045252;1;2;1;1;6;690;11/06/2013
2013045253;5;2;2;1;6;690;15/06/2013
2013045254;1;2;1;1;6;690;05/08/2013
2013045255;5;2;2;1;6;690;29/06/2013
2013045256;5;2;1;1;2;690;14/07/2013
2013045257;1;2;1;2;6;690;18/07/2013
2013045258;1;2;1;1;4;690;26/08/2013
2013045259;1;2;1;1;6;690;13/09/2013
2013045260;1;2;1;1;3;690;19/09/2013
2013045261;1;2;2;1;6;690;23/09/2013
2013045262;2;2;1;1;6;690;02/10/2013
2013045263;1;2;3;1;6;690;16/10/2013
2013045264;5;2;2;1;3;690;20/10/2013
2013045265;5;2;1;1;1;690;24/10/2013
2013045266;1;2;1;7;7;690;27/10/2013
2013045267;1;2;1;1;6;690;31/10/2013
2013045268;5;2;1;1;6;690;01/11/2013
2013045269;1;2;1;1;3;690;12/11/2013
2013045270;1;2;1;2;6;690;15/11/2013
2013045271;1;2;1;2;6;690;20/11/2013
2013045272;1;2;2;1;3;690;23/11/2013
2013045273;5;2;1;2;6;690;29/11/2013
2013045274;5;2;1;5;3;690;15/12/2013
2013045275;5;2;1;1;6;690;28/12/2013
2013045276;1;2;1;1;7;690;28/11/2013
2013045277;3;1;1;2;6;770;01/01/2013
2013045278;5;1;1;2;6;940;01/01/2013
2013045279;5;1;1;2;6;940;01/01/2013
2013045280;2;1;1;1;2;940;01/01/2013
2013045281;1;1;1;8;7;770;01/01/2013
2013045282;5;1;1;1;6;940;01/01/2013
2013045283;2;1;1;1;5;940;02/01/2013
2013045284;1;1;1;1;3;940;03/01/2013
2013045285;1;1;1;8;6;940;03/01/2013
2013045286;2;1;1;2;5;930;03/01/2013
2013045287;5;1;1;1;2;940;05/01/2013
2013045288;3;1;1;1;2;770;08/01/2013
2013045289;4;1;1;1;5;940;08/01/2013
2013045290;3;1;1;2;5;770;10/01/2013
2013045291;1;1;1;8;2;940;10/01/2013
2013045292;2;1;1;2;6;940;10/01/2013
2013045293;3;1;1;2;2;770;10/01/2013
2013045294;3;1;1;1;5;770;10/01/2013
2013045295;4;1;1;2;6;940;11/01/2013
2013045296;1;1;1;1;7;770;14/01/2013
2013045297;1;1;1;1;2;940;14/01/2013
2013045298;1;1;1;1;4;770;16/01/2013
2013045299;2;1;1;8;6;770;18/01/2013
2013045300;5;1;1;4;7;770;18/01/2013
2013045301;3;1;1;4;3;770;20/01/2013
2013045302;4;1;1;4;5;940;21/01/2013
2013045303;1;1;1;9;5;940;22/01/2013
2013045304;1;1;1;2;3;940;24/01/2013
2013045305;1;1;1;1;2;750;24/01/2013
2013045306;5;1;1;1;5;930;27/01/2013
2013045307;2;1;1;2;3;770;29/01/2013
2013045308;1;1;1;2;3;940;30/01/2013
2013045309;1;1;1;1;2;770;30/01/2013
2013045310;2;1;1;1;6;770;31/01/2013
2013045311;1;1;1;1;3;770;31/01/2013
2013045312;1;1;1;2;4;940;31/01/2013
2013045313;3;1;1;1;7;750;31/01/2013
2013045314;1;1;1;2;5;940;01/02/2013
2013045315;5;1;1;1;2;940;02/02/2013
2013045316;5;1;1;1;2;940;02/02/2013
2013045317;5;1;1;1;2;940;02/02/2013
2013045318;5;1;1;1;4;940;02/02/2013
2013045319;1;1;1;2;7;770;04/02/2013
2013045320;1;1;1;2;2;940;04/02/2013
2013045321;1;1;1;8;3;770;05/02/2013
2013045322;1;1;1;1;7;940;06/02/2013
2013045323;1;1;1;1;3;940;07/02/2013
2013045324;5;1;1;1;5;940;08/02/2013
2013045325;1;1;1;1;6;770;11/02/2013
2013045326;3;1;1;8;5;770;11/02/2013
2013045327;1;1;1;1;3;770;12/02/2013
2013045328;2;1;1;1;7;770;13/02/2013
2013045329;1;1;1;1;2;940;15/02/2013
2013045330;1;1;1;1;2;770;18/02/2013
2013045331;1;1;1;1;4;770;19/02/2013
2013045332;1;1;1;1;5;930;21/02/2013
2013045333;1;1;1;1;4;770;21/02/2013
2013045334;1;1;1;1;5;770;22/02/2013
2013045335;1;1;1;2;2;940;25/02/2013
2013045336;3;1;1;1;3;770;26/02/2013
2013045337;1;1;1;1;7;940;27/02/2013
2013045338;3;1;1;1;4;770;27/02/2013
2013045339;5;1;1;1;3;940;01/03/2013
2013045340;3;1;1;1;7;770;01/03/2013
2013045341;1;1;1;1;2;940;02/03/2013
2013045342;3;1;1;1;7;770;03/03/2013
2013045343;5;1;1;1;2;940;03/03/2013
2013045344;1;1;1;1;6;770;03/03/2013
2013045345;1;1;1;1;4;940;05/03/2013
2013045346;1;1;1;1;4;940;07/03/2013
2013045347;1;1;1;1;5;940;08/03/2013
2013045348;1;1;1;1;4;940;09/03/2013
2013045349;3;1;1;1;2;940;09/03/2013
2013045350;3;1;1;1;6;770;10/03/2013
2013045351;1;1;1;2;3;940;11/03/2013
2013045352;1;1;1;8;5;940;11/03/2013
2013045353;3;1;1;2;3;940;12/03/2013
2013045354;1;1;1;4;4;770;12/03/2013
2013045355;1;1;1;2;2;940;13/03/2013
2013045356;1;1;1;1;6;940;14/03/2013
2013045357;1;1;1;1;7;770;14/03/2013
2013045358;1;1;1;1;3;770;14/03/2013
2013045359;1;1;1;1;2;770;15/03/2013
2013045360;4;1;1;1;4;940;16/03/2013
2013045361;3;1;1;2;2;940;16/03/2013
2013045362;1;1;1;2;6;940;17/03/2013
2013045363;4;1;1;2;5;940;17/03/2013
2013045364;1;1;1;1;3;930;18/03/2013
2013045365;3;1;1;1;6;770;21/03/2013
2013045366;1;1;1;1;5;770;22/03/2013
2013045367;2;1;1;1;2;930;22/03/2013
2013045368;1;1;1;1;3;770;26/03/2013
2013045369;1;1;1;1;3;930;26/03/2013
2013045370;1;1;1;1;2;770;26/03/2013
2013045371;1;1;1;1;5;940;27/03/2013
2013045372;1;1;1;1;2;940;28/03/2013
2013045373;1;1;1;1;5;770;28/03/2013
2013045374;1;1;1;1;3;770;29/03/2013
2013045375;1;1;1;1;2;940;30/03/2013
2013045376;3;1;1;1;6;770;31/03/2013
2013045377;1;1;1;1;6;940;31/03/2013
2013045378;1;1;1;1;2;940;31/03/2013
2013045379;2;1;1;1;6;930;01/04/2013
2013045380;1;1;1;1;2;770;01/04/2013
2013045381;1;1;1;1;2;770;02/04/2013
2013045382;1;1;1;1;7;770;04/04/2013
2013045383;1;1;1;1;2;940;05/04/2013
2013045384;1;1;1;1;7;940;06/04/2013
2013045385;1;1;1;1;5;770;07/04/2013
2013045386;1;1;1;1;5;770;08/04/2013
2013045387;1;1;1;1;4;940;09/04/2013
2013045388;1;1;1;1;6;770;09/04/2013
2013045389;1;1;1;1;7;940;10/04/2013
2013045390;1;1;1;2;5;770;10/04/2013
2013045391;1;1;1;1;2;940;11/04/2013
2013045392;1;1;1;1;2;940;18/04/2013
2013045393;1;1;1;2;2;940;13/04/2013
2013045394;1;1;1;1;2;750;14/04/2013
2013045395;1;1;1;1;5;940;14/04/2013
2013045396;1;1;1;1;7;940;14/04/2013
2013045397;1;1;1;1;2;940;14/04/2013
2013045398;1;1;1;1;5;940;15/04/2013
2013045399;5;1;1;1;6;930;15/04/2013
2013045400;1;1;1;1;2;940;17/04/2013
2013045401;1;1;1;1;3;940;17/04/2013
2013045402;1;1;1;1;4;940;18/04/2013
2013045403;1;1;1;1;2;940;21/04/2013
2013045404;1;1;1;1;3;940;22/04/2013
2013045405;1;1;1;1;6;770;22/04/2013
2013045406;1;1;1;1;6;940;23/04/2013
2013045407;1;1;1;1;2;940;24/04/2013
2013045408;1;1;1;1;2;940;23/04/2013
2013045409;1;1;1;1;7;940;25/04/2013
2013045410;1;1;1;1;6;940;26/04/2013
2013045411;1;1;1;2;3;770;30/04/2013
2013045412;1;1;1;2;3;940;30/04/2013
2013045413;1;1;1;1;7;940;03/05/2013
2013045414;1;1;1;1;6;940;04/05/2013
2013045415;1;1;1;1;7;770;05/05/2013
2013045416;1;1;1;1;3;770;07/05/2013
2013045417;1;1;1;1;6;940;09/05/2013
2013045418;1;1;1;1;7;940;11/05/2013
2013045419;1;1;1;1;3;940;11/05/2013
2013045420;1;1;1;1;3;940;14/05/2013
2013045421;1;1;1;1;3;940;15/05/2013
2013045422;1;1;1;1;5;930;16/05/2013
2013045423;1;1;1;1;5;770;17/05/2013
2013045424;2;1;1;1;2;770;17/05/2013
2013045425;3;1;9;1;6;770;18/05/2013
2013045426;1;1;1;1;5;940;18/05/2013
2013045427;1;1;1;2;6;770;19/05/2013
2013045428;4;1;1;3;6;940;20/05/2013
2013045429;1;1;1;2;4;940;20/05/2013
2013045430;1;1;1;2;6;770;20/05/2013
2013045431;1;1;1;2;3;940;21/05/2013
2013045432;1;1;1;3;4;770;21/05/2013
2013045433;1;1;1;2;5;940;21/05/2013
2013045434;1;1;1;2;3;770;21/05/2013
2013045435;1;1;1;1;4;940;22/05/2013
2013045436;1;1;1;1;2;770;22/05/2013
2013045437;1;1;1;1;3;770;23/05/2013
2013045438;1;1;1;2;6;940;23/05/2013
2013045439;1;1;1;8;7;940;30/05/2013
2013045440;3;1;1;1;6;940;24/05/2013
2013045441;1;1;1;1;7;940;25/05/2013
2013045442;5;1;1;1;2;940;27/05/2013
2013045443;1;1;1;2;7;940;28/05/2013
2013045444;1;1;1;1;3;940;29/05/2013
2013045445;1;1;1;1;7;940;04/06/2013
2013045446;1;1;1;1;5;770;04/06/2013
2013045447;1;1;1;1;2;940;05/06/2013
2013045448;1;1;1;1;2;940;06/06/2013
2013045449;1;1;1;1;3;940;06/06/2013
2013045450;1;1;1;1;7;770;06/06/2013
2013045451;1;1;1;1;2;770;07/06/2013
2013045452;1;1;1;1;3;770;07/06/2013
2013045453;1;1;1;1;3;940;07/06/2013
2013045454;5;1;1;1;6;940;08/06/2013
2013045455;1;1;1;1;2;940;08/06/2013
2013045456;1;1;1;1;2;940;08/06/2013
2013045457;1;1;1;2;6;770;09/06/2013
2013045458;1;1;1;1;3;940;09/06/2013
2013045459;1;1;1;1;2;930;10/06/2013
2013045460;5;1;1;1;2;940;10/06/2013
2013045461;1;1;1;1;2;940;10/06/2013
2013045462;1;1;1;1;4;750;10/06/2013
2013045463;1;1;1;1;3;940;11/06/2013
2013045464;1;1;1;1;7;940;11/06/2013
2013045465;1;1;1;1;3;940;12/06/2013
2013045466;1;1;1;1;3;940;14/06/2013
2013045467;1;1;1;1;2;940;14/06/2013
2013045468;1;1;1;1;3;770;16/06/2013
2013045469;1;1;1;7;6;770;16/06/2013
2013045470;1;1;1;1;3;940;18/06/2013
2013045471;1;1;9;1;2;930;18/06/2013
2013045472;1;1;1;2;3;940;19/06/2013
2013045473;1;1;1;2;7;940;21/06/2013
2013045474;1;1;1;2;7;770;21/06/2013
2013045475;1;1;1;2;4;940;23/06/2013
2013045476;1;1;1;1;5;770;25/06/2013
2013045477;1;1;1;1;2;940;26/06/2013
2013045478;1;1;1;1;2;770;26/06/2013
2013045479;1;1;1;1;3;940;26/06/2013
2013045480;1;1;1;1;7;940;26/06/2013
2013045481;1;1;1;1;3;770;28/06/2013
2013045482;1;1;1;1;2;770;27/06/2013
2013045483;3;1;1;1;2;770;28/06/2013
2013045484;1;1;1;1;2;940;28/06/2013
2013045485;1;1;1;1;4;770;28/06/2013
2013045486;1;1;1;2;3;770;29/06/2013
2013045487;1;1;1;1;3;770;29/06/2013
2013045488;3;1;1;1;6;940;30/06/2013
2013045489;2;1;1;1;7;770;30/06/2013
2013045490;1;1;1;1;2;940;01/07/2013
2013045491;1;1;1;1;3;940;01/07/2013
2013045492;1;1;1;1;3;770;01/07/2013
2013045493;5;1;1;1;3;940;01/07/2013
2013045494;3;1;1;1;4;770;01/07/2013
2013045495;1;1;1;1;2;940;03/07/2013
2013045496;1;1;1;1;7;770;03/07/2013
2013045497;1;1;1;1;5;940;05/07/2013
2013045498;3;1;1;1;6;770;05/07/2013
2013045499;1;1;1;1;2;940;06/07/2013
2013045500;1;1;1;1;6;770;06/07/2013
2013045501;3;1;9;1;2;770;06/07/2013
2013045502;2;1;1;1;6;940;07/07/2013
2013045503;1;1;1;1;2;940;07/07/2013
2013045504;1;1;1;1;4;940;07/07/2013
2013045505;4;1;1;1;5;770;07/07/2013
2013045506;1;1;1;7;4;940;08/07/2013
2013045507;1;1;1;7;5;770;11/07/2013
2013045508;1;1;1;1;3;940;12/07/2013
2013045509;1;1;1;1;2;940;12/07/2013
2013045510;1;1;1;1;4;770;12/07/2013
2013045511;1;1;1;1;3;940;12/07/2013
2013045512;1;1;1;1;4;940;12/07/2013
2013045513;3;1;1;1;3;770;12/07/2013
2013045514;1;1;1;1;2;940;15/07/2013
2013045515;1;1;1;1;5;940;15/07/2013
2013045516;1;1;1;1;6;940;15/07/2013
2013045517;1;1;1;1;2;940;16/07/2013
2013045518;1;1;1;1;7;940;16/07/2013
2013045519;1;1;1;1;3;940;16/07/2013
2013045520;1;1;1;1;4;940;17/07/2013
2013045521;1;1;1;1;5;770;19/07/2013
2013045522;1;1;1;1;2;770;20/07/2013
2013045523;1;1;1;1;4;940;20/07/2013
2013045524;1;1;1;1;7;770;23/07/2013
2013045525;1;1;1;1;3;940;25/07/2013
2013045526;1;1;1;1;3;940;25/07/2013
2013045527;1;1;1;1;2;940;25/07/2013
2013045528;1;1;1;1;2;750;25/07/2013
2013045529;1;1;1;1;3;940;25/07/2013
2013045530;1;1;1;1;3;770;25/07/2013
2013045531;1;1;1;1;2;770;26/07/2013
2013045532;1;1;1;1;7;940;26/07/2013
2013045533;1;1;1;1;6;770;01/08/2013
2013045534;1;1;1;1;3;770;02/08/2013
2013045535;1;1;1;1;5;940;02/08/2013
2013045536;2;1;1;1;5;940;02/08/2013
2013045537;1;1;1;1;5;940;03/08/2013
2013045538;1;1;1;1;2;940;05/08/2013
2013045539;1;1;1;2;4;940;07/08/2013
2013045540;1;1;1;1;7;940;08/08/2013
2013045541;1;1;1;1;2;940;12/08/2013
2013045542;1;1;1;1;2;770;12/08/2013
2013045543;5;1;1;1;4;940;14/08/2013
2013045544;1;1;1;1;7;940;20/08/2013
2013045545;1;1;1;2;7;770;25/08/2013
2013045546;1;1;1;1;7;940;26/08/2013
2013045547;1;1;1;2;7;940;27/08/2013
2013045548;1;1;1;1;4;770;28/08/2013
2013045549;1;1;1;1;4;940;30/08/2013
2013045550;1;1;1;1;3;770;31/08/2013
2013045551;1;1;1;1;3;940;01/09/2013
2013045552;1;1;1;1;7;770;02/09/2013
2013045553;1;1;1;1;3;940;03/09/2013
2013045554;1;1;1;1;7;770;03/09/2013
2013045555;1;1;1;7;7;770;05/09/2013
2013045556;1;1;1;1;6;770;06/09/2013
2013045557;3;1;1;1;2;940;07/09/2013
2013045558;1;1;1;1;5;940;07/09/2013
2013045559;3;1;1;1;5;940;08/09/2013
2013045560;1;1;1;1;2;940;09/09/2013
2013045561;1;1;1;2;2;770;09/09/2013
2013045562;1;1;1;8;3;940;11/09/2013
2013045563;1;1;1;1;3;940;11/09/2013
2013045564;1;1;1;8;2;940;12/09/2013
2013045565;1;1;1;1;3;770;12/09/2013
2013045566;4;1;1;1;6;770;13/09/2013
2013045567;3;1;1;2;3;750;14/09/2013
2013045568;1;1;1;2;6;940;14/09/2013
2013045569;1;1;1;1;5;770;15/09/2013
2013045570;1;1;1;2;6;770;16/09/2013
2013045571;1;1;1;1;7;940;16/09/2013
2013045572;1;1;1;2;2;940;16/09/2013
2013045573;1;1;1;3;7;940;16/09/2013
2013045574;3;1;1;2;2;930;16/09/2013
2013045575;1;1;1;1;2;940;17/09/2013
2013045576;1;1;1;1;2;940;18/09/2013
2013045577;1;1;1;2;7;940;18/09/2013
2013045578;2;1;1;1;4;940;18/09/2013
2013045579;1;1;1;1;5;940;20/09/2013
2013045580;2;1;1;1;2;770;21/09/2013
2013045581;1;1;1;1;6;770;21/09/2013
2013045582;1;1;1;1;2;940;22/09/2013
2013045583;3;1;1;1;7;770;23/09/2013
2013045584;3;1;1;1;1;770;22/09/2013
2013045585;1;1;1;1;3;770;23/09/2013
2013045586;3;1;1;1;4;770;23/09/2013
2013045587;1;1;1;1;3;770;24/09/2013
2013045588;5;1;1;1;6;940;24/09/2013
2013045589;1;1;1;1;5;940;25/09/2013
2013045590;3;1;1;1;3;940;25/09/2013
2013045591;5;1;1;2;5;750;27/09/2013
2013045592;1;1;1;8;7;770;28/09/2013
2013045593;1;1;1;1;5;940;30/09/2013
2013045594;3;1;1;1;4;940;02/10/2013
2013045595;1;1;1;1;2;940;02/10/2013
2013045596;1;1;1;1;2;930;03/10/2013
2013045597;1;1;1;1;3;940;03/10/2013
2013045598;1;1;1;1;4;770;03/10/2013
2013045599;1;1;1;1;5;940;04/10/2013
2013045600;1;1;1;2;3;770;04/10/2013
2013045601;1;1;1;1;6;770;05/10/2013
2013045602;3;1;1;1;5;770;06/10/2013
2013045603;1;1;1;1;3;940;07/10/2013
2013045604;3;1;1;1;6;770;07/10/2013
2013045605;1;1;1;1;4;770;08/10/2013
2013045606;1;1;1;1;6;940;08/10/2013
2013045607;5;1;1;1;2;940;08/10/2013
2013045608;1;1;1;1;3;770;12/10/2013
2013045609;2;1;1;1;3;770;12/10/2013
2013045610;3;1;1;1;3;770;13/10/2013
2013045611;3;1;1;2;5;770;14/10/2013
2013045612;5;1;1;2;6;940;14/10/2013
2013045613;3;1;1;1;3;940;16/10/2013
2013045614;1;1;1;2;7;750;16/10/2013
2013045615;5;1;1;1;2;940;11/10/2013
2013045616;1;1;1;2;2;770;16/10/2013
2013045617;1;1;1;2;6;770;16/10/2013
2013045618;1;1;1;1;5;770;18/10/2013
2013045619;1;1;1;1;2;940;19/10/2013
2013045620;2;1;1;1;4;940;20/10/2013
2013045621;5;1;1;3;5;940;20/10/2013
2013045622;5;1;1;1;3;940;20/10/2013
2013045623;5;1;1;1;6;940;21/10/2013
2013045624;1;1;1;1;4;770;21/10/2013
2013045625;1;1;1;1;3;940;23/10/2013
2013045626;1;1;1;1;2;940;23/10/2013
2013045627;1;1;1;1;5;770;23/10/2013
2013045628;1;1;1;1;3;940;23/10/2013
2013045629;3;1;1;2;7;770;23/10/2013
2013045630;1;1;1;1;5;940;24/10/2013
2013045631;3;1;1;1;2;940;24/10/2013
2013045632;1;1;1;1;3;940;25/10/2013
2013045633;2;1;1;1;2;770;26/10/2013
2013045634;1;1;1;1;5;770;26/10/2013
2013045635;1;1;1;1;5;770;26/10/2013
2013045636;4;1;1;2;2;940;27/10/2013
2013045637;1;1;1;3;6;770;27/10/2013
2013045638;1;1;1;1;4;940;27/10/2013
2013045639;5;1;1;3;2;940;27/10/2013
2013045640;1;1;1;2;3;940;28/10/2013
2013045641;2;1;1;1;3;940;29/10/2013
2013045642;1;1;1;1;2;770;29/10/2013
2013045643;1;1;1;1;3;940;31/10/2013
2013045644;1;1;1;1;3;770;31/10/2013
2013045645;3;1;1;1;2;930;31/10/2013
2013045646;3;1;1;2;2;770;01/11/2013
2013045647;1;1;1;2;5;770;01/11/2013
2013045648;5;1;1;3;2;940;01/11/2013
2013045649;5;1;1;2;4;750;02/11/2013
2013045650;1;1;1;2;6;940;02/11/2013
2013045651;2;1;1;1;6;940;04/11/2013
2013045652;1;1;1;1;7;940;04/11/2013
2013045653;1;1;9;8;3;770;04/11/2013
2013045654;3;1;1;1;4;930;04/11/2013
2013045655;3;1;1;1;3;770;05/11/2013
2013045656;1;1;1;2;7;940;05/11/2013
2013045657;1;1;1;2;3;940;05/11/2013
2013045658;1;1;1;2;6;940;06/11/2013
2013045659;1;1;1;8;7;940;06/11/2013
2013045660;1;1;1;1;3;770;06/11/2013
2013045661;1;1;1;1;4;940;07/11/2013
2013045662;1;1;1;1;3;770;04/11/2013
2013045663;2;1;1;2;5;940;08/11/2013
2013045664;3;1;1;2;4;770;08/11/2013
2013045665;1;1;1;3;7;770;09/11/2013
2013045666;1;1;1;2;2;940;09/11/2013
2013045667;1;1;1;1;2;770;10/11/2013
2013045668;3;1;1;1;3;770;11/11/2013
2013045669;1;1;1;2;7;750;12/11/2013
2013045670;1;1;1;1;7;770;12/11/2013
2013045671;1;1;1;1;5;940;12/11/2013
2013045672;1;1;1;2;7;940;12/11/2013
2013045673;1;1;1;2;3;770;12/11/2013
2013045674;1;1;1;1;4;770;13/11/2013
2013045675;1;1;1;1;2;770;13/11/2013
2013045676;1;1;1;1;2;940;13/11/2013
2013045677;1;1;1;1;3;940;13/11/2013
2013045678;2;1;1;1;3;770;13/11/2013
2013045679;2;1;1;1;4;940;13/11/2013
2013045680;3;1;1;1;5;770;13/11/2013
2013045681;3;1;1;1;7;940;13/11/2013
2013045682;1;1;1;1;2;940;27/11/2013
2013045683;1;1;1;1;2;770;19/11/2013
2013045684;5;1;1;1;3;940;19/11/2013
2013045685;3;1;1;3;6;940;20/11/2013
2013045686;1;1;1;1;5;940;22/11/2013
2013045687;5;1;1;1;4;940;22/11/2013
2013045688;5;1;1;1;4;940;22/11/2013
2013045689;1;1;1;1;5;940;23/11/2013
2013045690;3;1;1;1;6;770;24/11/2013
2013045691;1;1;1;1;7;940;24/11/2013
2013045692;1;1;1;1;2;750;25/11/2013
2013045693;1;1;1;1;6;770;26/11/2013
2013045694;1;1;1;1;7;940;27/11/2013
2013045695;1;1;1;1;3;940;29/11/2013
2013045696;2;1;1;3;7;770;29/11/2013