num_acc;lum;agg;inter;atm;col;dep;date
2013045697;2;1;1;2;7;750;29/11/2013
2013045698;4;1;1;2;7;940;29/11/2013
2013045699;5;1;1;1;3;940;01/12/2013
2013045700;1;1;1;1;3;940;02/12/2013
2013045701;1;1;1;1;3;940;02/12/2013
2013045702;2;1;1;1;7;940;03/12/2013
2013045703;3;1;1;1;2;940;03/12/2013
2013045704;4;1;1;1;2;770;04/12/2013
2013045705;3;1;1;1;7;940;05/12/2013
2013045706;1;1;1;1;5;770;06/12/2013
2013045707;1;1;1;1;3;940;06/12/2013
2013045708;5;1;1;1;5;940;06/12/2013
2013045709;3;1;1;1;2;770;07/12/2013
2013045710;1;1;1;1;7;770;07/12/2013
2013045711;5;1;1;1;4;940;07/12/2013
2013045712;3;1;1;1;2;770;08/12/2013
2013045713;2;1;1;1;4;770;09/12/2013
2013045714;1;1;1;1;5;770;09/12/2013
2013045715;1;1;1;1;3;940;10/12/2013
2013045716;2;1;1;3;3;940;11/12/2013
2013045717;1;1;1;1;4;770;11/12/2013
2013045718;3;1;1;1;2;770;11/12/2013
2013045719;3;1;1;1;3;770;11/12/2013
2013045720;3;1;1;1;3;770;11/12/2013
2013045721;1;1;1;1;7;770;15/12/2013
2013045722;3;1;1;1;2;770;15/12/2013
2013045723;3;1;1;1;2;770;15/12/2013
2013045724;1;1;1;1;2;940;16/12/2013
2013045725;3;1;1;1;3;940;18/12/2013
2013045726;3;1;1;2;2;770;19/12/2013
2013045727;1;1;1;2;3;940;19/12/2013
2013045728;5;1;1;2;2;940;19/12/2013
2013045729;3;1;1;2;3;940;19/12/2013
2013045730;3;1;1;1;6;770;20/12/2013
2013045731;3;1;1;1;6;770;20/12/2013
2013045732;4;1;1;1;6;940;21/12/2013
2013045733;3;1;1;2;2;940;22/12/2013
2013045734;3;1;1;1;6;770;22/12/2013
2013045735;3;1;1;2;4;770;22/12/2013
2013045736;1;1;1;1;2;940;23/12/2013
2013045737;5;1;1;1;5;770;23/12/2013
2013045738;5;1;1;1;3;940;23/12/2013
2013045739;3;1;1;3;6;940;24/12/2013
2013045740;3;1;1;1;6;770;26/12/2013
2013045741;3;1;1;2;6;770;27/12/2013
2013045742;1;1;1;1;6;940;27/12/2013
2013045743;5;1;1;3;7;940;28/12/2013
2013045744;1;1;1;1;2;940;29/12/2013
2013045745;3;1;1;1;6;940;31/12/2013
2013045746;4;1;1;2;6;920;01/01/2013
2013045747;1;1;1;1;3;950;01/01/2013
2013045748;1;1;1;2;6;930;01/01/2013
2013045749;3;1;1;1;6;950;02/01/2013
2013045750;2;1;1;1;6;950;02/01/2013
2013045751;3;1;1;1;3;930;02/01/2013
2013045752;3;1;1;2;7;950;02/01/2013
2013045753;3;1;1;2;6;920;03/01/2013
2013045754;1;1;1;1;6;930;03/01/2013
2013045755;1;1;1;2;7;930;03/01/2013
2013045756;1;1;1;1;6;930;03/01/2013
2013045757;1;1;1;8;6;950;03/01/2013
2013045758;3;1;1;8;3;950;03/01/2013
2013045759;1;1;1;1;6;950;07/01/2013
2013045760;1;1;1;8;6;950;04/01/2013
2013045761;3;1;1;1;4;930;04/01/2013
2013045762;3;1;1;1;3;950;04/01/2013
2013045763;3;1;1;1;6;950;05/01/2013
2013045764;3;1;1;2;4;920;05/01/2013
2013045765;3;1;1;1;5;930;06/01/2013
2013045766;1;1;1;1;2;930;06/01/2013
2013045767;1;1;1;8;6;950;07/01/2013
2013045768;3;1;1;1;7;950;07/01/2013
2013045769;3;1;1;1;2;930;08/01/2013
2013045770;1;1;1;1;5;950;08/01/2013
2013045771;1;1;1;1;7;930;08/01/2013
2013045772;3;1;1;1;2;930;08/01/2013
2013045773;1;1;1;2;3;950;09/01/2013
2013045774;3;1;1;2;3;930;10/01/2013
2013045775;3;1;1;1;6;930;10/01/2013
2013045776;1;1;1;2;6;950;10/01/2013
2013045777;3;1;1;2;5;930;10/01/2013
2013045778;3;1;1;2;3;930;10/01/2013
2013045779;3;1;1;2;4;950;11/01/2013
2013045780;1;1;1;8;6;930;11/01/2013
2013045781;1;1;1;1;2;920;11/01/2013
2013045782;1;1;1;2;6;930;12/01/2013
2013045783;1;1;1;8;6;920;12/01/2013
2013045784;1;1;1;8;6;930;12/01/2013
2013045785;3;1;1;2;4;950;12/01/2013
2013045786;3;1;1;2;6;950;13/01/2013
2013045787;3;1;1;1;3;950;13/01/2013
2013045788;1;1;1;1;3;930;14/01/2013
2013045789;3;1;1;1;4;950;14/01/2013
2013045790;3;1;1;1;4;950;14/01/2013
2013045791;1;1;1;4;4;950;15/01/2013
2013045792;1;1;4;2;7;930;15/01/2013
2013045793;1;1;1;2;7;930;15/01/2013
2013045794;3;1;1;2;7;950;15/01/2013
2013045795;4;1;1;1;2;930;16/01/2013
2013045796;2;1;1;1;2;950;17/01/2013
2013045797;3;1;1;1;4;930;17/01/2013
2013045798;1;1;1;4;2;930;19/01/2013
2013045799;1;1;1;4;6;920;20/01/2013
2013045800;1;1;1;4;6;950;20/01/2013
2013045801;2;1;1;4;3;950;21/01/2013
2013045802;1;1;1;4;2;930;21/01/2013
2013045803;1;1;1;1;2;930;22/01/2013
2013045804;1;1;1;1;2;930;22/01/2013
2013045805;1;1;1;1;4;950;23/01/2013
2013045806;1;1;1;1;6;950;23/01/2013
2013045807;1;1;1;1;5;930;23/01/2013
2013045808;5;1;1;2;3;930;23/01/2013
2013045809;1;1;1;2;5;930;23/01/2013
2013045810;4;1;1;1;2;600;25/01/2013
2013045811;3;1;1;1;6;950;25/01/2013
2013045812;3;1;1;1;5;930;27/01/2013
2013045813;1;1;1;2;7;930;27/01/2013
2013045814;1;1;1;1;6;920;27/01/2013
2013045815;1;1;1;1;4;930;27/01/2013
2013045816;4;1;1;1;7;930;28/01/2013
2013045817;1;1;1;1;6;950;28/01/2013
2013045818;1;1;1;1;6;950;28/01/2013
2013045819;1;1;1;1;3;950;28/01/2013
2013045820;3;1;1;1;3;930;28/01/2013
2013045821;3;1;1;1;6;930;28/01/2013
2013045822;4;1;1;2;2;930;30/01/2013
2013045823;2;1;1;2;3;950;30/01/2013
2013045824;1;1;1;2;3;950;30/01/2013
2013045825;1;1;1;2;2;930;30/01/2013
2013045826;1;1;1;2;6;930;30/01/2013
2013045827;1;1;1;1;7;930;30/01/2013
2013045828;1;1;1;1;3;930;31/01/2013
2013045829;3;1;1;3;3;930;01/02/2013
2013045830;5;1;1;2;2;950;01/02/2013
2013045831;1;1;1;2;4;930;01/02/2013
2013045832;3;1;1;2;2;930;01/02/2013
2013045833;3;1;1;2;4;930;01/02/2013
2013045834;1;1;1;1;3;930;02/02/2013
2013045835;1;1;1;8;7;930;02/02/2013
2013045836;1;1;1;2;4;930;02/02/2013
2013045837;4;1;1;2;7;930;02/02/2013
2013045838;4;1;1;8;2;930;02/02/2013
2013045839;3;1;1;2;6;930;03/02/2013
2013045840;4;1;1;2;6;950;04/02/2013
2013045841;3;1;1;2;3;950;04/02/2013
2013045842;1;1;1;2;2;950;04/02/2013
2013045843;1;1;1;1;3;930;04/02/2013
2013045844;4;1;1;1;3;950;04/02/2013
2013045845;1;1;1;1;3;950;05/02/2013
2013045846;1;1;1;1;7;930;05/02/2013
2013045847;1;1;1;1;4;930;05/02/2013
2013045848;1;1;1;1;6;950;06/02/2013
2013045849;3;1;1;1;2;930;06/02/2013
2013045850;2;1;1;1;2;930;07/02/2013
2013045851;3;1;1;1;2;950;07/02/2013
2013045852;3;1;1;1;6;950;07/02/2013
2013045853;3;1;1;1;5;950;08/02/2013
2013045854;1;1;1;1;3;930;08/02/2013
2013045855;1;1;1;1;3;930;08/02/2013
2013045856;1;1;1;1;6;930;08/02/2013
2013045857;4;1;1;2;7;930;08/02/2013
2013045858;4;1;1;1;5;930;09/02/2013
2013045859;5;1;1;1;7;950;09/02/2013
2013045860;4;1;1;1;6;920;10/02/2013
2013045861;3;1;1;1;3;600;10/02/2013
2013045862;1;1;1;3;2;920;10/02/2013
2013045863;3;1;1;4;3;930;10/02/2013
2013045864;1;1;1;1;2;930;12/02/2013
2013045865;1;1;1;1;6;930;12/02/2013
2013045866;1;1;1;1;5;950;13/02/2013
2013045867;3;1;1;1;3;930;13/02/2013
2013045868;1;1;1;2;7;930;14/02/2013
2013045869;1;1;1;2;3;950;14/02/2013
2013045870;1;1;1;2;6;930;14/02/2013
2013045871;1;1;1;2;6;950;14/02/2013
2013045872;1;1;1;1;2;950;14/02/2013
2013045873;1;1;1;1;6;950;14/02/2013
2013045874;2;1;1;1;6;930;15/02/2013
2013045875;1;1;1;1;7;930;15/02/2013
2013045876;2;1;1;1;4;950;15/02/2013
2013045877;3;1;1;1;2;930;15/02/2013
2013045878;3;1;1;1;6;950;17/02/2013
2013045879;2;1;1;1;3;950;18/02/2013
2013045880;3;1;1;1;7;600;18/02/2013
2013045881;3;1;1;1;6;930;19/02/2013
2013045882;1;1;1;1;6;920;19/02/2013
2013045883;1;1;1;1;5;930;19/02/2013
2013045884;1;1;1;1;3;600;19/02/2013
2013045885;1;1;1;1;2;950;20/02/2013
2013045886;1;1;1;1;4;920;20/02/2013
2013045887;1;1;1;1;5;930;20/02/2013
2013045888;1;1;1;1;3;950;21/02/2013
2013045889;1;1;1;1;4;930;22/02/2013
2013045890;1;1;1;1;7;950;23/02/2013
2013045891;3;1;1;1;6;930;23/02/2013
2013045892;3;1;1;4;6;950;24/02/2013
2013045893;1;1;1;4;5;950;24/02/2013
2013045894;1;1;1;4;2;950;24/02/2013
2013045895;1;1;1;4;3;950;25/02/2013
2013045896;3;1;1;2;7;930;26/02/2013
2013045897;3;1;1;1;6;950;27/02/2013
2013045898;3;1;1;1;6;950;28/02/2013
2013045899;1;1;1;1;2;930;28/02/2013
2013045900;1;1;1;1;4;920;28/02/2013
2013045901;1;1;1;1;6;950;28/02/2013
2013045902;1;1;1;1;3;930;28/02/2013
2013045903;1;1;1;1;3;930;01/03/2013
2013045904;1;1;1;1;4;950;01/03/2013
2013045905;1;1;1;8;3;930;02/03/2013
2013045906;1;1;1;1;6;930;03/03/2013
2013045907;1;1;1;1;5;930;03/03/2013
2013045908;3;1;1;1;4;930;04/03/2013
2013045909;1;1;1;1;4;950;04/03/2013
2013045910;1;1;1;1;6;930;05/03/2013
2013045911;1;1;1;1;4;920;06/03/2013
2013045912;1;1;1;1;6;930;07/03/2013
2013045913;1;1;1;2;6;930;08/03/2013
2013045914;1;1;1;2;7;930;08/03/2013
2013045915;2;1;1;1;7;950;09/03/2013
2013045916;4;1;1;1;6;950;09/03/2013
2013045917;3;1;1;1;3;930;09/03/2013
2013045918;3;1;1;4;7;950;11/03/2013
2013045919;3;1;1;4;2;950;12/03/2013
2013045920;1;1;1;4;3;950;12/03/2013
2013045921;1;1;1;2;3;930;12/03/2013
2013045922;1;1;1;4;6;930;12/03/2013
2013045923;1;1;1;4;5;950;12/03/2013
2013045924;1;1;1;2;7;950;13/03/2013
2013045925;1;1;1;1;4;930;14/03/2013
2013045926;1;1;1;1;4;930;14/03/2013
2013045927;1;1;1;1;3;930;14/03/2013
2013045928;1;1;1;1;3;930;15/03/2013
2013045929;1;1;1;1;3;930;15/03/2013
2013045930;1;1;1;2;7;930;17/03/2013
2013045931;4;1;1;2;7;920;17/03/2013
2013045932;1;1;1;1;5;950;18/03/2013
2013045933;1;1;1;1;2;950;18/03/2013
2013045934;1;1;1;1;2;950;19/03/2013
2013045935;3;1;1;2;5;930;24/03/2013
2013045936;1;1;1;1;2;930;22/03/2013
2013045937;1;1;1;1;4;930;22/03/2013
2013045938;3;1;1;1;2;920;23/03/2013
2013045939;1;1;1;1;6;950;24/03/2013
2013045940;1;1;1;1;7;930;25/03/2013
2013045941;1;1;1;1;3;930;25/03/2013
2013045942;1;1;1;1;2;950;25/03/2013
2013045943;1;1;1;1;4;950;26/03/2013
2013045944;1;1;1;1;3;930;26/03/2013
2013045945;3;1;1;1;6;950;26/03/2013
2013045946;1;1;1;1;6;950;27/03/2013
2013045947;1;1;1;1;2;930;28/03/2013
2013045948;1;1;1;1;5;930;28/03/2013
2013045949;1;1;1;1;6;950;29/03/2013
2013045950;1;1;1;1;6;950;29/03/2013
2013045951;1;1;1;1;6;930;29/03/2013
2013045952;1;1;1;1;6;950;30/03/2013
2013045953;1;1;1;1;7;950;02/04/2013
2013045954;1;1;1;1;7;950;03/04/2013
2013045955;1;1;1;1;6;600;04/04/2013
2013045956;1;1;1;1;3;930;04/04/2013
2013045957;1;1;1;1;2;950;05/04/2013
2013045958;1;1;1;1;3;930;05/04/2013
2013045959;1;1;1;1;6;930;05/04/2013
2013045960;1;1;1;1;2;950;05/04/2013
2013045961;1;1;1;1;3;950;05/04/2013
2013045962;3;1;1;1;7;950;06/04/2013
2013045963;3;1;1;1;3;930;06/04/2013
2013045964;1;1;1;1;5;930;06/04/2013
2013045965;1;1;1;1;5;930;07/04/2013
2013045966;3;1;1;1;6;950;08/04/2013
2013045967;1;1;1;1;3;950;08/04/2013
2013045968;1;1;1;1;2;930;08/04/2013
2013045969;1;1;1;1;5;950;08/04/2013
2013045970;1;1;1;2;5;930;09/04/2013
2013045971;1;1;1;1;4;930;09/04/2013
2013045972;1;1;1;2;3;930;09/04/2013
2013045973;1;1;1;1;2;930;09/04/2013
2013045974;2;1;1;1;3;930;10/04/2013
2013045975;1;1;1;1;3;950;10/04/2013
2013045976;1;1;1;1;3;950;10/04/2013
2013045977;1;1;1;1;7;950;11/04/2013
2013045978;1;1;1;1;2;930;11/04/2013
2013045979;1;1;1;1;2;950;12/04/2013
2013045980;1;1;1;2;6;930;12/04/2013
2013045981;1;1;1;2;2;930;13/04/2013
2013045982;2;1;1;1;6;950;14/04/2013
2013045983;1;1;1;1;2;930;14/04/2013
2013045984;2;1;1;1;7;950;14/04/2013
2013045985;4;1;1;1;6;950;14/04/2013
2013045986;3;1;1;1;6;950;15/04/2013
2013045987;5;1;1;1;3;930;15/04/2013
2013045988;1;1;1;1;2;930;15/04/2013
2013045989;1;1;1;2;2;950;15/04/2013
2013045990;1;1;1;1;3;930;16/04/2013
2013045991;1;1;1;1;4;930;15/04/2013
2013045992;1;1;1;1;4;930;15/04/2013
2013045993;4;1;1;1;2;950;16/04/2013
2013045994;1;1;1;1;2;600;16/04/2013
2013045995;1;1;1;1;4;930;16/04/2013
2013045996;1;1;1;1;2;930;17/04/2013
2013045997;1;1;1;1;4;930;17/04/2013
2013045998;1;1;1;1;3;920;18/04/2013
2013045999;1;1;1;1;3;950;18/04/2013
2013046000;1;1;1;1;6;950;19/04/2013
2013046001;1;1;1;2;3;920;19/04/2013
2013046002;1;1;1;1;6;930;19/04/2013
2013046003;3;1;1;1;2;950;19/04/2013
2013046004;2;1;1;1;2;930;20/04/2013
2013046005;1;1;1;1;2;930;20/04/2013
2013046006;1;1;1;1;2;930;21/04/2013
2013046007;1;1;1;1;2;950;21/04/2013
2013046008;4;1;1;1;6;930;21/04/2013
2013046009;1;1;1;1;3;930;23/04/2013
2013046010;1;1;1;1;2;950;24/04/2013
2013046011;1;1;1;1;6;950;24/04/2013
2013046012;1;1;1;7;6;930;24/04/2013
2013046013;1;1;1;7;4;950;24/04/2013
2013046014;1;1;1;1;3;930;24/04/2013
2013046015;1;1;1;1;6;930;24/04/2013
2013046016;1;1;1;1;2;930;25/04/2013
2013046017;1;1;1;1;6;920;25/04/2013
2013046018;1;1;1;1;6;930;25/04/2013
2013046019;1;1;1;1;7;930;25/04/2013
2013046020;1;1;1;2;3;930;26/04/2013
2013046021;1;1;1;2;3;930;26/04/2013
2013046022;3;1;1;1;2;950;27/04/2013
2013046023;1;1;1;1;6;930;27/04/2013
2013046024;1;1;1;1;6;950;29/04/2013
2013046025;1;1;1;1;3;950;29/04/2013
2013046026;1;1;1;1;3;930;29/04/2013
2013046027;1;1;1;1;3;930;30/04/2013
2013046028;1;1;1;2;3;950;01/05/2013
2013046029;3;1;1;1;5;930;01/05/2013
2013046030;3;1;1;1;6;950;01/05/2013
2013046031;1;1;1;1;3;930;02/05/2013
2013046032;1;1;1;1;3;930;02/05/2013
2013046033;1;1;1;1;3;950;03/05/2013
2013046034;1;1;1;1;7;930;03/05/2013
2013046035;1;1;1;1;2;950;03/05/2013
2013046036;1;1;1;1;4;930;03/05/2013
2013046037;2;1;1;1;7;930;04/05/2013
2013046038;1;1;1;1;2;930;04/05/2013
2013046039;4;1;1;1;7;930;05/05/2013
2013046040;1;1;1;1;7;930;05/05/2013
2013046041;1;1;1;1;6;950;05/05/2013
2013046042;1;1;1;1;4;950;07/05/2013
2013046043;1;1;1;1;2;950;08/05/2013
2013046044;1;1;1;3;6;920;08/05/2013
2013046045;1;1;1;2;6;930;08/05/2013
2013046046;1;1;1;2;6;950;08/05/2013
2013046047;1;1;1;1;6;930;08/05/2013
2013046048;1;1;1;2;7;930;08/05/2013
2013046049;4;1;1;1;3;950;08/05/2013
2013046050;1;1;1;1;6;950;10/05/2013
2013046051;1;1;1;1;7;950;11/05/2013
2013046052;1;1;1;1;7;950;12/05/2013
2013046053;1;1;1;1;3;950;11/05/2013
2013046054;4;1;1;1;6;600;12/05/2013
2013046055;1;1;1;1;6;930;12/05/2013
2013046056;3;1;1;1;5;950;13/05/2013
2013046057;1;1;1;1;3;930;13/05/2013
2013046058;1;1;1;1;3;930;13/05/2013
2013046059;3;1;1;1;7;930;13/05/2013
2013046060;1;1;1;1;7;930;14/05/2013
2013046061;1;1;1;1;7;930;14/05/2013
2013046062;1;1;1;1;3;930;15/05/2013
2013046063;1;1;1;1;3;950;15/05/2013
2013046064;1;1;1;1;2;930;15/05/2013
2013046065;1;1;1;2;2;950;16/05/2013
2013046066;1;1;1;1;2;930;16/05/2013
2013046067;1;1;1;1;7;930;17/05/2013
2013046068;1;1;1;1;4;930;18/05/2013
2013046069;1;1;1;1;2;930;18/05/2013
2013046070;3;1;1;2;5;930;18/05/2013
2013046071;3;1;1;1;5;930;18/05/2013
2013046072;3;1;1;1;6;950;19/05/2013
2013046073;1;1;1;2;6;930;19/05/2013
2013046074;1;1;1;2;6;930;19/05/2013
2013046075;1;1;1;1;6;930;19/05/2013
2013046076;1;1;1;2;3;950;19/05/2013
2013046077;1;1;1;2;7;930;19/05/2013
2013046078;3;1;1;2;4;930;19/05/2013
2013046079;1;1;1;2;6;930;20/05/2013
2013046080;1;1;1;2;6;930;20/05/2013
2013046081;1;1;1;2;6;930;20/05/2013
2013046082;1;1;1;2;6;930;20/05/2013
2013046083;1;1;1;2;7;950;20/05/2013
2013046084;1;1;1;2;3;930;20/05/2013
2013046085;1;1;1;3;7;950;20/05/2013
2013046086;1;1;1;2;7;930;20/05/2013
2013046087;2;1;1;3;6;950;20/05/2013
2013046088;1;1;1;2;6;950;21/05/2013
2013046089;1;1;1;2;3;950;21/05/2013
2013046090;1;1;1;3;6;930;21/05/2013
2013046091;1;1;1;3;6;930;21/05/2013
2013046092;1;1;1;2;3;950;21/05/2013
2013046093;1;1;1;8;6;950;21/05/2013
2013046094;1;1;1;8;6;950;21/05/2013
2013046095;1;1;1;8;6;950;21/05/2013
2013046096;3;1;1;2;3;950;21/05/2013
2013046097;1;1;1;1;5;930;22/05/2013
2013046098;1;1;1;8;3;950;22/05/2013
2013046099;1;1;1;1;2;930;23/05/2013
2013046100;1;1;1;1;5;950;23/05/2013
2013046101;1;1;1;1;2;950;23/05/2013
2013046102;1;1;1;1;2;930;23/05/2013
2013046103;1;1;1;2;6;950;23/05/2013
2013046104;1;1;1;3;2;920;23/05/2013
2013046105;1;1;1;2;3;930;23/05/2013
2013046106;1;1;1;1;3;950;24/05/2013
2013046107;1;1;1;2;6;930;24/05/2013
2013046108;1;1;1;2;6;950;24/05/2013
2013046109;1;1;1;1;6;930;24/05/2013
2013046110;1;1;1;1;6;950;25/05/2013
2013046111;1;1;1;1;6;930;25/05/2013
2013046112;1;1;1;1;3;930;25/05/2013
2013046113;1;1;1;1;7;930;25/05/2013
2013046114;2;1;1;1;2;930;25/05/2013
2013046115;3;1;1;1;7;950;26/05/2013
2013046116;3;1;1;1;7;930;26/05/2013
2013046117;1;1;1;1;6;930;26/05/2013
2013046118;2;1;1;1;4;930;26/05/2013
2013046119;3;1;1;1;5;930;26/05/2013
2013046120;1;1;1;1;7;920;27/05/2013
2013046121;1;1;1;1;2;920;27/05/2013
2013046122;1;1;1;1;2;930;27/05/2013
2013046123;3;1;1;1;7;930;28/05/2013
2013046124;1;1;1;2;7;950;28/05/2013
2013046125;1;1;1;2;3;930;28/05/2013
2013046126;1;1;1;1;2;930;29/05/2013
2013046127;1;1;1;1;7;930;29/05/2013
2013046128;1;1;1;8;6;930;29/05/2013
2013046129;1;1;1;1;6;930;29/05/2013
2013046130;1;1;1;1;2;930;30/05/2013
2013046131;1;1;1;3;6;930;30/05/2013
2013046132;1;1;1;2;6;950;30/05/2013
2013046133;1;1;1;2;3;950;30/05/2013
2013046134;1;1;1;1;6;930;31/05/2013
2013046135;1;1;1;1;2;930;31/05/2013
2013046136;1;1;1;1;7;930;01/06/2013
2013046137;3;1;1;1;6;950;02/06/2013
2013046138;1;1;1;1;5;930;02/06/2013
2013046139;1;1;1;1;2;950;02/06/2013
2013046140;3;1;1;1;2;950;03/06/2013
2013046141;1;1;1;1;3;930;03/06/2013
2013046142;1;1;1;1;7;950;04/06/2013
2013046143;1;1;1;7;6;950;04/06/2013
2013046144;1;1;1;1;2;930;04/06/2013
2013046145;3;1;1;1;3;930;04/06/2013
2013046146;1;1;1;1;2;950;05/06/2013
2013046147;1;1;1;1;2;930;05/06/2013
2013046148;1;1;1;1;7;950;05/06/2013
2013046149;1;1;1;1;4;930;06/06/2013
2013046150;1;1;1;7;5;950;06/06/2013
2013046151;3;1;1;1;6;930;07/06/2013
2013046152;1;1;1;1;6;930;07/06/2013
2013046153;1;1;1;1;6;930;07/06/2013
2013046154;1;1;1;1;6;930;07/06/2013
2013046155;4;1;1;1;6;950;08/06/2013
2013046156;1;1;1;1;4;930;08/06/2013
2013046157;1;1;1;1;4;950;08/06/2013
2013046158;5;1;1;1;2;930;09/06/2013
2013046159;2;1;1;2;7;950;09/06/2013
2013046160;1;1;1;1;6;950;09/06/2013
2013046161;3;1;1;2;6;930;10/06/2013
2013046162;1;1;1;1;7;930;10/06/2013
2013046163;1;1;1;1;4;930;11/06/2013
2013046164;1;1;1;1;2;950;11/06/2013
2013046165;1;1;1;1;7;930;11/06/2013
2013046166;1;1;1;1;7;950;11/06/2013
2013046167;1;1;1;1;3;930;12/06/2013
2013046168;1;1;1;2;7;950;12/06/2013
2013046169;1;1;1;1;7;950;12/06/2013
2013046170;1;1;1;3;6;950;13/06/2013
2013046171;1;1;1;1;6;950;13/06/2013
2013046172;2;1;1;1;6;950;14/06/2013
2013046173;1;1;1;1;5;930;14/06/2013
2013046174;1;1;1;1;3;930;14/06/2013
2013046175;1;1;1;1;2;950;14/06/2013
2013046176;1;1;1;1;2;950;14/06/2013
2013046177;3;1;1;1;2;930;15/06/2013
2013046178;5;1;1;1;2;930;15/06/2013
2013046179;1;1;1;1;6;930;14/06/2013
2013046180;1;1;1;1;2;950;15/06/2013
2013046181;1;1;1;1;6;930;16/06/2013
2013046182;1;1;1;1;4;920;16/06/2013
2013046183;1;1;1;1;6;950;16/06/2013
2013046184;1;1;1;1;6;930;16/06/2013
2013046185;1;1;1;1;2;930;16/06/2013
2013046186;1;1;1;1;4;950;18/06/2013
2013046187;1;1;1;1;2;950;18/06/2013
2013046188;1;1;1;1;6;930;18/06/2013
2013046189;1;1;1;1;2;930;18/06/2013
2013046190;1;1;1;2;6;930;19/06/2013
2013046191;1;1;1;1;6;950;19/06/2013
2013046192;3;1;1;2;6;950;20/06/2013
2013046193;1;1;1;2;4;950;20/06/2013
2013046194;1;1;1;1;3;950;20/06/2013
2013046195;1;1;1;1;3;950;21/06/2013
2013046196;1;1;1;1;6;930;21/06/2013
2013046197;1;1;1;1;2;950;22/06/2013
2013046198;1;1;1;1;2;930;24/06/2013
2013046199;1;1;1;1;4;930;25/06/2013
2013046200;1;1;1;1;2;950;25/06/2013
2013046201;1;1;1;1;6;930;26/06/2013
2013046202;1;1;1;1;4;950;26/06/2013
2013046203;1;1;1;1;3;930;26/06/2013
2013046204;1;1;1;1;3;930;26/06/2013
2013046205;4;1;1;1;7;930;27/06/2013
2013046206;1;1;1;2;7;930;27/06/2013
2013046207;1;1;1;2;3;930;28/06/2013
2013046208;1;1;1;2;7;950;28/06/2013
2013046209;1;1;1;1;6;930;28/06/2013
2013046210;1;1;1;8;4;950;28/06/2013
2013046211;1;1;1;2;7;950;29/06/2013
2013046212;1;1;1;1;2;950;29/06/2013
2013046213;1;1;1;1;6;930;29/06/2013
2013046214;1;1;1;1;3;920;29/06/2013
2013046215;1;1;1;1;2;930;30/06/2013
2013046216;4;1;1;1;2;930;01/07/2013
2013046217;1;1;1;1;6;930;01/07/2013
2013046218;1;1;1;1;4;950;01/07/2013
2013046219;1;1;1;1;4;950;01/07/2013
2013046220;1;1;1;1;7;600;02/07/2013
2013046221;1;1;1;1;3;950;02/07/2013
2013046222;1;1;1;1;3;930;02/07/2013
2013046223;1;1;1;1;3;930;04/07/2013
2013046224;1;1;1;1;3;930;04/07/2013
2013046225;1;1;1;1;3;930;04/07/2013
2013046226;1;1;1;1;3;930;04/07/2013
2013046227;1;1;1;1;2;930;05/07/2013
2013046228;1;1;1;1;2;930;06/07/2013
2013046229;3;1;1;1;6;950;07/07/2013
2013046230;1;1;1;1;3;930;05/07/2013
2013046231;1;1;1;1;4;930;07/07/2013
2013046232;1;1;1;1;3;930;07/07/2013
2013046233;1;1;1;1;2;930;07/07/2013
2013046234;1;1;1;1;6;930;07/07/2013
2013046235;1;1;1;1;4;950;08/07/2013
2013046236;1;1;1;1;3;930;08/07/2013
2013046237;1;1;1;1;3;930;08/07/2013
2013046238;1;1;1;1;2;950;09/07/2013
2013046239;1;1;1;1;7;930;09/07/2013
2013046240;1;1;1;1;2;930;09/07/2013
2013046241;1;1;1;1;3;930;10/07/2013
2013046242;1;1;1;1;2;930;10/07/2013
2013046243;1;1;1;1;2;930;10/07/2013
2013046244;1;1;1;1;6;930;10/07/2013
2013046245;1;1;1;1;3;930;11/07/2013
2013046246;1;1;1;1;3;930;11/07/2013
2013046247;1;1;1;1;7;930;11/07/2013
2013046248;1;1;1;1;6;950;11/07/2013
2013046249;1;1;1;1;2;930;12/07/2013
2013046250;1;1;1;1;5;930;12/07/2013
2013046251;4;1;1;1;7;930;13/07/2013
2013046252;1;1;1;1;6;950;13/07/2013
2013046253;1;1;1;1;2;950;13/07/2013
2013046254;4;1;1;1;2;950;13/07/2013
2013046255;2;1;1;1;7;600;14/07/2013
2013046256;2;1;1;1;7;930;14/07/2013
2013046257;1;1;1;1;3;950;16/07/2013
2013046258;1;1;1;1;3;950;16/07/2013
2013046259;1;1;1;1;6;930;16/07/2013
2013046260;1;1;1;1;7;930;17/07/2013
2013046261;1;1;1;1;4;930;17/07/2013
2013046262;1;1;1;1;3;930;17/07/2013
2013046263;1;1;1;1;6;930;17/07/2013
2013046264;3;1;1;1;4;930;17/07/2013
2013046265;1;1;1;1;3;950;18/07/2013
2013046266;1;1;1;1;3;950;19/07/2013
2013046267;1;1;1;1;4;950;19/07/2013
2013046268;1;1;1;1;3;950;19/07/2013
2013046269;1;1;1;1;4;950;19/07/2013
2013046270;4;1;1;1;7;930;20/07/2013
2013046271;1;1;1;1;3;930;22/07/2013
2013046272;1;1;1;1;4;930;22/07/2013
2013046273;1;1;1;1;4;930;23/07/2013