num_acc;lum;agg;inter;atm;col;dep;date
2013048006;1;2;1;1;2;202;03/07/2013
2013048007;1;1;1;1;2;202;03/07/2013
2013048008;1;1;1;2;3;202;04/07/2013
2013048009;1;2;1;1;3;202;06/07/2013
2013048010;1;2;1;1;2;202;08/07/2013
2013048011;1;2;1;1;2;202;10/07/2013
2013048012;1;2;1;1;3;202;11/07/2013
2013048013;1;2;1;1;1;202;11/07/2013
2013048014;1;2;1;1;2;202;11/07/2013
2013048015;5;2;1;1;6;202;11/07/2013
2013048016;1;2;1;1;2;202;17/07/2013
2013048017;5;2;1;1;5;202;17/07/2013
2013048018;5;2;1;1;2;202;20/07/2013
2013048019;1;1;1;1;6;202;21/07/2013
2013048020;1;2;1;1;2;202;22/07/2013
2013048021;1;2;1;1;3;202;24/07/2013
2013048022;1;2;1;1;2;202;25/07/2013
2013048023;1;2;1;1;2;202;30/07/2013
2013048024;1;2;1;1;3;202;01/08/2013
2013048025;1;2;1;1;2;202;01/08/2013
2013048026;1;2;1;1;6;202;01/08/2013
2013048027;1;2;1;1;6;202;02/08/2013
2013048028;2;2;1;1;6;202;02/08/2013
2013048029;1;2;2;1;3;202;06/08/2013
2013048030;5;2;1;1;6;202;07/08/2013
2013048031;5;2;1;1;6;202;15/08/2013
2013048032;1;2;1;1;1;202;13/08/2013
2013048033;1;2;3;1;3;202;13/08/2013
2013048034;1;2;1;1;6;202;18/08/2013
2013048035;1;2;1;1;1;202;18/08/2013
2013048036;5;2;1;1;6;202;19/08/2013
2013048037;3;1;1;1;6;202;25/08/2013
2013048038;1;2;1;1;6;202;27/08/2013
2013048039;1;2;1;1;6;202;02/09/2013
2013048040;5;1;1;1;6;202;02/09/2013
2013048041;1;2;1;1;4;202;02/09/2013
2013048042;1;2;1;1;6;202;09/09/2013
2013048043;1;2;1;1;6;202;10/09/2013
2013048044;1;2;1;1;6;202;11/09/2013
2013048045;1;2;1;1;6;202;12/09/2013
2013048046;1;2;1;1;2;202;13/09/2013
2013048047;1;1;1;1;3;202;18/09/2013
2013048048;5;2;1;1;3;202;18/09/2013
2013048049;1;2;1;1;6;202;19/09/2013
2013048050;1;2;1;1;3;202;22/09/2013
2013048051;1;2;1;1;2;202;23/09/2013
2013048052;1;1;1;1;3;202;25/09/2013
2013048053;5;2;1;1;1;202;25/09/2013
2013048054;1;2;1;1;6;202;28/09/2013
2013048055;1;2;1;1;3;202;01/10/2013
2013048056;1;2;1;1;1;202;03/10/2013
2013048057;1;2;1;1;2;202;09/10/2013
2013048058;1;2;2;1;3;202;12/10/2013
2013048059;1;2;1;1;6;202;12/10/2013
2013048060;1;2;1;1;6;202;15/10/2013
2013048061;1;2;1;1;3;202;16/10/2013
2013048062;1;2;1;1;4;202;16/10/2013
2013048063;1;2;1;1;2;202;17/10/2013
2013048064;5;2;1;1;1;202;19/10/2013
2013048065;5;2;1;2;3;202;18/10/2013
2013048066;1;2;1;1;6;202;21/10/2013
2013048067;5;2;1;1;1;202;23/10/2013
2013048068;1;2;1;1;2;202;22/10/2013
2013048069;1;2;1;1;2;202;24/10/2013
2013048070;1;2;1;1;1;202;29/10/2013
2013048071;1;2;1;1;2;202;03/11/2013
2013048072;1;2;1;1;6;202;04/11/2013
2013048073;3;1;1;3;1;202;04/11/2013
2013048074;5;2;2;1;1;202;06/11/2013
2013048075;5;1;1;2;2;202;07/11/2013
2013048076;5;2;1;1;6;202;09/11/2013
2013048077;1;2;1;1;2;202;13/11/2013
2013048078;5;2;1;1;6;202;12/11/2013
2013048079;1;2;1;1;6;202;14/11/2013
2013048080;1;2;1;1;6;202;17/11/2013
2013048081;3;1;1;3;6;202;17/11/2013
2013048082;5;2;1;1;1;202;16/11/2013
2013048083;2;2;1;3;3;202;18/11/2013
2013048084;1;2;1;1;2;202;19/11/2013
2013048085;5;2;1;1;3;202;19/11/2013
2013048086;1;2;1;3;1;202;21/11/2013
2013048087;5;2;1;2;6;202;21/11/2013
2013048088;5;2;1;1;4;202;27/11/2013
2013048089;5;1;3;3;1;202;30/11/2013
2013048090;5;2;1;2;6;202;01/12/2013
2013048091;5;2;1;1;6;202;08/12/2013
2013048092;1;1;1;1;2;202;12/12/2013
2013048093;1;2;1;1;3;202;12/12/2013
2013048094;5;2;1;1;6;202;12/12/2013
2013048095;5;2;1;1;4;202;12/12/2013
2013048096;5;1;1;1;2;202;11/12/2013
2013048097;5;2;1;1;3;202;11/12/2013
2013048098;5;2;1;1;2;202;13/12/2013
2013048099;5;1;1;1;1;202;16/12/2013
2013048100;1;2;1;1;2;202;17/12/2013
2013048101;1;2;1;1;6;202;17/12/2013
2013048102;1;2;1;1;2;202;17/12/2013
2013048103;1;1;1;1;2;202;27/12/2013
2013048104;1;2;1;1;6;202;27/12/2013
2013048105;1;2;1;1;6;202;28/12/2013
2013048106;1;2;1;1;3;202;28/12/2013
2013048107;5;2;1;1;6;202;31/12/2013
2013048108;5;2;1;1;3;690;09/01/2013
2013048109;1;2;1;1;6;690;11/01/2013
2013048110;5;1;1;1;6;690;18/01/2013
2013048111;5;2;1;2;4;690;19/01/2013
2013048112;2;2;1;1;6;690;09/01/2013
2013048113;1;2;2;1;6;690;14/02/2013
2013048114;1;2;1;1;7;690;01/02/2013
2013048115;1;2;1;1;7;690;13/02/2013
2013048116;1;2;3;2;6;690;14/02/2013
2013048117;5;2;1;1;6;690;17/02/2013
2013048118;1;2;1;1;6;690;19/02/2013
2013048119;1;2;1;1;5;690;20/02/2013
2013048120;1;2;1;1;2;690;26/02/2013
2013048121;5;2;1;1;2;690;28/02/2013
2013048122;1;2;1;1;6;690;16/03/2013
2013048123;5;2;1;1;6;690;01/04/2013
2013048124;5;2;1;1;6;690;03/04/2013
2013048125;1;2;1;2;4;690;05/04/2013
2013048126;1;2;2;1;6;690;13/04/2013
2013048127;5;2;2;2;3;690;12/04/2013
2013048128;1;2;1;1;6;690;23/04/2013
2013048129;1;2;1;1;4;690;23/04/2013
2013048130;5;2;1;1;7;690;21/04/2013
2013048131;1;2;1;2;6;690;17/05/2013
2013048132;5;2;2;1;6;690;19/05/2013
2013048133;1;2;9;1;2;690;06/05/2013
2013048134;5;2;1;1;6;690;09/05/2013
2013048135;1;2;1;2;6;690;08/05/2013
2013048136;1;2;1;2;4;690;16/05/2013
2013048137;5;2;1;1;6;690;18/05/2013
2013048138;1;2;1;1;3;690;22/05/2013
2013048139;5;2;1;1;6;690;25/05/2013
2013048140;1;2;1;3;3;690;29/05/2013
2013048141;1;2;3;1;3;690;31/05/2013
2013048142;1;2;2;1;6;690;01/06/2013
2013048143;1;2;2;1;3;690;05/06/2013
2013048144;1;2;1;1;7;690;23/06/2013
2013048145;1;2;1;1;3;690;25/06/2013
2013048146;5;2;2;1;2;690;29/06/2013
2013048147;1;2;3;1;2;690;30/06/2013
2013048148;1;2;1;1;5;690;30/06/2013
2013048149;1;2;3;2;3;690;29/06/2013
2013048150;1;2;1;1;6;690;02/07/2013
2013048151;1;2;1;1;6;690;03/07/2013
2013048152;1;2;1;1;6;690;05/07/2013
2013048153;5;2;1;1;6;690;20/07/2013
2013048154;1;2;3;1;3;690;21/07/2013
2013048155;5;2;1;1;6;690;12/07/2013
2013048156;1;2;3;1;1;690;24/07/2013
2013048157;1;2;1;1;6;690;24/07/2013
2013048158;1;2;1;1;6;690;30/07/2013
2013048159;1;2;1;1;6;690;24/07/2013
2013048160;1;2;2;1;3;690;01/08/2013
2013048161;5;2;1;1;6;690;01/08/2013
2013048162;1;2;1;1;3;690;03/08/2013
2013048163;1;2;1;1;6;690;03/08/2013
2013048164;1;2;1;1;6;690;04/08/2013
2013048165;1;2;5;1;3;690;30/08/2013
2013048166;1;2;1;1;4;690;05/09/2013
2013048167;1;2;1;1;6;690;06/09/2013
2013048168;1;2;2;1;3;690;12/09/2013
2013048169;5;2;2;1;3;690;01/09/2013
2013048170;5;2;1;1;3;690;20/09/2013
2013048171;5;2;1;1;6;690;21/09/2013
2013048172;1;2;2;1;3;690;10/10/2013
2013048173;1;2;1;1;6;690;25/09/2013
2013048174;5;2;1;1;6;690;18/10/2013
2013048175;5;2;1;1;6;690;16/11/2013
2013048176;5;2;1;1;6;690;28/11/2013
2013048177;1;2;1;1;6;690;30/11/2013
2013048178;1;2;2;1;3;690;01/12/2013
2013048179;1;2;1;5;2;690;10/12/2013
2013048180;5;2;1;1;6;690;13/12/2013
2013048181;1;2;1;7;6;690;17/12/2013
2013048182;5;2;1;2;6;690;19/12/2013
2013048183;5;2;1;2;6;690;20/12/2013
2013048184;5;2;1;1;2;690;22/12/2013
2013048185;4;1;1;2;6;620;01/01/2013
2013048186;1;1;1;1;7;590;02/01/2013
2013048187;1;1;1;1;7;620;03/01/2013
2013048188;3;1;1;2;5;590;03/01/2013
2013048189;5;1;1;2;6;620;13/01/2013
2013048190;1;1;1;2;4;590;16/01/2013
2013048191;1;1;1;1;7;620;02/02/2013
2013048192;3;1;1;2;7;620;09/02/2013
2013048193;1;1;1;1;3;620;11/02/2013
2013048194;3;1;1;8;3;620;12/02/2013
2013048195;1;1;1;1;5;590;12/02/2013
2013048196;5;1;1;8;7;590;15/02/2013
2013048197;5;1;1;1;2;590;15/02/2013
2013048198;1;1;1;1;2;590;01/03/2013
2013048199;2;1;1;1;2;590;01/03/2013
2013048200;3;1;1;4;5;590;11/03/2013
2013048201;1;1;1;4;2;590;12/03/2013
2013048202;1;1;1;2;7;590;17/03/2013
2013048203;1;1;1;1;2;590;22/03/2013
2013048204;3;1;1;8;2;590;22/03/2013
2013048205;1;1;1;1;4;590;27/03/2013
2013048206;1;1;1;7;7;590;02/04/2013
2013048207;1;1;1;1;3;590;05/04/2013
2013048208;3;1;1;1;1;590;08/04/2013
2013048209;1;1;1;2;7;590;10/04/2013
2013048210;1;1;1;2;4;590;13/04/2013
2013048211;5;1;1;2;4;590;14/04/2013
2013048212;1;1;1;1;6;590;25/04/2013
2013048213;3;1;1;1;6;620;01/05/2013
2013048214;1;1;1;1;6;590;01/05/2013
2013048215;1;1;1;1;7;620;07/05/2013
2013048216;1;1;1;2;6;590;16/05/2013
2013048217;1;1;1;2;3;590;16/05/2013
2013048218;3;1;1;1;5;620;16/05/2013
2013048219;3;1;1;1;2;590;19/05/2013
2013048220;1;1;9;1;2;620;23/05/2013
2013048221;1;1;1;1;3;590;25/05/2013
2013048222;1;1;1;2;2;620;23/05/2013
2013048223;1;1;1;1;6;590;07/06/2013
2013048224;1;1;1;2;6;590;19/06/2013
2013048225;2;1;1;8;7;590;24/06/2013
2013048226;1;1;1;1;2;590;05/07/2013
2013048227;1;1;1;1;6;620;06/07/2013
2013048228;1;1;1;1;2;590;08/07/2013
2013048229;3;1;1;1;2;620;12/07/2013
2013048230;1;1;1;7;6;590;18/07/2013
2013048231;5;1;1;1;6;620;20/07/2013
2013048232;3;1;1;1;7;590;25/07/2013
2013048233;1;1;1;1;7;590;28/07/2013
2013048234;1;1;1;1;7;590;01/08/2013
2013048235;1;1;1;1;3;590;02/08/2013
2013048236;5;1;1;1;2;620;03/08/2013
2013048237;3;1;1;1;6;620;07/08/2013
2013048238;1;1;1;1;7;590;16/08/2013
2013048239;1;1;1;1;6;590;20/08/2013
2013048240;2;1;1;1;6;590;21/08/2013
2013048241;2;1;1;1;6;590;22/08/2013
2013048242;1;1;1;1;7;620;23/08/2013
2013048243;1;1;1;1;3;590;27/08/2013
2013048244;1;1;1;1;6;590;28/08/2013
2013048245;1;1;1;1;6;590;28/08/2013
2013048246;1;1;1;1;7;590;30/08/2013
2013048247;1;1;1;1;6;590;02/09/2013
2013048248;1;1;1;1;6;590;02/09/2013
2013048249;1;1;1;1;3;620;03/09/2013
2013048250;1;1;1;1;6;590;05/09/2013
2013048251;1;1;1;1;6;590;07/09/2013
2013048252;1;1;1;1;7;590;08/09/2013
2013048253;1;1;1;2;7;590;09/09/2013
2013048254;1;1;1;2;6;590;11/09/2013
2013048255;3;1;1;9;6;590;14/09/2013
2013048256;5;1;1;2;6;590;17/09/2013
2013048257;1;1;1;1;3;590;18/09/2013
2013048258;1;1;1;1;2;590;20/09/2013
2013048259;1;1;1;9;3;590;20/09/2013
2013048260;2;1;1;1;4;590;24/09/2013
2013048261;1;1;1;1;6;590;28/09/2013
2013048262;4;1;1;1;6;590;30/09/2013
2013048263;1;1;1;1;6;590;30/09/2013
2013048264;2;1;1;1;6;590;02/10/2013
2013048265;5;1;1;1;2;590;03/10/2013
2013048266;4;1;1;1;1;590;07/10/2013
2013048267;3;1;1;1;6;590;09/10/2013
2013048268;5;1;1;8;6;620;11/10/2013
2013048269;1;1;1;1;3;590;11/10/2013
2013048270;1;1;1;1;6;590;11/10/2013
2013048271;1;1;1;1;3;620;16/10/2013
2013048272;1;1;1;3;6;590;16/10/2013
2013048273;1;1;1;1;2;590;17/10/2013
2013048274;1;1;1;2;4;590;25/10/2013
2013048275;3;1;1;8;2;590;26/10/2013
2013048276;1;1;1;1;7;590;26/10/2013
2013048277;3;1;1;1;2;590;27/10/2013
2013048278;1;1;1;1;2;590;01/11/2013
2013048279;1;1;1;1;2;590;02/11/2013
2013048280;1;1;1;6;6;620;03/11/2013
2013048281;5;1;1;3;6;620;03/11/2013
2013048282;3;1;1;1;4;590;12/11/2013
2013048283;1;1;1;1;4;590;13/11/2013
2013048284;2;1;1;1;4;620;13/11/2013
2013048285;3;1;1;1;4;590;13/11/2013
2013048286;1;1;1;1;2;620;14/11/2013
2013048287;4;1;1;8;5;620;19/11/2013
2013048288;3;1;1;5;2;590;21/11/2013
2013048289;1;1;1;1;6;620;21/11/2013
2013048290;5;1;1;1;6;590;24/11/2013
2013048291;3;1;1;2;6;590;24/11/2013
2013048292;1;1;1;1;3;590;29/11/2013
2013048293;1;1;1;1;6;590;30/11/2013
2013048294;3;1;1;2;3;590;30/11/2013
2013048295;5;1;1;2;5;590;04/12/2013
2013048296;3;1;1;1;6;590;09/12/2013
2013048297;5;1;1;1;7;590;09/12/2013
2013048298;3;1;1;1;4;590;09/12/2013
2013048299;1;1;1;1;2;590;19/12/2013
2013048300;1;1;1;1;6;590;19/12/2013
2013048301;3;1;1;1;6;590;19/12/2013
2013048302;1;1;1;1;6;590;20/12/2013
2013048303;1;1;1;6;6;620;22/12/2013
2013048304;3;1;1;3;6;590;24/12/2013
2013048305;1;1;1;1;6;590;26/12/2013
2013048306;1;1;1;1;3;590;26/12/2013
2013048307;1;1;1;1;2;590;28/12/2013
2013048308;3;1;1;1;6;590;29/12/2013
2013048309;1;2;1;2;6;690;04/01/2013
2013048310;4;2;2;1;1;690;05/01/2013
2013048311;1;2;1;1;2;690;09/01/2013
2013048312;5;2;2;1;3;690;09/01/2013
2013048313;2;2;3;3;6;690;05/02/2013
2013048314;5;2;2;1;1;690;14/01/2013
2013048315;1;2;1;2;6;690;12/02/2013
2013048316;1;2;1;1;6;690;16/01/2013
2013048317;1;2;1;1;6;690;13/02/2013
2013048318;5;2;2;1;6;690;18/01/2013
2013048319;2;2;2;1;3;690;18/01/2013
2013048320;1;2;2;1;3;690;22/01/2013
2013048321;5;2;2;1;3;690;24/01/2013
2013048322;1;2;3;1;3;690;23/01/2013
2013048323;5;2;1;1;6;690;26/01/2013
2013048324;1;2;2;2;3;690;28/01/2013
2013048325;1;2;1;1;6;690;01/02/2013
2013048326;1;2;2;1;3;690;02/02/2013
2013048327;1;2;1;8;6;690;04/02/2013
2013048328;5;2;1;2;6;690;04/02/2013
2013048329;1;2;1;8;6;690;01/02/2013
2013048330;1;2;2;1;3;690;02/02/2013
2013048331;5;2;2;2;6;690;06/02/2013
2013048332;1;2;1;1;6;690;08/02/2013
2013048333;5;2;2;2;3;690;12/02/2013
2013048334;1;2;3;1;3;690;15/02/2013
2013048335;1;2;1;1;2;690;15/02/2013
2013048336;1;2;1;1;1;690;20/02/2013
2013048337;5;2;2;1;6;690;23/02/2013
2013048338;5;2;2;1;3;690;26/02/2013
2013048339;1;2;2;1;6;690;27/02/2013
2013048340;1;2;1;1;4;690;27/02/2013
2013048341;1;2;2;1;6;690;03/03/2013
2013048342;1;2;2;1;3;690;05/03/2013
2013048343;5;2;4;1;6;690;05/03/2013
2013048344;1;2;3;1;6;690;08/03/2013
2013048345;1;2;1;1;6;690;07/03/2013
2013048346;1;2;2;1;3;690;09/03/2013
2013048347;5;2;2;1;3;690;09/03/2013
2013048348;1;2;2;1;3;690;11/03/2013
2013048349;1;2;2;1;3;690;11/03/2013
2013048350;1;2;1;1;3;690;11/03/2013
2013048351;1;2;1;1;6;690;12/03/2013
2013048352;1;2;1;1;4;690;14/03/2013
2013048353;1;2;2;1;3;690;15/03/2013
2013048354;1;2;1;8;2;690;18/03/2013
2013048355;5;2;1;8;3;690;29/03/2013
2013048356;5;2;3;3;3;690;30/03/2013
2013048357;1;2;1;1;6;690;06/04/2013
2013048358;1;2;3;1;1;690;04/04/2013
2013048359;1;2;3;2;3;690;08/04/2013
2013048360;5;2;2;2;1;690;10/04/2013
2013048361;1;2;1;2;7;690;12/04/2013
2013048362;5;2;3;1;6;690;13/04/2013
2013048363;5;2;2;1;3;690;13/04/2013
2013048364;1;2;2;1;3;690;16/04/2013
2013048365;1;2;1;1;6;690;16/04/2013
2013048366;5;2;1;1;6;690;03/04/2013
2013048367;1;2;1;1;6;690;13/04/2013
2013048368;1;2;1;1;3;690;17/04/2013
2013048369;1;2;2;1;6;690;18/04/2013
2013048370;1;2;1;2;2;690;19/04/2013
2013048371;5;2;1;1;3;690;09/04/2013
2013048372;1;2;1;1;2;690;25/04/2013
2013048373;5;2;2;1;6;690;25/04/2013
2013048374;5;2;1;2;6;690;28/04/2013
2013048375;1;2;2;2;6;690;29/04/2013
2013048376;1;2;1;8;6;690;02/05/2013
2013048377;1;2;1;1;2;690;02/05/2013
2013048378;1;2;2;1;6;690;07/05/2013
2013048379;1;2;2;1;1;690;11/05/2013
2013048380;1;2;1;1;4;690;14/05/2013
2013048381;1;2;2;2;3;690;16/05/2013
2013048382;1;2;2;1;6;690;21/05/2013
2013048383;1;2;1;1;6;690;24/05/2013
2013048384;1;2;3;1;3;690;24/05/2013
2013048385;1;2;1;1;3;690;24/05/2013
2013048386;1;2;1;1;3;690;27/05/2013
2013048387;1;2;3;8;6;690;28/05/2013
2013048388;1;2;3;2;6;690;30/05/2013
2013048389;1;2;1;2;6;690;30/05/2013
2013048390;1;2;1;1;6;690;30/05/2013
2013048391;1;2;2;2;6;690;31/05/2013
2013048392;1;2;1;1;4;690;03/06/2013
2013048393;1;2;2;1;3;690;03/06/2013
2013048394;5;2;9;1;6;690;03/06/2013
2013048395;1;2;1;1;6;690;05/06/2013
2013048396;1;2;1;1;4;690;05/06/2013
2013048397;5;2;1;1;3;690;05/06/2013
2013048398;5;2;1;1;2;690;07/06/2013
2013048399;1;2;2;1;3;690;11/06/2013
2013048400;1;2;2;1;6;690;11/06/2013
2013048401;1;2;2;1;3;690;13/06/2013
2013048402;1;2;1;2;6;690;13/06/2013
2013048403;1;2;2;3;6;690;13/06/2013
2013048404;1;2;1;1;6;690;14/06/2013
2013048405;1;2;1;1;4;690;18/06/2013
2013048406;1;2;1;1;7;690;19/06/2013
2013048407;1;2;2;1;6;690;18/06/2013
2013048408;1;2;1;1;6;690;26/06/2013
2013048409;1;2;2;7;3;690;26/06/2013
2013048410;1;2;1;1;6;690;19/06/2013
2013048411;5;2;2;1;3;690;30/06/2013
2013048412;1;2;2;1;6;690;01/07/2013
2013048413;1;2;2;1;3;690;02/07/2013
2013048414;1;2;1;1;5;690;04/07/2013
2013048415;1;2;1;1;3;690;01/07/2013
2013048416;1;2;2;1;6;690;02/07/2013
2013048417;1;2;2;1;3;690;04/07/2013
2013048418;1;2;2;1;3;690;05/07/2013
2013048419;5;2;1;1;6;690;06/07/2013
2013048420;1;2;2;1;6;690;10/07/2013
2013048421;5;2;1;1;2;690;12/07/2013
2013048422;1;2;2;1;6;690;12/07/2013
2013048423;1;2;5;1;2;690;12/07/2013
2013048424;1;2;2;1;3;690;15/07/2013
2013048425;1;2;3;1;3;690;15/07/2013
2013048426;1;2;1;1;3;690;16/07/2013
2013048427;1;2;2;1;1;690;16/07/2013
2013048428;1;2;1;1;2;690;22/07/2013
2013048429;1;2;2;1;3;690;23/07/2013
2013048430;1;2;1;1;6;690;23/07/2013
2013048431;1;2;1;1;6;690;25/07/2013
2013048432;1;2;2;1;3;690;26/07/2013
2013048433;1;2;1;1;3;690;26/07/2013
2013048434;1;2;2;1;3;690;29/07/2013
2013048435;1;2;2;1;3;690;31/07/2013
2013048436;1;2;2;1;3;690;30/07/2013
2013048437;1;2;1;2;3;690;28/06/2013
2013048438;5;2;2;1;3;690;05/08/2013
2013048439;1;2;1;1;4;690;29/07/2013
2013048440;1;2;2;3;3;690;08/08/2013
2013048441;1;2;2;1;3;690;04/08/2013
2013048442;1;2;1;2;7;690;08/08/2013
2013048443;1;2;2;1;3;690;20/08/2013
2013048444;1;2;1;1;6;690;20/08/2013
2013048445;1;2;1;1;6;690;12/08/2013
2013048446;5;2;1;1;6;690;24/08/2013
2013048447;1;2;1;1;5;690;26/08/2013
2013048448;1;2;2;2;6;690;27/08/2013
2013048449;1;2;1;1;6;690;27/08/2013
2013048450;1;2;2;2;3;690;27/08/2013
2013048451;1;2;1;1;6;690;30/08/2013
2013048452;1;2;1;1;6;690;02/09/2013
2013048453;1;2;1;1;3;690;02/09/2013
2013048454;1;2;1;1;2;690;05/09/2013
2013048455;1;2;1;1;6;690;06/09/2013
2013048456;1;2;1;1;6;690;07/09/2013
2013048457;1;2;1;1;2;690;09/09/2013
2013048458;2;2;2;1;3;690;04/09/2013
2013048459;1;2;3;1;6;690;04/09/2013
2013048460;1;2;2;1;6;690;09/09/2013
2013048461;1;2;1;1;4;690;09/09/2013
2013048462;1;2;1;1;7;690;10/09/2013
2013048463;1;2;1;1;3;690;11/09/2013
2013048464;1;2;1;1;6;690;11/09/2013
2013048465;1;2;1;1;7;690;11/09/2013
2013048466;1;2;1;1;6;690;12/09/2013
2013048467;1;2;2;1;3;690;09/09/2013
2013048468;1;2;3;1;3;690;13/09/2013
2013048469;1;2;2;1;3;690;15/09/2013
2013048470;1;2;3;1;3;690;19/09/2013
2013048471;1;2;1;1;6;690;19/09/2013
2013048472;5;2;1;1;6;690;22/09/2013
2013048473;1;2;1;1;6;690;23/09/2013
2013048474;1;2;1;1;2;690;25/09/2013
2013048475;2;2;2;1;3;690;24/09/2013
2013048476;1;2;2;1;3;690;29/07/2013
2013048477;5;2;1;1;2;690;01/09/2013
2013048478;1;2;2;1;3;690;26/09/2013
2013048479;1;2;1;1;5;690;28/09/2013
2013048480;5;2;2;1;3;690;28/09/2013
2013048481;1;2;1;2;2;690;29/09/2013
2013048482;5;2;1;1;2;690;30/09/2013
2013048483;1;2;1;1;2;690;24/09/2013
2013048484;1;2;1;1;2;690;03/10/2013
2013048485;1;2;2;1;6;690;04/10/2013
2013048486;1;2;2;1;3;690;07/10/2013
2013048487;2;2;1;1;3;690;08/10/2013
2013048488;5;2;2;1;3;690;09/10/2013
2013048489;5;2;1;1;6;690;09/10/2013
2013048490;5;2;2;1;6;690;09/10/2013
2013048491;5;1;2;1;3;690;02/10/2013
2013048492;1;2;2;1;3;690;16/10/2013
2013048493;1;2;2;1;3;690;17/10/2013
2013048494;5;2;3;1;3;690;11/10/2013
2013048495;1;2;5;8;3;690;20/10/2013
2013048496;2;2;1;2;6;690;21/10/2013
2013048497;1;2;1;1;6;690;18/10/2013
2013048498;1;2;2;1;3;690;21/10/2013
2013048499;1;2;1;1;6;690;22/10/2013
2013048500;5;2;2;1;6;690;23/10/2013
2013048501;1;2;1;1;2;690;25/10/2013
2013048502;5;2;2;1;3;690;25/10/2013
2013048503;5;2;2;1;6;690;30/10/2013
2013048504;1;2;2;1;3;690;22/10/2013
2013048505;5;2;2;1;3;690;06/11/2013
2013048506;1;2;1;1;6;690;08/11/2013
2013048507;5;2;5;2;6;690;08/11/2013
2013048508;4;2;2;3;5;690;09/11/2013
2013048509;5;2;2;1;3;690;12/11/2013
2013048510;1;2;2;1;3;690;13/11/2013
2013048511;5;2;1;1;2;690;15/11/2013
2013048512;1;2;2;2;2;690;19/11/2013
2013048513;5;2;2;2;6;690;19/11/2013
2013048514;2;2;2;2;6;690;20/11/2013
2013048515;3;2;2;2;3;690;21/11/2013
2013048516;5;2;2;1;3;690;23/11/2013
2013048517;5;2;1;1;6;690;27/11/2013
2013048518;5;2;2;1;3;690;27/11/2013
2013048519;1;2;1;1;6;690;04/11/2013
2013048520;1;2;2;1;3;690;09/11/2013
2013048521;5;2;2;1;3;690;27/11/2013
2013048522;5;2;2;1;6;690;28/11/2013
2013048523;5;2;3;1;7;690;28/11/2013
2013048524;1;2;1;1;6;690;28/11/2013
2013048525;1;2;2;1;6;690;03/12/2013
2013048526;1;2;3;1;3;690;04/12/2013
2013048527;5;2;1;1;6;690;23/12/2013
2013048528;1;2;1;1;2;690;10/12/2013
2013048529;1;2;2;1;3;690;16/12/2013
2013048530;1;2;1;3;6;690;19/12/2013
2013048531;5;2;1;1;6;690;18/12/2013
2013048532;1;2;2;1;6;690;17/12/2013
2013048533;5;2;1;1;6;690;22/12/2013
2013048534;5;2;4;1;6;690;22/12/2013
2013048535;5;2;2;3;3;690;25/12/2013
2013048536;5;2;2;1;3;690;05/01/2013
2013048537;5;2;2;8;3;690;13/01/2013
2013048538;5;2;1;1;2;690;30/01/2013
2013048539;5;2;1;1;6;690;16/02/2013
2013048540;1;2;1;1;6;690;27/02/2013
2013048541;1;2;1;1;6;690;04/03/2013
2013048542;1;2;1;1;2;690;05/03/2013
2013048543;1;2;1;2;7;690;26/04/2013
2013048544;1;2;1;3;6;690;27/04/2013
2013048545;2;2;1;1;1;690;04/05/2013
2013048546;1;2;1;2;7;690;18/05/2013
2013048547;1;2;1;1;3;690;23/05/2013
2013048548;1;2;1;1;6;690;27/05/2013
2013048549;1;2;1;1;1;690;29/05/2013
2013048550;1;2;1;8;6;690;30/05/2013
2013048551;1;2;2;1;3;690;25/06/2013
2013048552;1;2;1;1;3;690;26/06/2013
2013048553;1;2;2;1;3;690;16/07/2013
2013048554;1;2;1;2;2;690;18/07/2013
2013048555;2;2;1;1;2;690;23/07/2013
2013048556;5;2;2;3;3;690;28/07/2013
2013048557;1;2;1;1;3;690;29/08/2013
2013048558;2;2;1;1;6;690;17/09/2013
2013048559;1;2;2;1;6;690;25/09/2013
2013048560;1;2;1;1;6;690;25/09/2013
2013048561;1;2;3;1;3;690;30/09/2013
2013048562;5;2;2;2;3;690;05/11/2013
2013048563;5;2;2;1;3;690;15/11/2013
2013048564;5;2;6;1;3;690;17/11/2013
2013048565;1;1;1;8;6;690;18/11/2013
2013048566;5;2;1;1;3;690;19/11/2013
2013048567;1;2;1;1;6;690;03/12/2013
2013048568;5;2;1;5;4;690;14/12/2013
2013048569;5;2;1;1;3;690;26/12/2013
2013048570;5;1;1;2;6;330;01/01/2013
2013048571;5;1;1;1;6;330;02/01/2013
2013048572;5;1;1;2;5;330;07/01/2013
2013048573;1;1;1;1;6;330;07/01/2013
2013048574;1;1;1;1;4;330;11/01/2013
2013048575;1;1;1;1;4;330;11/01/2013
2013048576;1;1;1;2;4;330;12/01/2013
2013048577;1;1;1;9;6;330;15/01/2013
2013048578;5;1;1;4;6;330;18/01/2013
2013048579;1;1;1;2;6;330;18/01/2013
2013048580;5;1;1;2;6;330;18/01/2013
2013048581;1;1;1;2;6;330;19/01/2013
2013048582;5;1;1;2;3;330;19/01/2013