num_acc;lum;agg;inter;atm;col;dep;date
2013048583;1;1;1;1;4;330;24/01/2013
2013048584;5;1;1;1;5;330;25/01/2013
2013048585;5;1;1;2;6;330;27/01/2013
2013048586;1;1;1;2;2;330;28/01/2013
2013048587;1;1;1;1;5;330;29/01/2013
2013048588;1;1;1;2;2;330;04/02/2013
2013048589;1;1;1;2;6;330;06/02/2013
2013048590;1;1;1;2;2;330;06/02/2013
2013048591;1;1;1;2;6;330;09/02/2013
2013048592;1;1;1;2;6;330;10/02/2013
2013048593;5;1;1;2;6;330;11/02/2013
2013048594;5;1;1;2;6;330;11/02/2013
2013048595;1;1;1;1;6;330;12/02/2013
2013048596;1;1;1;1;2;330;13/02/2013
2013048597;1;1;1;1;2;330;20/02/2013
2013048598;1;1;1;1;6;330;21/02/2013
2013048599;1;1;1;1;1;330;21/02/2013
2013048600;2;1;1;1;6;330;03/03/2013
2013048601;1;1;1;1;3;330;04/03/2013
2013048602;3;1;1;1;3;330;07/03/2013
2013048603;1;1;1;2;3;330;08/03/2013
2013048604;1;1;1;1;7;330;10/03/2013
2013048605;1;1;1;1;2;330;15/03/2013
2013048606;1;1;1;1;6;330;16/03/2013
2013048607;4;1;1;1;6;330;17/03/2013
2013048608;1;1;1;2;4;330;18/03/2013
2013048609;1;1;1;2;6;330;18/03/2013
2013048610;2;1;1;1;3;330;19/03/2013
2013048611;1;1;1;1;2;330;22/03/2013
2013048612;1;1;1;1;2;330;27/03/2013
2013048613;3;1;1;1;2;330;28/03/2013
2013048614;1;1;1;1;6;330;05/04/2013
2013048615;1;1;1;8;4;330;07/04/2013
2013048616;1;1;1;2;2;330;08/04/2013
2013048617;1;1;1;2;5;330;09/04/2013
2013048618;1;1;1;2;6;330;11/04/2013
2013048619;5;1;1;1;2;330;11/04/2013
2013048620;5;1;1;1;6;330;16/04/2013
2013048621;1;1;1;1;4;330;16/04/2013
2013048622;1;1;1;1;5;330;17/04/2013
2013048623;5;1;1;1;6;330;21/04/2013
2013048624;1;1;1;1;5;330;24/04/2013
2013048625;1;1;1;1;6;330;24/04/2013
2013048626;1;1;1;1;6;330;24/04/2013
2013048627;1;1;1;1;4;330;25/04/2013
2013048628;1;1;1;1;7;330;25/04/2013
2013048629;1;1;1;2;5;330;26/04/2013
2013048630;1;1;1;2;6;330;26/04/2013
2013048631;1;1;1;2;6;330;30/04/2013
2013048632;2;1;1;1;6;330;01/05/2013
2013048633;1;1;1;2;6;330;01/05/2013
2013048634;5;1;1;2;5;330;01/05/2013
2013048635;1;1;1;2;4;330;02/05/2013
2013048636;1;1;1;2;6;330;02/05/2013
2013048637;5;1;1;2;6;330;03/05/2013
2013048638;1;1;1;2;6;330;09/05/2013
2013048639;1;1;1;2;5;330;09/05/2013
2013048640;1;1;1;2;5;330;09/05/2013
2013048641;1;1;1;2;6;330;09/05/2013
2013048642;1;1;1;1;6;330;11/05/2013
2013048643;1;1;1;2;6;330;12/05/2013
2013048644;1;1;1;1;3;330;14/05/2013
2013048645;1;1;1;1;2;330;15/05/2013
2013048646;1;1;1;8;6;330;15/05/2013
2013048647;1;1;1;1;6;330;16/05/2013
2013048648;2;1;1;2;3;330;18/05/2013
2013048649;1;1;1;2;4;330;21/05/2013
2013048650;1;1;1;2;6;330;21/05/2013
2013048651;1;1;1;1;2;330;24/05/2013
2013048652;1;1;1;1;6;330;26/05/2013
2013048653;1;1;1;2;6;330;30/05/2013
2013048654;1;1;1;1;4;330;02/06/2013
2013048655;1;1;1;1;4;330;10/06/2013
2013048656;1;1;1;1;7;330;15/06/2013
2013048657;1;1;1;3;3;330;19/06/2013
2013048658;1;1;1;2;5;330;20/06/2013
2013048659;5;1;1;2;6;330;21/06/2013
2013048660;1;1;1;2;4;330;21/06/2013
2013048661;1;1;1;2;2;330;21/06/2013
2013048662;1;1;1;1;2;330;25/06/2013
2013048663;1;1;1;1;6;330;27/06/2013
2013048664;1;1;1;1;6;330;27/06/2013
2013048665;5;1;1;1;2;330;27/06/2013
2013048666;1;1;1;1;2;330;28/06/2013
2013048667;1;1;1;1;2;330;28/06/2013
2013048668;1;1;1;1;5;330;28/06/2013
2013048669;1;1;1;1;6;330;28/06/2013
2013048670;3;1;1;1;6;330;28/06/2013
2013048671;1;1;1;2;7;330;29/06/2013
2013048672;1;1;1;1;6;330;04/07/2013
2013048673;1;1;1;1;4;330;06/07/2013
2013048674;1;1;1;1;6;330;06/07/2013
2013048675;1;1;1;1;6;330;07/07/2013
2013048676;1;1;1;1;7;330;08/07/2013
2013048677;1;1;1;1;4;330;08/07/2013
2013048678;1;1;1;1;3;330;12/07/2013
2013048679;1;1;1;1;2;330;12/07/2013
2013048680;1;1;1;1;3;330;16/07/2013
2013048681;1;1;1;1;6;330;18/07/2013
2013048682;1;1;1;1;3;330;23/07/2013
2013048683;1;1;1;1;6;330;26/07/2013
2013048684;1;1;1;1;6;330;27/07/2013
2013048685;1;1;1;1;6;330;27/07/2013
2013048686;1;1;1;1;2;330;28/07/2013
2013048687;1;1;1;1;6;330;28/07/2013
2013048688;1;1;1;1;6;330;30/07/2013
2013048689;1;1;1;1;6;330;30/07/2013
2013048690;5;1;1;2;6;330;03/08/2013
2013048691;1;1;1;1;6;330;03/08/2013
2013048692;1;1;1;1;6;330;05/08/2013
2013048693;1;1;1;2;6;330;07/08/2013
2013048694;1;1;1;2;6;330;07/08/2013
2013048695;1;1;1;1;7;330;10/08/2013
2013048696;1;1;1;1;3;330;16/08/2013
2013048697;1;1;1;1;4;330;17/08/2013
2013048698;1;1;1;1;2;330;22/08/2013
2013048699;3;1;1;1;7;330;24/08/2013
2013048700;1;1;1;1;2;330;24/08/2013
2013048701;1;1;1;1;2;330;30/08/2013
2013048702;1;1;1;1;6;330;31/08/2013
2013048703;1;1;1;1;6;330;02/09/2013
2013048704;1;1;1;1;6;330;03/09/2013
2013048705;3;1;1;1;6;330;05/09/2013
2013048706;1;1;1;2;6;330;07/09/2013
2013048707;5;1;1;1;6;330;08/09/2013
2013048708;1;1;1;2;2;330;09/09/2013
2013048709;1;1;1;1;6;330;11/09/2013
2013048710;1;1;1;1;6;330;13/09/2013
2013048711;1;1;1;2;6;330;16/09/2013
2013048712;1;1;1;2;6;330;16/09/2013
2013048713;1;1;1;2;6;330;16/09/2013
2013048714;1;1;1;2;6;330;16/09/2013
2013048715;1;1;1;3;6;330;18/09/2013
2013048716;1;1;1;2;6;330;18/09/2013
2013048717;1;1;1;2;6;330;18/09/2013
2013048718;1;1;1;1;3;330;19/09/2013
2013048719;1;1;1;1;6;330;20/09/2013
2013048720;1;1;1;1;6;330;21/09/2013
2013048721;1;1;1;1;6;330;23/09/2013
2013048722;1;1;1;1;6;330;23/09/2013
2013048723;5;1;1;1;6;330;14/09/2013
2013048724;5;1;1;1;6;330;26/09/2013
2013048725;1;1;1;1;4;330;26/09/2013
2013048726;2;1;1;1;6;330;27/09/2013
2013048727;1;1;1;2;6;330;30/09/2013
2013048728;1;1;1;3;7;330;04/10/2013
2013048729;1;1;1;3;7;330;04/10/2013
2013048730;1;1;1;1;2;330;07/10/2013
2013048731;1;1;1;1;6;330;07/10/2013
2013048732;1;1;1;1;3;330;08/10/2013
2013048733;3;1;1;8;6;330;12/10/2013
2013048734;1;1;1;2;2;330;12/10/2013
2013048735;1;1;1;2;6;330;15/10/2013
2013048736;1;1;1;1;6;330;14/10/2013
2013048737;1;1;1;1;5;330;18/10/2013
2013048738;1;1;1;1;2;330;18/10/2013
2013048739;4;1;1;1;6;330;18/10/2013
2013048740;4;1;1;2;6;330;25/10/2013
2013048741;2;1;1;2;4;330;25/10/2013
2013048742;1;1;1;2;6;330;25/10/2013
2013048743;1;1;1;2;6;330;25/10/2013
2013048744;3;1;1;2;6;330;25/10/2013
2013048745;1;1;1;1;6;330;30/10/2013
2013048746;5;1;1;1;6;330;31/10/2013
2013048747;5;1;1;1;6;330;31/10/2013
2013048748;5;1;1;1;4;330;31/10/2013
2013048749;5;1;1;2;6;330;01/11/2013
2013048750;5;1;1;2;6;330;02/11/2013
2013048751;5;1;1;2;6;330;02/11/2013
2013048752;1;1;1;2;6;330;07/11/2013
2013048753;1;1;1;9;6;330;07/11/2013
2013048754;1;1;1;2;2;330;07/11/2013
2013048755;1;1;1;2;6;330;08/11/2013
2013048756;5;1;1;2;6;330;08/11/2013
2013048757;1;1;1;2;6;330;10/11/2013
2013048758;1;1;1;2;6;330;10/11/2013
2013048759;1;1;1;2;3;330;10/11/2013
2013048760;1;1;1;1;6;330;11/11/2013
2013048761;5;1;1;2;6;330;11/11/2013
2013048762;1;1;1;2;6;330;12/11/2013
2013048763;1;1;1;2;6;330;12/11/2013
2013048764;1;1;1;2;6;330;12/11/2013
2013048765;4;1;1;1;6;330;14/11/2013
2013048766;1;1;1;1;3;330;14/11/2013
2013048767;1;1;1;1;6;330;14/11/2013
2013048768;2;1;1;1;6;330;15/11/2013
2013048769;1;1;1;1;6;330;18/11/2013
2013048770;2;1;1;2;6;330;19/11/2013
2013048771;2;1;1;1;6;330;19/11/2013
2013048772;5;1;1;1;6;330;20/11/2013
2013048773;5;1;1;1;4;330;20/11/2013
2013048774;1;1;1;2;6;330;21/11/2013
2013048775;3;1;1;1;2;330;22/11/2013
2013048776;1;1;1;1;6;330;24/11/2013
2013048777;2;1;1;1;6;330;24/11/2013
2013048778;4;1;1;1;6;330;25/11/2013
2013048779;1;1;1;1;6;330;25/11/2013
2013048780;1;1;1;1;6;330;27/11/2013
2013048781;1;1;1;1;6;330;28/11/2013
2013048782;5;1;1;1;6;330;30/11/2013
2013048783;1;1;1;1;6;330;04/12/2013
2013048784;1;1;1;1;6;330;04/12/2013
2013048785;2;1;1;1;6;330;05/12/2013
2013048786;1;1;1;1;2;330;05/12/2013
2013048787;1;1;1;1;2;330;09/12/2013
2013048788;3;1;1;1;7;330;10/12/2013
2013048789;1;1;1;1;6;330;12/12/2013
2013048790;2;1;1;1;6;330;13/12/2013
2013048791;1;1;1;5;6;330;14/12/2013
2013048792;5;1;1;1;6;330;15/12/2013
2013048793;1;1;1;1;6;330;16/12/2013
2013048794;5;1;1;1;4;330;16/12/2013
2013048795;1;1;1;2;6;330;14/12/2013
2013048796;4;1;1;1;6;330;20/12/2013
2013048797;1;1;1;1;6;330;21/12/2013
2013048798;3;1;1;1;3;330;21/12/2013
2013048799;5;1;1;1;6;330;21/12/2013
2013048800;1;1;1;1;2;330;23/12/2013
2013048801;4;1;1;3;2;330;26/12/2013
2013048802;3;1;1;2;6;330;31/12/2013
2013048803;1;2;1;2;7;690;10/01/2013
2013048804;1;2;1;9;7;690;16/01/2013
2013048805;1;2;1;1;6;690;23/01/2013
2013048806;1;2;1;1;2;690;16/02/2013
2013048807;5;2;1;2;6;690;24/03/2013
2013048808;1;2;1;1;6;690;26/03/2013
2013048809;1;2;1;1;5;690;01/04/2013
2013048810;1;2;1;1;3;690;10/04/2013
2013048811;1;2;1;1;6;690;14/04/2013
2013048812;1;2;2;3;6;690;29/04/2013
2013048813;1;2;1;1;3;690;07/05/2013
2013048814;1;2;1;1;6;690;12/05/2013
2013048815;1;2;1;3;7;690;16/05/2013
2013048816;1;2;2;8;6;690;17/05/2013
2013048817;1;2;1;2;3;690;28/05/2013
2013048818;1;2;1;1;1;690;09/07/2013
2013048819;1;1;1;1;3;690;07/06/2013
2013048820;1;2;1;1;6;690;11/06/2013
2013048821;1;2;4;1;6;690;17/06/2013
2013048822;1;2;1;1;6;690;19/06/2013
2013048823;5;2;1;8;2;690;02/07/2013
2013048824;2;2;1;3;3;690;03/07/2013
2013048825;1;2;1;1;1;690;24/07/2013
2013048826;1;2;1;1;4;690;25/07/2013
2013048827;1;2;1;1;1;690;26/07/2013
2013048828;1;2;1;7;3;690;02/08/2013
2013048829;1;2;4;1;3;690;03/08/2013
2013048830;1;2;1;1;3;690;15/08/2013
2013048831;5;2;1;1;6;690;03/09/2013
2013048832;1;2;3;1;6;690;04/09/2013
2013048833;1;2;1;1;3;690;10/09/2013
2013048834;1;2;1;1;6;690;10/09/2013
2013048835;1;2;1;1;6;690;11/10/2013
2013048836;2;2;1;1;6;690;21/09/2013
2013048837;1;2;1;1;3;690;22/09/2013
2013048838;1;2;1;1;3;690;25/09/2013
2013048839;5;2;1;1;6;690;26/09/2013
2013048840;1;2;1;1;6;690;12/10/2013
2013048841;2;2;1;1;6;690;18/10/2013
2013048842;5;2;1;1;6;690;29/10/2013
2013048843;1;2;1;1;6;690;07/11/2013
2013048844;5;2;1;9;6;690;20/11/2013
2013048845;1;2;1;1;6;690;29/11/2013
2013048846;1;2;2;2;6;690;22/11/2013
2013048847;2;2;1;1;3;690;05/12/2013
2013048848;5;2;1;1;6;690;21/12/2013
2013048849;3;1;1;1;2;670;08/01/2013
2013048850;3;1;1;1;5;670;12/01/2013
2013048851;3;1;1;1;2;670;26/01/2013
2013048852;1;1;1;8;7;670;25/02/2013
2013048853;4;1;1;8;3;670;20/03/2013
2013048854;1;1;1;1;5;670;04/04/2013
2013048855;1;1;1;1;4;670;12/04/2013
2013048856;3;1;1;1;3;670;17/04/2013
2013048857;1;1;1;1;5;670;10/05/2013
2013048858;1;1;1;1;3;670;06/06/2013
2013048859;1;1;1;1;6;670;19/06/2013
2013048860;1;1;1;1;3;670;02/07/2013
2013048861;2;1;1;1;6;670;03/07/2013
2013048862;1;1;1;1;7;670;07/07/2013
2013048863;1;1;1;1;2;670;17/07/2013
2013048864;1;1;1;1;2;670;30/08/2013
2013048865;1;1;1;1;3;670;27/09/2013
2013048866;3;1;1;1;7;670;01/10/2013
2013048867;1;1;1;2;2;670;06/10/2013
2013048868;1;1;1;1;3;670;25/10/2013
2013048869;1;1;1;1;3;670;04/11/2013
2013048870;1;1;1;1;2;670;20/12/2013
2013048871;5;1;1;1;6;540;03/02/2013
2013048872;1;1;1;1;2;540;15/02/2013
2013048873;1;1;1;1;3;540;18/02/2013
2013048874;1;1;1;1;3;540;30/03/2013
2013048875;2;1;1;1;7;540;28/06/2013
2013048876;3;1;1;1;3;540;09/05/2013
2013048877;2;1;1;2;3;540;12/03/2013
2013048878;2;1;1;1;7;540;29/05/2013
2013048879;1;1;1;1;4;540;17/06/2013
2013048880;1;1;1;2;2;540;20/06/2013
2013048881;3;1;1;1;2;540;10/08/2013
2013048882;1;1;1;1;4;540;09/09/2013
2013048883;1;1;1;5;6;540;24/09/2013
2013048884;3;1;1;1;3;540;20/10/2013
2013048885;1;1;1;1;3;540;23/10/2013
2013048886;1;1;1;1;2;540;11/12/2013
2013048887;1;1;1;1;7;540;16/12/2013
2013048888;3;1;1;1;3;540;20/12/2013
2013048889;1;1;1;8;6;570;06/01/2013
2013048890;2;1;1;1;2;570;07/01/2013
2013048891;3;1;1;8;6;570;10/01/2013
2013048892;3;1;1;4;7;570;15/01/2013
2013048893;1;1;1;8;4;570;08/02/2013
2013048894;3;1;1;1;7;570;19/02/2013
2013048895;1;1;1;1;6;570;23/03/2013
2013048896;1;1;1;8;6;570;24/03/2013
2013048897;3;1;1;1;3;570;30/03/2013
2013048898;1;1;1;1;6;570;27/05/2013
2013048899;1;1;1;1;6;570;29/05/2013
2013048900;1;1;1;1;2;570;18/06/2013
2013048901;1;1;1;1;6;570;23/06/2013
2013048902;1;1;1;1;2;570;04/07/2013
2013048903;1;1;1;1;4;570;20/07/2013
2013048904;3;1;1;1;7;570;06/09/2013
2013048905;1;1;1;1;1;570;23/09/2013
2013048906;3;1;1;3;3;570;05/10/2013
2013048907;1;1;1;3;3;570;02/11/2013
2013048908;3;1;1;1;6;570;09/11/2013
2013048909;3;1;1;1;7;570;10/11/2013
2013048910;1;1;1;1;3;570;30/11/2013
2013048911;3;1;1;1;7;570;04/12/2013
2013048912;3;1;1;1;6;570;12/12/2013
2013048913;3;1;1;1;2;570;22/12/2013
2013048914;3;1;1;1;7;570;27/12/2013
2013048915;2;2;2;1;2;690;08/01/2013
2013048916;1;2;1;1;2;690;12/01/2013
2013048917;1;2;1;1;2;690;22/01/2013
2013048918;1;2;2;1;3;690;22/01/2013
2013048919;5;2;2;1;3;690;31/01/2013
2013048920;1;2;9;1;6;690;29/01/2013
2013048921;1;2;1;2;6;690;10/01/2013
2013048922;1;2;3;1;3;690;24/01/2013
2013048923;5;2;1;2;6;690;01/02/2013
2013048924;1;2;2;2;1;690;04/02/2013
2013048925;1;2;2;2;6;690;11/02/2013
2013048926;5;2;2;1;3;690;19/02/2013
2013048927;1;2;2;1;2;690;21/02/2013
2013048928;5;2;1;1;7;690;23/02/2013
2013048929;1;2;2;8;3;690;02/03/2013
2013048930;5;2;2;1;6;690;26/02/2013
2013048931;5;2;1;1;6;690;05/03/2013
2013048932;5;2;2;1;3;690;11/03/2013
2013048933;5;2;1;3;6;690;27/01/2013
2013048934;5;2;2;1;3;690;12/03/2013
2013048935;1;2;2;1;2;690;14/03/2013
2013048936;5;2;1;6;6;690;17/03/2013
2013048937;5;2;3;1;6;690;14/03/2013
2013048938;5;2;1;8;7;690;15/03/2013
2013048939;1;2;3;1;6;690;20/03/2013
2013048940;1;2;2;1;3;690;22/03/2013
2013048941;5;2;2;1;3;690;03/04/2013
2013048942;5;2;1;1;6;690;07/04/2013
2013048943;2;2;1;1;6;690;07/04/2013
2013048944;1;2;2;1;3;690;16/04/2013
2013048945;5;1;2;1;3;690;10/04/2013
2013048946;5;2;1;1;7;690;13/04/2013
2013048947;1;2;1;1;6;690;16/04/2013
2013048948;1;2;1;1;1;690;14/04/2013
2013048949;5;2;2;1;6;690;09/04/2013
2013048950;1;2;1;1;6;690;12/04/2013
2013048951;1;2;3;1;3;690;12/04/2013
2013048952;1;2;3;1;3;690;16/04/2013
2013048953;1;2;1;1;3;690;18/04/2013
2013048954;1;2;1;1;3;690;15/04/2013
2013048955;5;2;2;1;3;690;23/04/2013
2013048956;1;2;1;1;2;690;24/04/2013
2013048957;1;2;2;1;3;690;01/05/2013
2013048958;1;2;1;1;2;690;03/05/2013
2013048959;5;2;2;1;2;690;05/05/2013
2013048960;1;2;1;1;2;690;05/05/2013
2013048961;1;2;2;2;3;690;16/05/2013
2013048962;1;2;2;1;5;690;18/05/2013
2013048963;1;2;1;1;6;690;26/05/2013
2013048964;1;2;2;1;3;690;16/05/2013
2013048965;1;2;1;1;2;690;24/05/2013
2013048966;1;2;1;2;7;690;31/05/2013
2013048967;1;2;2;1;3;690;28/05/2013
2013048968;1;2;2;2;3;690;31/05/2013
2013048969;1;2;2;1;3;690;06/06/2013
2013048970;1;2;2;7;3;690;07/06/2013
2013048971;1;2;2;1;2;690;11/06/2013
2013048972;1;2;1;1;6;690;12/06/2013
2013048973;1;2;1;1;3;690;14/06/2013
2013048974;1;2;2;1;2;690;15/06/2013
2013048975;1;2;1;1;7;690;14/06/2013
2013048976;2;2;2;6;3;690;16/06/2013
2013048977;1;2;5;1;3;690;19/06/2013
2013048978;1;2;2;1;3;690;20/06/2013
2013048979;2;2;1;1;2;690;21/06/2013
2013048980;1;2;1;1;3;690;28/05/2013
2013048981;1;2;1;8;3;690;27/06/2013
2013048982;1;2;2;1;7;690;27/06/2013
2013048983;1;2;3;1;3;690;30/06/2013
2013048984;1;2;1;1;6;690;11/07/2013
2013048985;1;2;1;1;7;690;12/07/2013
2013048986;1;2;1;1;6;690;13/07/2013
2013048987;1;2;1;1;2;690;15/07/2013
2013048988;1;2;4;1;3;690;17/07/2013
2013048989;1;2;2;3;6;690;18/07/2013
2013048990;5;2;2;1;6;690;19/07/2013
2013048991;1;2;3;1;3;690;24/07/2013
2013048992;1;2;1;1;6;690;20/07/2013
2013048993;1;2;1;1;3;690;31/07/2013
2013048994;2;2;1;1;6;690;11/08/2013
2013048995;5;2;1;1;6;690;10/08/2013
2013048996;1;2;2;1;3;690;10/08/2013
2013048997;1;2;1;1;7;690;11/08/2013
2013048998;5;2;1;1;6;690;18/08/2013
2013048999;1;2;3;1;6;690;22/08/2013
2013049000;1;2;1;1;6;690;01/09/2013
2013049001;1;2;2;1;3;690;09/09/2013
2013049002;1;2;1;1;4;690;09/09/2013
2013049003;1;2;2;1;3;690;15/09/2013
2013049004;1;2;1;1;6;690;23/09/2013
2013049005;1;2;1;2;2;690;15/09/2013
2013049006;1;2;2;1;3;690;20/09/2013
2013049007;1;2;5;1;3;690;17/09/2013
2013049008;1;2;1;1;3;690;23/09/2013
2013049009;1;2;1;1;2;690;26/09/2013
2013049010;5;2;3;1;3;690;25/09/2013
2013049011;1;2;2;1;3;690;26/09/2013
2013049012;1;2;2;1;3;690;25/09/2013
2013049013;1;2;1;1;3;690;30/09/2013
2013049014;4;2;2;1;3;690;04/10/2013
2013049015;5;2;2;2;3;690;04/10/2013
2013049016;1;2;1;1;2;690;03/10/2013
2013049017;2;2;3;1;2;690;10/10/2013
2013049018;5;2;1;2;6;690;10/10/2013
2013049019;5;2;1;3;2;690;15/10/2013
2013049020;5;2;2;2;6;690;15/10/2013
2013049021;1;2;1;1;1;690;22/10/2013
2013049022;1;2;1;1;6;690;30/10/2013
2013049023;1;2;1;1;6;690;24/10/2013
2013049024;5;2;1;1;2;690;25/10/2013
2013049025;1;2;3;1;6;690;31/10/2013
2013049026;1;2;1;2;6;690;05/11/2013
2013049027;5;2;1;2;6;690;09/11/2013
2013049028;1;2;1;1;6;690;12/11/2013
2013049029;5;2;1;1;2;690;10/11/2013
2013049030;5;2;1;1;6;690;18/11/2013
2013049031;2;2;2;2;6;690;19/11/2013
2013049032;5;2;2;1;1;690;24/11/2013
2013049033;1;2;1;1;6;690;24/11/2013
2013049034;5;2;1;2;2;690;21/11/2013
2013049035;1;2;1;1;6;690;16/11/2013
2013049036;1;2;2;4;3;690;20/11/2013
2013049037;1;2;3;1;3;690;26/11/2013
2013049038;5;2;2;1;3;690;01/12/2013
2013049039;1;2;1;1;6;690;09/12/2013
2013049040;5;2;3;1;2;690;05/12/2013
2013049041;1;2;2;1;3;690;07/12/2013
2013049042;5;2;2;1;6;690;07/12/2013
2013049043;2;2;1;5;6;690;12/12/2013
2013049044;1;2;2;1;3;690;13/12/2013
2013049045;3;2;2;1;3;690;14/12/2013
2013049046;1;2;2;1;4;690;20/12/2013
2013049047;5;2;2;6;3;690;25/12/2013
2013049048;5;2;2;1;3;690;29/12/2013
2013049049;5;2;1;1;2;690;08/01/2013
2013049050;1;2;1;2;6;690;11/01/2013
2013049051;1;2;2;1;5;690;05/01/2013
2013049052;2;2;3;1;6;690;02/01/2013
2013049053;2;2;2;1;3;690;18/01/2013
2013049054;1;2;1;2;6;690;19/01/2013
2013049055;5;2;1;1;3;690;18/01/2013
2013049056;1;2;1;1;3;690;23/01/2013
2013049057;1;2;3;1;3;690;25/01/2013
2013049058;2;2;1;1;6;690;31/01/2013
2013049059;5;2;1;1;6;690;01/02/2013
2013049060;1;2;1;1;6;690;25/02/2013
2013049061;5;2;2;1;3;690;08/02/2013
2013049062;1;2;1;1;6;690;23/02/2013
2013049063;1;2;2;1;1;690;01/03/2013
2013049064;1;2;1;1;6;690;22/03/2013
2013049065;1;2;1;1;4;690;21/03/2013
2013049066;2;2;1;1;6;690;22/03/2013
2013049067;1;2;3;1;5;690;27/03/2013
2013049068;1;2;1;1;6;690;27/03/2013
2013049069;1;2;1;1;6;690;27/03/2013
2013049070;1;2;1;1;3;690;03/04/2013
2013049071;1;2;2;1;3;690;06/04/2013
2013049072;1;2;2;1;3;690;10/04/2013
2013049073;1;2;1;1;6;690;11/04/2013
2013049074;1;2;3;1;3;690;15/04/2013
2013049075;1;2;1;1;3;690;15/04/2013
2013049076;1;2;3;1;5;690;24/04/2013
2013049077;1;2;3;1;3;690;29/04/2013
2013049078;1;2;1;1;6;690;30/04/2013
2013049079;5;2;1;1;6;690;08/05/2013
2013049080;1;2;1;1;5;690;14/05/2013
2013049081;1;2;1;1;2;690;23/05/2013
2013049082;1;2;2;1;3;690;14/05/2013
2013049083;1;2;1;2;3;690;16/05/2013
2013049084;1;2;2;1;3;690;20/05/2013
2013049085;1;2;1;1;6;690;14/05/2013
2013049086;5;2;4;1;7;690;24/05/2013
2013049087;1;2;1;1;6;690;20/05/2013
2013049088;2;2;2;1;3;690;20/05/2013
2013049089;1;2;1;1;2;690;07/06/2013
2013049090;1;2;1;1;5;690;14/06/2013
2013049091;1;2;1;1;4;690;27/06/2013
2013049092;1;2;1;1;7;690;01/07/2013
2013049093;1;2;1;1;6;690;10/07/2013
2013049094;1;2;1;1;6;690;04/07/2013
2013049095;1;2;2;2;3;690;03/07/2013
2013049096;1;2;2;1;3;690;10/07/2013
2013049097;5;2;2;1;3;690;12/07/2013
2013049098;5;2;2;1;3;690;14/07/2013
2013049099;1;2;1;1;6;690;16/07/2013
2013049100;1;2;2;3;3;690;26/08/2013
2013049101;1;2;5;1;3;690;21/07/2013
2013049102;1;2;1;1;6;690;23/07/2013
2013049103;1;2;1;1;2;690;12/07/2013
2013049104;1;2;2;1;3;690;06/08/2013
2013049105;1;2;1;1;3;690;02/08/2013
2013049106;1;2;2;1;3;690;02/08/2013
2013049107;1;2;3;1;3;690;25/07/2013
2013049108;1;2;1;1;2;690;02/08/2013
2013049109;1;2;2;1;3;690;05/08/2013
2013049110;1;2;1;1;3;690;01/08/2013
2013049111;1;2;2;1;3;690;10/08/2013
2013049112;2;2;1;1;2;690;12/08/2013
2013049113;1;2;3;1;3;690;16/08/2013
2013049114;1;2;3;1;6;690;22/08/2013
2013049115;1;2;1;1;6;690;24/08/2013
2013049116;1;2;1;1;6;690;30/08/2013
2013049117;1;2;3;1;3;690;14/08/2013
2013049118;1;2;2;1;6;690;03/09/2013
2013049119;1;2;2;1;3;690;05/09/2013
2013049120;1;2;2;1;6;690;10/09/2013
2013049121;5;2;1;3;2;690;14/09/2013
2013049122;1;2;1;1;3;690;19/09/2013
2013049123;1;2;2;1;3;690;13/09/2013
2013049124;4;2;3;1;3;690;20/09/2013
2013049125;1;2;1;1;6;690;23/09/2013
2013049126;1;2;1;1;4;690;27/09/2013
2013049127;1;2;1;8;3;690;30/09/2013
2013049128;1;2;1;8;6;690;30/09/2013
2013049129;1;2;3;1;3;690;07/10/2013
2013049130;5;2;1;2;6;690;05/10/2013
2013049131;1;2;1;8;3;690;10/10/2013
2013049132;1;2;2;1;3;690;17/10/2013
2013049133;1;2;1;1;6;690;16/10/2013
2013049134;1;2;1;1;6;690;17/10/2013
2013049135;5;2;1;1;6;690;17/10/2013
2013049136;1;2;1;1;5;690;18/10/2013
2013049137;5;2;3;6;3;690;26/10/2013
2013049138;1;2;2;1;6;690;12/11/2013
2013049139;5;2;1;1;7;690;12/10/2013
2013049140;2;2;1;1;6;690;26/10/2013
2013049141;1;2;1;1;3;690;28/10/2013
2013049142;1;2;2;1;3;690;30/10/2013
2013049143;5;2;3;1;3;690;24/10/2013
2013049144;5;2;2;1;3;690;04/11/2013
2013049145;1;2;1;1;6;690;25/10/2013
2013049146;5;2;1;1;3;690;05/11/2013
2013049147;1;2;1;1;3;690;18/11/2013
2013049148;1;2;2;1;3;690;12/11/2013
2013049149;1;2;3;2;6;690;14/11/2013
2013049150;5;2;1;2;6;690;14/11/2013
2013049151;5;2;1;2;6;690;14/11/2013
2013049152;1;2;1;2;3;690;19/11/2013
2013049153;2;2;1;1;6;690;22/11/2013
2013049154;1;2;1;1;3;690;27/11/2013
2013049155;5;2;2;1;3;690;01/12/2013
2013049156;2;2;1;1;6;690;02/12/2013
2013049157;1;2;1;1;6;690;03/12/2013
2013049158;1;2;1;1;6;690;04/12/2013
2013049159;5;2;2;5;3;690;15/12/2013