num_acc;lum;agg;inter;atm;col;dep;date
2013049160;1;2;2;1;6;690;09/09/2013
2013049161;1;2;2;1;3;690;19/12/2013
2013049162;5;2;1;1;6;690;18/12/2013
2013049163;1;2;1;1;6;690;22/12/2013
2013049164;1;2;1;1;7;690;31/12/2013
2013049165;4;1;1;1;7;420;01/01/2013
2013049166;1;1;1;1;2;420;08/01/2013
2013049167;3;1;1;1;6;420;27/01/2013
2013049168;1;1;1;1;4;420;31/01/2013
2013049169;1;1;1;1;5;420;21/02/2013
2013049170;3;1;1;1;6;690;26/02/2013
2013049171;3;1;1;1;6;690;10/03/2013
2013049172;1;1;1;2;7;420;28/03/2013
2013049173;1;1;1;1;6;420;09/04/2013
2013049174;3;1;1;1;6;420;14/04/2013
2013049175;1;1;1;1;2;420;15/04/2013
2013049176;1;1;1;1;2;420;02/05/2013
2013049177;3;1;1;2;5;690;09/05/2013
2013049178;1;1;1;1;2;420;23/05/2013
2013049179;3;1;1;1;1;420;07/06/2013
2013049180;1;1;1;1;2;690;02/07/2013
2013049181;3;1;1;1;7;420;07/07/2013
2013049182;1;1;1;1;6;420;12/07/2013
2013049183;3;1;1;1;2;420;14/07/2013
2013049184;1;1;1;1;3;420;08/07/2013
2013049185;1;1;1;1;6;420;19/07/2013
2013049186;1;1;1;1;2;420;19/07/2013
2013049187;1;1;1;1;2;420;20/07/2013
2013049188;1;1;1;1;6;420;26/07/2013
2013049189;1;1;1;3;6;420;08/08/2013
2013049190;1;1;1;1;7;420;08/08/2013
2013049191;1;1;1;1;3;420;22/08/2013
2013049192;1;1;2;1;3;420;28/08/2013
2013049193;3;1;1;1;1;420;12/09/2013
2013049194;1;1;1;1;3;420;24/09/2013
2013049195;1;1;1;1;6;420;06/10/2013
2013049196;1;1;1;1;2;420;07/10/2013
2013049197;2;1;1;1;3;420;14/10/2013
2013049198;1;1;1;1;2;420;17/10/2013
2013049199;1;1;1;1;2;420;18/10/2013
2013049200;3;1;1;8;7;420;13/10/2013
2013049201;3;1;1;1;5;420;19/10/2013
2013049202;1;1;1;1;6;420;28/10/2013
2013049203;3;1;1;1;6;420;30/10/2013
2013049204;3;1;1;1;7;420;31/10/2013
2013049205;1;1;1;1;3;420;30/10/2013
2013049206;1;1;1;1;7;420;31/10/2013
2013049207;1;1;1;1;4;420;02/11/2013
2013049208;1;1;1;1;2;420;06/11/2013
2013049209;3;1;1;1;6;420;11/11/2013
2013049210;1;1;1;1;5;420;11/11/2013
2013049211;5;1;1;1;4;420;13/11/2013
2013049212;3;1;1;1;7;420;09/12/2013
2013049213;3;1;1;1;3;420;14/12/2013
2013049214;3;1;1;1;2;420;17/12/2013
2013049215;3;1;1;1;2;690;25/12/2013
2013049216;3;1;1;1;6;420;28/12/2013
2013049217;5;1;3;1;2;380;01/01/2013
2013049218;1;1;1;1;7;690;02/01/2013
2013049219;2;1;1;2;7;690;04/01/2013
2013049220;1;1;1;2;7;690;05/01/2013
2013049221;1;1;1;2;4;690;04/01/2013
2013049222;5;1;1;1;4;690;04/01/2013
2013049223;1;1;1;2;6;690;04/01/2013
2013049224;1;1;1;1;4;690;05/01/2013
2013049225;2;1;1;1;7;690;08/01/2013
2013049226;3;1;1;1;7;690;09/01/2013
2013049227;1;1;1;1;2;690;09/01/2013
2013049228;3;1;1;1;2;690;09/01/2013
2013049229;1;1;1;2;2;690;10/01/2013
2013049230;1;1;1;2;7;690;10/01/2013
2013049231;1;1;1;3;6;690;10/01/2013
2013049232;1;1;1;2;7;690;11/01/2013
2013049233;1;1;1;1;3;380;11/01/2013
2013049234;1;1;3;1;2;380;12/01/2013
2013049235;3;1;1;1;3;690;12/01/2013
2013049236;1;1;1;8;3;690;14/01/2013
2013049237;4;1;1;4;5;690;15/01/2013
2013049238;4;1;1;2;3;690;15/01/2013
2013049239;3;1;1;4;2;690;18/01/2013
2013049240;4;1;1;9;3;690;18/01/2013
2013049241;5;1;1;8;7;690;19/01/2013
2013049242;5;1;1;2;7;690;20/01/2013
2013049243;1;1;1;1;6;690;20/01/2013
2013049244;3;1;1;2;7;690;20/01/2013
2013049245;3;1;4;1;2;380;21/01/2013
2013049246;5;1;1;1;6;690;21/01/2013
2013049247;2;1;1;1;1;10;22/01/2013
2013049248;1;1;1;1;2;690;23/01/2013
2013049249;3;1;1;8;6;690;24/01/2013
2013049250;5;1;1;2;6;690;27/01/2013
2013049251;2;1;1;5;6;380;28/01/2013
2013049252;1;1;1;1;4;690;29/01/2013
2013049253;1;1;1;1;6;690;29/01/2013
2013049254;5;1;1;1;3;690;29/01/2013
2013049255;3;1;1;6;7;380;03/02/2013
2013049256;3;1;1;1;2;690;03/02/2013
2013049257;4;1;1;1;7;690;10/02/2013
2013049258;1;1;1;2;2;380;10/02/2013
2013049259;1;1;1;2;3;690;12/02/2013
2013049260;3;1;1;1;7;10;15/02/2013
2013049261;5;1;1;9;6;10;15/02/2013
2013049262;1;1;1;1;2;690;15/02/2013
2013049263;5;1;1;1;4;690;15/02/2013
2013049264;3;1;1;1;4;690;18/02/2013
2013049265;3;1;1;5;3;690;19/02/2013
2013049266;1;1;1;1;4;690;20/02/2013
2013049267;1;1;1;1;2;690;21/02/2013
2013049268;3;1;1;4;6;380;24/02/2013
2013049269;1;1;4;4;2;380;24/02/2013
2013049270;1;1;1;1;2;690;26/02/2013
2013049271;1;1;1;1;2;690;27/02/2013
2013049272;3;1;1;1;3;690;28/02/2013
2013049273;3;1;1;1;4;690;01/03/2013
2013049274;3;1;1;1;7;690;02/03/2013
2013049275;3;1;1;1;7;380;02/03/2013
2013049276;5;1;1;1;2;690;03/03/2013
2013049277;4;1;1;1;6;690;04/03/2013
2013049278;1;1;1;1;5;690;04/03/2013
2013049279;1;1;1;1;5;690;05/03/2013
2013049280;1;1;1;8;6;690;06/03/2013
2013049281;1;1;1;1;4;690;07/03/2013
2013049282;5;1;1;1;2;690;09/03/2013
2013049283;5;1;1;1;6;690;10/03/2013
2013049284;1;1;1;1;6;690;12/03/2013
2013049285;1;1;1;1;5;10;12/03/2013
2013049286;1;1;1;1;3;690;15/03/2013
2013049287;1;1;1;1;6;380;16/03/2013
2013049288;5;1;1;2;5;690;17/03/2013
2013049289;2;1;1;1;3;690;17/03/2013
2013049290;2;1;1;2;2;690;20/03/2013
2013049291;1;1;1;1;7;690;21/03/2013
2013049292;5;1;1;1;2;690;21/03/2013
2013049293;3;1;1;1;2;690;22/03/2013
2013049294;1;1;1;1;3;690;22/03/2013
2013049295;1;1;1;1;7;690;23/03/2013
2013049296;5;1;1;2;2;690;24/03/2013
2013049297;1;1;1;1;7;380;24/03/2013
2013049298;3;1;1;2;5;690;24/03/2013
2013049299;1;1;1;1;2;690;25/03/2013
2013049300;1;1;1;1;2;690;26/03/2013
2013049301;1;1;1;1;5;690;27/03/2013
2013049302;2;1;1;2;3;690;29/03/2013
2013049303;5;1;1;2;3;690;30/03/2013
2013049304;1;1;1;2;7;690;30/03/2013
2013049305;1;1;1;1;6;690;01/04/2013
2013049306;1;1;1;1;7;690;03/04/2013
2013049307;3;1;1;1;6;690;04/04/2013
2013049308;1;1;1;2;4;690;05/04/2013
2013049309;3;1;1;1;6;690;06/04/2013
2013049310;1;1;1;1;2;690;08/04/2013
2013049311;1;1;1;2;7;690;09/04/2013
2013049312;1;1;1;1;4;690;09/04/2013
2013049313;1;1;1;1;4;690;10/04/2013
2013049314;1;1;1;1;7;690;12/04/2013
2013049315;1;1;1;1;2;380;13/04/2013
2013049316;1;1;1;1;3;690;16/04/2013
2013049317;1;1;1;1;2;690;16/04/2013
2013049318;2;1;1;1;3;690;07/03/2013
2013049319;1;1;1;1;3;690;17/04/2013
2013049320;5;1;1;1;3;690;18/04/2013
2013049321;1;1;9;1;6;690;19/04/2013
2013049322;1;1;1;2;2;690;19/04/2013
2013049323;1;1;1;1;7;690;21/04/2013
2013049324;1;1;1;1;5;690;22/04/2013
2013049325;1;1;1;1;2;690;22/04/2013
2013049326;3;1;1;1;2;690;25/04/2013
2013049327;1;1;1;1;4;690;13/04/2013
2013049328;1;1;1;1;1;690;25/04/2013
2013049329;1;1;1;2;6;690;27/04/2013
2013049330;3;1;1;2;7;380;27/04/2013
2013049331;5;1;1;2;7;690;28/04/2013
2013049332;1;1;1;1;6;690;28/04/2013
2013049333;1;1;1;2;3;690;29/04/2013
2013049334;3;1;1;1;2;380;01/05/2013
2013049335;3;1;1;2;2;690;01/05/2013
2013049336;1;1;1;2;7;380;03/05/2013
2013049337;5;1;1;2;3;690;27/04/2013
2013049338;1;1;1;1;4;690;05/05/2013
2013049339;5;1;1;1;7;690;05/05/2013
2013049340;3;1;1;1;6;690;08/05/2013
2013049341;4;1;1;9;2;690;09/05/2013
2013049342;1;1;1;3;6;690;09/05/2013
2013049343;1;1;9;1;3;690;10/05/2013
2013049344;3;1;1;1;5;10;12/05/2013
2013049345;1;1;1;1;2;690;12/05/2013
2013049346;1;1;1;1;3;690;13/05/2013
2013049347;1;1;1;1;2;380;13/05/2013
2013049348;3;1;1;1;2;690;15/05/2013
2013049349;1;1;1;1;2;690;14/05/2013
2013049350;1;1;1;1;3;690;14/05/2013
2013049351;4;1;5;1;7;690;15/05/2013
2013049352;1;1;1;2;7;690;15/05/2013
2013049353;1;1;1;2;7;690;16/05/2013
2013049354;1;1;1;1;2;690;16/05/2013
2013049355;1;1;9;1;6;690;20/05/2013
2013049356;1;1;1;3;3;690;21/05/2013
2013049357;1;1;1;2;2;690;21/05/2013
2013049358;1;1;1;1;7;690;22/05/2013
2013049359;2;1;1;1;3;690;24/05/2013
2013049360;1;1;1;1;2;380;24/05/2013
2013049361;1;1;1;1;3;690;24/05/2013
2013049362;1;1;1;1;6;380;25/05/2013
2013049363;1;1;1;1;2;690;27/05/2013
2013049364;4;1;1;;5;690;27/05/2013
2013049365;2;1;1;1;4;690;29/05/2013
2013049366;1;1;1;2;6;690;28/05/2013
2013049367;1;1;1;3;4;690;28/05/2013
2013049368;1;1;1;2;4;690;29/05/2013
2013049369;1;1;1;1;2;690;29/05/2013
2013049370;5;1;1;1;3;690;29/05/2013
2013049371;1;1;1;1;2;690;30/05/2013
2013049372;1;1;1;1;3;690;30/05/2013
2013049373;2;1;1;8;6;380;31/05/2013
2013049374;2;1;1;2;7;690;31/05/2013
2013049375;5;1;1;1;2;690;03/06/2013
2013049376;1;1;1;1;2;690;06/06/2013
2013049377;1;1;1;1;3;690;06/06/2013
2013049378;1;1;1;1;7;690;06/06/2013
2013049379;1;1;1;3;3;380;08/06/2013
2013049380;5;1;1;1;7;380;09/06/2013
2013049381;5;1;1;1;7;690;11/06/2013
2013049382;1;1;9;1;5;690;13/06/2013
2013049383;4;1;1;2;2;690;14/06/2013
2013049384;1;1;1;1;5;690;14/06/2013
2013049385;3;1;1;1;7;690;16/06/2013
2013049386;5;1;1;1;7;690;17/06/2013
2013049387;1;1;1;1;6;690;17/06/2013
2013049388;1;1;1;1;2;690;20/06/2013
2013049389;1;1;1;1;5;690;21/06/2013
2013049390;1;1;1;1;5;690;21/06/2013
2013049391;1;1;1;1;3;690;24/06/2013
2013049392;4;1;1;1;3;690;24/06/2013
2013049393;1;1;1;1;2;380;27/06/2013
2013049394;1;1;9;2;4;690;28/06/2013
2013049395;1;1;1;2;2;690;28/06/2013
2013049396;1;1;1;3;4;690;29/06/2013
2013049397;1;1;1;2;7;690;29/06/2013
2013049398;1;1;1;1;4;690;29/06/2013
2013049399;1;1;1;1;7;690;29/06/2013
2013049400;5;1;1;1;7;380;30/06/2013
2013049401;1;1;1;1;7;690;01/07/2013
2013049402;1;1;1;1;4;690;02/07/2013
2013049403;1;1;1;2;7;690;03/07/2013
2013049404;1;1;1;1;7;380;03/07/2013
2013049405;1;1;1;1;4;690;05/07/2013
2013049406;1;1;1;1;6;690;06/07/2013
2013049407;1;1;1;1;2;690;01/07/2013
2013049408;1;1;1;1;4;690;09/07/2013
2013049409;3;1;1;1;4;690;11/07/2013
2013049410;1;1;1;1;2;690;05/07/2013
2013049411;1;1;1;1;2;690;11/07/2013
2013049412;1;1;1;1;7;690;12/07/2013
2013049413;1;1;1;1;2;690;13/07/2013
2013049414;1;1;1;1;2;380;14/07/2013
2013049415;1;1;1;1;2;10;07/07/2013
2013049416;1;1;1;1;4;690;16/07/2013
2013049417;1;1;1;1;6;690;17/07/2013
2013049418;1;1;1;1;2;10;19/07/2013
2013049419;1;1;9;1;6;690;19/07/2013
2013049420;4;1;1;1;2;690;20/07/2013
2013049421;1;1;1;1;6;690;20/07/2013
2013049422;1;1;1;1;2;690;27/06/2013
2013049423;1;1;1;1;7;690;21/07/2013
2013049424;1;1;1;7;3;690;24/07/2013
2013049425;1;1;1;1;5;690;25/07/2013
2013049426;1;1;1;1;2;690;25/07/2013
2013049427;1;1;1;1;7;690;26/07/2013
2013049428;1;1;1;3;7;690;28/07/2013
2013049429;1;1;1;2;6;690;28/07/2013
2013049430;1;1;1;1;2;690;30/07/2013
2013049431;1;1;1;1;1;690;01/08/2013
2013049432;1;1;1;1;5;690;02/08/2013
2013049433;1;1;3;1;7;380;02/08/2013
2013049434;1;1;1;1;6;690;07/08/2013
2013049435;1;1;1;3;7;690;08/08/2013
2013049436;1;1;1;1;3;690;09/08/2013
2013049437;1;1;1;1;4;690;14/08/2013
2013049438;1;1;1;1;7;690;14/08/2013
2013049439;3;1;1;1;2;380;14/08/2013
2013049440;1;1;1;1;6;380;15/08/2013
2013049441;5;1;1;1;2;690;15/08/2013
2013049442;1;1;1;1;2;690;15/08/2013
2013049443;1;1;1;1;3;690;22/08/2013
2013049444;2;1;1;3;7;690;24/08/2013
2013049445;3;1;1;3;6;690;24/08/2013
2013049446;1;1;9;1;3;690;26/08/2013
2013049447;1;1;1;2;6;690;27/08/2013
2013049448;1;1;1;1;6;690;26/08/2013
2013049449;1;1;1;2;7;690;27/08/2013
2013049450;5;1;1;1;6;690;29/08/2013
2013049451;3;1;1;1;2;690;29/08/2013
2013049452;3;1;1;1;2;690;11/07/2013
2013049453;3;1;1;1;2;690;31/08/2013
2013049454;1;1;1;1;7;690;31/08/2013
2013049455;2;1;1;1;4;690;02/09/2013
2013049456;3;1;1;1;2;690;06/09/2013
2013049457;1;1;1;2;7;690;07/09/2013
2013049458;3;1;1;2;4;690;08/09/2013
2013049459;1;1;1;2;5;690;08/09/2013
2013049460;1;1;1;2;7;10;08/09/2013
2013049461;3;1;9;1;7;690;08/09/2013
2013049462;5;1;1;1;2;690;09/09/2013
2013049463;1;1;1;1;6;690;10/09/2013
2013049464;1;1;1;8;7;10;11/09/2013
2013049465;1;1;1;1;2;690;12/09/2013
2013049466;1;1;1;1;7;690;13/09/2013
2013049467;1;1;1;1;4;690;13/09/2013
2013049468;1;1;1;1;7;690;14/09/2013
2013049469;1;1;1;1;2;690;14/09/2013
2013049470;1;1;1;1;2;690;14/09/2013
2013049471;4;1;1;2;5;380;15/09/2013
2013049472;2;1;1;1;7;690;16/09/2013
2013049473;1;1;1;1;4;690;18/09/2013
2013049474;1;1;1;1;2;690;19/09/2013
2013049475;1;1;1;1;5;690;19/09/2013
2013049476;1;1;1;1;2;690;20/09/2013
2013049477;1;1;1;1;4;690;24/09/2013
2013049478;1;1;1;1;2;380;26/09/2013
2013049479;5;1;1;1;2;690;27/09/2013
2013049480;3;1;1;1;6;690;27/09/2013
2013049481;1;1;1;1;5;690;27/09/2013
2013049482;1;1;1;1;4;690;27/09/2013
2013049483;3;1;1;1;1;690;28/09/2013
2013049484;4;1;1;3;3;690;29/09/2013
2013049485;1;1;1;1;4;380;29/09/2013
2013049486;1;1;1;2;7;690;29/09/2013
2013049487;1;1;1;8;4;690;30/09/2013
2013049488;1;1;1;1;2;380;30/09/2013
2013049489;1;1;1;1;2;690;02/10/2013
2013049490;5;1;1;1;2;690;02/10/2013
2013049491;1;1;1;1;2;690;03/10/2013
2013049492;3;1;1;2;5;690;04/10/2013
2013049493;3;1;1;2;2;690;05/10/2013
2013049494;1;1;1;1;7;690;05/10/2013
2013049495;1;1;1;1;2;690;06/10/2013
2013049496;1;1;1;1;3;690;09/10/2013
2013049497;1;1;1;1;3;690;10/10/2013
2013049498;5;1;1;2;7;690;11/10/2013
2013049499;1;1;1;1;6;690;11/10/2013
2013049500;1;1;1;1;4;690;14/10/2013
2013049501;1;1;1;1;4;690;11/10/2013
2013049502;2;1;1;1;3;690;15/10/2013
2013049503;5;1;1;2;6;690;15/10/2013
2013049504;1;1;1;1;6;690;16/10/2013
2013049505;5;1;1;1;4;690;17/10/2013
2013049506;1;1;1;1;4;690;18/10/2013
2013049507;1;1;1;1;3;690;18/10/2013
2013049508;3;1;1;1;2;690;18/10/2013
2013049509;1;1;1;1;6;690;20/10/2013
2013049510;1;1;1;1;7;380;20/10/2013
2013049511;1;1;1;1;2;690;21/10/2013
2013049512;3;1;1;1;4;10;21/10/2013
2013049513;1;1;1;1;2;690;22/10/2013
2013049514;1;1;1;1;7;690;22/10/2013
2013049515;1;1;1;1;5;690;24/10/2013
2013049516;5;1;1;1;3;690;25/10/2013
2013049517;3;1;1;1;5;690;28/10/2013
2013049518;1;1;1;1;4;690;29/10/2013
2013049519;5;1;1;1;3;380;29/10/2013
2013049520;5;1;1;2;6;690;03/11/2013
2013049521;1;1;1;1;7;690;23/10/2013
2013049522;1;1;1;2;2;690;04/11/2013
2013049523;5;1;1;1;7;690;04/11/2013
2013049524;5;1;1;2;6;690;05/11/2013
2013049525;1;1;1;2;5;380;06/11/2013
2013049526;1;1;1;1;6;690;06/11/2013
2013049527;3;1;1;1;4;380;06/11/2013
2013049528;1;1;1;1;6;690;06/11/2013
2013049529;1;1;1;2;6;690;08/11/2013
2013049530;1;1;1;1;2;690;09/11/2013
2013049531;1;1;1;2;6;690;10/11/2013
2013049532;5;1;1;1;4;690;11/11/2013
2013049533;1;1;1;1;3;690;12/11/2013
2013049534;3;1;1;1;2;380;13/11/2013
2013049535;1;1;1;1;7;690;14/11/2013
2013049536;1;1;1;8;6;690;15/11/2013
2013049537;1;1;1;1;4;690;15/11/2013
2013049538;1;1;1;2;3;690;19/11/2013
2013049539;5;1;1;2;3;690;21/11/2013
2013049540;1;1;1;2;2;690;22/11/2013
2013049541;2;1;1;1;2;690;23/11/2013
2013049542;1;1;1;1;3;690;25/11/2013
2013049543;1;1;1;1;3;380;25/11/2013
2013049544;3;1;1;1;4;690;25/11/2013
2013049545;2;1;1;2;6;690;22/11/2013
2013049546;5;1;1;1;4;380;29/11/2013
2013049547;1;1;1;1;7;690;30/11/2013
2013049548;4;1;1;1;6;690;01/12/2013
2013049549;1;1;1;1;4;690;02/12/2013
2013049550;1;1;1;1;3;690;02/12/2013
2013049551;3;1;1;1;5;690;02/12/2013
2013049552;1;1;1;1;4;690;03/12/2013
2013049553;3;1;1;1;2;690;05/12/2013
2013049554;2;1;1;5;2;690;10/12/2013
2013049555;5;1;1;5;7;690;12/12/2013
2013049556;5;1;6;2;7;690;13/12/2013
2013049557;3;1;1;1;7;690;14/12/2013
2013049558;1;1;1;2;3;690;20/12/2013
2013049559;1;1;1;1;6;690;27/12/2013
2013049560;5;1;1;1;6;690;23/12/2013
2013049561;1;1;1;1;2;690;23/12/2013
2013049562;1;1;1;1;7;690;25/12/2013
2013049563;2;1;1;3;7;690;25/12/2013
2013049564;1;1;1;1;7;690;26/12/2013
2013049565;5;1;1;8;3;690;28/12/2013
2013049566;1;1;1;1;6;690;29/12/2013
2013049567;3;1;1;1;6;690;29/12/2013
2013049568;1;2;1;1;6;690;02/01/2013
2013049569;2;2;1;1;5;690;04/01/2013
2013049570;5;2;1;1;6;690;05/01/2013
2013049571;1;2;1;1;3;690;15/01/2013
2013049572;5;2;1;2;6;690;19/01/2013
2013049573;5;2;1;2;6;690;19/01/2013
2013049574;1;2;1;8;6;690;20/01/2013
2013049575;1;2;1;2;3;690;01/02/2013
2013049576;1;2;1;1;6;690;14/02/2013
2013049577;1;2;1;1;3;690;22/02/2013
2013049578;5;2;1;1;6;690;02/03/2013
2013049579;1;2;3;9;3;690;04/03/2013
2013049580;1;2;3;1;6;690;04/03/2013
2013049581;1;2;1;1;7;690;09/03/2013
2013049582;2;2;3;1;3;690;12/03/2013
2013049583;1;2;1;1;6;690;19/03/2013
2013049584;1;2;1;1;6;690;21/03/2013
2013049585;5;2;2;1;3;690;22/03/2013
2013049586;2;2;1;2;6;690;29/03/2013
2013049587;1;2;3;1;3;690;04/04/2013
2013049588;5;2;1;1;3;690;04/04/2013
2013049589;1;2;2;1;3;690;12/04/2013
2013049590;2;2;1;2;6;690;19/04/2013
2013049591;5;2;1;1;7;690;21/04/2013
2013049592;2;2;1;8;6;690;21/04/2013
2013049593;1;2;4;2;3;690;26/04/2013
2013049594;1;2;3;2;3;690;27/04/2013
2013049595;5;2;1;1;6;690;24/04/2013
2013049596;1;2;1;1;3;690;02/05/2013
2013049597;1;2;1;1;6;690;02/05/2013
2013049598;1;2;1;1;2;690;07/05/2013
2013049599;5;2;1;1;2;690;08/05/2013
2013049600;1;2;1;1;6;690;13/05/2013
2013049601;1;2;2;1;3;690;14/05/2013
2013049602;1;2;2;1;1;690;22/05/2013
2013049603;1;2;1;1;3;690;26/05/2013
2013049604;1;2;1;2;3;690;31/05/2013
2013049605;1;2;1;1;6;690;01/06/2013
2013049606;1;2;6;1;3;690;05/06/2013
2013049607;1;2;1;1;2;690;11/06/2013
2013049608;2;2;1;1;6;690;11/06/2013
2013049609;1;2;1;1;3;690;12/06/2013
2013049610;1;2;2;1;3;690;13/06/2013
2013049611;2;2;1;1;6;690;14/06/2013
2013049612;1;2;1;1;6;690;15/06/2013
2013049613;1;2;1;1;6;690;21/06/2013
2013049614;1;2;1;1;6;690;21/06/2013
2013049615;1;2;3;1;6;690;24/06/2013
2013049616;1;2;1;1;3;690;24/06/2013
2013049617;2;2;1;1;6;690;24/06/2013
2013049618;1;2;6;1;3;690;26/06/2013
2013049619;1;2;1;2;7;690;28/06/2013
2013049620;1;2;1;1;6;690;01/07/2013
2013049621;1;1;1;1;6;690;01/07/2013
2013049622;1;1;3;8;3;690;02/07/2013
2013049623;1;2;1;1;2;690;06/07/2013
2013049624;5;2;1;1;6;690;10/07/2013
2013049625;1;2;3;1;3;690;15/07/2013
2013049626;1;2;1;8;6;690;17/07/2013
2013049627;1;2;1;1;3;690;17/07/2013
2013049628;5;2;6;1;7;690;20/07/2013
2013049629;1;2;1;2;2;690;18/07/2013
2013049630;5;2;3;1;3;690;01/08/2013
2013049631;1;2;2;1;3;690;01/08/2013
2013049632;1;2;1;1;1;690;01/08/2013
2013049633;1;2;1;1;3;690;06/08/2013
2013049634;1;2;1;1;6;690;12/08/2013
2013049635;1;2;1;1;2;690;14/08/2013
2013049636;1;2;1;8;6;690;22/08/2013
2013049637;1;2;1;1;6;690;24/08/2013
2013049638;1;2;2;1;6;690;31/08/2013
2013049639;5;2;1;1;6;690;05/09/2013
2013049640;1;2;1;1;6;690;05/09/2013
2013049641;1;2;1;1;3;690;06/09/2013
2013049642;1;2;1;9;7;690;18/09/2013
2013049643;5;2;1;1;6;690;22/11/2013
2013049644;1;2;1;1;2;690;24/09/2013
2013049645;1;2;3;1;5;690;27/09/2013
2013049646;1;2;1;1;6;690;28/09/2013
2013049647;5;2;1;2;6;690;29/09/2013
2013049648;1;2;1;1;3;690;03/10/2013
2013049649;5;2;1;2;2;690;11/10/2013
2013049650;1;2;1;1;6;690;11/10/2013
2013049651;1;2;1;2;6;690;15/10/2013
2013049652;1;2;3;1;3;690;17/10/2013
2013049653;3;2;1;1;6;690;19/10/2013
2013049654;4;2;1;1;6;690;21/10/2013
2013049655;1;2;1;1;2;690;23/10/2013
2013049656;1;2;1;1;6;690;28/10/2013
2013049657;5;2;1;1;3;690;20/10/2013
2013049658;5;2;1;1;6;690;29/10/2013
2013049659;5;2;2;1;6;690;27/11/2013
2013049660;3;2;1;1;6;690;29/11/2013
2013049661;5;2;1;1;6;690;30/11/2013
2013049662;1;2;1;1;1;690;06/12/2013
2013049663;1;2;3;5;3;690;12/12/2013
2013049664;5;2;1;5;6;690;14/12/2013
2013049665;2;2;1;1;6;690;17/12/2013
2013049666;5;2;6;1;1;690;21/12/2013
2013049667;1;1;1;1;4;830;05/01/2013
2013049668;1;1;1;2;7;830;15/01/2013
2013049669;5;1;1;1;5;830;25/01/2013
2013049670;1;1;1;1;5;830;28/01/2013
2013049671;1;1;1;1;4;830;29/01/2013
2013049672;1;1;1;1;3;830;30/01/2013
2013049673;1;1;1;1;4;830;01/02/2013
2013049674;3;1;1;1;2;830;05/02/2013
2013049675;5;1;1;1;5;830;08/02/2013
2013049676;1;1;1;1;6;830;18/02/2013
2013049677;1;1;1;1;2;830;27/02/2013
2013049678;1;1;1;1;6;830;28/02/2013
2013049679;5;1;1;1;2;830;28/02/2013
2013049680;1;1;1;1;2;830;05/03/2013
2013049681;1;1;1;1;5;830;09/03/2013
2013049682;1;1;1;2;4;830;18/03/2013
2013049683;3;1;1;1;6;830;21/03/2013
2013049684;1;1;1;1;4;830;26/03/2013
2013049685;1;1;1;1;2;830;05/04/2013
2013049686;5;1;1;1;1;830;06/04/2013
2013049687;1;1;1;1;2;830;09/04/2013
2013049688;4;1;1;1;7;830;16/04/2013
2013049689;1;1;1;1;2;130;26/04/2013
2013049690;5;1;1;1;6;830;28/04/2013
2013049691;1;1;1;1;2;830;15/05/2013
2013049692;1;1;1;1;4;830;22/05/2013
2013049693;1;1;1;1;4;830;22/05/2013
2013049694;1;1;1;1;2;830;30/05/2013
2013049695;4;1;1;1;6;830;10/06/2013
2013049696;1;1;1;1;2;830;13/06/2013
2013049697;1;1;1;1;4;830;24/06/2013
2013049698;1;1;1;1;3;830;24/06/2013
2013049699;1;1;1;1;7;830;07/07/2013
2013049700;5;1;9;1;3;830;14/07/2013
2013049701;4;1;1;1;6;830;15/07/2013
2013049702;1;1;1;1;2;830;19/07/2013
2013049703;1;1;1;1;4;830;02/08/2013
2013049704;1;1;1;1;7;830;04/08/2013
2013049705;5;1;1;1;2;830;07/09/2013
2013049706;3;1;1;2;6;830;07/09/2013
2013049707;1;1;1;1;7;830;11/09/2013
2013049708;1;1;1;1;3;830;11/09/2013
2013049709;1;1;1;1;5;830;17/09/2013
2013049710;3;1;1;1;6;830;21/09/2013
2013049711;5;1;1;1;2;830;22/09/2013
2013049712;1;1;1;1;2;830;25/09/2013
2013049713;3;1;1;1;6;830;29/09/2013
2013049714;3;1;1;1;5;830;30/09/2013
2013049715;1;1;1;1;3;830;04/10/2013
2013049716;1;1;1;1;3;130;06/10/2013
2013049717;1;1;1;1;4;830;12/10/2013
2013049718;5;1;1;1;2;830;12/10/2013
2013049719;5;1;1;1;6;830;18/10/2013
2013049720;1;1;1;2;2;830;29/10/2013
2013049721;3;1;1;1;5;830;30/10/2013
2013049722;2;1;1;1;4;830;31/10/2013
2013049723;5;1;1;1;3;830;01/11/2013
2013049724;1;1;1;1;2;830;02/11/2013
2013049725;2;1;1;1;6;830;02/11/2013
2013049726;1;1;1;2;2;830;04/11/2013
2013049727;1;1;1;1;4;830;15/11/2013
2013049728;3;1;4;1;6;830;16/11/2013
2013049729;3;1;1;3;7;130;18/11/2013
2013049730;1;1;1;2;7;830;18/11/2013
2013049731;3;1;1;8;5;830;20/11/2013
2013049732;3;1;1;1;3;830;27/11/2013
2013049733;3;1;1;1;2;830;13/12/2013
2013049734;1;1;1;2;4;830;19/12/2013
2013049735;4;1;1;8;5;830;23/12/2013
2013049736;5;1;1;6;2;830;26/12/2013
2013049737;1;1;1;1;4;830;30/12/2013