num_acc;lum;agg;inter;atm;col;dep;date
2013049738;1;1;1;1;6;130;05/01/2013
2013049739;1;1;1;1;6;130;06/01/2013
2013049740;1;1;1;1;2;130;08/01/2013
2013049741;1;1;1;1;6;130;08/01/2013
2013049742;3;1;1;1;4;130;08/01/2013
2013049743;1;1;1;1;2;130;09/01/2013
2013049744;1;1;1;1;6;130;10/01/2013
2013049745;1;1;1;1;2;130;11/01/2013
2013049746;5;1;1;2;7;130;13/01/2013
2013049747;1;1;1;1;2;130;08/01/2013
2013049748;1;1;1;1;6;130;14/01/2013
2013049749;1;1;1;1;6;130;14/01/2013
2013049750;1;1;1;1;4;130;15/01/2013
2013049751;3;1;1;1;5;130;17/01/2013
2013049752;1;1;1;1;2;130;19/01/2013
2013049753;1;1;1;4;2;130;20/01/2013
2013049754;1;1;1;1;2;130;20/01/2013
2013049755;1;1;1;1;2;130;21/01/2013
2013049756;3;1;1;1;2;130;21/01/2013
2013049757;1;1;1;1;6;130;27/12/2013
2013049758;1;1;1;2;6;130;23/01/2013
2013049759;1;1;1;1;6;130;25/01/2013
2013049760;3;1;1;1;2;130;25/01/2013
2013049761;3;1;1;1;2;130;26/01/2013
2013049762;3;1;1;1;4;130;27/01/2013
2013049763;4;1;1;1;4;130;27/01/2013
2013049764;3;1;1;1;2;130;28/01/2013
2013049765;2;1;1;1;2;130;31/01/2013
2013049766;3;1;1;1;7;130;03/02/2013
2013049767;1;1;1;1;7;130;29/01/2013
2013049768;1;1;1;1;6;130;05/02/2013
2013049769;1;1;1;1;7;130;06/02/2013
2013049770;3;1;1;1;2;130;07/02/2013
2013049771;1;1;1;1;2;130;07/02/2013
2013049772;1;1;1;1;3;130;08/02/2013
2013049773;1;1;1;1;3;130;09/02/2013
2013049774;1;1;1;1;4;130;12/02/2013
2013049775;3;1;1;1;5;130;10/02/2013
2013049776;1;1;1;1;6;130;12/02/2013
2013049777;1;1;1;1;6;130;15/02/2013
2013049778;1;1;1;1;2;130;15/02/2013
2013049779;1;1;1;1;5;130;19/02/2013
2013049780;1;1;1;1;2;130;19/02/2013
2013049781;1;1;1;1;2;130;20/02/2013
2013049782;1;1;1;1;5;130;20/02/2013
2013049783;3;1;1;1;7;130;22/02/2013
2013049784;1;1;1;1;7;130;25/02/2013
2013049785;3;1;1;1;6;130;26/02/2013
2013049786;1;1;1;1;5;130;26/02/2013
2013049787;3;1;1;1;5;130;26/02/2013
2013049788;5;1;1;1;4;130;27/02/2013
2013049789;3;1;1;1;2;130;28/02/2013
2013049790;5;1;1;1;7;130;02/03/2013
2013049791;3;1;1;1;2;130;03/03/2013
2013049792;1;1;1;2;2;130;07/03/2013
2013049793;1;1;1;2;7;130;07/03/2013
2013049794;3;1;1;2;6;130;09/03/2013
2013049795;2;1;1;1;2;130;10/03/2013
2013049796;1;1;1;1;4;130;13/03/2013
2013049797;1;1;1;1;2;130;13/03/2013
2013049798;1;1;1;1;6;130;14/03/2013
2013049799;1;1;1;6;6;130;15/03/2013
2013049800;5;1;1;1;2;130;15/03/2013
2013049801;3;1;1;2;5;130;16/03/2013
2013049802;1;1;1;1;6;130;18/03/2013
2013049803;1;1;1;1;6;130;20/03/2013
2013049804;1;1;1;1;4;130;21/03/2013
2013049805;1;1;1;1;2;130;22/03/2013
2013049806;3;1;1;2;6;130;25/03/2013
2013049807;1;1;1;1;6;130;29/03/2013
2013049808;1;1;1;8;4;130;02/04/2013
2013049809;3;1;1;2;2;130;01/04/2013
2013049810;1;1;1;1;2;130;02/04/2013
2013049811;1;1;1;2;2;130;29/03/2013
2013049812;1;1;1;1;2;130;05/04/2013
2013049813;3;1;1;1;6;130;10/04/2013
2013049814;1;1;1;1;4;130;11/04/2013
2013049815;1;1;1;1;6;130;12/04/2013
2013049816;1;1;1;1;6;130;14/04/2013
2013049817;1;1;1;1;4;130;14/04/2013
2013049818;1;1;1;1;4;130;15/04/2013
2013049819;2;1;1;1;2;130;16/04/2013
2013049820;1;1;1;1;4;130;23/04/2013
2013049821;1;1;1;1;2;130;02/05/2013
2013049822;1;1;1;1;2;130;06/05/2013
2013049823;1;1;1;1;2;130;07/05/2013
2013049824;1;1;1;1;4;130;06/05/2013
2013049825;3;1;1;1;7;130;08/05/2013
2013049826;1;1;1;1;2;130;07/05/2013
2013049827;1;1;1;1;7;130;09/05/2013
2013049828;3;1;1;1;6;130;12/05/2013
2013049829;3;1;1;1;2;130;12/05/2013
2013049830;1;1;1;1;2;130;12/05/2013
2013049831;1;1;1;1;3;130;14/05/2013
2013049832;1;1;1;1;7;130;14/05/2013
2013049833;3;1;1;2;3;130;15/05/2013
2013049834;1;1;1;1;2;130;15/05/2013
2013049835;2;1;1;2;6;130;15/05/2013
2013049836;1;1;1;2;2;130;16/05/2013
2013049837;1;1;1;2;7;130;16/05/2013
2013049838;1;1;1;1;2;130;17/05/2013
2013049839;1;1;1;1;2;130;17/05/2013
2013049840;1;1;1;1;6;130;22/05/2013
2013049841;1;1;1;1;5;130;23/05/2013
2013049842;1;1;1;1;2;130;24/05/2013
2013049843;3;1;1;1;4;130;05/03/2013
2013049844;1;1;1;1;6;130;28/05/2013
2013049845;1;1;1;1;3;130;29/05/2013
2013049846;1;1;1;1;7;130;29/05/2013
2013049847;1;1;1;1;2;130;29/05/2013
2013049848;2;1;1;1;3;130;29/05/2013
2013049849;2;1;1;1;6;130;31/05/2013
2013049850;1;1;1;1;3;130;02/06/2013
2013049851;1;1;1;1;2;130;03/06/2013
2013049852;1;1;1;1;6;130;04/06/2013
2013049853;1;1;1;1;2;130;05/06/2013
2013049854;1;1;1;1;2;130;07/06/2013
2013049855;3;1;1;1;2;130;09/06/2013
2013049856;1;1;1;1;4;130;10/06/2013
2013049857;1;1;1;1;5;130;12/06/2013
2013049858;1;1;1;1;4;130;12/06/2013
2013049859;1;1;1;1;7;130;14/06/2013
2013049860;3;1;1;1;6;130;15/06/2013
2013049861;1;1;1;1;2;130;27/05/2013
2013049862;1;1;1;1;5;130;15/06/2013
2013049863;1;1;1;1;2;130;11/06/2013
2013049864;3;1;1;1;2;130;15/06/2013
2013049865;3;1;1;1;3;130;15/06/2013
2013049866;1;1;1;1;4;130;17/06/2013
2013049867;1;1;1;1;6;130;17/06/2013
2013049868;1;1;1;1;4;130;18/06/2013
2013049869;1;1;1;1;1;130;18/06/2013
2013049870;1;1;1;1;6;130;20/06/2013
2013049871;1;1;1;1;7;130;21/06/2013
2013049872;3;1;1;1;2;130;22/06/2013
2013049873;1;1;1;1;2;130;22/06/2013
2013049874;1;1;1;1;3;130;18/06/2013
2013049875;1;1;1;1;3;130;24/06/2013
2013049876;1;1;1;1;2;130;25/06/2013
2013049877;1;1;1;1;4;130;25/06/2013
2013049878;1;1;1;1;2;130;26/06/2013
2013049879;1;1;1;1;2;130;27/06/2013
2013049880;1;1;1;1;2;130;28/06/2013
2013049881;3;1;1;1;4;130;29/06/2013
2013049882;3;1;1;1;6;130;30/06/2013
2013049883;1;1;1;1;2;130;01/07/2013
2013049884;1;1;1;1;7;130;01/07/2013
2013049885;3;1;1;1;3;130;02/07/2013
2013049886;1;1;1;1;4;130;02/07/2013
2013049887;1;1;1;1;4;130;03/07/2013
2013049888;1;1;1;1;3;130;04/07/2013
2013049889;1;1;1;1;4;130;04/07/2013
2013049890;1;1;1;1;7;130;06/07/2013
2013049891;1;1;1;1;2;130;06/07/2013
2013049892;1;1;1;1;4;130;04/07/2013
2013049893;1;1;1;1;7;130;07/07/2013
2013049894;1;1;1;1;4;130;08/07/2013
2013049895;2;1;1;1;7;130;12/07/2013
2013049896;1;1;1;1;6;130;12/07/2013
2013049897;1;1;1;1;4;130;13/07/2013
2013049898;5;1;1;1;2;130;13/07/2013
2013049899;1;1;1;1;2;130;15/07/2013
2013049900;3;1;1;1;7;130;16/07/2013
2013049901;1;1;1;1;7;130;16/07/2013
2013049902;1;1;1;1;7;130;19/07/2013
2013049903;1;1;1;1;7;130;19/07/2013
2013049904;1;1;1;1;5;130;19/07/2013
2013049905;3;1;1;1;7;130;22/07/2013
2013049906;1;1;1;1;6;130;22/07/2013
2013049907;1;1;1;1;2;130;22/07/2013
2013049908;1;1;1;1;2;130;23/07/2013
2013049909;1;1;1;1;5;130;25/07/2013
2013049910;1;1;1;1;4;130;24/07/2013
2013049911;3;1;1;3;6;130;29/07/2013
2013049912;3;1;1;1;7;130;28/07/2013
2013049913;1;1;1;1;2;130;29/07/2013
2013049914;5;1;1;1;2;130;31/07/2013
2013049915;1;1;1;1;2;130;01/08/2013
2013049916;3;1;1;1;7;130;02/08/2013
2013049917;3;1;1;1;7;130;03/08/2013
2013049918;1;1;1;1;7;130;05/08/2013
2013049919;1;1;1;1;4;130;05/08/2013
2013049920;1;1;1;1;3;130;06/08/2013
2013049921;3;1;1;1;2;130;07/08/2013
2013049922;1;1;1;1;2;130;31/07/2013
2013049923;1;1;1;1;3;130;08/08/2013
2013049924;1;1;1;1;4;130;08/08/2013
2013049925;1;1;1;1;2;130;08/08/2013
2013049926;1;1;1;1;7;130;10/08/2013
2013049927;1;1;1;1;7;130;10/08/2013
2013049928;1;1;1;1;6;130;11/08/2013
2013049929;1;1;1;1;2;130;14/08/2013
2013049930;1;1;1;1;5;130;14/08/2013
2013049931;3;1;1;1;5;130;15/08/2013
2013049932;1;1;1;1;2;130;16/08/2013
2013049933;1;1;1;1;7;130;18/08/2013
2013049934;1;1;1;1;7;130;19/08/2013
2013049935;1;1;1;1;2;130;20/08/2013
2013049936;1;1;1;1;2;130;21/08/2013
2013049937;3;1;1;1;7;130;23/08/2013
2013049938;1;1;1;1;2;130;26/08/2013
2013049939;1;1;1;1;2;130;07/07/2013
2013049940;3;1;1;1;3;130;23/08/2013
2013049941;1;1;1;1;6;130;27/08/2013
2013049942;1;1;1;1;2;130;28/08/2013
2013049943;1;1;1;1;4;130;28/08/2013
2013049944;3;1;1;1;7;130;29/08/2013
2013049945;1;1;1;1;5;130;30/08/2013
2013049946;5;1;1;1;7;130;03/09/2013
2013049947;1;1;1;1;6;130;04/09/2013
2013049948;1;1;1;1;4;130;05/09/2013
2013049949;1;1;1;1;6;130;08/09/2013
2013049950;1;1;1;1;6;130;10/09/2013
2013049951;1;1;1;1;4;130;10/09/2013
2013049952;1;1;1;1;2;130;12/09/2013
2013049953;1;1;1;1;2;130;12/09/2013
2013049954;5;1;1;1;7;130;13/09/2013
2013049955;2;1;1;1;6;130;13/09/2013
2013049956;1;1;1;1;2;130;15/09/2013
2013049957;3;1;1;1;7;130;15/09/2013
2013049958;1;1;1;1;3;130;16/09/2013
2013049959;1;1;1;1;5;130;16/09/2013
2013049960;3;1;1;1;7;130;16/09/2013
2013049961;1;1;1;1;2;130;17/09/2013
2013049962;2;1;1;1;6;130;17/09/2013
2013049963;1;1;1;1;5;130;18/09/2013
2013049964;1;1;1;1;5;130;19/09/2013
2013049965;1;1;1;1;6;130;20/09/2013
2013049966;1;1;1;1;6;130;20/09/2013
2013049967;3;1;1;1;5;130;21/09/2013
2013049968;1;1;1;1;2;130;16/09/2013
2013049969;3;1;1;1;2;130;21/09/2013
2013049970;1;1;1;1;2;130;22/09/2013
2013049971;3;1;1;1;7;130;23/09/2013
2013049972;1;1;1;1;2;130;24/09/2013
2013049973;1;1;1;1;2;130;26/09/2013
2013049974;2;1;1;1;6;130;26/09/2013
2013049975;3;1;1;1;7;130;27/09/2013
2013049976;1;1;1;8;4;130;27/09/2013
2013049977;1;1;1;3;7;130;29/09/2013
2013049978;1;1;1;1;4;130;30/09/2013
2013049979;1;1;1;1;4;130;26/09/2013
2013049980;1;1;1;1;4;130;01/10/2013
2013049981;1;1;1;1;6;130;19/09/2013
2013049982;3;1;1;1;7;130;04/10/2013
2013049983;3;1;1;2;7;130;04/10/2013
2013049984;1;1;1;1;2;130;05/10/2013
2013049985;1;1;1;8;6;130;05/10/2013
2013049986;1;1;1;1;2;130;06/10/2013
2013049987;1;1;1;1;7;130;06/10/2013
2013049988;1;1;1;1;2;130;04/10/2013
2013049989;1;1;1;1;6;130;08/10/2013
2013049990;2;1;1;1;2;130;10/10/2013
2013049991;1;1;1;1;2;130;10/10/2013
2013049992;3;1;1;1;2;130;11/10/2013
2013049993;1;1;1;1;2;130;12/10/2013
2013049994;3;1;1;1;6;130;13/10/2013
2013049995;1;1;1;1;2;130;16/10/2013
2013049996;1;1;1;1;3;130;18/10/2013
2013049997;1;1;1;1;5;130;18/10/2013
2013049998;1;1;1;1;3;130;18/10/2013
2013049999;4;1;1;1;4;130;19/10/2013
2013050000;1;1;1;1;7;130;20/10/2013
2013050001;1;1;1;1;2;130;21/10/2013
2013050002;1;1;1;1;2;130;22/10/2013
2013050003;1;1;1;1;4;130;22/10/2013
2013050004;3;1;1;8;7;130;23/10/2013
2013050005;3;1;1;1;2;130;24/10/2013
2013050006;4;1;1;1;5;130;26/10/2013
2013050007;1;1;1;1;7;130;28/10/2013
2013050008;1;1;1;2;6;130;29/10/2013
2013050009;3;1;1;1;7;130;29/10/2013
2013050010;1;1;1;1;6;130;31/10/2013
2013050011;5;1;1;1;7;130;03/11/2013
2013050012;1;1;1;2;6;130;04/11/2013
2013050013;1;1;1;2;7;130;04/11/2013
2013050014;3;1;1;1;6;130;05/11/2013
2013050015;1;1;1;1;3;130;08/11/2013
2013050016;3;1;1;1;2;130;09/11/2013
2013050017;1;1;1;2;1;130;10/11/2013
2013050018;3;1;1;1;2;130;10/11/2013
2013050019;1;1;1;1;4;130;12/11/2013
2013050020;1;1;1;1;2;130;13/11/2013
2013050021;1;1;1;1;2;130;13/11/2013
2013050022;1;1;1;1;6;130;15/11/2013
2013050023;3;1;1;1;2;130;16/11/2013
2013050024;3;1;1;2;2;130;17/11/2013
2013050025;1;1;1;1;2;130;17/11/2013
2013050026;3;1;1;1;6;130;18/11/2013
2013050027;3;1;1;8;6;130;18/11/2013
2013050028;3;1;1;8;4;130;18/11/2013
2013050029;1;1;1;8;5;130;19/11/2013
2013050030;5;1;1;1;2;130;20/11/2013
2013050031;3;1;1;1;3;130;24/11/2013
2013050032;1;1;1;2;6;130;18/11/2013
2013050033;1;1;1;1;2;130;25/11/2013
2013050034;1;1;1;1;2;130;21/11/2013
2013050035;1;1;1;1;4;130;28/11/2013
2013050036;1;1;1;1;3;130;01/12/2013
2013050037;1;1;1;1;4;130;04/12/2013
2013050038;3;1;1;1;2;130;05/12/2013
2013050039;3;1;1;1;5;130;05/12/2013
2013050040;1;1;1;1;2;130;05/12/2013
2013050041;1;1;1;1;2;130;06/12/2013
2013050042;2;1;1;1;6;130;07/12/2013
2013050043;1;1;1;1;2;130;08/12/2013
2013050044;1;1;1;1;3;130;06/12/2013
2013050045;1;1;1;1;4;130;09/12/2013
2013050046;3;1;1;1;2;130;08/12/2013
2013050047;1;1;1;1;2;130;11/12/2013
2013050048;3;1;1;1;4;130;11/12/2013
2013050049;1;1;1;1;3;130;13/12/2013
2013050050;1;1;1;8;2;130;13/12/2013
2013050051;1;1;1;1;6;130;14/12/2013
2013050052;2;1;1;1;6;130;14/12/2013
2013050053;1;1;1;1;4;130;16/12/2013
2013050054;3;1;1;1;3;130;16/12/2013
2013050055;1;1;1;1;2;130;17/12/2013
2013050056;1;1;1;1;2;130;18/12/2013
2013050057;1;1;1;1;4;130;18/12/2013
2013050058;3;1;1;1;2;130;18/12/2013
2013050059;1;1;1;1;6;130;19/12/2013
2013050060;1;1;1;2;2;130;19/12/2013
2013050061;3;1;1;1;5;130;18/12/2013
2013050062;1;1;1;2;7;130;20/12/2013
2013050063;1;1;1;2;4;130;20/12/2013
2013050064;3;1;1;8;7;130;21/12/2013
2013050065;1;1;1;1;2;130;21/12/2013
2013050066;3;1;1;1;7;130;18/12/2013
2013050067;1;1;1;1;7;130;21/12/2013
2013050068;3;1;1;1;7;130;21/12/2013
2013050069;4;1;1;8;6;130;22/12/2013
2013050070;1;1;1;1;4;130;23/12/2013
2013050071;1;1;1;1;7;130;23/12/2013
2013050072;1;1;1;1;6;130;25/12/2013
2013050073;1;1;1;1;6;130;25/12/2013
2013050074;1;1;1;1;7;130;28/12/2013
2013050075;3;1;1;2;7;130;28/12/2013
2013050076;5;1;1;1;2;130;03/01/2013
2013050077;1;1;1;1;2;130;04/01/2013
2013050078;1;1;1;1;6;130;06/01/2013
2013050079;3;1;1;1;6;130;26/01/2013
2013050080;1;1;1;1;3;130;20/08/2013
2013050081;1;1;1;8;6;130;11/02/2013
2013050082;3;1;1;1;6;130;13/02/2013
2013050083;1;1;1;1;2;130;27/02/2013
2013050084;1;1;1;1;5;130;26/08/2013
2013050085;3;1;1;1;4;130;04/03/2013
2013050086;1;1;1;1;4;130;23/03/2013
2013050087;5;1;1;1;6;130;02/04/2013
2013050088;3;1;1;1;2;130;13/04/2013
2013050089;1;1;1;1;6;130;17/04/2013
2013050090;1;1;1;1;6;130;17/04/2013
2013050091;1;1;1;1;2;130;18/04/2013
2013050092;1;1;1;1;4;130;18/04/2013
2013050093;1;1;1;1;6;130;22/04/2013
2013050094;1;1;1;1;6;130;19/04/2013
2013050095;1;1;1;1;4;130;24/04/2013
2013050096;1;1;1;1;2;130;27/04/2013
2013050097;1;1;1;1;6;130;27/04/2013
2013050098;1;1;1;2;7;130;29/04/2013
2013050099;3;1;1;2;2;130;30/04/2013
2013050100;1;1;1;8;7;130;01/05/2013
2013050101;1;1;1;1;2;130;30/04/2013
2013050102;1;1;1;1;6;130;30/04/2013
2013050103;1;1;1;1;4;130;02/05/2013
2013050104;1;1;1;1;4;130;02/05/2013
2013050105;1;1;1;3;6;130;29/04/2013
2013050106;1;1;1;2;6;130;27/04/2013
2013050107;1;1;1;1;6;130;02/05/2013
2013050108;3;1;1;3;2;130;18/05/2013
2013050109;1;1;1;1;2;130;22/05/2013
2013050110;1;1;1;1;6;130;25/05/2013
2013050111;1;1;1;1;2;130;02/06/2013
2013050112;1;1;1;1;6;130;09/06/2013
2013050113;1;1;1;1;4;130;11/06/2013
2013050114;1;1;1;1;7;130;11/06/2013
2013050115;1;1;1;1;2;130;17/06/2013
2013050116;1;1;1;1;2;130;17/06/2013
2013050117;3;1;1;1;1;130;21/06/2013
2013050118;1;1;1;1;2;130;21/06/2013
2013050119;1;1;1;1;6;130;23/06/2013
2013050120;3;1;1;1;6;130;26/06/2013
2013050121;1;1;1;1;2;130;29/06/2013
2013050122;2;1;1;1;6;130;07/07/2013
2013050123;1;1;1;1;2;130;08/07/2013
2013050124;1;1;1;1;6;130;10/07/2013
2013050125;1;1;1;1;2;130;12/07/2013
2013050126;3;1;1;1;6;130;14/07/2013
2013050127;3;1;1;1;2;130;20/07/2013
2013050128;1;1;1;1;6;130;28/07/2013
2013050129;1;1;1;1;4;130;06/09/2013
2013050130;1;1;1;1;4;130;08/09/2013
2013050131;1;1;1;1;4;130;10/09/2013
2013050132;1;1;1;1;2;130;14/09/2013
2013050133;3;1;1;2;5;130;15/09/2013
2013050134;1;1;1;1;2;130;24/09/2013
2013050135;1;1;1;1;2;130;24/09/2013
2013050136;1;1;1;1;2;130;12/11/2013
2013050137;2;1;1;1;6;130;03/10/2013
2013050138;3;1;1;8;3;130;06/10/2013
2013050139;3;1;1;1;5;130;13/10/2013
2013050140;3;1;1;8;7;130;15/10/2013
2013050141;1;1;1;2;7;130;15/10/2013
2013050142;1;1;1;2;2;130;15/10/2013
2013050143;3;1;1;1;7;130;20/10/2013
2013050144;3;1;1;1;7;130;01/11/2013
2013050145;3;1;1;1;6;130;02/11/2013
2013050146;1;1;1;1;3;130;03/11/2013
2013050147;1;1;1;2;6;130;04/11/2013
2013050148;1;1;1;1;3;130;06/11/2013
2013050149;3;1;1;2;2;130;10/11/2013
2013050150;2;1;1;1;2;130;27/11/2013
2013050151;1;1;1;1;2;130;30/11/2013
2013050152;3;1;1;2;4;130;30/11/2013
2013050153;1;1;1;1;4;130;03/12/2013
2013050154;1;1;1;1;6;130;10/12/2013
2013050155;3;1;1;1;2;130;13/12/2013
2013050156;3;1;1;1;4;130;18/12/2013
2013050157;1;1;1;1;7;130;21/12/2013
2013050158;1;1;1;1;4;130;24/12/2013
2013050159;1;1;1;3;6;130;25/12/2013
2013050160;1;2;1;1;2;750;05/01/2013
2013050161;1;2;3;2;2;750;15/01/2013
2013050162;5;2;1;4;2;750;18/01/2013
2013050163;1;2;3;4;2;750;19/01/2013
2013050164;1;2;7;4;2;750;21/01/2013
2013050165;5;2;2;1;3;750;24/01/2013
2013050166;2;2;2;1;6;750;25/01/2013
2013050167;1;2;5;1;3;750;28/01/2013
2013050168;1;2;2;2;3;750;31/01/2013
2013050169;1;2;3;2;6;750;04/02/2013
2013050170;1;2;3;1;2;750;06/02/2013
2013050171;5;2;1;2;3;750;06/02/2013
2013050172;1;2;2;1;2;750;07/02/2013
2013050173;1;2;2;8;6;750;07/02/2013
2013050174;1;2;2;1;3;750;07/02/2013
2013050175;5;2;3;2;6;750;11/02/2013
2013050176;5;2;3;1;3;750;11/02/2013
2013050177;5;2;2;8;3;750;14/02/2013
2013050178;5;2;2;1;3;750;15/02/2013
2013050179;1;2;1;1;2;750;17/02/2013
2013050180;1;2;3;1;2;750;19/02/2013
2013050181;1;2;2;4;6;750;25/02/2013
2013050182;1;2;1;1;2;750;28/02/2013
2013050183;1;2;2;1;2;750;01/03/2013
2013050184;1;2;1;1;2;750;05/03/2013
2013050185;1;2;7;2;6;750;08/03/2013
2013050186;1;2;2;1;3;750;14/03/2013
2013050187;1;2;1;1;3;750;15/03/2013
2013050188;1;2;3;1;3;750;16/03/2013
2013050189;5;2;3;1;6;750;21/03/2013
2013050190;5;2;1;1;6;750;25/03/2013
2013050191;5;2;5;1;3;750;26/03/2013
2013050192;1;2;1;1;7;750;27/03/2013
2013050193;1;2;1;1;3;750;30/03/2013
2013050194;1;2;7;1;4;750;02/04/2013
2013050195;1;2;1;1;6;750;16/04/2013
2013050196;1;2;7;1;2;750;16/04/2013
2013050197;1;2;2;1;2;750;18/04/2013
2013050198;1;2;2;1;2;750;19/04/2013
2013050199;1;2;3;1;6;750;20/04/2013
2013050200;1;2;3;1;2;750;22/04/2013
2013050201;1;2;5;1;6;750;23/04/2013
2013050202;1;2;2;1;6;750;30/04/2013
2013050203;5;2;1;1;6;750;01/05/2013
2013050204;1;2;2;1;3;750;02/05/2013
2013050205;3;2;2;1;6;750;08/05/2013
2013050206;5;2;1;2;2;750;11/05/2013
2013050207;1;2;5;1;6;750;15/05/2013
2013050208;1;2;5;1;6;750;15/05/2013
2013050209;5;2;5;1;6;750;17/05/2013
2013050210;1;2;2;1;6;750;17/05/2013
2013050211;1;2;2;8;6;750;21/05/2013
2013050212;1;2;7;2;2;750;28/05/2013
2013050213;1;2;2;1;2;750;30/05/2013
2013050214;1;2;3;2;6;750;30/05/2013
2013050215;1;2;2;1;7;750;01/06/2013
2013050216;1;2;1;1;6;750;03/06/2013
2013050217;1;2;7;1;2;750;06/06/2013
2013050218;1;2;2;1;2;750;07/06/2013
2013050219;5;2;3;1;6;750;08/06/2013
2013050220;1;2;2;1;3;750;08/06/2013
2013050221;1;2;2;2;5;750;09/06/2013
2013050222;1;2;2;8;6;750;12/06/2013
2013050223;1;2;1;1;6;750;12/06/2013
2013050224;1;2;5;2;3;750;13/06/2013
2013050225;1;2;2;1;6;750;14/06/2013
2013050226;5;2;5;1;3;750;15/06/2013
2013050227;1;2;2;1;2;750;20/06/2013
2013050228;1;2;2;1;6;750;24/06/2013
2013050229;1;2;3;1;2;750;02/07/2013
2013050230;1;2;2;1;6;750;06/07/2013
2013050231;1;2;1;1;7;750;07/07/2013
2013050232;1;2;2;1;6;750;11/07/2013
2013050233;1;2;7;1;4;750;15/07/2013
2013050234;1;2;5;1;6;750;16/07/2013
2013050235;1;2;1;1;6;750;16/07/2013
2013050236;1;2;1;1;6;750;17/07/2013
2013050237;1;2;3;1;3;750;19/07/2013
2013050238;1;2;2;1;6;750;19/07/2013
2013050239;1;2;1;1;6;750;22/07/2013
2013050240;1;2;1;1;2;750;23/07/2013
2013050241;1;2;7;1;2;750;26/07/2013
2013050242;1;2;5;1;3;750;29/07/2013
2013050243;1;2;3;1;4;750;30/07/2013
2013050244;1;2;2;1;3;750;31/07/2013
2013050245;1;2;1;1;6;750;31/07/2013
2013050246;1;2;1;1;6;750;31/07/2013
2013050247;5;2;5;1;3;750;03/08/2013
2013050248;1;2;2;1;3;750;03/08/2013
2013050249;5;2;2;1;3;750;05/08/2013
2013050250;5;2;3;1;2;750;11/08/2013
2013050251;1;2;3;1;7;750;12/08/2013
2013050252;1;2;3;1;4;750;16/08/2013
2013050253;5;2;1;1;6;750;20/08/2013
2013050254;1;2;3;1;4;750;22/08/2013
2013050255;1;2;1;1;6;750;23/08/2013
2013050256;1;2;2;1;3;750;26/08/2013
2013050257;2;2;3;1;3;750;27/08/2013
2013050258;1;2;5;1;6;750;27/08/2013
2013050259;5;2;1;1;2;750;27/08/2013
2013050260;1;2;3;1;3;750;28/08/2013
2013050261;1;2;5;1;6;750;31/08/2013
2013050262;2;2;1;1;6;750;01/09/2013
2013050263;1;2;2;1;3;750;01/09/2013
2013050264;1;2;1;1;6;750;02/09/2013
2013050265;1;2;5;1;3;750;02/09/2013
2013050266;1;2;2;1;2;750;04/09/2013
2013050267;1;2;1;1;2;750;04/09/2013
2013050268;1;2;2;1;6;750;06/09/2013
2013050269;1;2;7;8;2;750;09/09/2013
2013050270;1;2;3;1;6;750;10/09/2013
2013050271;1;2;3;1;3;750;10/09/2013
2013050272;1;2;1;3;3;750;18/09/2013
2013050273;1;2;1;1;6;750;24/09/2013
2013050274;1;2;1;1;6;750;25/09/2013
2013050275;5;2;1;1;6;750;25/09/2013
2013050276;1;2;1;2;7;750;28/09/2013
2013050277;2;2;1;1;1;750;28/09/2013
2013050278;5;2;1;1;2;750;29/09/2013
2013050279;2;2;3;1;2;750;04/10/2013
2013050280;1;2;3;1;7;750;07/10/2013
2013050281;1;2;1;2;3;750;09/10/2013
2013050282;1;2;7;2;3;750;11/10/2013
2013050283;1;2;4;1;6;750;11/10/2013
2013050284;1;2;4;8;6;750;12/10/2013
2013050285;1;2;2;1;2;750;13/10/2013
2013050286;5;2;1;1;2;750;15/10/2013
2013050287;2;2;1;6;7;750;15/10/2013
2013050288;5;2;2;1;3;750;15/10/2013
2013050289;2;2;7;2;7;750;16/10/2013
2013050290;1;2;1;1;3;750;17/10/2013
2013050291;1;2;1;1;7;750;21/10/2013
2013050292;5;2;1;1;7;750;22/10/2013
2013050293;1;2;2;1;6;750;24/10/2013
2013050294;1;2;2;2;7;750;25/10/2013
2013050295;1;2;7;1;6;750;25/10/2013
2013050296;1;2;3;1;3;750;26/10/2013
2013050297;1;2;3;1;7;750;27/10/2013
2013050298;5;2;2;1;6;750;28/10/2013
2013050299;5;2;3;1;2;750;29/10/2013
2013050300;5;2;5;1;6;750;29/10/2013
2013050301;1;2;7;1;2;750;31/10/2013
2013050302;5;2;3;2;6;750;01/11/2013
2013050303;5;2;3;1;6;750;02/11/2013
2013050304;1;2;3;1;3;750;03/11/2013
2013050305;1;2;3;2;6;750;06/11/2013
2013050306;5;2;7;1;2;750;06/11/2013
2013050307;5;2;2;9;6;750;06/11/2013
2013050308;5;2;4;1;6;750;09/11/2013
2013050309;1;2;1;1;7;750;09/11/2013
2013050310;1;2;3;1;3;750;11/11/2013
2013050311;1;2;2;2;3;750;12/11/2013
2013050312;1;2;3;2;6;750;12/11/2013
2013050313;1;2;1;3;7;750;14/11/2013
2013050314;1;2;1;1;3;750;15/11/2013