num_acc;lum;agg;inter;atm;col;dep;date
2013051470;5;2;7;2;6;750;28/06/2013
2013051471;1;2;1;2;6;750;29/06/2013
2013051472;1;2;7;1;6;750;29/06/2013
2013051473;1;2;1;1;2;750;30/06/2013
2013051474;1;2;2;1;6;750;30/06/2013
2013051475;1;2;5;1;3;750;01/07/2013
2013051476;1;2;1;1;3;750;02/07/2013
2013051477;2;2;2;1;3;750;01/07/2013
2013051478;1;2;5;1;3;750;02/07/2013
2013051479;1;2;2;1;3;750;03/07/2013
2013051480;1;2;7;1;3;750;03/07/2013
2013051481;1;2;3;1;3;750;04/07/2013
2013051482;1;2;2;1;2;750;05/07/2013
2013051483;1;2;7;1;6;750;05/07/2013
2013051484;1;2;2;1;2;750;06/07/2013
2013051485;1;2;7;1;6;750;06/07/2013
2013051486;1;2;2;1;3;750;08/07/2013
2013051487;1;2;3;1;6;750;08/07/2013
2013051488;1;2;7;1;6;750;08/07/2013
2013051489;1;2;1;1;6;750;09/07/2013
2013051490;1;2;2;1;3;750;09/07/2013
2013051491;1;2;2;1;3;750;09/07/2013
2013051492;1;2;7;1;3;750;10/07/2013
2013051493;1;2;4;1;3;750;10/07/2013
2013051494;1;2;3;1;6;750;10/07/2013
2013051495;1;2;3;1;2;750;10/07/2013
2013051496;1;2;3;1;3;750;11/07/2013
2013051497;1;2;7;1;2;750;11/07/2013
2013051498;1;2;1;1;2;750;11/07/2013
2013051499;1;2;4;1;6;750;12/07/2013
2013051500;1;2;1;1;3;750;12/07/2013
2013051501;1;2;1;1;2;750;11/07/2013
2013051502;1;2;7;1;6;750;14/07/2013
2013051503;5;2;1;1;6;750;14/07/2013
2013051504;1;2;5;1;3;750;15/07/2013
2013051505;1;2;2;1;3;750;15/07/2013
2013051506;1;2;3;1;6;750;16/07/2013
2013051507;1;2;4;1;6;750;16/07/2013
2013051508;1;2;7;1;2;750;17/07/2013
2013051509;1;2;2;1;1;750;19/07/2013
2013051510;1;2;3;1;2;750;20/07/2013
2013051511;1;2;5;1;6;750;21/07/2013
2013051512;1;2;1;1;2;750;22/07/2013
2013051513;1;2;1;3;6;750;23/07/2013
2013051514;1;2;1;2;3;750;25/07/2013
2013051515;5;2;2;1;3;750;26/07/2013
2013051516;1;2;2;1;4;750;29/07/2013
2013051517;1;2;7;1;3;750;29/07/2013
2013051518;1;2;7;1;2;750;29/07/2013
2013051519;1;2;1;1;7;750;01/08/2013
2013051520;2;2;7;1;3;750;01/08/2013
2013051521;1;2;1;1;6;750;02/08/2013
2013051522;1;2;7;1;6;750;02/08/2013
2013051523;1;2;5;1;6;750;06/08/2013
2013051524;5;2;1;1;2;750;06/08/2013
2013051525;5;2;1;1;6;750;07/08/2013
2013051526;1;2;7;1;3;750;08/08/2013
2013051527;5;2;3;1;3;750;10/08/2013
2013051528;1;2;2;1;6;750;10/08/2013
2013051529;1;2;7;1;2;750;12/08/2013
2013051530;1;2;1;1;2;750;12/08/2013
2013051531;1;2;5;1;3;750;14/08/2013
2013051532;1;2;1;1;4;750;15/08/2013
2013051533;1;2;2;1;3;750;16/08/2013
2013051534;1;2;1;1;2;750;18/08/2013
2013051535;5;2;7;1;3;750;19/08/2013
2013051536;1;2;7;1;7;750;20/08/2013
2013051537;1;2;7;1;2;750;20/08/2013
2013051538;1;2;2;1;1;750;21/08/2013
2013051539;1;2;2;1;2;750;23/08/2013
2013051540;1;2;2;1;2;750;23/08/2013
2013051541;1;2;7;1;2;750;23/08/2013
2013051542;5;2;3;2;1;750;25/08/2013
2013051543;5;2;5;3;5;750;25/08/2013
2013051544;2;2;7;2;3;750;25/08/2013
2013051545;5;2;1;1;7;750;27/08/2013
2013051546;1;2;7;1;3;750;28/08/2013
2013051547;1;2;1;1;6;750;29/08/2013
2013051548;5;2;1;1;6;750;30/08/2013
2013051549;5;2;7;1;3;750;31/08/2013
2013051550;1;2;7;1;3;750;31/08/2013
2013051551;5;2;1;1;6;750;01/09/2013
2013051552;5;2;3;1;6;750;02/09/2013
2013051553;5;2;2;1;3;750;03/09/2013
2013051554;1;2;2;7;4;750;04/09/2013
2013051555;1;2;7;1;3;750;04/09/2013
2013051556;1;2;2;1;3;750;05/09/2013
2013051557;5;2;1;1;3;750;05/09/2013
2013051558;2;2;1;1;7;750;06/09/2013
2013051559;1;2;7;2;2;750;06/09/2013
2013051560;5;2;2;1;6;750;07/09/2013
2013051561;5;2;7;1;6;750;08/09/2013
2013051562;1;2;2;1;2;750;09/09/2013
2013051563;1;2;7;1;2;750;10/09/2013
2013051564;1;2;1;1;6;750;10/09/2013
2013051565;1;2;1;1;6;750;12/09/2013
2013051566;1;2;1;1;2;750;12/09/2013
2013051567;1;2;1;1;5;750;13/09/2013
2013051568;2;2;1;2;2;750;14/09/2013
2013051569;1;2;1;1;6;750;16/09/2013
2013051570;5;2;1;2;7;750;16/09/2013
2013051571;1;2;2;1;2;750;18/09/2013
2013051572;2;2;2;1;1;750;19/09/2013
2013051573;1;2;3;2;7;750;18/09/2013
2013051574;5;2;7;1;5;750;21/09/2013
2013051575;5;2;5;1;6;750;24/09/2013
2013051576;1;2;3;1;2;750;25/09/2013
2013051577;1;2;1;1;6;750;25/09/2013
2013051578;1;2;1;1;2;750;25/09/2013
2013051579;1;2;2;1;3;750;26/09/2013
2013051580;1;2;7;1;2;750;26/09/2013
2013051581;1;2;2;1;2;750;26/09/2013
2013051582;1;2;2;1;2;750;26/09/2013
2013051583;2;2;4;1;7;750;27/09/2013
2013051584;2;2;1;1;3;750;27/09/2013
2013051585;5;2;3;3;6;750;29/09/2013
2013051586;5;2;2;1;3;750;01/10/2013
2013051587;1;2;3;1;3;750;02/10/2013
2013051588;1;2;1;1;2;750;02/10/2013
2013051589;1;2;2;8;6;750;03/10/2013
2013051590;5;2;2;3;6;750;03/10/2013
2013051591;5;2;7;1;3;750;04/10/2013
2013051592;1;2;7;1;1;750;05/10/2013
2013051593;5;2;7;1;3;750;06/10/2013
2013051594;5;2;1;1;6;750;06/10/2013
2013051595;5;2;2;1;3;750;07/10/2013
2013051596;1;2;7;2;3;750;11/10/2013
2013051597;2;2;1;8;3;750;11/10/2013
2013051598;5;2;1;8;2;750;12/10/2013
2013051599;1;2;7;1;6;750;13/10/2013
2013051600;5;2;7;2;3;750;14/10/2013
2013051601;1;2;7;1;3;750;15/10/2013
2013051602;1;2;2;1;6;750;16/10/2013
2013051603;5;2;7;2;3;750;16/10/2013
2013051604;5;2;7;1;6;750;17/10/2013
2013051605;5;2;3;1;6;750;17/10/2013
2013051606;1;2;2;1;3;750;21/10/2013
2013051607;1;2;1;1;2;750;23/10/2013
2013051608;5;2;1;8;2;750;23/10/2013
2013051609;1;2;5;1;1;750;24/10/2013
2013051610;5;2;2;1;3;750;24/10/2013
2013051611;1;2;1;1;2;750;26/10/2013
2013051612;1;2;1;1;3;750;29/10/2013
2013051613;1;2;1;2;6;750;29/10/2013
2013051614;1;2;2;1;3;750;30/10/2013
2013051615;1;2;7;1;7;750;31/10/2013
2013051616;5;2;7;2;3;750;31/10/2013
2013051617;5;2;7;2;3;750;01/11/2013
2013051618;5;2;7;1;3;750;02/11/2013
2013051619;1;2;4;1;3;750;04/11/2013
2013051620;1;2;1;1;3;750;04/11/2013
2013051621;5;2;2;1;6;750;04/11/2013
2013051622;1;2;4;2;2;750;05/11/2013
2013051623;5;2;2;2;3;750;07/11/2013
2013051624;1;2;7;8;4;750;07/11/2013
2013051625;5;2;1;2;7;750;08/11/2013
2013051626;5;2;7;1;3;750;11/11/2013
2013051627;1;2;2;2;7;750;12/11/2013
2013051628;5;2;2;2;6;750;12/11/2013
2013051629;1;2;1;1;2;750;13/11/2013
2013051630;1;2;4;1;6;750;13/11/2013
2013051631;1;2;1;2;2;750;14/11/2013
2013051632;5;2;7;1;4;750;15/11/2013
2013051633;2;2;2;1;3;750;15/11/2013
2013051634;5;2;1;1;2;750;16/11/2013
2013051635;5;2;2;1;3;750;16/11/2013
2013051636;5;2;1;1;6;750;17/11/2013
2013051637;1;2;1;1;7;750;18/11/2013
2013051638;1;2;1;2;7;750;21/11/2013
2013051639;5;2;7;2;2;750;21/11/2013
2013051640;5;2;7;2;6;750;21/11/2013
2013051641;5;2;3;1;6;750;22/11/2013
2013051642;5;2;1;1;2;750;25/11/2013
2013051643;5;2;3;1;6;750;25/11/2013
2013051644;1;2;1;1;6;750;26/11/2013
2013051645;5;2;7;1;3;750;26/11/2013
2013051646;3;2;1;1;2;750;26/11/2013
2013051647;1;2;7;1;2;750;27/11/2013
2013051648;1;2;1;1;6;750;27/11/2013
2013051649;1;2;1;1;6;750;28/11/2013
2013051650;5;2;2;2;7;750;28/11/2013
2013051651;5;2;7;1;3;750;28/11/2013
2013051652;1;2;2;1;6;750;29/11/2013
2013051653;5;2;2;2;3;750;29/11/2013
2013051654;5;2;2;2;2;750;30/11/2013
2013051655;5;2;1;1;7;750;30/11/2013
2013051656;5;2;2;1;3;750;01/12/2013
2013051657;1;2;1;1;2;750;02/12/2013
2013051658;1;2;1;1;6;750;02/12/2013
2013051659;1;2;1;1;6;750;03/12/2013
2013051660;5;2;2;1;6;750;03/12/2013
2013051661;1;2;2;1;3;750;05/12/2013
2013051662;1;2;5;1;6;750;06/12/2013
2013051663;1;2;1;1;6;750;06/12/2013
2013051664;1;2;1;1;3;750;07/12/2013
2013051665;2;2;1;1;3;750;07/12/2013
2013051666;5;2;1;1;6;750;08/12/2013
2013051667;1;2;7;1;6;750;09/12/2013
2013051668;5;2;1;1;6;750;09/12/2013
2013051669;1;2;2;1;3;750;10/12/2013
2013051670;1;2;2;1;5;750;12/12/2013
2013051671;5;2;7;2;7;750;13/12/2013
2013051672;5;2;7;1;3;750;14/12/2013
2013051673;1;2;1;1;7;750;14/12/2013
2013051674;1;2;7;1;6;750;14/12/2013
2013051675;1;2;3;1;2;750;17/12/2013
2013051676;5;2;3;1;3;750;17/12/2013
2013051677;5;2;7;1;2;750;17/12/2013
2013051678;5;2;2;1;3;750;18/12/2013
2013051679;1;2;4;1;3;750;20/12/2013
2013051680;1;2;1;1;5;750;20/12/2013
2013051681;1;2;1;1;2;750;21/12/2013
2013051682;5;2;7;9;3;750;22/12/2013
2013051683;5;2;7;1;4;750;22/12/2013
2013051684;5;2;2;2;6;750;22/12/2013
2013051685;1;2;2;6;7;750;24/12/2013
2013051686;2;2;1;3;6;750;24/12/2013
2013051687;1;2;3;1;3;750;26/12/2013
2013051688;5;2;5;3;3;750;28/12/2013
2013051689;5;2;1;3;6;750;28/12/2013
2013051690;1;2;7;1;3;750;28/12/2013
2013051691;5;2;1;1;7;750;29/12/2013
2013051692;1;2;1;1;3;750;30/12/2013
2013051693;5;2;2;2;2;750;30/12/2013
2013051694;1;2;2;1;3;750;31/12/2013
2013051695;1;2;2;1;3;750;31/12/2013
2013051696;5;2;2;1;3;750;02/01/2013
2013051697;1;2;3;1;6;750;07/01/2013
2013051698;1;2;2;1;6;750;08/01/2013
2013051699;5;2;2;1;6;750;09/01/2013
2013051700;1;2;2;1;3;750;09/01/2013
2013051701;1;2;5;2;6;750;10/01/2013
2013051702;1;2;1;1;6;750;17/01/2013
2013051703;5;2;1;1;7;750;16/01/2013
2013051704;5;2;5;1;7;750;18/01/2013
2013051705;1;2;7;1;6;750;18/01/2013
2013051706;5;2;1;1;6;750;24/01/2013
2013051707;1;2;2;1;6;750;25/01/2013
2013051708;5;2;7;1;5;750;25/01/2013
2013051709;5;2;1;1;6;750;26/01/2013
2013051710;5;2;7;8;7;750;29/01/2013
2013051711;2;2;2;1;6;750;30/01/2013
2013051712;5;2;4;1;6;750;31/01/2013
2013051713;5;2;2;1;6;750;01/02/2013
2013051714;2;2;2;2;3;750;07/02/2013
2013051715;1;2;1;1;2;750;07/02/2013
2013051716;1;2;5;1;6;750;08/02/2013
2013051717;1;2;7;1;6;750;09/02/2013
2013051718;1;2;3;1;3;750;12/02/2013
2013051719;5;2;1;1;6;750;12/02/2013
2013051720;1;2;1;1;7;750;13/02/2013
2013051721;1;2;7;1;6;750;21/02/2013
2013051722;1;2;1;1;2;750;26/02/2013
2013051723;5;2;2;1;3;750;26/02/2013
2013051724;2;2;3;8;3;750;23/02/2013
2013051725;5;2;4;1;2;750;28/02/2013
2013051726;5;2;3;1;2;750;01/03/2013
2013051727;1;2;1;1;6;750;09/03/2013
2013051728;5;2;5;1;7;750;09/03/2013
2013051729;1;2;1;2;3;750;11/03/2013
2013051730;1;2;1;8;6;750;13/03/2013
2013051731;5;2;7;1;4;750;14/03/2013
2013051732;1;2;2;1;7;750;15/03/2013
2013051733;1;2;5;1;2;750;15/03/2013
2013051734;1;2;7;1;6;750;15/03/2013
2013051735;1;2;5;1;2;750;22/03/2013
2013051736;1;2;2;1;6;750;25/03/2013
2013051737;1;2;1;1;6;750;26/03/2013
2013051738;1;2;1;8;6;750;26/03/2013
2013051739;5;2;3;1;6;750;29/03/2013
2013051740;5;2;1;1;7;750;30/03/2013
2013051741;1;2;5;1;3;750;02/04/2013
2013051742;1;2;5;2;3;750;04/04/2013
2013051743;1;2;2;1;3;750;06/04/2013
2013051744;1;2;1;1;6;750;08/04/2013
2013051745;5;2;3;2;7;750;10/04/2013
2013051746;1;2;7;3;2;750;12/04/2013
2013051747;1;2;5;2;6;750;15/04/2013
2013051748;1;2;7;1;6;750;17/04/2013
2013051749;1;2;2;1;6;750;17/04/2013
2013051750;1;2;5;1;3;750;17/04/2013
2013051751;1;2;1;1;4;750;22/04/2013
2013051752;1;2;3;1;6;750;24/04/2013
2013051753;1;2;7;2;6;750;26/04/2013
2013051754;1;2;3;1;6;750;29/04/2013
2013051755;1;2;3;8;3;750;01/05/2013
2013051756;1;2;2;1;3;750;02/05/2013
2013051757;1;2;1;1;6;750;02/05/2013
2013051758;1;2;5;1;3;750;06/05/2013
2013051759;5;2;4;1;3;750;12/05/2013
2013051760;1;2;5;1;3;750;13/05/2013
2013051761;1;2;7;1;6;750;14/05/2013
2013051762;5;2;2;8;7;750;15/05/2013
2013051763;2;2;2;1;3;750;16/05/2013
2013051764;1;2;2;1;3;750;16/05/2013
2013051765;1;2;5;1;6;750;17/05/2013
2013051766;5;2;5;2;6;750;20/05/2013
2013051767;1;2;5;1;3;750;21/05/2013
2013051768;1;2;5;1;3;750;23/05/2013
2013051769;5;2;1;1;5;750;24/05/2013
2013051770;1;2;1;1;5;750;25/05/2013
2013051771;5;2;7;2;6;750;24/05/2013
2013051772;1;2;2;2;6;750;25/05/2013
2013051773;1;2;7;1;2;750;26/05/2013
2013051774;1;2;1;1;2;750;27/05/2013
2013051775;1;2;5;1;6;750;27/05/2013
2013051776;1;2;7;1;6;750;29/05/2013
2013051777;1;2;2;1;3;750;29/05/2013
2013051778;1;2;2;1;3;750;03/06/2013
2013051779;1;2;5;2;7;750;09/06/2013
2013051780;1;2;2;1;6;750;10/06/2013
2013051781;1;2;5;1;3;750;13/06/2013
2013051782;2;2;2;1;3;750;14/06/2013
2013051783;5;2;2;1;3;750;15/06/2013
2013051784;1;2;1;1;6;750;15/06/2013
2013051785;1;2;5;3;1;750;17/06/2013
2013051786;1;2;2;1;6;750;18/06/2013
2013051787;1;2;3;1;6;750;21/06/2013
2013051788;1;2;2;1;3;750;21/06/2013
2013051789;1;2;3;1;3;750;23/06/2013
2013051790;5;2;5;1;3;750;25/06/2013
2013051791;1;2;7;1;3;750;26/06/2013
2013051792;1;2;3;1;6;750;26/06/2013
2013051793;1;2;3;1;2;750;27/06/2013
2013051794;1;2;5;1;6;750;30/06/2013
2013051795;1;2;2;1;7;750;01/07/2013
2013051796;1;2;3;2;2;750;03/07/2013
2013051797;1;2;7;1;6;750;03/07/2013
2013051798;1;2;2;1;3;750;06/07/2013
2013051799;1;2;3;1;6;750;09/07/2013
2013051800;1;2;5;1;6;750;09/07/2013
2013051801;5;2;5;1;2;750;09/07/2013
2013051802;1;2;7;1;6;750;12/07/2013
2013051803;1;2;7;1;3;750;15/07/2013
2013051804;5;2;2;1;3;750;11/07/2013
2013051805;1;2;7;1;6;750;19/07/2013
2013051806;2;2;7;1;6;750;19/07/2013
2013051807;1;2;1;1;2;750;22/07/2013
2013051808;1;2;7;1;2;750;22/07/2013
2013051809;5;2;1;1;6;750;23/07/2013
2013051810;1;2;7;1;6;750;25/07/2013
2013051811;5;2;3;1;6;750;29/07/2013
2013051812;1;2;7;1;6;750;29/07/2013
2013051813;1;2;7;1;3;750;06/08/2013
2013051814;5;2;5;1;3;750;08/08/2013
2013051815;1;2;3;1;3;750;13/08/2013
2013051816;1;2;3;1;3;750;17/08/2013
2013051817;1;2;1;1;3;750;19/08/2013
2013051818;1;2;7;1;6;750;22/08/2013
2013051819;1;2;1;1;6;750;23/08/2013
2013051820;1;2;2;1;5;750;30/08/2013
2013051821;1;2;7;1;3;750;03/09/2013
2013051822;1;2;5;1;7;750;04/09/2013
2013051823;1;2;7;1;6;750;04/09/2013
2013051824;1;2;3;2;6;750;10/09/2013
2013051825;5;2;4;1;6;750;11/09/2013
2013051826;5;2;1;8;7;750;12/09/2013
2013051827;5;2;2;3;6;750;14/09/2013
2013051828;1;2;1;1;2;750;19/09/2013
2013051829;5;2;2;8;3;750;19/09/2013
2013051830;5;2;2;1;3;750;19/09/2013
2013051831;5;2;3;1;6;750;22/09/2013
2013051832;1;2;2;1;3;750;24/09/2013
2013051833;1;2;2;1;7;750;24/09/2013
2013051834;1;2;1;1;3;750;27/09/2013
2013051835;5;2;1;1;6;750;27/09/2013
2013051836;5;2;7;1;6;750;28/09/2013
2013051837;1;2;5;1;3;750;30/09/2013
2013051838;1;2;1;1;2;750;03/10/2013
2013051839;1;2;3;1;3;750;06/10/2013
2013051840;5;2;1;1;6;750;07/10/2013
2013051841;1;2;1;1;2;750;07/10/2013
2013051842;1;2;3;1;4;750;10/10/2013
2013051843;1;2;1;2;3;750;11/10/2013
2013051844;1;2;1;1;2;750;11/10/2013
2013051845;5;2;7;1;6;750;11/10/2013
2013051846;5;2;7;1;6;750;12/10/2013
2013051847;1;2;1;1;2;750;16/10/2013
2013051848;1;2;2;1;3;750;17/10/2013
2013051849;1;2;1;1;7;750;17/10/2013
2013051850;5;2;3;8;6;750;22/10/2013
2013051851;1;2;1;1;6;750;23/10/2013
2013051852;1;2;2;1;3;750;24/10/2013
2013051853;1;2;5;8;2;750;28/10/2013
2013051854;1;2;7;1;2;750;29/10/2013
2013051855;1;2;1;1;6;750;30/10/2013
2013051856;2;2;7;1;6;750;31/10/2013
2013051857;1;2;5;1;2;750;02/11/2013
2013051858;1;2;1;1;6;750;04/11/2013
2013051859;1;2;7;8;6;750;07/11/2013
2013051860;5;2;3;2;6;750;08/11/2013
2013051861;5;2;1;1;6;750;09/11/2013
2013051862;5;2;2;1;3;750;11/11/2013
2013051863;5;2;2;1;2;750;10/11/2013
2013051864;1;2;1;2;2;750;12/11/2013
2013051865;1;2;3;1;6;750;13/11/2013
2013051866;5;2;3;1;7;750;13/11/2013
2013051867;1;2;5;1;6;750;15/11/2013
2013051868;5;2;2;1;6;750;16/11/2013
2013051869;1;2;1;1;3;750;16/11/2013
2013051870;5;2;2;1;6;750;16/11/2013
2013051871;5;2;1;1;6;750;19/11/2013
2013051872;1;2;7;2;6;750;21/11/2013
2013051873;5;2;2;1;3;750;22/11/2013
2013051874;2;2;2;2;6;750;21/11/2013
2013051875;1;2;2;1;3;750;25/11/2013
2013051876;5;2;1;1;7;750;26/11/2013
2013051877;5;2;2;1;3;750;29/11/2013
2013051878;1;2;2;1;3;750;30/11/2013
2013051879;1;2;5;1;6;750;02/12/2013
2013051880;5;2;2;1;7;750;04/12/2013
2013051881;5;2;7;2;3;750;04/12/2013
2013051882;1;2;2;1;6;750;06/12/2013
2013051883;1;2;2;1;3;750;10/12/2013
2013051884;1;2;1;1;2;750;11/12/2013
2013051885;1;2;1;1;6;750;12/12/2013
2013051886;1;2;1;1;3;750;14/12/2013
2013051887;5;2;2;1;2;750;16/12/2013
2013051888;1;2;1;1;3;750;17/12/2013
2013051889;5;2;1;1;7;750;20/12/2013
2013051890;5;2;2;1;2;750;21/12/2013
2013051891;1;2;5;1;3;750;23/12/2013
2013051892;1;2;1;1;2;750;29/12/2013
2013051893;2;2;2;1;6;750;30/12/2013
2013051894;5;2;1;2;6;750;01/01/2013
2013051895;5;2;2;1;6;750;02/01/2013
2013051896;1;2;5;1;7;750;09/01/2013
2013051897;5;2;4;2;6;750;09/01/2013
2013051898;5;2;1;2;6;750;10/01/2013
2013051899;5;2;5;8;3;750;10/01/2013
2013051900;5;2;5;1;6;750;11/01/2013
2013051901;1;2;7;8;6;750;12/01/2013
2013051902;1;2;2;8;3;750;13/01/2013
2013051903;1;2;3;1;2;750;14/01/2013
2013051904;5;2;4;2;3;750;15/01/2013
2013051905;1;2;3;2;3;750;15/01/2013
2013051906;1;2;3;2;6;750;15/01/2013
2013051907;1;2;1;2;3;750;15/01/2013
2013051908;5;2;5;4;6;750;15/01/2013
2013051909;1;2;2;1;3;750;17/01/2013
2013051910;1;2;1;1;6;750;17/01/2013
2013051911;5;2;1;1;6;750;17/01/2013
2013051912;5;2;2;4;7;750;19/01/2013
2013051913;3;2;2;4;6;750;21/01/2013
2013051914;5;2;2;2;7;750;22/01/2013
2013051915;1;2;1;1;3;750;23/01/2013
2013051916;1;2;4;8;3;750;25/01/2013
2013051917;1;2;1;1;6;750;28/01/2013
2013051918;5;2;1;2;6;750;29/01/2013
2013051919;1;2;5;2;6;750;29/01/2013
2013051920;1;2;1;2;3;750;30/01/2013
2013051921;1;2;2;1;3;750;30/01/2013
2013051922;5;2;1;2;6;750;01/02/2013
2013051923;5;2;3;8;3;750;02/02/2013
2013051924;5;2;2;1;6;750;02/02/2013
2013051925;1;2;1;1;2;750;03/02/2013
2013051926;5;2;1;2;6;750;03/02/2013
2013051927;1;2;1;2;6;750;04/02/2013
2013051928;1;2;1;1;7;750;28/01/2013
2013051929;5;2;1;1;3;750;05/02/2013
2013051930;1;2;2;1;6;750;07/02/2013
2013051931;5;2;1;2;6;750;07/02/2013
2013051932;5;2;1;4;6;750;10/02/2013
2013051933;1;2;1;1;6;750;12/02/2013
2013051934;1;2;5;1;6;750;13/02/2013
2013051935;1;2;7;1;3;750;14/02/2013
2013051936;1;2;2;1;6;750;18/02/2013
2013051937;1;2;5;1;2;750;19/02/2013
2013051938;5;2;1;1;2;750;21/02/2013
2013051939;1;2;1;1;7;750;21/02/2013
2013051940;1;2;5;1;3;750;21/02/2013
2013051941;1;2;1;4;7;750;22/02/2013
2013051942;1;2;1;8;6;750;26/02/2013
2013051943;5;2;1;1;6;750;01/03/2013
2013051944;5;2;1;1;6;750;01/03/2013
2013051945;1;2;1;1;2;750;03/03/2013
2013051946;1;2;2;1;6;750;03/03/2013
2013051947;1;2;2;1;1;750;03/03/2013
2013051948;1;2;2;1;2;750;04/03/2013
2013051949;5;2;5;1;3;750;06/03/2013
2013051950;1;2;7;2;3;750;08/03/2013
2013051951;5;2;4;2;7;750;08/03/2013
2013051952;1;2;1;8;6;750;10/03/2013
2013051953;4;2;1;2;6;750;11/03/2013
2013051954;5;2;3;1;3;750;05/03/2013
2013051955;5;2;1;1;6;750;16/03/2013
2013051956;5;2;1;1;6;750;16/03/2013
2013051957;5;2;1;2;7;750;16/03/2013
2013051958;1;2;2;2;3;750;20/03/2013
2013051959;1;2;2;1;6;750;20/03/2013
2013051960;4;2;2;1;3;750;20/03/2013
2013051961;5;2;5;1;6;750;21/03/2013
2013051962;5;2;1;1;7;750;21/03/2013
2013051963;2;2;2;1;6;750;21/03/2013
2013051964;5;2;3;1;6;750;22/03/2013
2013051965;5;2;2;1;6;750;24/03/2013
2013051966;1;2;3;1;3;750;27/03/2013
2013051967;5;2;2;1;1;750;27/03/2013
2013051968;1;2;2;1;3;750;29/03/2013
2013051969;1;2;3;1;6;750;29/03/2013
2013051970;5;2;2;1;1;750;30/03/2013
2013051971;1;2;5;1;3;750;05/04/2013
2013051972;1;2;1;1;3;750;05/04/2013
2013051973;1;2;1;1;3;750;06/04/2013
2013051974;3;2;5;1;6;750;06/04/2013
2013051975;5;2;4;1;6;750;07/04/2013
2013051976;1;2;1;8;6;750;11/04/2013
2013051977;1;2;1;1;6;750;11/04/2013
2013051978;5;2;3;1;2;750;13/04/2013
2013051979;5;2;1;1;6;750;14/04/2013
2013051980;1;2;1;1;6;750;14/04/2013
2013051981;1;2;2;2;7;750;15/04/2013
2013051982;1;2;5;1;2;750;15/04/2013
2013051983;1;2;1;1;4;750;17/04/2013
2013051984;1;2;3;1;3;750;17/04/2013
2013051985;5;2;1;1;7;750;18/04/2013
2013051986;1;2;2;1;3;750;18/04/2013
2013051987;2;2;5;1;2;750;18/04/2013
2013051988;1;2;3;1;6;750;20/04/2013
2013051989;1;2;1;1;3;750;24/04/2013
2013051990;1;2;1;1;6;750;25/04/2013
2013051991;1;2;7;1;6;750;25/04/2013
2013051992;5;2;1;1;6;750;27/04/2013
2013051993;5;2;2;1;3;750;27/04/2013
2013051994;1;2;1;1;2;750;30/04/2013
2013051995;1;2;3;1;7;750;30/04/2013
2013051996;1;2;2;1;2;750;01/05/2013
2013051997;1;2;3;2;1;750;01/05/2013
2013051998;2;2;7;2;6;750;01/05/2013
2013051999;1;2;1;1;3;750;02/05/2013
2013052000;5;2;2;1;3;750;02/05/2013
2013052001;5;2;2;1;3;750;03/05/2013
2013052002;1;2;2;1;6;750;06/05/2013
2013052003;1;2;1;1;6;750;06/05/2013
2013052004;5;2;5;1;6;750;08/05/2013
2013052005;5;2;3;1;3;750;08/05/2013
2013052006;5;2;2;1;6;750;09/05/2013
2013052007;1;2;1;1;3;750;10/05/2013
2013052008;1;2;1;1;6;750;11/05/2013
2013052009;1;2;1;1;6;750;11/05/2013
2013052010;1;2;1;1;1;750;11/05/2013
2013052011;5;2;2;1;3;750;11/05/2013
2013052012;2;2;1;1;3;750;14/05/2013
2013052013;1;2;3;1;3;750;16/05/2013
2013052014;1;2;4;1;6;750;17/05/2013
2013052015;5;2;5;3;7;750;19/05/2013
2013052016;1;2;1;2;6;750;21/05/2013
2013052017;1;2;4;2;5;750;21/05/2013
2013052018;5;2;1;3;7;750;20/05/2013
2013052019;1;2;2;1;3;750;21/05/2013
2013052020;1;2;4;2;3;750;21/05/2013
2013052021;1;2;2;1;6;750;21/05/2013
2013052022;1;2;2;1;6;750;22/05/2013
2013052023;1;2;1;2;6;750;24/05/2013
2013052024;1;2;2;3;6;750;24/05/2013
2013052025;1;2;7;8;2;750;25/05/2013
2013052026;1;2;3;1;6;750;26/05/2013
2013052027;1;2;1;1;6;750;27/05/2013
2013052028;1;2;2;1;4;750;28/05/2013
2013052029;1;2;2;1;7;750;29/05/2013
2013052030;1;2;7;1;6;750;29/05/2013
2013052031;1;2;3;2;6;750;30/05/2013
2013052032;1;2;1;2;6;750;30/05/2013
2013052033;1;2;1;1;6;750;31/05/2013
2013052034;1;2;2;1;6;750;01/06/2013
2013052035;5;2;1;1;6;750;02/06/2013
2013052036;1;2;5;1;3;750;04/06/2013
2013052037;1;2;1;1;6;750;04/06/2013
2013052038;1;2;1;1;6;750;04/06/2013
2013052039;1;2;1;1;2;750;06/06/2013
2013052040;1;2;4;1;6;750;06/06/2013
2013052041;1;2;2;1;6;750;06/06/2013
2013052042;1;2;2;1;3;750;07/06/2013
2013052043;5;2;2;2;3;750;09/06/2013
2013052044;5;2;5;1;6;750;11/06/2013
2013052045;1;2;5;1;6;750;11/06/2013
2013052046;5;2;1;1;6;750;12/06/2013