num_acc;lum;agg;inter;atm;col;dep;date
2013052047;1;2;1;2;6;750;13/06/2013
2013052048;1;2;4;1;3;750;14/06/2013
2013052049;1;2;5;1;2;750;15/06/2013
2013052050;2;2;7;1;6;750;16/06/2013
2013052051;5;2;5;8;6;750;17/06/2013
2013052052;1;2;1;1;7;750;18/06/2013
2013052053;1;2;2;3;6;750;19/06/2013
2013052054;1;2;2;2;6;750;20/06/2013
2013052055;1;2;1;1;7;750;20/06/2013
2013052056;1;2;1;1;1;750;20/06/2013
2013052057;1;2;2;2;7;750;23/06/2013
2013052058;1;2;1;1;2;750;24/06/2013
2013052059;1;2;1;1;6;750;26/06/2013
2013052060;1;2;2;1;2;750;26/06/2013
2013052061;5;2;2;1;4;750;26/06/2013
2013052062;1;2;5;1;2;750;29/06/2013
2013052063;5;2;1;2;6;750;03/07/2013
2013052064;5;2;1;1;6;750;02/07/2013
2013052065;1;2;2;2;6;750;03/07/2013
2013052066;1;2;1;1;6;750;04/07/2013
2013052067;1;2;1;1;3;750;04/07/2013
2013052068;1;2;1;1;3;750;05/07/2013
2013052069;5;2;7;1;3;750;06/07/2013
2013052070;1;2;2;1;3;750;10/07/2013
2013052071;2;2;3;1;6;750;08/07/2013
2013052072;1;2;1;1;6;750;11/07/2013
2013052073;5;2;2;1;6;750;13/07/2013
2013052074;1;2;3;1;6;750;15/07/2013
2013052075;1;2;4;1;6;750;16/07/2013
2013052076;1;2;2;7;4;750;18/07/2013
2013052077;1;2;1;1;7;750;19/07/2013
2013052078;5;2;2;1;3;750;20/07/2013
2013052079;1;2;1;1;2;750;20/07/2013
2013052080;1;2;1;1;6;750;22/07/2013
2013052081;1;2;2;1;3;750;23/07/2013
2013052082;1;2;2;1;3;750;23/07/2013
2013052083;5;2;1;1;6;750;24/07/2013
2013052084;1;2;2;1;3;750;24/07/2013
2013052085;5;2;5;1;3;750;25/07/2013
2013052086;1;2;3;1;2;750;26/07/2013
2013052087;5;2;2;1;3;750;27/07/2013
2013052088;1;2;2;9;3;750;27/07/2013
2013052089;5;2;1;1;6;750;28/07/2013
2013052090;1;2;2;1;3;750;29/07/2013
2013052091;1;2;7;1;6;750;30/07/2013
2013052092;1;2;1;1;6;750;31/07/2013
2013052093;1;2;1;1;6;750;01/08/2013
2013052094;1;2;3;1;3;750;01/08/2013
2013052095;2;2;1;1;6;750;02/08/2013
2013052096;1;2;5;1;3;750;06/08/2013
2013052097;5;2;2;1;3;750;09/08/2013
2013052098;1;2;2;1;3;750;10/08/2013
2013052099;1;2;1;1;6;750;11/08/2013
2013052100;1;2;1;1;6;750;14/08/2013
2013052101;1;2;1;8;7;750;18/08/2013
2013052102;1;2;4;1;2;750;19/08/2013
2013052103;5;2;1;1;7;750;23/08/2013
2013052104;1;2;2;8;2;750;24/08/2013
2013052105;5;2;1;8;2;750;25/08/2013
2013052106;5;2;7;1;3;750;26/08/2013
2013052107;5;2;1;1;6;750;26/08/2013
2013052108;1;2;1;1;6;750;27/08/2013
2013052109;2;2;1;1;6;750;28/08/2013
2013052110;1;2;1;1;6;750;29/08/2013
2013052111;1;2;1;1;6;750;29/08/2013
2013052112;1;2;1;1;3;750;03/09/2013
2013052113;1;2;3;1;7;750;04/09/2013
2013052114;1;2;1;1;6;750;04/09/2013
2013052115;5;2;1;1;6;750;05/09/2013
2013052116;5;2;2;2;6;750;06/09/2013
2013052117;1;2;1;1;6;750;07/09/2013
2013052118;5;2;1;1;6;750;12/09/2013
2013052119;1;2;1;8;6;750;12/09/2013
2013052120;5;2;1;1;2;750;12/09/2013
2013052121;1;2;5;1;3;750;15/09/2013
2013052122;1;2;2;1;6;750;15/09/2013
2013052123;5;2;3;2;2;750;17/09/2013
2013052124;5;2;1;2;6;750;17/09/2013
2013052125;2;2;2;1;1;750;18/09/2013
2013052126;3;2;2;2;6;750;19/09/2013
2013052127;5;2;1;1;6;750;19/09/2013
2013052128;5;2;5;1;3;750;20/09/2013
2013052129;1;2;1;1;3;750;20/09/2013
2013052130;2;2;1;1;7;750;21/09/2013
2013052131;1;2;2;1;6;750;21/09/2013
2013052132;1;2;1;1;3;750;22/09/2013
2013052133;1;2;2;1;6;750;23/09/2013
2013052134;1;2;3;1;2;750;23/09/2013
2013052135;1;2;1;1;7;750;25/09/2013
2013052136;5;2;2;2;7;750;26/09/2013
2013052137;1;2;2;1;3;750;26/09/2013
2013052138;5;2;3;1;6;750;29/09/2013
2013052139;1;2;1;1;3;750;29/09/2013
2013052140;5;2;5;1;2;750;03/10/2013
2013052141;1;2;2;1;2;750;03/10/2013
2013052142;5;2;2;1;3;750;04/10/2013
2013052143;1;2;1;1;6;750;06/10/2013
2013052144;2;2;2;1;6;750;07/10/2013
2013052145;2;2;5;1;6;750;07/10/2013
2013052146;5;2;4;8;6;750;08/10/2013
2013052147;5;2;1;2;6;750;10/10/2013
2013052148;1;2;3;1;2;750;10/10/2013
2013052149;5;2;2;1;3;750;11/10/2013
2013052150;1;2;5;8;3;750;12/10/2013
2013052151;1;2;3;1;6;750;13/10/2013
2013052152;1;2;5;1;3;750;14/10/2013
2013052153;1;2;2;1;3;750;17/10/2013
2013052154;1;2;1;1;6;750;17/10/2013
2013052155;5;2;3;1;7;750;18/10/2013
2013052156;5;2;1;1;6;750;19/10/2013
2013052157;5;2;1;1;6;750;20/10/2013
2013052158;1;2;1;1;6;750;22/10/2013
2013052159;5;2;5;1;6;750;22/10/2013
2013052160;1;2;1;1;4;750;23/10/2013
2013052161;1;2;2;1;6;750;23/10/2013
2013052162;1;2;2;8;3;750;26/10/2013
2013052163;2;2;1;2;6;750;28/10/2013
2013052164;5;2;1;1;1;750;28/10/2013
2013052165;1;2;2;1;3;750;29/10/2013
2013052166;5;2;1;1;6;750;30/10/2013
2013052167;5;2;2;2;2;750;31/10/2013
2013052168;5;2;1;3;6;750;01/11/2013
2013052169;1;2;2;1;6;750;03/11/2013
2013052170;5;2;1;3;6;750;03/11/2013
2013052171;5;2;1;3;6;750;03/11/2013
2013052172;1;2;5;2;3;750;05/11/2013
2013052173;1;2;1;1;3;750;07/11/2013
2013052174;5;2;4;2;6;750;07/11/2013
2013052175;5;2;2;2;6;750;08/11/2013
2013052176;5;2;2;2;3;750;08/11/2013
2013052177;5;2;5;1;7;750;09/11/2013
2013052178;2;2;5;2;3;750;09/11/2013
2013052179;5;2;1;2;6;750;09/11/2013
2013052180;5;2;1;3;6;750;10/11/2013
2013052181;5;2;1;1;6;750;11/11/2013
2013052182;1;2;2;2;7;750;12/11/2013
2013052183;5;2;1;2;6;750;12/11/2013
2013052184;1;2;3;2;2;750;14/11/2013
2013052185;5;2;5;1;3;750;15/11/2013
2013052186;1;2;1;1;2;750;17/11/2013
2013052187;5;2;1;2;6;750;21/11/2013
2013052188;5;2;2;1;6;750;23/11/2013
2013052189;5;2;1;1;6;750;24/11/2013
2013052190;5;2;1;1;7;750;26/11/2013
2013052191;5;2;1;1;6;750;26/11/2013
2013052192;1;2;5;8;1;750;29/11/2013
2013052193;2;2;1;2;6;750;29/11/2013
2013052194;1;2;1;1;2;750;30/11/2013
2013052195;1;2;1;1;2;750;01/12/2013
2013052196;5;2;1;1;6;750;04/12/2013
2013052197;5;2;1;1;6;750;06/12/2013
2013052198;1;2;1;1;6;750;09/12/2013
2013052199;5;2;1;1;7;750;10/12/2013
2013052200;1;2;1;1;6;750;11/12/2013
2013052201;1;2;1;1;6;750;12/12/2013
2013052202;1;2;1;1;6;750;12/12/2013
2013052203;5;2;1;1;6;750;12/12/2013
2013052204;1;2;2;1;6;750;13/12/2013
2013052205;1;2;2;1;6;750;13/12/2013
2013052206;5;2;2;2;6;750;14/12/2013
2013052207;1;2;1;2;6;750;24/12/2013
2013052208;1;2;3;2;2;750;24/12/2013
2013052209;1;2;1;2;2;750;24/12/2013
2013052210;5;2;2;2;6;750;27/12/2013
2013052211;1;2;1;8;6;750;28/12/2013
2013052212;5;2;2;1;3;750;29/12/2013
2013052213;5;2;1;8;6;750;30/12/2013
2013052214;3;2;7;2;3;750;01/01/2013
2013052215;1;2;2;1;6;750;02/01/2013
2013052216;5;2;2;1;3;750;04/01/2013
2013052217;1;2;2;1;6;750;07/01/2013
2013052218;1;2;2;8;3;750;09/01/2013
2013052219;1;2;2;2;6;750;09/01/2013
2013052220;5;2;1;2;6;750;10/01/2013
2013052221;1;2;2;2;3;750;10/01/2013
2013052222;1;2;3;2;7;750;10/01/2013
2013052223;1;2;3;2;2;750;10/01/2013
2013052224;5;2;7;1;6;750;11/01/2013
2013052225;3;2;1;1;6;750;12/01/2013
2013052226;5;2;2;2;3;750;12/01/2013
2013052227;5;2;1;1;6;750;16/01/2013
2013052228;1;2;7;4;6;750;19/01/2013
2013052229;1;2;1;8;6;750;22/01/2013
2013052230;1;2;2;1;3;750;23/01/2013
2013052231;5;2;7;1;6;750;24/01/2013
2013052232;5;2;1;1;6;750;25/01/2013
2013052233;1;2;2;1;3;750;25/01/2013
2013052234;5;2;2;1;3;750;26/01/2013
2013052235;1;2;1;1;3;750;28/01/2013
2013052236;5;2;3;1;3;750;29/01/2013
2013052237;5;2;1;2;6;750;01/02/2013
2013052238;5;2;5;1;6;750;03/02/2013
2013052239;5;2;2;2;2;750;03/02/2013
2013052240;1;2;1;2;3;750;06/02/2013
2013052241;1;2;7;1;3;750;06/02/2013
2013052242;5;2;2;1;6;750;07/02/2013
2013052243;1;2;2;1;6;750;08/02/2013
2013052244;1;2;3;1;6;750;08/02/2013
2013052245;1;2;4;1;2;750;10/02/2013
2013052246;1;2;1;1;3;750;12/02/2013
2013052247;1;2;2;1;3;750;13/02/2013
2013052248;1;2;2;8;6;750;14/02/2013
2013052249;5;2;1;1;3;750;15/02/2013
2013052250;5;2;3;1;6;750;15/02/2013
2013052251;5;2;3;1;2;750;16/02/2013
2013052252;5;2;2;1;6;750;17/02/2013
2013052253;1;2;2;1;2;750;20/02/2013
2013052254;1;2;3;1;3;750;20/02/2013
2013052255;1;2;2;1;1;750;21/02/2013
2013052256;5;2;3;1;7;750;22/02/2013
2013052257;1;2;3;8;6;750;27/02/2013
2013052258;1;2;3;1;6;750;27/02/2013
2013052259;5;2;7;2;6;750;28/02/2013
2013052260;1;2;3;1;1;750;28/02/2013
2013052261;1;2;1;1;6;750;28/02/2013
2013052262;1;2;7;1;2;750;01/03/2013
2013052263;1;2;1;1;2;750;02/03/2013
2013052264;1;2;1;1;7;750;02/03/2013
2013052265;1;2;2;1;3;750;03/03/2013
2013052266;1;2;2;1;2;750;04/03/2013
2013052267;1;2;2;1;7;750;07/03/2013
2013052268;1;2;3;1;6;750;09/03/2013
2013052269;5;2;1;1;2;750;15/03/2013
2013052270;5;2;3;2;3;750;16/03/2013
2013052271;1;2;2;2;6;750;17/03/2013
2013052272;1;2;3;1;3;750;19/03/2013
2013052273;5;2;2;2;1;750;19/03/2013
2013052274;1;2;3;1;7;750;20/03/2013
2013052275;1;2;2;1;1;750;20/03/2013
2013052276;1;2;1;1;6;750;23/03/2013
2013052277;5;2;2;1;3;750;24/03/2013
2013052278;5;2;5;1;3;750;25/03/2013
2013052279;5;2;1;8;4;750;25/03/2013
2013052280;1;2;7;1;7;750;27/03/2013
2013052281;1;2;1;1;6;750;29/03/2013
2013052282;1;2;2;1;3;750;31/03/2013
2013052283;1;2;1;1;3;750;06/04/2013
2013052284;1;2;1;1;3;750;07/04/2013
2013052285;1;2;2;1;6;750;07/04/2013
2013052286;1;2;3;3;6;750;09/04/2013
2013052287;1;2;1;2;6;750;09/04/2013
2013052288;1;2;7;2;6;750;10/04/2013
2013052289;1;2;4;1;2;750;10/04/2013
2013052290;5;2;4;2;6;750;11/04/2013
2013052291;1;2;7;3;7;750;12/04/2013
2013052292;5;2;2;1;3;750;13/04/2013
2013052293;5;2;1;2;1;750;13/04/2013
2013052294;5;2;1;1;2;750;14/04/2013
2013052295;1;2;3;1;3;750;15/04/2013
2013052296;2;2;7;1;2;750;15/04/2013
2013052297;1;2;1;1;4;750;17/04/2013
2013052298;5;2;1;2;2;750;18/04/2013
2013052299;1;2;1;1;6;750;20/04/2013
2013052300;1;2;1;1;3;750;20/04/2013
2013052301;1;2;2;1;6;750;22/04/2013
2013052302;1;2;3;1;6;750;23/04/2013
2013052303;1;2;1;1;3;750;24/04/2013
2013052304;1;2;2;7;6;750;25/04/2013
2013052305;1;2;1;1;6;750;26/04/2013
2013052306;1;2;2;1;3;750;27/04/2013
2013052307;1;2;1;1;6;750;27/04/2013
2013052308;1;2;1;8;6;750;28/04/2013
2013052309;1;2;2;8;6;750;01/05/2013
2013052310;1;2;2;1;6;750;02/05/2013
2013052311;1;2;7;1;2;750;02/05/2013
2013052312;1;2;1;8;6;750;03/05/2013
2013052313;1;2;1;1;6;750;03/05/2013
2013052314;1;2;2;8;6;750;06/05/2013
2013052315;1;2;1;1;6;750;10/05/2013
2013052316;1;2;1;1;6;750;10/05/2013
2013052317;1;2;2;1;6;750;12/05/2013
2013052318;1;2;5;1;3;750;15/05/2013
2013052319;1;2;1;1;2;750;15/05/2013
2013052320;1;2;1;1;3;750;15/05/2013
2013052321;1;2;3;1;3;750;16/05/2013
2013052322;5;2;4;1;6;750;17/05/2013
2013052323;1;2;1;1;3;750;17/05/2013
2013052324;1;2;2;1;2;750;18/05/2013
2013052325;5;2;1;1;2;750;18/05/2013
2013052326;5;2;2;3;6;750;19/05/2013
2013052327;1;2;2;2;3;750;20/05/2013
2013052328;5;2;7;2;6;750;20/05/2013
2013052329;1;2;2;2;3;750;21/05/2013
2013052330;1;2;2;1;6;750;21/05/2013
2013052331;2;2;3;1;6;750;21/05/2013
2013052332;1;2;1;1;4;750;22/05/2013
2013052333;5;2;5;1;3;750;22/05/2013
2013052334;5;2;2;1;3;750;23/05/2013
2013052335;1;2;5;3;3;750;24/05/2013
2013052336;1;2;5;2;6;750;24/05/2013
2013052337;5;2;2;1;6;750;25/05/2013
2013052338;5;2;1;1;1;750;25/05/2013
2013052339;1;2;2;1;2;750;25/05/2013
2013052340;1;2;1;1;6;750;27/05/2013
2013052341;1;2;1;1;2;750;28/05/2013
2013052342;1;2;2;1;6;750;29/05/2013
2013052343;2;2;1;3;6;750;29/05/2013
2013052344;1;2;1;1;7;750;31/05/2013
2013052345;1;2;2;1;3;750;31/05/2013
2013052346;1;2;7;1;6;750;31/05/2013
2013052347;5;2;1;1;6;750;01/06/2013
2013052348;1;2;3;1;3;750;03/06/2013
2013052349;1;2;3;1;6;750;04/06/2013
2013052350;1;2;1;1;6;750;05/06/2013
2013052351;1;2;2;1;3;750;05/06/2013
2013052352;1;2;1;1;7;750;05/06/2013
2013052353;1;2;2;1;6;750;06/06/2013
2013052354;1;2;1;1;3;750;08/06/2013
2013052355;1;2;1;2;3;750;09/06/2013
2013052356;1;2;2;1;2;750;10/06/2013
2013052357;1;2;5;1;6;750;10/06/2013
2013052358;1;2;7;1;3;750;10/06/2013
2013052359;1;2;3;1;3;750;11/06/2013
2013052360;5;2;3;1;6;750;11/06/2013
2013052361;1;2;3;2;6;750;12/06/2013
2013052362;1;2;3;1;6;750;12/06/2013
2013052363;1;2;2;1;3;750;12/06/2013
2013052364;1;2;1;8;6;750;13/06/2013
2013052365;1;2;2;1;2;750;13/06/2013
2013052366;1;2;7;1;3;750;13/06/2013
2013052367;1;2;2;1;3;750;14/06/2013
2013052368;1;2;3;1;6;750;14/06/2013
2013052369;5;2;2;1;3;750;15/06/2013
2013052370;5;2;2;1;3;750;16/06/2013
2013052371;1;2;3;3;2;750;17/06/2013
2013052372;1;2;2;1;6;750;17/06/2013
2013052373;2;2;1;1;2;750;18/06/2013
2013052374;1;2;2;1;6;750;18/06/2013
2013052375;1;2;1;1;2;750;20/06/2013
2013052376;2;2;2;1;3;750;20/06/2013
2013052377;1;2;7;1;4;750;21/06/2013
2013052378;5;2;3;1;2;750;22/06/2013
2013052379;1;2;1;1;6;750;22/06/2013
2013052380;1;2;1;1;2;750;24/06/2013
2013052381;1;2;1;1;6;750;25/06/2013
2013052382;1;2;1;1;6;750;26/06/2013
2013052383;1;2;3;1;2;750;26/06/2013
2013052384;1;2;1;1;3;750;26/06/2013
2013052385;1;2;1;2;7;750;27/06/2013
2013052386;1;2;1;1;6;750;27/06/2013
2013052387;5;2;3;1;2;750;28/06/2013
2013052388;1;2;2;2;7;750;28/06/2013
2013052389;1;2;1;1;2;750;28/06/2013
2013052390;1;2;2;1;3;750;28/06/2013
2013052391;1;2;1;1;6;750;29/06/2013
2013052392;1;2;1;1;6;750;29/06/2013
2013052393;1;2;2;1;6;750;29/06/2013
2013052394;1;2;3;1;6;750;30/06/2013
2013052395;1;2;2;1;3;750;01/07/2013
2013052396;1;2;2;1;6;750;01/07/2013
2013052397;5;2;2;1;6;750;01/07/2013
2013052398;1;2;2;1;3;750;02/07/2013
2013052399;1;2;1;1;6;750;03/07/2013
2013052400;1;2;1;1;6;750;03/07/2013
2013052401;1;2;2;1;6;750;04/07/2013
2013052402;1;2;7;1;3;750;04/07/2013
2013052403;1;2;3;1;6;750;05/07/2013
2013052404;1;2;2;1;3;750;05/07/2013
2013052405;1;2;2;1;3;750;07/07/2013
2013052406;5;2;2;1;3;750;08/07/2013
2013052407;1;2;1;1;2;750;08/07/2013
2013052408;1;2;2;1;3;750;08/07/2013
2013052409;1;2;2;1;3;750;09/07/2013
2013052410;1;2;4;1;6;750;10/07/2013
2013052411;1;2;2;1;3;750;10/07/2013
2013052412;1;2;3;1;3;750;10/07/2013
2013052413;1;2;3;1;5;750;11/07/2013
2013052414;1;2;1;1;7;750;11/07/2013
2013052415;1;2;1;1;6;750;11/07/2013
2013052416;5;2;1;1;2;750;12/07/2013
2013052417;1;2;2;1;3;750;12/07/2013
2013052418;1;2;5;1;3;750;13/07/2013
2013052419;1;2;7;1;6;750;13/07/2013
2013052420;1;2;1;1;6;750;13/07/2013
2013052421;1;2;1;1;6;750;14/07/2013
2013052422;1;2;2;1;6;750;15/07/2013
2013052423;1;2;5;1;6;750;15/07/2013
2013052424;5;2;5;1;3;750;16/07/2013
2013052425;1;2;1;1;7;750;16/07/2013
2013052426;5;2;2;1;3;750;17/07/2013
2013052427;5;2;2;1;3;750;18/07/2013
2013052428;1;2;2;1;6;750;18/07/2013
2013052429;1;2;2;1;6;750;18/07/2013
2013052430;1;2;7;1;2;750;19/07/2013
2013052431;1;2;3;1;2;750;19/07/2013
2013052432;1;2;1;1;6;750;19/07/2013
2013052433;5;2;2;1;3;750;20/07/2013
2013052434;1;2;2;1;3;750;20/07/2013
2013052435;5;2;5;1;6;750;20/07/2013
2013052436;2;2;1;1;7;750;23/07/2013
2013052437;1;2;1;1;6;750;26/07/2013
2013052438;1;2;3;1;3;750;29/07/2013
2013052439;1;2;1;1;2;750;30/07/2013
2013052440;1;2;1;1;6;750;30/07/2013
2013052441;1;2;1;1;2;750;31/07/2013
2013052442;1;2;1;1;6;750;31/07/2013
2013052443;1;2;7;1;3;750;04/08/2013
2013052444;1;2;1;1;3;750;09/08/2013
2013052445;5;2;2;1;6;750;10/08/2013
2013052446;5;2;3;1;6;750;11/08/2013
2013052447;1;2;1;1;6;750;11/08/2013
2013052448;2;2;7;1;3;750;13/08/2013
2013052449;1;2;2;1;6;750;14/08/2013
2013052450;1;2;2;1;6;750;16/08/2013
2013052451;5;2;7;2;3;750;19/08/2013
2013052452;5;2;2;1;2;750;18/08/2013
2013052453;5;2;7;2;7;750;18/08/2013
2013052454;5;2;4;8;7;750;19/08/2013
2013052455;1;2;1;1;2;750;23/08/2013
2013052456;5;2;5;1;2;750;24/08/2013
2013052457;1;2;2;8;6;750;27/08/2013
2013052458;1;2;5;1;3;750;29/08/2013
2013052459;5;2;1;1;7;750;02/09/2013
2013052460;1;2;7;1;6;750;02/09/2013
2013052461;1;2;1;1;3;750;02/09/2013
2013052462;5;2;2;1;6;750;03/09/2013
2013052463;1;2;2;1;3;750;03/09/2013
2013052464;1;2;1;1;6;750;04/09/2013
2013052465;1;2;2;7;3;750;05/09/2013
2013052466;5;2;7;1;3;750;05/09/2013
2013052467;1;2;3;3;2;750;06/09/2013
2013052468;5;2;2;1;7;750;07/09/2013
2013052469;1;2;5;1;2;750;07/09/2013
2013052470;5;2;1;1;6;750;08/09/2013
2013052471;1;2;2;2;6;750;09/09/2013
2013052472;5;2;2;1;3;750;09/09/2013
2013052473;1;2;5;1;6;750;10/09/2013
2013052474;1;2;1;1;6;750;10/09/2013
2013052475;1;2;1;1;3;750;11/09/2013
2013052476;1;2;5;1;1;750;12/09/2013
2013052477;1;2;3;1;2;750;12/09/2013
2013052478;1;2;2;1;3;750;13/09/2013
2013052479;1;2;2;2;2;750;13/09/2013
2013052480;5;2;1;2;7;750;14/09/2013
2013052481;1;2;5;2;3;750;14/09/2013
2013052482;1;2;2;1;3;750;16/09/2013
2013052483;1;2;1;1;2;750;16/09/2013
2013052484;1;2;3;1;6;750;17/09/2013
2013052485;5;2;1;1;6;750;19/09/2013
2013052486;2;2;2;1;3;750;20/09/2013
2013052487;1;2;1;1;2;750;19/09/2013
2013052488;5;2;1;1;6;750;21/09/2013
2013052489;1;2;1;1;3;750;21/09/2013
2013052490;1;2;3;1;3;750;24/09/2013
2013052491;1;2;3;1;2;750;24/09/2013
2013052492;1;2;1;1;6;750;24/09/2013
2013052493;1;2;2;1;3;750;26/09/2013
2013052494;1;2;1;1;6;750;27/09/2013
2013052495;1;2;1;1;3;750;27/09/2013
2013052496;1;2;5;1;3;750;27/09/2013
2013052497;1;2;7;1;2;750;27/09/2013
2013052498;5;2;2;1;3;750;27/09/2013
2013052499;1;2;1;1;7;750;28/09/2013
2013052500;5;2;2;8;3;750;29/09/2013
2013052501;5;2;3;1;3;750;29/09/2013
2013052502;5;2;7;1;3;750;29/09/2013
2013052503;1;2;3;1;3;750;01/10/2013
2013052504;1;2;7;2;3;750;01/10/2013
2013052505;1;2;1;2;7;750;03/10/2013
2013052506;1;2;3;3;2;750;03/10/2013
2013052507;2;2;2;1;4;750;03/10/2013
2013052508;5;2;7;1;6;750;07/10/2013
2013052509;1;2;2;1;3;750;08/10/2013
2013052510;1;2;3;1;6;750;09/10/2013
2013052511;1;2;1;1;6;750;09/10/2013
2013052512;5;2;1;2;6;750;10/10/2013
2013052513;1;2;4;1;6;750;10/10/2013
2013052514;1;2;2;1;6;750;10/10/2013
2013052515;1;2;7;1;6;750;10/10/2013
2013052516;5;2;1;1;6;750;11/10/2013
2013052517;5;2;2;2;3;750;12/10/2013
2013052518;5;2;1;1;6;750;12/10/2013
2013052519;5;2;1;1;2;750;13/10/2013
2013052520;5;2;1;1;6;750;13/10/2013
2013052521;5;2;2;1;6;750;15/10/2013
2013052522;1;2;1;1;2;750;15/10/2013
2013052523;3;2;2;1;3;750;15/10/2013
2013052524;1;2;1;2;5;750;16/10/2013
2013052525;1;2;2;2;7;750;16/10/2013
2013052526;1;2;7;1;3;750;17/10/2013
2013052527;1;2;3;1;6;750;19/10/2013
2013052528;1;2;2;1;3;750;19/10/2013
2013052529;1;2;1;1;2;750;19/10/2013
2013052530;5;2;2;8;6;750;20/10/2013
2013052531;1;2;1;1;6;750;21/10/2013
2013052532;1;2;2;1;3;750;21/10/2013
2013052533;5;2;2;1;6;750;22/10/2013
2013052534;1;2;1;1;7;750;22/10/2013
2013052535;1;2;3;1;3;750;23/10/2013
2013052536;5;2;1;1;2;750;23/10/2013
2013052537;5;2;2;2;7;750;25/10/2013
2013052538;1;2;7;2;6;750;28/10/2013
2013052539;1;2;3;1;3;750;28/10/2013
2013052540;1;2;7;1;6;750;29/10/2013
2013052541;1;2;3;1;1;750;29/10/2013
2013052542;5;2;1;1;6;750;29/10/2013
2013052543;1;2;1;7;6;750;30/10/2013
2013052544;5;2;7;2;3;750;02/11/2013
2013052545;1;2;3;3;3;750;05/11/2013
2013052546;1;2;2;1;3;750;06/11/2013
2013052547;5;2;2;1;6;750;06/11/2013
2013052548;5;2;2;2;6;750;08/11/2013
2013052549;1;2;2;1;3;750;09/11/2013
2013052550;5;2;7;1;3;750;09/11/2013
2013052551;2;2;3;2;2;750;12/11/2013
2013052552;5;2;3;2;3;750;12/11/2013
2013052553;1;2;1;1;2;750;13/11/2013
2013052554;1;2;1;2;2;750;14/11/2013
2013052555;5;2;2;1;2;750;19/11/2013
2013052556;2;2;3;2;3;750;19/11/2013
2013052557;5;2;1;1;2;750;19/11/2013
2013052558;5;2;2;1;2;750;23/11/2013
2013052559;1;2;2;1;6;750;26/11/2013
2013052560;1;2;1;1;2;750;26/11/2013
2013052561;1;2;7;1;7;750;28/11/2013
2013052562;5;2;2;1;2;750;28/11/2013
2013052563;5;2;7;1;6;750;02/12/2013
2013052564;5;2;2;1;1;750;02/12/2013
2013052565;1;2;2;1;6;750;04/12/2013
2013052566;1;2;3;1;2;750;05/12/2013
2013052567;5;2;5;2;2;750;05/12/2013
2013052568;5;2;5;2;6;750;06/12/2013
2013052569;1;2;1;1;3;750;06/12/2013
2013052570;5;2;3;2;6;750;07/12/2013
2013052571;1;2;7;1;3;750;07/12/2013
2013052572;5;2;3;1;3;750;07/12/2013
2013052573;5;2;2;1;1;750;10/12/2013
2013052574;5;2;4;1;1;750;12/12/2013
2013052575;1;2;2;8;7;750;13/12/2013
2013052576;1;2;3;1;3;750;13/12/2013
2013052577;3;2;7;2;6;750;14/12/2013
2013052578;2;2;2;1;2;750;15/12/2013
2013052579;1;2;3;1;7;750;17/12/2013
2013052580;2;2;2;1;3;750;19/12/2013
2013052581;1;2;1;1;3;750;20/12/2013
2013052582;1;2;2;1;3;750;20/12/2013
2013052583;5;2;5;2;6;750;22/12/2013
2013052584;1;2;3;1;3;750;23/12/2013
2013052585;5;2;7;3;4;750;25/12/2013
2013052586;5;2;7;2;6;750;01/01/2013
2013052587;2;2;4;1;3;750;02/01/2013
2013052588;5;2;1;3;6;750;01/01/2013
2013052589;5;2;1;2;3;750;03/01/2013
2013052590;5;2;3;1;6;750;04/01/2013
2013052591;5;2;1;1;3;750;05/01/2013
2013052592;1;2;2;1;6;750;07/01/2013
2013052593;1;2;4;2;3;750;09/01/2013
2013052594;1;2;5;2;3;750;10/01/2013
2013052595;1;2;3;1;6;750;11/01/2013
2013052596;1;2;1;1;6;750;11/01/2013
2013052597;1;2;2;1;6;750;12/01/2013
2013052598;1;2;4;2;3;750;12/01/2013
2013052599;5;2;1;1;6;750;13/01/2013
2013052600;1;2;5;2;3;750;12/01/2013
2013052601;5;2;3;2;6;750;13/01/2013
2013052602;5;2;5;4;7;750;14/01/2013
2013052603;1;2;3;9;2;750;16/01/2013
2013052604;5;2;1;2;6;750;14/01/2013
2013052605;5;2;5;8;6;750;22/01/2013
2013052606;5;2;7;1;6;750;22/01/2013
2013052607;5;2;3;1;3;750;23/01/2013
2013052608;1;2;2;8;3;750;26/01/2013
2013052609;5;2;5;1;2;750;28/01/2013
2013052610;5;2;1;1;2;750;28/01/2013
2013052611;1;2;5;1;2;750;29/01/2013
2013052612;2;2;1;2;6;750;30/01/2013
2013052613;1;2;1;2;6;750;30/01/2013
2013052614;5;2;1;1;3;750;30/01/2013
2013052615;2;2;2;1;2;750;31/01/2013
2013052616;2;2;7;1;7;750;31/01/2013
2013052617;5;2;2;1;6;750;02/02/2013
2013052618;4;2;1;4;2;750;02/02/2013
2013052619;5;2;2;2;6;750;02/02/2013
2013052620;5;2;1;2;6;750;02/02/2013
2013052621;1;2;1;8;6;750;03/02/2013
2013052622;5;2;3;3;6;750;03/02/2013
2013052623;2;2;1;2;5;750;31/01/2013
2013052624;1;2;7;2;7;750;05/02/2013