num_acc;lum;agg;inter;atm;col;dep;date
2013052625;1;2;1;2;3;750;05/02/2013
2013052626;2;2;2;2;6;750;06/02/2013
2013052627;1;2;3;2;6;750;06/02/2013
2013052628;5;2;3;1;3;750;06/02/2013
2013052629;5;2;3;2;6;750;08/02/2013
2013052630;5;2;2;4;5;750;09/02/2013
2013052631;5;2;2;2;7;750;10/02/2013
2013052632;1;2;5;2;6;750;12/02/2013
2013052633;1;2;5;2;2;750;12/02/2013
2013052634;1;2;2;1;6;750;13/02/2013
2013052635;1;2;4;1;6;750;13/02/2013
2013052636;5;2;1;2;6;750;15/02/2013
2013052637;3;2;4;1;2;750;15/02/2013
2013052638;5;2;2;1;6;750;15/02/2013
2013052639;5;2;1;1;6;750;15/02/2013
2013052640;5;2;1;1;6;750;17/02/2013
2013052641;1;2;4;1;3;750;17/02/2013
2013052642;5;2;2;1;6;750;17/02/2013
2013052643;5;2;2;1;7;750;16/02/2013
2013052644;1;2;2;1;7;750;21/02/2013
2013052645;5;2;1;1;6;750;22/02/2013
2013052646;5;2;1;1;6;750;23/02/2013
2013052647;1;2;7;1;6;750;26/02/2013
2013052648;1;2;1;2;2;750;27/02/2013
2013052649;5;2;1;1;1;750;28/02/2013
2013052650;5;2;1;2;4;750;28/02/2013
2013052651;1;2;5;1;2;750;01/03/2013
2013052652;1;2;1;1;6;750;02/03/2013
2013052653;1;2;1;1;2;750;03/03/2013
2013052654;1;2;3;1;1;750;03/03/2013
2013052655;2;2;2;1;6;750;04/03/2013
2013052656;1;2;2;1;6;750;04/03/2013
2013052657;5;2;1;1;6;750;04/03/2013
2013052658;5;2;1;1;6;750;04/03/2013
2013052659;1;2;4;1;3;750;05/03/2013
2013052660;1;2;2;1;6;750;06/03/2013
2013052661;1;2;1;1;6;750;07/03/2013
2013052662;1;2;1;1;3;750;07/03/2013
2013052663;5;2;2;1;3;750;07/03/2013
2013052664;1;2;7;1;3;750;08/03/2013
2013052665;5;2;1;1;6;750;08/03/2013
2013052666;1;2;6;1;7;750;09/03/2013
2013052667;1;2;3;2;6;750;11/03/2013
2013052668;1;2;1;1;2;750;14/03/2013
2013052669;2;2;1;1;6;750;16/03/2013
2013052670;1;2;1;1;3;750;17/03/2013
2013052671;1;2;1;2;6;750;18/03/2013
2013052672;5;2;4;2;4;750;19/03/2013
2013052673;1;2;2;1;6;750;20/03/2013
2013052674;1;2;2;1;6;750;21/03/2013
2013052675;5;2;1;1;2;750;22/03/2013
2013052676;5;2;1;1;6;750;22/03/2013
2013052677;5;2;1;1;6;750;25/03/2013
2013052678;5;2;1;1;3;750;26/03/2013
2013052679;1;2;2;1;3;750;27/03/2013
2013052680;1;2;2;1;3;750;29/03/2013
2013052681;1;2;4;1;2;750;29/03/2013
2013052682;2;2;4;1;6;750;31/03/2013
2013052683;1;2;5;1;6;750;03/04/2013
2013052684;2;2;1;1;2;750;03/04/2013
2013052685;1;2;2;1;3;750;03/04/2013
2013052686;1;2;2;8;2;750;09/04/2013
2013052687;1;2;1;1;2;750;09/04/2013
2013052688;5;2;7;2;6;750;11/04/2013
2013052689;1;2;5;1;3;750;12/04/2013
2013052690;1;2;2;2;6;750;12/04/2013
2013052691;1;2;1;1;3;750;14/04/2013
2013052692;1;2;5;1;2;750;15/04/2013
2013052693;1;2;7;1;2;750;17/04/2013
2013052694;1;2;1;1;2;750;17/04/2013
2013052695;1;2;1;1;2;750;17/04/2013
2013052696;1;2;1;1;6;750;18/04/2013
2013052697;1;2;1;1;2;750;18/04/2013
2013052698;5;2;3;1;1;750;18/04/2013
2013052699;1;2;2;1;3;750;19/04/2013
2013052700;1;2;3;1;6;750;19/04/2013
2013052701;5;2;1;1;3;750;20/04/2013
2013052702;1;2;5;1;3;750;20/04/2013
2013052703;1;2;3;1;7;750;21/04/2013
2013052704;1;2;1;1;3;750;22/04/2013
2013052705;1;2;1;1;6;750;22/04/2013
2013052706;1;2;1;1;6;750;24/04/2013
2013052707;1;2;1;1;6;750;25/04/2013
2013052708;1;2;1;1;2;750;26/04/2013
2013052709;1;2;1;1;3;750;27/04/2013
2013052710;1;2;4;1;6;750;29/04/2013
2013052711;1;2;2;1;3;750;30/04/2013
2013052712;1;2;3;1;7;750;30/04/2013
2013052713;1;2;1;1;2;750;30/04/2013
2013052714;1;2;1;1;6;750;01/05/2013
2013052715;5;2;3;2;7;750;01/05/2013
2013052716;1;2;1;1;2;750;02/05/2013
2013052717;1;2;2;1;3;750;05/05/2013
2013052718;1;2;1;1;6;750;07/05/2013
2013052719;1;2;4;1;6;750;07/05/2013
2013052720;1;2;2;1;6;750;09/05/2013
2013052721;1;2;7;1;6;750;10/05/2013
2013052722;5;2;1;1;6;750;10/05/2013
2013052723;1;2;7;1;2;750;12/05/2013
2013052724;1;2;7;1;6;750;13/05/2013
2013052725;5;2;7;1;3;750;14/05/2013
2013052726;2;2;2;1;2;750;14/05/2013
2013052727;1;2;7;2;6;750;15/05/2013
2013052728;2;2;2;2;3;750;16/05/2013
2013052729;1;2;1;1;6;750;16/05/2013
2013052730;1;2;1;1;6;750;18/05/2013
2013052731;5;2;5;1;3;750;19/05/2013
2013052732;1;2;5;7;6;750;22/05/2013
2013052733;1;2;3;1;6;750;22/05/2013
2013052734;1;2;3;1;3;750;23/05/2013
2013052735;1;2;7;1;3;750;24/05/2013
2013052736;5;2;7;1;7;750;25/05/2013
2013052737;5;2;1;1;3;750;25/05/2013
2013052738;1;2;4;1;3;750;26/05/2013
2013052739;5;2;1;1;6;750;27/05/2013
2013052740;1;2;2;1;3;750;27/05/2013
2013052741;1;2;1;1;6;750;29/05/2013
2013052742;5;2;1;1;6;750;29/05/2013
2013052743;5;2;1;1;6;750;27/05/2013
2013052744;1;2;1;1;3;750;31/05/2013
2013052745;1;2;1;1;3;750;01/06/2013
2013052746;1;2;1;1;1;750;02/06/2013
2013052747;1;2;7;1;6;750;03/06/2013
2013052748;1;2;4;1;3;750;03/06/2013
2013052749;2;2;1;1;1;750;04/06/2013
2013052750;1;2;2;1;6;750;04/06/2013
2013052751;1;2;7;1;6;750;05/06/2013
2013052752;1;2;7;1;3;750;06/06/2013
2013052753;1;2;1;1;6;750;06/06/2013
2013052754;5;2;2;1;6;750;08/06/2013
2013052755;5;2;2;1;3;750;08/06/2013
2013052756;1;2;1;8;3;750;10/06/2013
2013052757;1;2;2;1;3;750;12/06/2013
2013052758;2;2;1;1;3;750;12/06/2013
2013052759;1;2;1;1;3;750;13/06/2013
2013052760;2;2;2;1;3;750;13/06/2013
2013052761;1;2;1;1;6;750;14/06/2013
2013052762;1;2;1;1;7;750;15/06/2013
2013052763;1;2;1;1;6;750;16/06/2013
2013052764;1;2;1;1;6;750;18/06/2013
2013052765;1;2;1;1;1;750;18/06/2013
2013052766;1;2;3;2;6;750;19/06/2013
2013052767;1;2;2;1;1;750;19/06/2013
2013052768;1;2;1;1;2;750;19/06/2013
2013052769;1;2;2;1;6;750;19/06/2013
2013052770;5;2;3;1;1;750;19/06/2013
2013052771;1;2;1;1;7;750;20/06/2013
2013052772;1;2;1;1;5;750;21/06/2013
2013052773;1;2;1;1;6;750;24/06/2013
2013052774;1;2;2;1;2;750;26/06/2013
2013052775;1;2;1;1;6;750;27/06/2013
2013052776;2;2;5;1;2;750;27/06/2013
2013052777;1;2;1;2;7;750;28/06/2013
2013052778;2;2;3;1;3;750;02/07/2013
2013052779;1;2;3;1;6;750;03/07/2013
2013052780;2;2;2;2;6;750;03/07/2013
2013052781;1;2;5;1;3;750;05/07/2013
2013052782;5;2;1;1;6;750;06/07/2013
2013052783;1;2;1;1;3;750;07/07/2013
2013052784;1;2;1;1;7;750;08/07/2013
2013052785;5;2;1;1;6;750;09/07/2013
2013052786;1;2;3;1;4;750;09/07/2013
2013052787;1;2;1;1;7;750;10/07/2013
2013052788;1;2;1;1;3;750;10/07/2013
2013052789;1;2;1;1;3;750;12/07/2013
2013052790;1;2;3;1;6;750;12/07/2013
2013052791;1;2;4;1;3;750;13/07/2013
2013052792;1;2;4;1;1;750;15/07/2013
2013052793;1;2;5;1;6;750;16/07/2013
2013052794;3;2;2;1;3;750;16/07/2013
2013052795;1;2;7;1;7;750;17/07/2013
2013052796;1;2;7;1;3;750;18/07/2013
2013052797;1;2;1;1;7;750;20/07/2013
2013052798;5;2;2;1;3;750;20/07/2013
2013052799;1;2;1;1;2;750;22/07/2013
2013052800;1;2;1;1;7;750;23/07/2013
2013052801;1;2;1;1;7;750;24/07/2013
2013052802;5;2;3;1;2;750;24/07/2013
2013052803;1;2;1;1;6;750;25/07/2013
2013052804;1;2;1;1;6;750;25/07/2013
2013052805;1;2;7;1;6;750;27/07/2013
2013052806;5;2;7;1;6;750;28/07/2013
2013052807;1;2;1;1;2;750;28/07/2013
2013052808;1;2;4;1;2;750;29/07/2013
2013052809;1;2;3;1;1;750;31/07/2013
2013052810;1;2;1;1;3;750;31/07/2013
2013052811;5;2;1;1;6;750;31/07/2013
2013052812;1;2;7;1;3;750;03/08/2013
2013052813;1;2;3;1;3;750;05/08/2013
2013052814;1;2;2;1;7;750;04/08/2013
2013052815;1;2;5;1;6;750;06/08/2013
2013052816;1;2;5;1;3;750;06/08/2013
2013052817;1;2;3;1;3;750;08/08/2013
2013052818;1;2;7;1;3;750;08/08/2013
2013052819;5;2;3;1;6;750;08/08/2013
2013052820;1;2;1;1;3;750;10/08/2013
2013052821;5;2;1;1;6;750;11/08/2013
2013052822;2;2;1;1;2;750;12/08/2013
2013052823;1;2;7;1;3;750;12/08/2013
2013052824;1;2;5;1;3;750;14/08/2013
2013052825;1;2;7;1;6;750;15/08/2013
2013052826;1;2;5;1;6;750;17/08/2013
2013052827;5;2;3;1;6;750;18/08/2013
2013052828;1;2;4;1;2;750;19/08/2013
2013052829;1;2;2;1;2;750;21/08/2013
2013052830;1;2;1;1;1;750;22/08/2013
2013052831;1;2;1;1;6;750;23/08/2013
2013052832;5;2;7;2;2;750;25/08/2013
2013052833;1;2;3;1;6;750;27/08/2013
2013052834;1;2;1;2;2;750;27/08/2013
2013052835;1;2;1;2;2;750;27/08/2013
2013052836;1;2;1;1;7;750;28/08/2013
2013052837;2;2;1;1;2;750;29/08/2013
2013052838;1;2;2;1;1;750;29/08/2013
2013052839;5;2;6;1;6;750;31/08/2013
2013052840;5;2;2;1;3;750;01/09/2013
2013052841;1;2;7;1;3;750;03/09/2013
2013052842;1;2;1;1;3;750;03/09/2013
2013052843;1;2;1;1;4;750;04/09/2013
2013052844;1;2;5;1;2;750;05/09/2013
2013052845;5;2;7;1;2;750;08/09/2013
2013052846;1;2;2;2;6;750;12/09/2013
2013052847;5;2;2;1;3;750;13/09/2013
2013052848;1;2;2;2;6;750;13/09/2013
2013052849;1;2;7;2;3;750;14/09/2013
2013052850;5;2;1;2;6;750;14/09/2013
2013052851;5;2;2;1;6;750;15/09/2013
2013052852;5;2;1;2;6;750;15/09/2013
2013052853;1;2;1;1;2;750;17/09/2013
2013052854;1;2;1;1;7;750;18/09/2013
2013052855;1;2;1;1;2;750;08/09/2013
2013052856;1;2;3;1;3;750;20/09/2013
2013052857;5;2;2;1;3;750;20/09/2013
2013052858;1;2;1;1;2;750;21/09/2013
2013052859;1;2;3;1;3;750;21/09/2013
2013052860;1;2;3;1;6;750;21/09/2013
2013052861;1;2;1;1;3;750;21/09/2013
2013052862;5;2;5;1;6;750;22/09/2013
2013052863;1;2;2;1;3;750;22/09/2013
2013052864;1;2;3;1;3;750;23/09/2013
2013052865;1;2;2;1;3;750;23/09/2013
2013052866;1;2;1;1;6;750;24/09/2013
2013052867;1;2;1;1;6;750;26/09/2013
2013052868;1;2;1;1;2;750;26/09/2013
2013052869;5;2;1;1;1;750;26/09/2013
2013052870;1;2;5;1;3;750;27/09/2013
2013052871;5;2;2;1;6;750;28/09/2013
2013052872;5;2;5;8;6;750;29/09/2013
2013052873;1;2;1;1;2;750;30/09/2013
2013052874;1;2;3;1;6;750;30/09/2013
2013052875;1;2;1;1;3;750;01/10/2013
2013052876;1;2;1;1;3;750;01/10/2013
2013052877;1;2;1;1;6;750;02/10/2013
2013052878;1;2;6;1;3;750;02/10/2013
2013052879;1;2;7;1;3;750;03/10/2013
2013052880;1;2;7;1;3;750;04/10/2013
2013052881;3;2;7;1;7;750;08/10/2013
2013052882;5;2;2;1;6;750;08/10/2013
2013052883;5;2;3;2;6;750;09/10/2013
2013052884;1;2;1;2;7;750;11/10/2013
2013052885;1;2;1;8;4;750;11/10/2013
2013052886;1;2;5;1;6;750;11/10/2013
2013052887;1;2;1;1;3;750;12/10/2013
2013052888;1;2;1;1;3;750;13/10/2013
2013052889;5;2;1;1;6;750;13/10/2013
2013052890;5;2;1;2;3;750;14/10/2013
2013052891;1;2;1;1;6;750;15/10/2013
2013052892;5;2;1;2;6;750;16/10/2013
2013052893;5;2;1;2;2;750;16/10/2013
2013052894;5;2;1;1;6;750;19/10/2013
2013052895;5;2;4;1;3;750;19/10/2013
2013052896;5;2;2;1;5;750;20/10/2013
2013052897;1;2;1;3;6;750;20/10/2013
2013052898;1;2;3;1;3;750;21/10/2013
2013052899;1;2;1;1;7;750;21/10/2013
2013052900;5;2;1;1;6;750;23/10/2013
2013052901;5;2;7;1;6;750;24/10/2013
2013052902;1;2;1;1;3;750;25/10/2013
2013052903;5;2;6;1;7;750;26/10/2013
2013052904;1;2;1;1;7;750;31/10/2013
2013052905;1;2;1;1;7;750;30/10/2013
2013052906;1;2;1;1;2;750;31/10/2013
2013052907;1;2;1;1;2;750;31/10/2013
2013052908;1;2;1;1;2;750;31/10/2013
2013052909;5;2;1;2;2;750;31/10/2013
2013052910;1;2;1;2;3;750;01/11/2013
2013052911;1;2;1;2;3;750;01/11/2013
2013052912;1;2;5;2;3;750;01/11/2013
2013052913;1;2;7;2;3;750;01/11/2013
2013052914;5;2;2;2;6;750;01/11/2013
2013052915;1;2;1;8;3;750;04/11/2013
2013052916;1;2;3;9;6;750;04/11/2013
2013052917;5;2;1;1;3;750;04/11/2013
2013052918;1;2;3;2;6;750;05/11/2013
2013052919;5;2;1;1;3;750;05/11/2013
2013052920;1;2;5;1;6;750;06/11/2013
2013052921;5;2;3;2;3;750;07/11/2013
2013052922;5;2;5;2;7;750;07/11/2013
2013052923;2;2;2;2;6;750;08/11/2013
2013052924;5;2;1;2;7;750;08/11/2013
2013052925;1;2;3;2;3;750;09/11/2013
2013052926;5;2;3;1;2;750;10/11/2013
2013052927;1;2;2;1;3;750;11/11/2013
2013052928;1;2;1;2;6;750;12/11/2013
2013052929;5;2;1;2;7;750;12/11/2013
2013052930;5;2;1;1;7;750;13/11/2013
2013052931;5;2;1;2;7;750;14/11/2013
2013052932;1;2;2;2;2;750;14/11/2013
2013052933;5;2;1;2;6;750;14/11/2013
2013052934;2;2;2;1;6;750;15/11/2013
2013052935;1;2;5;3;3;750;14/11/2013
2013052936;1;2;1;1;3;750;15/11/2013
2013052937;5;2;2;1;7;750;15/11/2013
2013052938;5;2;1;1;3;750;15/11/2013
2013052939;5;2;1;1;6;750;17/11/2013
2013052940;1;2;2;1;3;750;18/11/2013
2013052941;5;2;3;1;3;750;18/11/2013
2013052942;1;2;2;1;6;750;19/11/2013
2013052943;1;2;1;1;6;750;19/11/2013
2013052944;1;2;1;2;3;750;20/11/2013
2013052945;5;2;5;3;6;750;20/11/2013
2013052946;5;2;7;3;3;750;20/11/2013
2013052947;1;2;2;2;1;750;21/11/2013
2013052948;1;2;2;1;6;750;21/11/2013
2013052949;1;2;1;8;6;750;22/11/2013
2013052950;1;2;1;1;2;750;22/11/2013
2013052951;1;2;2;1;3;750;22/11/2013
2013052952;5;2;3;1;3;750;22/11/2013
2013052953;1;2;1;1;3;750;23/11/2013
2013052954;5;2;3;1;6;750;23/11/2013
2013052955;1;2;1;1;6;750;24/11/2013
2013052956;5;2;1;1;2;750;25/11/2013
2013052957;1;2;1;1;5;750;25/11/2013
2013052958;5;2;1;1;4;750;25/11/2013
2013052959;2;2;2;1;3;750;27/11/2013
2013052960;5;2;1;1;6;750;28/11/2013
2013052961;1;2;3;1;2;750;28/11/2013
2013052962;5;2;3;1;6;750;29/11/2013
2013052963;5;2;3;1;6;750;29/11/2013
2013052964;5;2;2;1;6;750;29/11/2013
2013052965;1;2;1;1;6;750;30/11/2013
2013052966;5;2;4;1;6;750;01/12/2013
2013052967;1;2;6;1;3;750;02/12/2013
2013052968;5;2;1;1;6;750;02/12/2013
2013052969;5;2;1;1;6;750;03/12/2013
2013052970;5;2;5;1;3;750;03/12/2013
2013052971;5;2;2;1;3;750;04/12/2013
2013052972;1;2;1;1;2;750;05/12/2013
2013052973;1;2;7;1;3;750;05/12/2013
2013052974;1;2;4;1;3;750;06/12/2013
2013052975;5;2;3;1;2;750;07/12/2013
2013052976;1;2;2;1;3;750;07/12/2013
2013052977;1;2;5;1;7;750;07/12/2013
2013052978;5;2;3;1;2;750;08/12/2013
2013052979;5;2;2;1;6;750;11/12/2013
2013052980;1;2;1;1;6;750;13/12/2013
2013052981;5;2;2;2;3;750;13/12/2013
2013052982;5;2;1;1;3;750;14/12/2013
2013052983;1;2;2;1;3;750;17/12/2013
2013052984;5;2;1;2;7;750;20/12/2013
2013052985;5;2;1;1;3;750;20/12/2013
2013052986;5;2;1;1;6;750;21/12/2013
2013052987;5;2;1;1;7;750;25/12/2013
2013052988;5;2;2;2;7;750;27/12/2013
2013052989;5;2;7;2;3;750;28/12/2013
2013052990;5;2;7;2;6;750;30/12/2013
2013052991;1;2;5;1;3;750;02/01/2013
2013052992;1;2;7;1;2;750;02/01/2013
2013052993;1;2;7;1;3;750;02/01/2013
2013052994;5;2;3;1;6;750;03/01/2013
2013052995;1;2;2;1;3;750;05/01/2013
2013052996;1;2;3;1;6;750;05/01/2013
2013052997;5;2;5;1;7;750;06/01/2013
2013052998;5;2;7;1;6;750;08/01/2013
2013052999;1;2;1;1;6;750;09/01/2013
2013053000;1;2;2;2;6;750;10/01/2013
2013053001;5;2;1;2;2;750;10/01/2013
2013053002;5;2;5;2;3;750;10/01/2013
2013053003;1;2;2;1;6;750;11/01/2013
2013053004;5;2;5;3;6;750;13/01/2013
2013053005;5;2;5;1;3;750;15/01/2013
2013053006;5;2;2;2;6;750;15/01/2013
2013053007;1;2;2;1;6;750;16/01/2013
2013053008;5;2;4;1;6;750;16/01/2013
2013053009;1;2;5;1;3;750;17/01/2013
2013053010;2;2;4;1;6;750;17/01/2013
2013053011;1;2;1;1;2;750;23/01/2013
2013053012;5;2;3;9;6;750;23/01/2013
2013053013;1;2;1;1;3;750;25/01/2013
2013053014;1;2;3;1;3;750;28/01/2013
2013053015;1;2;1;1;4;750;28/01/2013
2013053016;1;2;3;2;2;750;29/01/2013
2013053017;1;2;2;1;6;750;30/01/2013
2013053018;2;2;2;1;6;750;31/01/2013
2013053019;5;2;5;1;7;750;31/01/2013
2013053020;5;2;1;2;6;750;01/02/2013
2013053021;1;2;1;2;6;750;01/02/2013
2013053022;5;2;2;2;6;750;02/02/2013
2013053023;1;2;1;1;3;750;03/02/2013
2013053024;1;2;1;8;6;750;04/02/2013
2013053025;1;2;3;1;6;750;04/02/2013
2013053026;1;2;1;1;3;750;05/02/2013
2013053027;1;2;5;1;6;750;05/02/2013
2013053028;1;2;7;2;6;750;06/02/2013
2013053029;1;2;1;1;6;750;07/02/2013
2013053030;5;2;2;1;1;750;07/02/2013
2013053031;1;2;2;1;6;750;08/02/2013
2013053032;5;2;1;2;6;750;09/02/2013
2013053033;5;2;1;1;7;750;10/02/2013
2013053034;1;2;1;1;6;750;11/02/2013
2013053035;1;2;4;1;6;750;13/02/2013
2013053036;5;2;2;1;6;750;13/02/2013
2013053037;1;2;1;2;2;750;14/02/2013
2013053038;1;2;5;1;3;750;15/02/2013
2013053039;5;2;1;1;5;750;16/02/2013
2013053040;5;2;1;1;6;750;16/02/2013
2013053041;5;2;1;1;6;750;17/02/2013
2013053042;5;2;3;1;6;750;18/02/2013
2013053043;1;2;1;1;2;750;22/02/2013
2013053044;1;2;1;4;2;750;23/02/2013
2013053045;1;2;1;4;1;750;23/02/2013
2013053046;5;2;1;4;7;750;23/02/2013
2013053047;5;2;3;4;1;750;24/02/2013
2013053048;1;2;2;1;2;750;26/02/2013
2013053049;1;2;3;1;3;750;27/02/2013
2013053050;1;2;1;1;6;750;27/02/2013
2013053051;5;2;1;1;3;750;01/03/2013
2013053052;1;2;7;1;3;750;03/03/2013
2013053053;1;2;1;2;6;750;08/03/2013
2013053054;1;2;2;1;6;750;15/03/2013
2013053055;1;2;4;1;6;750;17/03/2013
2013053056;1;2;1;1;7;750;19/03/2013
2013053057;1;2;1;8;7;750;23/03/2013
2013053058;1;2;1;1;2;750;24/03/2013
2013053059;1;2;3;1;2;750;25/03/2013
2013053060;1;2;2;1;6;750;25/03/2013
2013053061;1;2;5;1;6;750;28/03/2013
2013053062;1;2;1;1;6;750;29/03/2013
2013053063;1;2;1;1;2;750;30/03/2013
2013053064;5;2;1;1;6;750;02/04/2013
2013053065;5;2;2;1;6;750;06/04/2013
2013053066;1;2;2;1;6;750;06/04/2013
2013053067;5;2;1;1;2;750;07/04/2013
2013053068;5;2;1;1;6;750;07/04/2013
2013053069;1;2;1;1;6;750;09/04/2013
2013053070;1;2;1;2;6;750;09/04/2013
2013053071;1;2;5;2;6;750;11/04/2013
2013053072;1;2;4;3;3;750;12/04/2013
2013053073;1;2;2;2;3;750;12/04/2013
2013053074;1;2;1;3;6;750;13/04/2013
2013053075;1;2;5;1;6;750;16/04/2013
2013053076;1;2;1;1;7;750;16/04/2013
2013053077;5;2;1;1;3;750;17/04/2013
2013053078;1;2;1;1;2;750;18/04/2013
2013053079;1;2;2;1;1;750;18/04/2013
2013053080;5;2;2;1;6;750;19/04/2013
2013053081;1;2;2;1;6;750;19/04/2013
2013053082;1;2;5;1;3;750;19/04/2013
2013053083;5;2;5;1;3;750;21/04/2013
2013053084;1;2;1;1;3;750;22/04/2013
2013053085;5;2;1;1;6;750;25/04/2013
2013053086;1;2;4;8;3;750;26/04/2013
2013053087;1;2;3;1;6;750;28/04/2013
2013053088;1;2;2;1;6;750;30/04/2013
2013053089;1;2;4;3;6;750;01/05/2013
2013053090;1;2;3;1;3;750;05/05/2013
2013053091;1;2;1;1;6;750;07/05/2013
2013053092;5;2;2;1;3;750;08/05/2013
2013053093;1;2;2;1;6;750;12/05/2013
2013053094;1;2;2;1;6;750;14/05/2013
2013053095;1;2;2;1;3;750;15/05/2013
2013053096;1;2;1;1;3;750;15/05/2013
2013053097;1;2;5;1;3;750;16/05/2013
2013053098;1;2;2;1;3;750;18/05/2013
2013053099;2;2;1;3;6;750;19/05/2013
2013053100;5;2;1;2;6;750;21/05/2013
2013053101;1;2;4;2;6;750;21/05/2013
2013053102;1;2;2;1;7;750;22/05/2013
2013053103;1;2;4;8;2;750;21/05/2013
2013053104;1;2;3;2;6;750;23/05/2013
2013053105;5;2;5;1;3;750;29/05/2013
2013053106;1;2;2;1;3;750;29/05/2013
2013053107;1;2;3;2;7;750;30/05/2013
2013053108;1;2;2;2;6;750;30/05/2013
2013053109;1;2;2;1;3;750;01/06/2013
2013053110;1;2;2;1;3;750;03/06/2013
2013053111;1;2;2;1;3;750;04/06/2013
2013053112;1;2;1;1;2;750;05/06/2013
2013053113;5;2;3;1;2;750;07/06/2013
2013053114;1;2;7;1;6;750;07/06/2013
2013053115;1;2;5;1;6;750;08/06/2013
2013053116;1;2;2;1;6;750;08/06/2013
2013053117;2;2;5;8;6;750;08/06/2013
2013053118;2;2;3;3;7;750;08/06/2013
2013053119;1;2;1;1;3;750;11/06/2013
2013053120;2;2;7;1;3;750;11/06/2013
2013053121;1;2;1;1;6;750;12/06/2013
2013053122;1;2;3;1;3;750;12/06/2013
2013053123;1;2;2;1;4;750;16/06/2013
2013053124;1;2;7;1;2;750;17/06/2013
2013053125;1;2;1;1;1;750;17/06/2013
2013053126;5;2;1;1;4;750;18/06/2013
2013053127;1;2;1;3;6;750;19/06/2013
2013053128;2;2;2;3;3;750;20/06/2013
2013053129;1;2;2;1;2;750;21/06/2013
2013053130;3;2;3;1;1;750;21/06/2013
2013053131;5;2;5;1;2;750;22/06/2013
2013053132;1;2;3;1;3;750;22/06/2013
2013053133;1;2;2;1;6;750;23/06/2013
2013053134;1;2;5;1;2;750;25/06/2013
2013053135;1;2;3;1;1;750;26/06/2013
2013053136;1;2;2;1;2;750;27/06/2013
2013053137;1;2;2;8;6;750;28/06/2013
2013053138;1;2;1;1;2;750;29/06/2013
2013053139;1;2;2;1;6;750;30/06/2013
2013053140;1;2;3;1;2;750;30/06/2013
2013053141;1;2;2;1;2;750;02/07/2013
2013053142;1;2;2;1;6;750;03/07/2013
2013053143;1;2;1;1;3;750;03/07/2013
2013053144;1;2;3;1;3;750;04/07/2013
2013053145;1;2;2;1;3;750;04/07/2013
2013053146;1;2;2;1;2;750;05/07/2013
2013053147;1;2;3;1;3;750;05/07/2013
2013053148;1;2;3;1;3;750;05/07/2013
2013053149;1;2;3;1;6;750;06/07/2013
2013053150;5;2;1;1;6;750;08/07/2013
2013053151;1;2;1;1;6;750;08/07/2013
2013053152;1;2;1;1;6;750;09/07/2013
2013053153;1;2;2;1;3;750;09/07/2013
2013053154;1;2;4;1;6;750;10/07/2013
2013053155;5;2;4;1;6;750;10/07/2013
2013053156;1;2;2;1;6;750;11/07/2013
2013053157;1;2;2;1;7;750;13/07/2013
2013053158;1;2;5;1;3;750;14/07/2013
2013053159;1;2;2;1;6;750;15/07/2013
2013053160;1;2;3;1;3;750;15/07/2013
2013053161;1;2;1;1;3;750;15/07/2013
2013053162;1;2;4;1;3;750;15/07/2013
2013053163;5;2;1;1;6;750;17/07/2013
2013053164;5;2;1;1;6;750;20/07/2013
2013053165;1;2;3;1;6;750;20/07/2013
2013053166;1;2;1;1;6;750;20/07/2013
2013053167;5;2;1;1;6;750;21/07/2013
2013053168;1;2;1;1;2;750;23/07/2013
2013053169;1;2;2;1;6;750;24/07/2013
2013053170;1;2;1;1;7;750;27/07/2013
2013053171;1;2;5;1;4;750;29/07/2013
2013053172;5;2;5;1;3;750;29/07/2013
2013053173;1;2;1;1;3;750;30/07/2013
2013053174;1;2;2;1;6;750;31/07/2013
2013053175;1;2;5;1;2;750;31/07/2013
2013053176;1;2;5;1;3;750;02/08/2013
2013053177;1;2;5;1;2;750;02/08/2013
2013053178;2;2;1;1;3;750;04/08/2013
2013053179;1;2;1;1;6;750;04/08/2013
2013053180;1;2;1;1;3;750;06/08/2013
2013053181;1;2;7;3;3;750;07/08/2013
2013053182;5;2;3;1;3;750;09/08/2013
2013053183;2;2;5;1;7;750;11/08/2013
2013053184;1;2;4;1;3;750;13/08/2013
2013053185;1;2;3;1;6;750;14/08/2013
2013053186;2;2;1;2;6;750;18/08/2013
2013053187;1;2;2;1;3;750;19/08/2013
2013053188;1;2;2;1;7;750;20/08/2013
2013053189;1;2;5;1;7;750;20/08/2013
2013053190;2;2;3;1;6;750;23/08/2013
2013053191;1;2;1;1;6;750;24/08/2013
2013053192;1;2;3;2;2;750;25/08/2013
2013053193;5;2;3;1;1;750;25/08/2013
2013053194;1;2;1;1;6;750;27/08/2013
2013053195;1;2;1;1;3;750;29/08/2013
2013053196;1;2;5;1;3;750;30/08/2013
2013053197;1;2;2;1;6;750;03/09/2013
2013053198;1;2;2;2;3;750;06/09/2013
2013053199;1;2;3;1;6;750;06/09/2013
2013053200;1;2;2;1;1;750;08/09/2013
2013053201;1;2;1;1;6;750;10/09/2013