num_acc;lum;agg;inter;atm;col;dep;date
2013053202;2;2;5;2;6;750;09/09/2013
2013053203;5;2;2;1;7;750;10/09/2013
2013053204;1;2;1;2;7;750;12/09/2013
2013053205;1;2;2;1;7;750;12/09/2013
2013053206;1;2;1;2;3;750;13/09/2013
2013053207;1;2;2;2;6;750;13/09/2013
2013053208;1;2;7;1;3;750;13/09/2013
2013053209;1;2;3;2;6;750;13/09/2013
2013053210;5;2;3;2;6;750;14/09/2013
2013053211;5;2;1;3;3;750;14/09/2013
2013053212;1;2;2;1;3;750;15/09/2013
2013053213;1;2;2;1;7;750;16/09/2013
2013053214;1;2;1;2;3;750;16/09/2013
2013053215;1;2;2;1;1;750;19/09/2013
2013053216;5;2;2;1;3;750;20/09/2013
2013053217;1;2;1;1;3;750;20/09/2013
2013053218;1;2;3;1;3;750;20/09/2013
2013053219;5;2;1;1;7;750;20/09/2013
2013053220;1;2;1;1;3;750;22/09/2013
2013053221;1;2;3;1;6;750;23/09/2013
2013053222;1;2;5;1;3;750;24/09/2013
2013053223;1;2;2;1;2;750;25/09/2013
2013053224;1;2;1;1;6;750;25/09/2013
2013053225;1;2;1;1;2;750;25/09/2013
2013053226;1;2;3;1;6;750;25/09/2013
2013053227;1;2;3;1;1;750;25/09/2013
2013053228;1;2;3;1;2;750;26/09/2013
2013053229;1;2;5;1;6;750;27/09/2013
2013053230;1;2;4;1;6;750;27/09/2013
2013053231;5;2;2;1;1;750;28/09/2013
2013053232;5;2;2;2;6;750;28/09/2013
2013053233;5;2;2;2;7;750;29/09/2013
2013053234;1;2;3;1;2;750;30/09/2013
2013053235;1;2;3;1;6;750;01/10/2013
2013053236;5;2;2;1;2;750;02/10/2013
2013053237;1;2;2;1;1;750;03/10/2013
2013053238;1;2;7;1;3;750;03/10/2013
2013053239;1;2;1;1;2;750;03/10/2013
2013053240;2;2;4;1;6;750;04/10/2013
2013053241;1;2;3;1;6;750;04/10/2013
2013053242;5;2;1;1;7;750;04/10/2013
2013053243;5;2;2;1;6;750;06/10/2013
2013053244;1;2;2;1;1;750;07/10/2013
2013053245;5;2;2;1;6;750;07/10/2013
2013053246;5;2;2;1;6;750;07/10/2013
2013053247;5;2;7;1;3;750;09/10/2013
2013053248;1;2;1;1;6;750;10/10/2013
2013053249;1;2;1;2;3;750;10/10/2013
2013053250;1;2;1;2;6;750;11/10/2013
2013053251;1;2;2;3;2;750;11/10/2013
2013053252;1;2;5;1;3;750;11/10/2013
2013053253;5;2;1;2;6;750;12/10/2013
2013053254;1;2;3;1;3;750;12/10/2013
2013053255;5;2;3;1;6;750;14/10/2013
2013053256;5;2;1;1;6;750;15/10/2013
2013053257;5;2;1;1;7;750;15/10/2013
2013053258;1;2;1;1;7;750;18/10/2013
2013053259;5;2;4;1;2;750;19/10/2013
2013053260;5;2;3;1;7;750;20/10/2013
2013053261;2;2;1;1;6;750;21/10/2013
2013053262;1;2;2;1;3;750;22/10/2013
2013053263;1;2;2;1;3;750;22/10/2013
2013053264;1;2;2;1;3;750;22/10/2013
2013053265;1;2;1;1;3;750;09/10/2013
2013053266;1;2;2;1;3;750;25/10/2013
2013053267;5;2;1;2;6;750;25/10/2013
2013053268;5;2;3;2;6;750;25/10/2013
2013053269;1;2;2;2;1;750;26/10/2013
2013053270;1;2;1;1;6;750;28/10/2013
2013053271;1;2;1;1;2;750;30/10/2013
2013053272;1;2;1;1;2;750;30/10/2013
2013053273;5;2;7;1;3;750;30/10/2013
2013053274;1;2;1;1;7;750;31/10/2013
2013053275;1;2;2;1;3;750;31/10/2013
2013053276;1;2;2;1;6;750;31/10/2013
2013053277;5;2;2;2;6;750;01/11/2013
2013053278;1;2;2;2;3;750;01/11/2013
2013053279;5;2;7;2;6;750;01/11/2013
2013053280;1;2;3;2;3;750;02/11/2013
2013053281;5;2;1;2;7;750;04/11/2013
2013053282;1;2;1;2;6;750;05/11/2013
2013053283;1;2;3;2;7;750;05/11/2013
2013053284;5;2;4;1;6;750;05/11/2013
2013053285;1;2;5;1;3;750;06/11/2013
2013053286;1;2;1;1;3;750;06/11/2013
2013053287;1;2;2;2;6;750;08/11/2013
2013053288;1;2;1;1;6;750;09/11/2013
2013053289;1;2;2;2;7;750;09/11/2013
2013053290;5;2;4;3;6;750;09/11/2013
2013053291;5;2;3;3;6;750;10/11/2013
2013053292;5;2;1;2;6;750;12/11/2013
2013053293;1;2;1;1;2;750;13/11/2013
2013053294;1;2;3;1;2;750;13/11/2013
2013053295;1;2;1;1;3;750;13/11/2013
2013053296;1;2;3;1;3;750;14/11/2013
2013053297;5;2;1;2;7;750;14/11/2013
2013053298;1;2;3;1;6;750;15/11/2013
2013053299;1;2;2;1;2;750;16/11/2013
2013053300;1;2;1;1;7;750;17/11/2013
2013053301;5;2;1;1;6;750;17/11/2013
2013053302;1;2;2;1;3;750;19/11/2013
2013053303;1;2;1;1;6;750;20/11/2013
2013053304;3;2;5;2;6;750;20/11/2013
2013053305;5;2;3;2;2;750;21/11/2013
2013053306;1;2;2;1;3;750;21/11/2013
2013053307;5;2;2;1;2;750;23/11/2013
2013053308;5;2;2;1;2;750;25/11/2013
2013053309;1;2;2;1;7;750;27/11/2013
2013053310;1;2;3;1;6;750;28/11/2013
2013053311;2;2;1;8;4;750;28/11/2013
2013053312;5;2;2;2;6;750;29/11/2013
2013053313;2;2;2;8;6;750;30/11/2013
2013053314;1;2;4;1;3;750;01/12/2013
2013053315;1;2;2;1;6;750;03/12/2013
2013053316;3;2;2;1;2;750;03/12/2013
2013053317;1;2;2;1;6;750;05/12/2013
2013053318;5;2;1;1;2;750;06/12/2013
2013053319;5;2;5;1;3;750;07/12/2013
2013053320;5;2;1;1;6;750;08/12/2013
2013053321;5;2;2;1;1;750;08/12/2013
2013053322;1;2;5;1;6;750;13/12/2013
2013053323;5;2;3;2;7;750;13/12/2013
2013053324;1;2;7;1;3;750;14/12/2013
2013053325;1;2;2;1;6;750;14/12/2013
2013053326;1;2;3;1;3;750;14/12/2013
2013053327;5;2;2;1;3;750;14/12/2013
2013053328;5;2;1;1;2;750;15/12/2013
2013053329;1;2;1;1;6;750;16/12/2013
2013053330;1;2;2;1;3;750;16/12/2013
2013053331;1;2;2;1;3;750;17/12/2013
2013053332;5;2;2;1;6;750;17/12/2013
2013053333;1;2;2;1;1;750;19/12/2013
2013053334;5;2;4;1;7;750;20/12/2013
2013053335;1;2;2;1;3;750;20/12/2013
2013053336;5;2;5;1;6;750;20/12/2013
2013053337;4;2;1;1;3;750;20/12/2013
2013053338;5;2;3;1;3;750;20/12/2013
2013053339;5;2;3;1;6;750;22/12/2013
2013053340;1;2;2;1;3;750;23/12/2013
2013053341;1;2;1;2;6;750;23/12/2013
2013053342;5;2;3;3;4;750;25/12/2013
2013053343;5;2;2;2;1;750;27/12/2013
2013053344;5;2;3;1;3;750;29/12/2013
2013053345;1;2;1;2;2;750;29/12/2013
2013053346;1;2;2;1;6;750;30/12/2013
2013053347;1;2;1;2;6;750;03/01/2013
2013053348;1;2;3;1;3;750;06/01/2013
2013053349;1;2;3;1;3;750;07/01/2013
2013053350;1;2;7;1;6;750;07/01/2013
2013053351;1;2;5;2;3;750;09/01/2013
2013053352;5;2;1;1;2;750;04/01/2013
2013053353;2;2;5;1;3;750;11/01/2013
2013053354;1;2;2;1;3;750;11/01/2013
2013053355;5;2;1;1;4;750;12/01/2013
2013053356;5;2;3;4;3;750;14/01/2013
2013053357;1;2;2;1;3;750;17/01/2013
2013053358;1;2;4;1;2;750;18/01/2013
2013053359;3;2;1;4;6;750;18/01/2013
2013053360;5;2;5;4;3;750;21/01/2013
2013053361;1;2;3;4;3;750;22/01/2013
2013053362;1;2;1;1;4;750;23/01/2013
2013053363;5;2;2;1;3;750;30/01/2013
2013053364;1;2;7;2;6;750;01/02/2013
2013053365;2;2;7;2;6;750;01/02/2013
2013053366;1;2;1;1;3;750;03/02/2013
2013053367;1;2;1;8;4;750;03/02/2013
2013053368;5;2;3;2;6;750;03/02/2013
2013053369;5;2;3;1;6;750;04/02/2013
2013053370;1;2;2;2;7;750;04/02/2013
2013053371;1;2;1;1;6;750;05/02/2013
2013053372;3;2;3;2;6;750;07/02/2013
2013053373;1;2;3;2;6;750;07/02/2013
2013053374;1;2;1;1;3;750;07/02/2013
2013053375;4;2;3;2;6;750;08/02/2013
2013053376;5;2;2;2;6;750;09/02/2013
2013053377;1;2;1;8;3;750;09/02/2013
2013053378;1;2;3;4;2;750;10/02/2013
2013053379;1;2;4;1;6;750;13/02/2013
2013053380;1;2;1;1;7;750;15/02/2013
2013053381;1;2;2;1;3;750;16/02/2013
2013053382;1;2;5;1;6;750;18/02/2013
2013053383;5;2;1;1;6;750;20/02/2013
2013053384;1;2;3;1;2;750;21/02/2013
2013053385;1;2;3;1;6;750;22/02/2013
2013053386;5;2;1;1;6;750;23/02/2013
2013053387;1;2;2;1;2;750;26/02/2013
2013053388;1;2;3;8;6;750;28/02/2013
2013053389;5;2;3;1;2;750;28/02/2013
2013053390;3;2;1;1;7;750;28/02/2013
2013053391;5;2;2;1;2;750;01/03/2013
2013053392;1;2;5;1;2;750;03/03/2013
2013053393;1;2;2;2;7;750;08/03/2013
2013053394;1;2;2;2;6;750;08/03/2013
2013053395;2;2;1;4;7;750;12/03/2013
2013053396;1;2;3;4;6;750;12/03/2013
2013053397;5;2;1;1;6;750;14/03/2013
2013053398;1;2;2;1;3;750;14/03/2013
2013053399;5;2;4;1;6;750;17/03/2013
2013053400;1;2;2;2;5;750;19/03/2013
2013053401;2;2;1;1;6;750;21/03/2013
2013053402;1;2;4;1;2;750;21/03/2013
2013053403;5;2;5;2;6;750;21/03/2013
2013053404;3;2;7;1;6;750;23/03/2013
2013053405;1;2;2;1;3;750;24/03/2013
2013053406;1;2;1;1;3;750;25/03/2013
2013053407;1;2;2;1;3;750;25/03/2013
2013053408;5;2;1;1;3;750;28/03/2013
2013053409;1;2;7;1;2;750;30/03/2013
2013053410;1;2;3;8;2;750;30/03/2013
2013053411;5;2;1;1;6;750;02/04/2013
2013053412;1;2;4;1;7;750;04/04/2013
2013053413;1;2;3;2;6;750;04/04/2013
2013053414;1;2;2;1;7;750;05/04/2013
2013053415;5;2;7;1;3;750;07/04/2013
2013053416;1;2;1;1;3;750;12/04/2013
2013053417;5;2;1;1;6;750;15/04/2013
2013053418;1;2;4;2;6;750;15/04/2013
2013053419;1;2;2;1;3;750;15/04/2013
2013053420;1;2;5;1;6;750;17/04/2013
2013053421;1;2;2;1;6;750;17/04/2013
2013053422;1;2;4;2;6;750;19/04/2013
2013053423;1;2;1;1;6;750;19/04/2013
2013053424;5;2;5;1;3;750;19/04/2013
2013053425;1;2;3;1;6;750;20/04/2013
2013053426;1;2;1;1;6;750;23/04/2013
2013053427;1;2;4;1;6;750;23/04/2013
2013053428;1;2;3;1;2;750;23/04/2013
2013053429;1;2;5;1;6;750;24/04/2013
2013053430;1;2;7;1;3;750;25/04/2013
2013053431;1;2;2;1;6;750;09/05/2013
2013053432;1;2;1;1;6;750;10/05/2013
2013053433;1;2;4;1;6;750;11/05/2013
2013053434;1;2;5;1;3;750;13/05/2013
2013053435;1;2;1;1;3;750;14/05/2013
2013053436;5;2;5;1;6;750;17/05/2013
2013053437;1;2;7;2;7;750;16/05/2013
2013053438;5;2;3;2;6;750;19/05/2013
2013053439;5;2;7;2;6;750;18/05/2013
2013053440;1;2;4;2;3;750;21/05/2013
2013053441;1;2;4;2;2;750;21/05/2013
2013053442;1;2;7;2;6;750;22/05/2013
2013053443;1;2;4;1;4;750;23/05/2013
2013053444;1;2;2;2;3;750;24/05/2013
2013053445;1;2;1;1;2;750;25/05/2013
2013053446;1;2;1;1;5;750;27/05/2013
2013053447;1;2;3;1;3;750;28/05/2013
2013053448;5;2;2;1;6;750;29/05/2013
2013053449;1;2;5;1;1;750;30/05/2013
2013053450;1;2;4;1;3;750;02/06/2013
2013053451;1;2;7;1;2;750;03/06/2013
2013053452;1;2;1;1;3;750;04/06/2013
2013053453;1;2;2;1;3;750;04/06/2013
2013053454;1;2;4;1;6;750;04/06/2013
2013053455;1;2;2;1;6;750;05/06/2013
2013053456;1;2;2;7;6;750;05/06/2013
2013053457;1;2;7;1;7;750;05/06/2013
2013053458;1;2;3;1;6;750;05/06/2013
2013053459;1;2;2;1;6;750;05/06/2013
2013053460;1;2;1;1;5;750;06/06/2013
2013053461;1;2;5;1;3;750;06/06/2013
2013053462;1;2;3;1;3;750;07/06/2013
2013053463;1;2;4;1;3;750;07/06/2013
2013053464;1;2;3;8;6;750;12/06/2013
2013053465;5;2;4;1;6;750;13/06/2013
2013053466;1;2;1;1;6;750;14/06/2013
2013053467;1;2;2;1;3;750;15/06/2013
2013053468;1;2;1;1;6;750;15/06/2013
2013053469;1;2;2;1;7;750;18/06/2013
2013053470;5;2;2;1;6;750;19/06/2013
2013053471;1;2;7;3;3;750;20/06/2013
2013053472;1;2;3;2;6;750;20/06/2013
2013053473;1;2;2;2;1;750;20/06/2013
2013053474;1;2;1;1;6;750;20/06/2013
2013053475;1;2;2;1;3;750;21/06/2013
2013053476;1;2;2;1;3;750;23/06/2013
2013053477;1;2;1;1;6;750;26/06/2013
2013053478;1;2;3;2;3;750;27/06/2013
2013053479;1;2;2;1;2;750;28/06/2013
2013053480;1;2;2;1;1;750;30/06/2013
2013053481;1;2;1;1;3;750;01/07/2013
2013053482;1;2;5;1;3;750;03/07/2013
2013053483;1;2;1;1;3;750;05/07/2013
2013053484;1;2;2;1;3;750;05/07/2013
2013053485;1;2;1;1;3;750;06/07/2013
2013053486;1;2;1;1;6;750;09/07/2013
2013053487;5;2;1;1;7;750;12/07/2013
2013053488;1;2;3;1;2;750;12/07/2013
2013053489;1;2;4;1;6;750;12/07/2013
2013053490;1;2;1;1;6;750;12/07/2013
2013053491;2;2;3;1;6;750;14/07/2013
2013053492;1;2;2;1;2;750;14/07/2013
2013053493;1;2;3;1;6;750;15/07/2013
2013053494;1;2;1;1;6;750;15/07/2013
2013053495;1;2;4;1;3;750;16/07/2013
2013053496;1;2;1;1;6;750;16/07/2013
2013053497;1;2;2;1;3;750;17/07/2013
2013053498;1;2;4;1;2;750;17/07/2013
2013053499;1;2;3;1;3;750;22/07/2013
2013053500;5;2;7;1;3;750;24/07/2013
2013053501;5;2;2;1;3;750;28/07/2013
2013053502;1;2;3;3;6;750;29/07/2013
2013053503;5;2;5;2;6;750;29/07/2013
2013053504;1;2;3;1;7;750;31/07/2013
2013053505;5;2;4;1;3;750;04/08/2013
2013053506;1;2;7;1;6;750;10/08/2013
2013053507;1;2;1;1;7;750;10/08/2013
2013053508;1;2;1;1;7;750;13/08/2013
2013053509;1;2;1;1;6;750;17/08/2013
2013053510;5;2;1;1;6;750;19/08/2013
2013053511;1;2;4;1;3;750;19/08/2013
2013053512;5;2;2;1;6;750;20/08/2013
2013053513;5;2;1;1;6;750;21/08/2013
2013053514;1;2;2;1;3;750;22/08/2013
2013053515;1;2;3;1;3;750;22/08/2013
2013053516;3;2;1;2;6;750;25/08/2013
2013053517;1;2;5;1;2;750;27/08/2013
2013053518;1;2;2;1;6;750;28/08/2013
2013053519;1;2;7;1;7;750;29/08/2013
2013053520;1;2;1;1;2;750;29/08/2013
2013053521;1;2;2;1;3;750;30/08/2013
2013053522;1;2;1;8;2;750;31/08/2013
2013053523;1;2;1;1;6;750;01/09/2013
2013053524;1;2;1;1;4;750;04/09/2013
2013053525;1;2;1;3;3;750;06/09/2013
2013053526;5;2;5;1;4;750;06/09/2013
2013053527;1;2;5;1;1;750;07/09/2013
2013053528;2;2;5;1;6;750;07/09/2013
2013053529;5;2;2;1;2;750;07/09/2013
2013053530;1;2;1;3;7;750;09/09/2013
2013053531;5;2;1;1;6;750;12/09/2013
2013053532;1;2;1;2;6;750;16/09/2013
2013053533;1;2;3;2;7;750;16/09/2013
2013053534;1;2;1;1;3;750;16/09/2013
2013053535;1;2;1;2;3;750;17/09/2013
2013053536;1;2;1;1;3;750;20/09/2013
2013053537;5;2;1;1;6;750;22/09/2013
2013053538;1;2;1;1;6;750;23/09/2013
2013053539;1;2;1;1;3;750;23/09/2013
2013053540;1;2;7;1;6;750;24/09/2013
2013053541;5;2;3;1;6;750;26/09/2013
2013053542;1;2;1;1;6;750;26/09/2013
2013053543;1;2;2;1;2;750;26/09/2013
2013053544;1;2;2;1;3;750;27/09/2013
2013053545;5;2;5;1;3;750;27/09/2013
2013053546;5;2;1;1;7;750;28/09/2013
2013053547;5;2;5;2;3;750;29/09/2013
2013053548;1;2;2;2;3;750;29/09/2013
2013053549;1;2;3;1;2;750;30/09/2013
2013053550;1;2;7;1;6;750;01/10/2013
2013053551;1;2;1;1;6;750;02/10/2013
2013053552;1;2;1;1;1;750;03/10/2013
2013053553;5;2;2;3;6;750;04/10/2013
2013053554;2;2;3;8;6;750;04/10/2013
2013053555;5;2;4;1;6;750;04/10/2013
2013053556;1;2;1;1;6;750;06/10/2013
2013053557;1;2;1;1;2;750;07/10/2013
2013053558;1;2;1;1;6;750;08/10/2013
2013053559;1;2;1;1;3;750;08/10/2013
2013053560;2;2;3;2;1;750;09/10/2013
2013053561;2;2;7;8;6;750;10/10/2013
2013053562;5;2;7;9;3;750;11/10/2013
2013053563;1;2;7;2;3;750;11/10/2013
2013053564;1;2;3;1;6;750;15/10/2013
2013053565;1;2;5;1;3;750;15/10/2013
2013053566;1;2;2;2;7;750;16/10/2013
2013053567;1;2;1;1;1;750;17/10/2013
2013053568;5;2;1;1;6;750;17/10/2013
2013053569;1;2;3;8;6;750;18/10/2013
2013053570;1;2;1;1;2;750;18/10/2013
2013053571;1;2;7;1;3;750;19/10/2013
2013053572;1;2;1;1;6;750;21/10/2013
2013053573;1;2;7;1;3;750;22/10/2013
2013053574;1;2;3;8;6;750;24/10/2013
2013053575;5;2;1;2;3;750;25/10/2013
2013053576;1;2;3;2;2;750;25/10/2013
2013053577;2;2;1;1;6;750;25/10/2013
2013053578;1;2;7;2;6;750;26/10/2013
2013053579;5;2;1;1;2;750;26/10/2013
2013053580;1;2;3;2;6;750;28/10/2013
2013053581;2;2;1;2;6;750;01/11/2013
2013053582;3;2;5;2;3;750;01/11/2013
2013053583;1;2;5;8;3;750;02/11/2013
2013053584;5;2;7;2;6;750;02/11/2013
2013053585;1;2;2;7;4;750;03/11/2013
2013053586;1;2;5;1;2;750;03/11/2013
2013053587;5;2;3;1;6;750;03/11/2013
2013053588;5;2;3;3;6;750;03/11/2013
2013053589;1;2;1;3;6;750;05/11/2013
2013053590;1;2;4;1;3;750;07/11/2013
2013053591;5;2;5;2;6;750;07/11/2013
2013053592;5;2;1;1;6;750;08/11/2013
2013053593;1;2;4;1;7;750;13/11/2013
2013053594;1;2;2;1;6;750;14/11/2013
2013053595;2;2;1;1;6;750;14/11/2013
2013053596;1;2;1;2;7;750;14/11/2013
2013053597;5;2;2;1;3;750;14/11/2013
2013053598;5;2;1;1;6;750;17/11/2013
2013053599;5;2;4;1;3;750;18/11/2013
2013053600;5;2;2;2;2;750;19/11/2013
2013053601;1;2;1;1;3;750;22/11/2013
2013053602;5;2;7;1;6;750;25/11/2013
2013053603;1;2;1;1;6;750;26/11/2013
2013053604;4;2;3;1;3;750;27/11/2013
2013053605;1;2;1;1;7;750;28/11/2013
2013053606;2;2;1;2;6;750;28/11/2013
2013053607;5;2;3;2;6;750;29/11/2013
2013053608;4;2;3;1;6;750;30/11/2013
2013053609;5;2;2;1;6;750;02/12/2013
2013053610;1;2;2;1;6;750;03/12/2013
2013053611;1;2;3;1;2;750;05/12/2013
2013053612;5;2;1;1;6;750;06/12/2013
2013053613;1;2;1;1;6;750;07/12/2013
2013053614;5;2;2;1;7;750;07/12/2013
2013053615;1;2;1;1;6;750;08/12/2013
2013053616;1;2;3;1;2;750;10/12/2013
2013053617;1;2;1;1;2;750;12/12/2013
2013053618;1;2;1;1;7;750;12/12/2013
2013053619;1;2;2;1;3;750;12/12/2013
2013053620;1;2;1;8;6;750;14/12/2013
2013053621;5;2;1;1;7;750;16/12/2013
2013053622;2;2;3;7;6;750;20/12/2013
2013053623;1;2;4;1;6;750;23/12/2013
2013053624;1;2;1;2;6;750;24/12/2013
2013053625;1;2;5;3;6;750;24/12/2013
2013053626;5;2;3;2;3;750;24/12/2013
2013053627;5;2;1;2;6;750;25/12/2013
2013053628;4;2;1;2;3;750;25/12/2013
2013053629;1;2;4;2;3;750;31/12/2013
2013053630;1;2;3;1;3;750;02/01/2013
2013053631;5;2;2;1;6;750;04/01/2013
2013053632;1;2;4;2;7;750;10/01/2013
2013053633;1;2;7;2;2;750;10/01/2013
2013053634;5;2;1;2;7;750;11/01/2013
2013053635;5;2;3;2;3;750;11/01/2013
2013053636;3;2;1;2;6;750;13/01/2013
2013053637;1;2;5;4;7;750;16/01/2013
2013053638;1;2;3;1;6;750;16/01/2013
2013053639;5;2;1;4;7;750;19/01/2013
2013053640;5;2;5;2;6;750;22/01/2013
2013053641;2;2;2;1;6;750;23/01/2013
2013053642;1;2;2;1;3;750;24/01/2013
2013053643;1;2;1;1;6;750;24/01/2013
2013053644;5;2;3;1;6;750;24/01/2013
2013053645;5;2;2;1;3;750;26/01/2013
2013053646;5;2;1;1;7;750;26/01/2013
2013053647;5;2;1;1;6;750;27/01/2013
2013053648;5;2;2;1;3;750;27/01/2013
2013053649;1;2;2;1;3;750;28/01/2013
2013053650;5;2;5;2;6;750;30/01/2013
2013053651;1;2;1;3;6;750;30/01/2013
2013053652;1;2;5;8;7;750;30/01/2013
2013053653;1;2;2;1;6;750;31/01/2013
2013053654;3;2;2;3;3;750;02/02/2013
2013053655;1;2;7;8;3;750;04/02/2013
2013053656;5;2;1;1;3;750;04/02/2013
2013053657;1;2;1;1;6;750;07/02/2013
2013053658;5;2;2;1;6;750;10/02/2013
2013053659;1;2;1;8;6;750;12/02/2013
2013053660;1;2;2;1;6;750;13/02/2013
2013053661;5;2;2;2;3;750;14/02/2013
2013053662;1;2;2;1;3;750;15/02/2013
2013053663;1;2;1;1;6;750;15/02/2013
2013053664;1;2;1;1;3;750;15/02/2013
2013053665;1;2;2;1;6;750;15/02/2013
2013053666;1;2;1;1;6;750;18/02/2013
2013053667;1;2;2;1;6;750;18/02/2013
2013053668;1;2;5;1;6;750;19/02/2013
2013053669;1;2;2;1;6;750;19/02/2013
2013053670;1;2;1;1;3;750;21/02/2013
2013053671;1;2;2;1;6;750;25/02/2013
2013053672;1;2;2;8;1;750;25/02/2013
2013053673;5;2;2;2;6;750;25/02/2013
2013053674;5;2;1;1;3;750;01/03/2013
2013053675;5;2;2;1;3;750;03/03/2013
2013053676;1;2;2;1;7;750;04/03/2013
2013053677;1;2;2;1;1;750;04/03/2013
2013053678;1;2;2;1;2;750;04/03/2013
2013053679;1;2;1;1;6;750;05/03/2013
2013053680;1;2;7;1;6;750;05/03/2013
2013053681;1;2;3;1;6;750;06/03/2013
2013053682;1;2;3;2;6;750;08/03/2013
2013053683;5;2;3;2;6;750;08/03/2013
2013053684;1;2;1;1;6;750;13/03/2013
2013053685;1;2;3;1;7;750;20/03/2013
2013053686;1;2;4;1;3;750;21/03/2013
2013053687;4;2;3;1;2;750;23/03/2013
2013053688;5;2;2;1;6;750;24/03/2013
2013053689;1;2;2;1;2;750;25/03/2013
2013053690;1;2;1;1;6;750;27/03/2013
2013053691;1;2;5;8;3;750;28/03/2013
2013053692;1;2;5;1;3;750;31/03/2013
2013053693;1;2;2;1;6;750;02/04/2013
2013053694;1;2;5;1;6;750;06/04/2013
2013053695;1;2;2;1;6;750;07/04/2013
2013053696;1;2;1;1;6;750;10/04/2013
2013053697;2;2;2;2;3;750;10/04/2013
2013053698;1;2;1;1;6;750;11/04/2013
2013053699;1;2;1;1;2;750;11/04/2013
2013053700;3;2;2;1;3;750;12/04/2013
2013053701;1;2;1;1;6;750;16/04/2013
2013053702;1;2;1;1;3;750;16/04/2013
2013053703;5;2;1;1;6;750;16/04/2013
2013053704;1;2;1;1;6;750;17/04/2013
2013053705;1;2;1;1;3;750;20/04/2013
2013053706;1;2;1;1;3;750;20/04/2013
2013053707;1;2;2;1;6;750;20/04/2013
2013053708;5;2;1;1;2;750;21/04/2013
2013053709;1;2;2;1;3;750;22/04/2013
2013053710;5;2;1;1;6;750;22/04/2013
2013053711;5;2;2;1;3;750;20/04/2013
2013053712;1;2;2;1;6;750;25/04/2013
2013053713;1;2;1;1;6;750;25/04/2013
2013053714;1;2;7;1;2;750;26/04/2013
2013053715;1;2;2;2;2;750;26/04/2013
2013053716;1;2;1;1;6;750;03/05/2013
2013053717;1;2;3;1;2;750;02/05/2013
2013053718;1;2;5;1;2;750;04/05/2013
2013053719;5;2;1;1;3;750;04/05/2013
2013053720;1;2;3;1;6;750;05/05/2013
2013053721;1;2;1;2;6;750;06/05/2013
2013053722;1;2;4;1;6;750;07/05/2013
2013053723;1;2;1;1;4;750;14/05/2013
2013053724;1;2;1;1;2;750;17/05/2013
2013053725;5;2;3;8;3;750;19/05/2013
2013053726;5;2;2;3;6;750;20/05/2013
2013053727;1;2;1;1;6;750;21/05/2013
2013053728;5;2;2;1;3;750;21/05/2013
2013053729;1;2;1;1;7;750;22/05/2013
2013053730;2;2;1;2;6;750;23/05/2013
2013053731;1;2;1;2;6;750;24/05/2013
2013053732;1;2;1;2;6;750;24/05/2013
2013053733;1;2;1;1;3;750;25/05/2013
2013053734;1;2;4;1;3;750;26/05/2013
2013053735;1;2;2;1;6;750;26/05/2013
2013053736;1;2;1;1;2;750;27/05/2013
2013053737;1;2;4;1;3;750;29/05/2013
2013053738;1;2;1;2;3;750;30/05/2013
2013053739;5;2;1;3;2;750;30/05/2013
2013053740;1;2;1;1;6;750;31/05/2013
2013053741;1;2;1;1;6;750;31/05/2013
2013053742;1;2;3;1;1;750;31/05/2013
2013053743;3;2;7;1;6;750;31/05/2013
2013053744;1;2;1;1;6;750;01/06/2013
2013053745;1;2;1;1;3;750;03/06/2013
2013053746;1;2;2;1;3;750;03/06/2013
2013053747;1;2;2;1;6;750;03/06/2013
2013053748;1;2;2;1;6;750;04/06/2013
2013053749;1;2;7;1;6;750;04/06/2013
2013053750;1;2;1;1;4;750;05/06/2013
2013053751;1;2;1;1;2;750;05/06/2013
2013053752;1;2;7;1;3;750;07/06/2013
2013053753;2;2;2;2;6;750;09/06/2013
2013053754;1;2;3;8;3;750;09/06/2013
2013053755;1;2;1;1;3;750;10/06/2013
2013053756;1;2;2;1;1;750;10/06/2013
2013053757;5;2;3;1;6;750;12/06/2013
2013053758;1;2;1;2;6;750;13/06/2013
2013053759;1;2;1;1;3;750;13/06/2013
2013053760;1;2;1;1;6;750;14/06/2013
2013053761;5;2;2;1;6;750;15/06/2013
2013053762;1;2;1;3;6;750;17/06/2013
2013053763;1;2;3;1;6;750;17/06/2013
2013053764;1;2;5;1;6;750;18/06/2013
2013053765;1;2;3;1;3;750;18/06/2013
2013053766;1;2;3;1;6;750;20/06/2013
2013053767;1;2;2;1;1;750;21/06/2013
2013053768;1;2;1;1;7;750;22/06/2013
2013053769;1;2;7;1;2;750;22/06/2013
2013053770;1;2;1;1;7;750;24/06/2013
2013053771;5;2;2;1;2;750;25/06/2013
2013053772;1;2;1;1;6;750;25/06/2013
2013053773;1;2;1;1;6;750;25/06/2013
2013053774;1;2;3;1;6;750;26/06/2013
2013053775;1;2;1;2;6;750;27/06/2013
2013053776;1;2;1;1;6;750;27/06/2013
2013053777;1;2;5;1;6;750;28/06/2013
2013053778;5;2;1;8;6;750;29/06/2013