num_acc;lum;agg;inter;atm;col;dep;date
2013054934;1;2;2;2;2;750;17/03/2013
2013054935;1;2;1;2;3;750;17/03/2013
2013054936;5;2;1;2;2;750;19/03/2013
2013054937;1;2;2;1;3;750;20/03/2013
2013054938;1;2;1;1;2;750;22/03/2013
2013054939;5;2;7;1;3;750;23/03/2013
2013054940;5;2;1;1;3;750;23/03/2013
2013054941;1;2;1;1;6;750;26/03/2013
2013054942;5;2;1;1;7;750;26/03/2013
2013054943;5;2;1;1;6;750;28/03/2013
2013054944;2;2;2;1;3;750;30/03/2013
2013054945;5;2;3;1;6;750;30/03/2013
2013054946;1;2;2;1;3;750;31/03/2013
2013054947;1;2;5;1;6;750;01/04/2013
2013054948;1;2;5;1;7;750;01/04/2013
2013054949;5;2;1;1;3;750;02/04/2013
2013054950;1;2;7;1;6;750;02/04/2013
2013054951;1;2;5;8;3;750;04/04/2013
2013054952;5;2;1;1;6;750;04/04/2013
2013054953;1;2;1;1;6;750;05/04/2013
2013054954;1;2;2;1;3;750;05/04/2013
2013054955;1;2;5;1;3;750;06/04/2013
2013054956;1;2;5;1;6;750;06/04/2013
2013054957;1;2;1;1;3;750;07/04/2013
2013054958;1;2;2;1;2;750;11/04/2013
2013054959;1;2;1;1;6;750;11/04/2013
2013054960;1;2;1;1;6;750;12/04/2013
2013054961;5;2;1;1;6;750;12/04/2013
2013054962;1;2;2;1;6;750;13/04/2013
2013054963;5;2;1;1;2;750;16/04/2013
2013054964;1;2;2;1;6;750;18/04/2013
2013054965;1;2;1;1;3;750;19/04/2013
2013054966;1;2;5;2;6;750;19/04/2013
2013054967;5;2;5;1;3;750;19/04/2013
2013054968;1;2;1;1;6;750;20/04/2013
2013054969;1;2;1;1;3;750;20/04/2013
2013054970;5;2;5;1;6;750;21/04/2013
2013054971;1;2;1;1;6;750;22/04/2013
2013054972;1;2;5;1;3;750;22/04/2013
2013054973;1;2;4;1;3;750;24/04/2013
2013054974;1;2;5;1;3;750;25/04/2013
2013054975;2;2;1;1;4;750;25/04/2013
2013054976;1;2;1;1;6;750;27/04/2013
2013054977;1;2;1;1;6;750;28/04/2013
2013054978;1;2;3;1;2;750;30/04/2013
2013054979;5;2;4;2;2;750;01/05/2013
2013054980;1;2;2;1;3;750;01/05/2013
2013054981;1;2;1;3;6;750;01/05/2013
2013054982;1;2;2;3;3;750;01/05/2013
2013054983;2;2;4;1;7;750;03/05/2013
2013054984;5;2;5;1;3;750;06/05/2013
2013054985;1;2;3;2;6;750;06/05/2013
2013054986;1;2;5;2;3;750;06/05/2013
2013054987;1;2;1;1;6;750;07/05/2013
2013054988;1;2;5;1;7;750;08/05/2013
2013054989;1;2;1;1;6;750;09/05/2013
2013054990;1;2;2;1;2;750;11/05/2013
2013054991;1;2;3;1;6;750;11/05/2013
2013054992;2;2;1;1;6;750;11/05/2013
2013054993;1;2;2;1;3;750;11/05/2013
2013054994;2;2;4;1;6;750;15/05/2013
2013054995;1;2;2;1;6;750;15/05/2013
2013054996;5;2;4;2;1;750;19/05/2013
2013054997;1;2;2;1;6;750;22/05/2013
2013054998;2;2;1;2;6;750;24/05/2013
2013054999;1;2;3;2;6;750;25/05/2013
2013055000;1;2;5;1;3;750;26/05/2013
2013055001;1;2;1;1;6;750;26/05/2013
2013055002;1;2;5;1;6;750;28/05/2013
2013055003;1;2;2;1;3;750;28/05/2013
2013055004;5;2;5;2;6;750;30/05/2013
2013055005;5;2;1;3;6;750;30/05/2013
2013055006;5;2;4;1;2;750;01/06/2013
2013055007;1;2;7;1;6;750;02/06/2013
2013055008;1;2;2;1;2;750;02/06/2013
2013055009;1;2;4;1;3;750;02/06/2013
2013055010;1;2;5;1;6;750;02/06/2013
2013055011;1;2;5;1;3;750;04/06/2013
2013055012;1;2;1;1;6;750;06/06/2013
2013055013;1;2;3;1;6;750;07/06/2013
2013055014;1;2;3;1;6;750;08/06/2013
2013055015;1;2;2;2;3;750;09/06/2013
2013055016;1;2;3;1;3;750;10/06/2013
2013055017;1;2;7;1;6;750;12/06/2013
2013055018;1;2;7;1;2;750;12/06/2013
2013055019;1;2;4;2;3;750;13/06/2013
2013055020;1;2;5;1;6;750;13/06/2013
2013055021;1;2;3;1;6;750;15/06/2013
2013055022;5;2;1;1;6;750;17/06/2013
2013055023;1;2;3;3;6;750;17/06/2013
2013055024;2;2;5;3;2;750;19/06/2013
2013055025;1;2;3;1;2;750;21/06/2013
2013055026;1;2;2;1;6;750;25/06/2013
2013055027;1;2;2;2;1;750;27/06/2013
2013055028;1;2;2;1;6;750;27/06/2013
2013055029;1;2;2;2;3;750;28/06/2013
2013055030;2;2;4;1;6;750;28/06/2013
2013055031;1;2;3;1;1;750;29/06/2013
2013055032;1;2;1;1;3;750;01/07/2013
2013055033;1;2;3;1;6;750;02/07/2013
2013055034;1;2;1;1;6;750;02/07/2013
2013055035;1;2;2;2;3;750;03/07/2013
2013055036;1;2;3;8;3;750;03/07/2013
2013055037;1;2;5;1;7;750;04/07/2013
2013055038;1;2;1;1;6;750;06/07/2013
2013055039;1;2;3;1;3;750;08/07/2013
2013055040;1;2;4;1;6;750;09/07/2013
2013055041;2;2;1;1;6;750;09/07/2013
2013055042;1;2;5;1;6;750;12/07/2013
2013055043;1;2;2;1;3;750;12/07/2013
2013055044;1;2;5;1;3;750;12/07/2013
2013055045;1;2;5;1;6;750;13/07/2013
2013055046;1;2;1;1;2;750;14/07/2013
2013055047;1;2;2;1;6;750;16/07/2013
2013055048;1;2;4;1;2;750;16/07/2013
2013055049;5;2;5;1;3;750;17/07/2013
2013055050;1;2;2;1;6;750;18/07/2013
2013055051;1;2;2;1;2;750;19/07/2013
2013055052;1;2;5;1;6;750;20/07/2013
2013055053;1;2;1;1;6;750;21/07/2013
2013055054;1;2;1;1;3;750;22/07/2013
2013055055;1;2;1;1;6;750;22/07/2013
2013055056;1;2;3;1;3;750;23/07/2013
2013055057;1;2;1;1;6;750;24/07/2013
2013055058;1;2;7;1;6;750;24/07/2013
2013055059;5;2;4;1;3;750;25/07/2013
2013055060;1;2;2;1;3;750;25/07/2013
2013055061;1;2;1;1;7;750;26/07/2013
2013055062;1;2;4;1;2;750;25/07/2013
2013055063;1;2;1;1;6;750;26/07/2013
2013055064;1;2;1;1;3;750;29/07/2013
2013055065;1;2;7;1;3;750;29/07/2013
2013055066;1;2;3;1;6;750;29/07/2013
2013055067;1;2;3;1;3;750;01/08/2013
2013055068;2;2;1;1;6;750;01/08/2013
2013055069;1;2;3;1;6;750;03/08/2013
2013055070;2;2;1;1;5;750;03/08/2013
2013055071;2;2;5;1;3;750;06/08/2013
2013055072;5;2;1;1;6;750;06/08/2013
2013055073;5;2;7;1;3;750;09/08/2013
2013055074;1;2;1;1;3;750;09/08/2013
2013055075;1;2;2;1;3;750;10/08/2013
2013055076;5;2;1;1;6;750;12/08/2013
2013055077;1;2;3;1;2;750;12/08/2013
2013055078;1;2;2;1;3;750;13/08/2013
2013055079;5;2;1;2;3;750;13/08/2013
2013055080;1;2;1;1;4;750;15/08/2013
2013055081;1;2;1;1;3;750;16/08/2013
2013055082;1;2;2;1;3;750;16/08/2013
2013055083;1;2;1;1;6;750;17/08/2013
2013055084;5;2;2;1;6;750;19/08/2013
2013055085;5;2;2;1;6;750;20/08/2013
2013055086;5;2;2;1;3;750;21/08/2013
2013055087;1;2;7;1;6;750;22/08/2013
2013055088;1;2;1;1;3;750;24/08/2013
2013055089;1;2;1;1;6;750;28/08/2013
2013055090;1;2;2;1;7;750;28/08/2013
2013055091;5;2;2;1;3;750;02/09/2013
2013055092;5;2;1;1;3;750;02/09/2013
2013055093;5;2;4;1;2;750;03/09/2013
2013055094;5;2;1;1;6;750;04/09/2013
2013055095;1;2;5;2;6;750;06/09/2013
2013055096;5;2;1;1;6;750;06/09/2013
2013055097;1;2;1;1;6;750;08/09/2013
2013055098;5;2;4;2;3;750;11/09/2013
2013055099;1;2;5;1;6;750;12/09/2013
2013055100;1;2;2;2;3;750;13/09/2013
2013055101;1;2;2;2;6;750;13/09/2013
2013055102;5;2;2;2;6;750;13/09/2013
2013055103;5;2;1;2;6;750;14/09/2013
2013055104;1;2;1;2;6;750;14/09/2013
2013055105;1;2;1;2;6;750;18/09/2013
2013055106;5;2;1;1;6;750;20/09/2013
2013055107;2;2;1;1;6;750;22/09/2013
2013055108;1;2;3;1;1;750;23/09/2013
2013055109;1;2;3;1;2;750;23/09/2013
2013055110;1;2;3;1;6;750;24/09/2013
2013055111;5;2;2;1;2;750;25/09/2013
2013055112;1;2;1;1;2;750;25/09/2013
2013055113;1;2;2;2;2;750;28/09/2013
2013055114;1;2;2;1;6;750;28/09/2013
2013055115;1;2;5;1;7;750;29/09/2013
2013055116;5;2;7;1;6;750;29/09/2013
2013055117;5;2;3;2;1;750;30/09/2013
2013055118;1;2;2;1;6;750;30/09/2013
2013055119;1;2;2;1;6;750;02/10/2013
2013055120;1;2;1;1;6;750;02/10/2013
2013055121;1;2;4;1;2;750;02/10/2013
2013055122;5;2;1;1;3;750;02/10/2013
2013055123;5;2;5;2;2;750;03/10/2013
2013055124;1;2;4;1;6;750;04/10/2013
2013055125;5;2;1;1;6;750;04/10/2013
2013055126;5;2;5;1;6;750;04/10/2013
2013055127;5;2;5;1;6;750;04/10/2013
2013055128;5;2;1;1;6;750;05/10/2013
2013055129;1;2;2;1;3;750;07/10/2013
2013055130;1;2;1;1;2;750;11/10/2013
2013055131;5;2;3;1;3;750;11/10/2013
2013055132;5;2;1;1;3;750;11/10/2013
2013055133;5;2;3;1;3;750;13/10/2013
2013055134;1;2;2;1;6;750;13/10/2013
2013055135;5;2;1;1;6;750;13/10/2013
2013055136;1;2;1;1;3;750;14/10/2013
2013055137;1;2;1;1;6;750;15/10/2013
2013055138;1;2;3;1;3;750;15/10/2013
2013055139;1;2;2;1;7;750;10/10/2013
2013055140;1;2;2;1;2;750;16/10/2013
2013055141;1;2;1;2;6;750;16/10/2013
2013055142;1;2;1;3;2;750;16/10/2013
2013055143;5;2;7;2;6;750;19/10/2013
2013055144;2;2;2;2;3;750;20/10/2013
2013055145;5;2;1;8;6;750;20/10/2013
2013055146;1;2;2;1;6;750;22/10/2013
2013055147;1;2;3;1;2;750;23/10/2013
2013055148;1;2;1;1;4;750;23/10/2013
2013055149;4;2;5;1;6;750;24/10/2013
2013055150;5;2;1;2;3;750;25/10/2013
2013055151;1;2;3;1;6;750;27/10/2013
2013055152;5;2;1;2;3;750;27/10/2013
2013055153;1;2;2;1;3;750;28/10/2013
2013055154;5;2;5;1;6;750;28/10/2013
2013055155;1;2;4;1;3;750;29/10/2013
2013055156;5;2;2;1;6;750;30/10/2013
2013055157;5;2;1;3;6;750;01/11/2013
2013055158;1;2;2;1;6;750;02/11/2013
2013055159;5;2;4;1;3;750;03/11/2013
2013055160;1;2;1;1;6;750;04/11/2013
2013055161;1;2;5;2;6;750;04/11/2013
2013055162;1;2;2;2;3;750;05/11/2013
2013055163;5;2;2;2;2;750;06/11/2013
2013055164;5;2;1;1;6;750;06/11/2013
2013055165;5;2;1;1;6;750;06/11/2013
2013055166;5;2;5;2;6;750;07/11/2013
2013055167;1;2;1;1;6;750;07/11/2013
2013055168;1;2;3;1;3;750;07/11/2013
2013055169;5;2;2;1;6;750;09/11/2013
2013055170;1;2;2;2;6;750;09/11/2013
2013055171;1;2;1;2;3;750;12/11/2013
2013055172;5;2;3;2;2;750;12/11/2013
2013055173;5;2;1;2;2;750;12/11/2013
2013055174;1;2;3;1;2;750;13/11/2013
2013055175;5;2;2;1;6;750;13/11/2013
2013055176;5;2;3;1;6;750;13/11/2013
2013055177;5;2;3;1;2;750;16/11/2013
2013055178;1;2;2;1;3;750;16/11/2013
2013055179;5;2;2;1;3;750;17/11/2013
2013055180;2;2;1;2;6;750;19/11/2013
2013055181;5;2;2;2;3;750;21/11/2013
2013055182;5;2;3;1;6;750;21/11/2013
2013055183;1;2;2;1;6;750;22/11/2013
2013055184;1;2;1;1;6;750;22/11/2013
2013055185;1;2;3;1;6;750;23/11/2013
2013055186;1;2;2;1;3;750;23/11/2013
2013055187;1;2;3;8;7;750;23/11/2013
2013055188;1;2;3;1;2;750;24/11/2013
2013055189;5;2;1;1;6;750;25/11/2013
2013055190;5;2;3;1;6;750;28/11/2013
2013055191;5;2;1;9;6;750;19/11/2013
2013055192;5;2;1;2;6;750;29/11/2013
2013055193;1;2;1;1;7;750;30/11/2013
2013055194;5;2;1;1;2;750;01/12/2013
2013055195;5;2;2;1;6;750;03/12/2013
2013055196;5;2;3;1;3;750;03/12/2013
2013055197;5;2;7;1;6;750;03/12/2013
2013055198;1;2;2;8;6;750;05/12/2013
2013055199;5;2;1;2;6;750;06/12/2013
2013055200;5;2;3;2;6;750;07/12/2013
2013055201;5;2;3;2;6;750;07/12/2013
2013055202;1;2;2;3;7;750;30/11/2013
2013055203;1;2;1;1;6;750;09/12/2013
2013055204;1;2;3;1;7;750;10/12/2013
2013055205;5;2;3;1;1;750;12/12/2013
2013055206;1;2;3;1;6;750;12/12/2013
2013055207;1;2;1;4;7;750;13/12/2013
2013055208;5;2;1;2;3;750;13/12/2013
2013055209;5;2;1;2;6;750;13/12/2013
2013055210;1;2;3;1;3;750;14/12/2013
2013055211;5;2;1;1;6;750;14/12/2013
2013055212;5;2;2;1;3;750;18/12/2013
2013055213;5;2;5;2;6;750;19/12/2013
2013055214;5;2;7;1;2;750;19/12/2013
2013055215;5;2;1;1;7;750;20/12/2013
2013055216;1;2;1;1;6;750;20/12/2013
2013055217;5;2;4;1;6;750;23/12/2013
2013055218;5;2;1;2;2;750;24/12/2013
2013055219;1;2;1;1;6;750;25/12/2013
2013055220;1;2;2;1;6;750;26/12/2013
2013055221;5;2;2;1;6;750;26/12/2013
2013055222;2;2;2;2;5;750;27/12/2013
2013055223;1;2;2;1;1;750;27/12/2013
2013055224;5;2;3;2;6;750;28/12/2013
2013055225;1;2;1;1;2;750;28/12/2013
2013055226;5;2;1;1;2;750;28/12/2013
2013055227;1;2;1;1;6;750;30/12/2013
2013055228;5;2;5;2;6;750;31/12/2013
2013055229;5;2;1;3;6;750;01/01/2013
2013055230;1;2;1;2;3;750;01/01/2013
2013055231;1;2;7;1;6;750;02/01/2013
2013055232;5;2;7;2;7;750;03/01/2013
2013055233;5;2;2;1;7;750;06/01/2013
2013055234;1;2;4;2;3;750;10/01/2013
2013055235;4;2;3;2;3;750;10/01/2013
2013055236;5;2;1;2;7;750;11/01/2013
2013055237;1;2;1;2;6;750;12/01/2013
2013055238;5;2;3;4;3;750;15/01/2013
2013055239;5;2;7;1;3;750;16/01/2013
2013055240;1;2;1;1;6;750;16/01/2013
2013055241;4;2;2;1;6;750;16/01/2013
2013055242;2;2;3;8;3;750;22/01/2013
2013055243;1;2;1;8;6;750;22/01/2013
2013055244;1;2;1;2;3;750;30/01/2013
2013055245;1;2;2;1;6;750;31/01/2013
2013055246;5;2;1;2;3;750;02/02/2013
2013055247;5;2;3;2;3;750;02/02/2013
2013055248;1;2;4;2;3;750;05/02/2013
2013055249;1;2;1;8;2;750;05/02/2013
2013055250;1;2;2;1;6;750;06/02/2013
2013055251;5;2;2;1;6;750;06/02/2013
2013055252;2;2;1;2;1;750;07/02/2013
2013055253;1;2;1;1;2;750;07/02/2013
2013055254;5;2;1;1;2;750;07/02/2013
2013055255;1;2;1;1;3;750;08/02/2013
2013055256;5;2;1;1;6;750;10/02/2013
2013055257;1;2;3;2;3;750;11/02/2013
2013055258;5;2;3;1;3;750;11/02/2013
2013055259;1;2;1;2;3;750;12/02/2013
2013055260;1;2;2;8;7;750;12/02/2013
2013055261;1;2;1;1;6;750;13/02/2013
2013055262;5;2;3;1;6;750;15/02/2013
2013055263;1;2;3;1;2;750;17/02/2013
2013055264;1;2;1;1;7;750;20/02/2013
2013055265;1;2;1;1;2;750;20/02/2013
2013055266;5;2;2;8;2;750;23/02/2013
2013055267;1;2;1;8;6;750;28/02/2013
2013055268;5;2;2;1;6;750;04/03/2013
2013055269;1;2;4;1;6;750;04/03/2013
2013055270;1;2;3;1;3;750;05/03/2013
2013055271;1;2;1;8;2;750;07/03/2013
2013055272;5;2;4;1;2;750;07/03/2013
2013055273;1;2;1;1;7;750;09/03/2013
2013055274;5;2;1;3;1;750;11/03/2013
2013055275;5;2;1;1;6;750;17/03/2013
2013055276;1;2;4;1;3;750;21/03/2013
2013055277;1;2;1;1;6;750;21/03/2013
2013055278;1;2;3;1;6;750;23/03/2013
2013055279;1;2;1;1;6;750;24/03/2013
2013055280;1;2;2;1;1;750;24/03/2013
2013055281;5;2;4;1;6;750;28/03/2013
2013055282;5;2;4;1;3;750;28/03/2013
2013055283;1;2;1;1;6;750;29/03/2013
2013055284;1;2;2;1;6;750;31/03/2013
2013055285;1;2;1;1;4;750;02/04/2013
2013055286;1;2;1;1;3;750;04/04/2013
2013055287;1;2;3;2;6;750;09/04/2013
2013055288;4;2;1;1;6;750;08/04/2013
2013055289;5;2;4;2;6;750;11/04/2013
2013055290;1;2;1;8;6;750;12/04/2013
2013055291;1;2;1;1;3;750;15/04/2013
2013055292;1;2;1;1;2;750;17/04/2013
2013055293;5;2;1;1;6;750;17/04/2013
2013055294;1;2;1;1;2;750;18/04/2013
2013055295;1;2;3;1;6;750;19/04/2013
2013055296;1;2;3;1;6;750;21/04/2013
2013055297;1;2;3;1;7;750;22/04/2013
2013055298;1;2;3;1;3;750;24/04/2013
2013055299;1;2;3;1;1;750;24/04/2013
2013055300;5;2;3;1;6;750;26/04/2013
2013055301;1;2;2;1;3;750;28/04/2013
2013055302;1;2;1;1;6;750;28/04/2013
2013055303;1;2;2;8;2;750;02/05/2013
2013055304;1;2;1;1;2;750;02/05/2013
2013055305;1;2;1;1;3;750;02/05/2013
2013055306;1;2;1;1;6;750;04/05/2013
2013055307;1;2;5;1;6;750;05/05/2013
2013055308;1;2;2;1;3;750;06/05/2013
2013055309;1;2;2;1;6;750;07/05/2013
2013055310;5;2;1;1;6;750;12/05/2013
2013055311;1;2;5;1;3;750;12/05/2013
2013055312;1;2;5;1;3;750;13/05/2013
2013055313;1;2;2;1;6;750;13/05/2013
2013055314;1;2;1;1;6;750;13/05/2013
2013055315;1;2;2;8;1;750;14/05/2013
2013055316;1;2;3;3;3;750;20/05/2013
2013055317;1;2;2;3;6;750;24/05/2013
2013055318;1;2;1;2;6;750;24/05/2013
2013055319;5;2;3;1;6;750;26/05/2013
2013055320;1;2;1;1;2;750;27/05/2013
2013055321;1;2;7;1;6;750;02/06/2013
2013055322;1;2;5;1;3;750;03/06/2013
2013055323;1;2;2;1;6;750;05/06/2013
2013055324;1;2;3;1;6;750;05/06/2013
2013055325;1;2;4;1;6;750;06/06/2013
2013055326;1;2;3;1;3;750;07/06/2013
2013055327;1;2;2;1;6;750;06/06/2013
2013055328;5;2;4;1;6;750;10/06/2013
2013055329;1;2;1;1;3;750;10/06/2013
2013055330;1;2;7;1;6;750;11/06/2013
2013055331;1;2;2;1;6;750;12/06/2013
2013055332;1;2;5;1;2;750;13/06/2013
2013055333;5;2;7;1;2;750;16/06/2013
2013055334;1;2;7;1;3;750;16/06/2013
2013055335;1;2;3;1;3;750;17/06/2013
2013055336;1;2;3;2;2;750;17/06/2013
2013055337;1;2;2;1;3;750;18/06/2013
2013055338;1;2;1;1;1;750;18/06/2013
2013055339;1;2;2;1;3;750;18/06/2013
2013055340;1;2;1;1;1;750;21/06/2013
2013055341;5;2;3;1;4;750;23/06/2013
2013055342;5;2;3;1;6;750;25/06/2013
2013055343;1;2;2;1;6;750;27/06/2013
2013055344;5;2;3;1;2;750;30/06/2013
2013055345;1;2;2;1;5;750;30/06/2013
2013055346;1;2;7;1;6;750;01/07/2013
2013055347;1;2;1;1;2;750;01/07/2013
2013055348;1;2;1;1;3;750;02/07/2013
2013055349;5;2;4;1;3;750;04/07/2013
2013055350;1;2;1;1;6;750;04/07/2013
2013055351;1;2;1;1;6;750;05/07/2013
2013055352;1;2;2;1;6;750;05/07/2013
2013055353;2;2;1;1;3;750;06/07/2013
2013055354;1;2;1;1;3;750;08/07/2013
2013055355;1;2;7;1;6;750;08/07/2013
2013055356;1;2;3;1;5;750;08/07/2013
2013055357;2;2;5;1;7;750;10/07/2013
2013055358;1;2;3;1;3;750;10/07/2013
2013055359;1;2;1;1;3;750;10/07/2013
2013055360;1;2;3;1;2;750;10/07/2013
2013055361;3;2;2;1;3;750;12/07/2013
2013055362;1;2;3;1;3;750;12/07/2013
2013055363;1;2;3;1;6;750;12/07/2013
2013055364;2;2;1;1;6;750;14/07/2013
2013055365;5;2;1;1;6;750;16/07/2013
2013055366;1;2;1;1;3;750;18/07/2013
2013055367;1;2;1;1;4;750;18/07/2013
2013055368;1;2;2;1;6;750;18/07/2013
2013055369;1;2;4;1;2;750;19/07/2013
2013055370;1;2;1;1;3;750;19/07/2013
2013055371;1;2;1;1;7;750;19/07/2013
2013055372;1;2;1;1;2;750;23/07/2013
2013055373;1;2;1;1;5;750;24/07/2013
2013055374;1;2;5;1;6;750;25/07/2013
2013055375;1;2;1;1;3;750;25/07/2013
2013055376;1;2;1;1;6;750;26/07/2013
2013055377;1;2;3;1;6;750;28/07/2013
2013055378;3;2;3;2;6;750;29/07/2013
2013055379;1;2;1;1;2;750;31/07/2013
2013055380;2;2;3;1;3;750;31/07/2013
2013055381;1;2;3;1;3;750;09/08/2013
2013055382;1;2;3;1;6;750;14/08/2013
2013055383;1;2;7;1;3;750;17/08/2013
2013055384;2;2;5;1;3;750;19/08/2013
2013055385;5;2;3;1;6;750;21/08/2013
2013055386;5;2;1;2;3;750;25/08/2013
2013055387;1;2;7;1;2;750;27/08/2013
2013055388;1;2;2;1;3;750;28/08/2013
2013055389;1;2;5;1;3;750;30/08/2013
2013055390;1;2;5;1;3;750;30/08/2013
2013055391;1;2;3;1;6;750;30/08/2013
2013055392;5;2;1;1;6;750;31/08/2013
2013055393;2;2;1;1;7;750;31/08/2013
2013055394;1;2;2;1;3;750;01/09/2013
2013055395;1;2;1;1;6;750;02/09/2013
2013055396;1;2;1;1;6;750;02/09/2013
2013055397;1;2;3;1;3;750;02/09/2013
2013055398;1;2;4;1;3;750;03/09/2013
2013055399;1;2;3;1;6;750;03/09/2013
2013055400;1;2;1;1;3;750;04/09/2013
2013055401;1;2;2;1;6;750;04/09/2013
2013055402;1;2;1;1;6;750;07/09/2013
2013055403;5;2;7;1;3;750;08/09/2013
2013055404;1;2;3;8;6;750;10/09/2013
2013055405;1;2;2;1;2;750;11/09/2013
2013055406;1;2;2;2;6;750;13/09/2013
2013055407;1;2;4;1;6;750;15/09/2013
2013055408;5;2;5;1;6;750;15/09/2013
2013055409;5;2;1;1;3;750;18/09/2013
2013055410;1;2;3;1;7;750;19/09/2013
2013055411;5;2;1;2;6;750;19/09/2013
2013055412;1;2;3;1;3;750;20/09/2013
2013055413;1;2;2;1;3;750;20/09/2013
2013055414;2;2;1;1;6;750;20/09/2013
2013055415;1;2;1;1;3;750;21/09/2013
2013055416;1;2;3;1;3;750;21/09/2013
2013055417;1;2;1;1;3;750;23/09/2013
2013055418;3;2;3;1;7;750;26/09/2013
2013055419;1;2;2;1;3;750;27/09/2013
2013055420;1;2;4;1;3;750;27/09/2013
2013055421;5;2;1;1;2;750;28/09/2013
2013055422;1;2;1;1;4;750;03/10/2013
2013055423;1;2;1;1;3;750;04/10/2013
2013055424;5;2;1;1;4;750;05/10/2013
2013055425;1;2;1;1;7;750;07/10/2013
2013055426;3;2;3;1;3;750;08/10/2013
2013055427;1;2;1;1;2;750;10/10/2013
2013055428;1;2;3;1;6;750;11/10/2013
2013055429;1;2;1;1;6;750;12/10/2013
2013055430;1;2;1;1;6;750;12/10/2013
2013055431;1;2;1;1;3;750;12/10/2013
2013055432;5;2;7;1;6;750;13/10/2013
2013055433;1;2;1;1;7;750;13/10/2013
2013055434;1;2;1;1;2;750;13/10/2013
2013055435;5;2;7;1;3;750;13/10/2013
2013055436;1;2;5;1;6;750;14/10/2013
2013055437;1;2;1;1;2;750;15/10/2013
2013055438;1;2;5;1;6;750;18/10/2013
2013055439;1;2;1;1;2;750;18/10/2013
2013055440;2;2;2;1;6;750;18/10/2013
2013055441;2;2;2;1;6;750;18/10/2013
2013055442;5;2;1;1;2;750;18/10/2013
2013055443;5;2;1;1;6;750;20/10/2013
2013055444;3;2;1;1;5;750;21/10/2013
2013055445;1;2;1;1;6;750;22/10/2013
2013055446;1;2;2;1;2;750;23/10/2013
2013055447;1;2;1;1;7;750;23/10/2013
2013055448;1;2;3;1;2;750;26/10/2013
2013055449;1;2;4;8;6;750;26/10/2013
2013055450;1;2;1;1;6;750;28/10/2013
2013055451;1;2;2;7;6;750;30/10/2013
2013055452;1;2;1;1;6;750;30/10/2013
2013055453;5;2;4;1;2;750;30/10/2013
2013055454;5;2;7;2;6;750;01/11/2013
2013055455;1;2;4;1;6;750;02/11/2013
2013055456;5;2;2;1;6;750;02/11/2013
2013055457;5;2;1;1;3;750;04/11/2013
2013055458;1;2;1;3;3;750;05/11/2013
2013055459;1;2;2;2;6;750;05/11/2013
2013055460;5;2;1;1;3;750;05/11/2013
2013055461;1;2;1;1;4;750;06/11/2013
2013055462;5;2;1;1;2;750;08/11/2013
2013055463;2;2;1;2;6;750;10/11/2013
2013055464;1;2;1;2;3;750;10/11/2013
2013055465;4;2;1;2;2;750;12/11/2013
2013055466;2;2;3;1;7;750;13/11/2013
2013055467;5;2;3;1;6;750;14/11/2013
2013055468;5;2;1;2;6;750;14/11/2013
2013055469;1;2;1;2;3;750;14/11/2013
2013055470;1;2;2;1;3;750;15/11/2013
2013055471;2;2;2;1;6;750;19/11/2013
2013055472;1;2;3;8;2;750;19/11/2013
2013055473;1;2;1;1;3;750;20/11/2013
2013055474;5;2;3;1;2;750;21/11/2013
2013055475;1;2;2;1;3;750;25/11/2013
2013055476;1;2;3;1;2;750;25/11/2013
2013055477;1;2;2;1;6;750;29/11/2013
2013055478;1;2;1;1;5;750;02/12/2013
2013055479;1;2;3;1;3;750;03/12/2013
2013055480;2;2;5;1;3;750;04/12/2013
2013055481;5;2;3;1;6;750;05/12/2013
2013055482;1;2;3;1;7;750;06/12/2013
2013055483;1;2;1;2;6;750;07/12/2013
2013055484;5;2;2;1;3;750;09/12/2013
2013055485;1;2;3;1;2;750;12/12/2013
2013055486;1;2;2;1;1;750;13/12/2013
2013055487;1;2;3;1;3;750;16/12/2013
2013055488;5;2;1;1;2;750;15/12/2013
2013055489;5;2;1;1;6;750;16/12/2013
2013055490;2;2;1;1;3;750;18/12/2013
2013055491;1;2;1;1;3;750;18/12/2013
2013055492;5;2;7;3;2;750;19/12/2013
2013055493;2;2;1;9;7;750;19/12/2013
2013055494;1;2;7;1;4;750;19/12/2013
2013055495;5;2;1;1;3;750;23/12/2013
2013055496;1;2;3;2;3;750;24/12/2013
2013055497;1;2;2;2;6;750;24/12/2013
2013055498;5;2;1;1;6;750;26/12/2013
2013055499;5;2;2;1;6;750;28/12/2013
2013055500;5;2;5;1;2;750;29/12/2013
2013055501;5;2;1;1;2;750;29/12/2013
2013055502;5;2;2;2;2;750;29/12/2013
2013055503;1;2;4;2;2;750;30/12/2013
2013055504;1;2;2;1;3;750;07/01/2013
2013055505;5;2;2;1;6;750;08/01/2013
2013055506;1;2;3;2;6;750;10/01/2013
2013055507;5;2;5;2;6;750;10/01/2013
2013055508;5;2;2;2;3;750;10/01/2013
2013055509;5;2;1;1;3;750;11/01/2013
2013055510;5;2;1;2;6;750;12/01/2013