num_acc;lum;agg;inter;atm;col;dep;date
2013055511;5;2;1;2;6;750;01/01/2013
2013055512;5;2;3;8;7;750;17/01/2013
2013055513;5;2;5;1;6;750;17/01/2013
2013055514;5;2;3;4;6;750;18/01/2013
2013055515;1;2;3;1;6;750;22/01/2013
2013055516;5;2;1;1;6;750;26/01/2013
2013055517;5;2;2;8;6;750;26/01/2013
2013055518;5;2;2;1;3;750;27/01/2013
2013055519;5;2;1;1;6;750;28/01/2013
2013055520;1;2;1;1;6;750;28/01/2013
2013055521;2;2;3;2;1;750;30/01/2013
2013055522;2;2;1;2;6;750;30/01/2013
2013055523;1;2;1;8;4;750;31/01/2013
2013055524;5;2;2;1;6;750;01/02/2013
2013055525;1;2;2;1;3;750;02/02/2013
2013055526;1;2;2;4;3;750;02/02/2013
2013055527;3;2;2;1;6;750;02/02/2013
2013055528;1;2;3;2;3;750;04/02/2013
2013055529;5;2;1;1;2;750;04/02/2013
2013055530;5;2;2;1;6;750;05/02/2013
2013055531;5;2;2;1;3;750;06/02/2013
2013055532;1;2;7;8;2;750;07/02/2013
2013055533;1;2;2;1;2;750;12/02/2013
2013055534;1;2;7;1;3;750;12/02/2013
2013055535;1;2;1;1;6;750;13/02/2013
2013055536;5;2;7;1;3;750;13/02/2013
2013055537;1;2;2;1;6;750;16/02/2013
2013055538;1;2;2;1;6;750;16/02/2013
2013055539;1;2;4;1;2;750;17/02/2013
2013055540;1;2;2;1;3;750;18/02/2013
2013055541;5;2;1;1;1;750;19/02/2013
2013055542;5;2;7;1;6;750;22/02/2013
2013055543;2;2;1;4;2;750;23/02/2013
2013055544;1;2;4;4;2;750;24/02/2013
2013055545;5;2;1;4;7;750;25/02/2013
2013055546;1;2;1;1;6;750;02/03/2013
2013055547;1;2;2;1;4;750;02/03/2013
2013055548;1;2;7;1;2;750;02/03/2013
2013055549;5;2;2;1;6;750;05/03/2013
2013055550;5;2;1;2;6;750;06/03/2013
2013055551;1;2;4;2;3;750;07/03/2013
2013055552;1;2;1;1;2;750;07/03/2013
2013055553;1;2;2;1;3;750;08/03/2013
2013055554;1;2;1;1;3;750;14/03/2013
2013055555;1;2;5;2;6;750;18/03/2013
2013055556;5;2;1;2;6;750;18/03/2013
2013055557;1;2;3;1;3;750;21/03/2013
2013055558;1;2;5;3;6;750;18/03/2013
2013055559;1;2;5;1;3;750;22/03/2013
2013055560;1;2;1;1;3;750;25/03/2013
2013055561;2;2;5;1;6;750;25/03/2013
2013055562;1;2;2;1;3;750;27/03/2013
2013055563;1;2;2;1;7;750;28/03/2013
2013055564;1;2;2;1;7;750;28/03/2013
2013055565;5;2;3;1;3;750;28/03/2013
2013055566;1;2;2;1;6;750;30/03/2013
2013055567;1;2;2;1;2;750;30/03/2013
2013055568;1;2;1;1;3;750;30/03/2013
2013055569;1;2;4;1;3;750;01/04/2013
2013055570;5;2;4;1;6;750;02/04/2013
2013055571;1;2;1;1;6;750;03/04/2013
2013055572;1;2;1;8;6;750;05/04/2013
2013055573;5;2;2;1;6;750;06/04/2013
2013055574;5;2;7;1;3;750;07/04/2013
2013055575;5;2;3;1;6;750;07/04/2013
2013055576;1;2;1;1;6;750;08/04/2013
2013055577;1;2;2;1;7;750;08/04/2013
2013055578;2;2;2;1;3;750;08/04/2013
2013055579;2;2;1;1;6;750;08/04/2013
2013055580;1;2;3;2;6;750;09/04/2013
2013055581;1;2;3;1;2;750;11/04/2013
2013055582;5;2;7;2;3;750;10/04/2013
2013055583;1;2;1;1;3;750;13/04/2013
2013055584;1;2;1;1;3;750;13/04/2013
2013055585;1;2;1;8;6;750;15/04/2013
2013055586;1;2;1;1;2;750;16/04/2013
2013055587;5;2;3;1;6;750;21/04/2013
2013055588;2;2;1;1;6;750;22/04/2013
2013055589;1;2;1;1;6;750;23/04/2013
2013055590;1;2;1;1;7;750;25/04/2013
2013055591;5;2;2;1;6;750;26/04/2013
2013055592;1;2;1;1;7;750;29/04/2013
2013055593;1;2;1;8;2;750;30/04/2013
2013055594;1;2;3;1;6;750;02/05/2013
2013055595;1;2;1;1;6;750;04/05/2013
2013055596;1;2;1;1;6;750;04/05/2013
2013055597;1;2;5;1;2;750;06/05/2013
2013055598;1;2;5;1;6;750;07/05/2013
2013055599;5;2;3;1;3;750;07/05/2013
2013055600;5;2;5;1;3;750;08/05/2013
2013055601;5;2;6;1;7;750;09/05/2013
2013055602;1;2;1;1;3;750;11/05/2013
2013055603;1;2;7;1;6;750;14/05/2013
2013055604;1;2;3;1;6;750;14/05/2013
2013055605;1;2;1;1;6;750;15/05/2013
2013055606;1;2;3;1;6;750;17/05/2013
2013055607;1;2;1;2;3;750;24/05/2013
2013055608;1;2;1;1;6;750;27/05/2013
2013055609;1;2;1;1;6;750;27/05/2013
2013055610;1;2;2;2;3;750;28/05/2013
2013055611;1;2;2;2;3;750;28/05/2013
2013055612;1;2;3;1;3;750;28/05/2013
2013055613;1;2;1;1;6;750;29/05/2013
2013055614;1;2;4;2;1;750;30/05/2013
2013055615;2;2;4;3;6;750;30/05/2013
2013055616;2;2;3;2;3;750;30/05/2013
2013055617;1;2;1;6;6;750;31/05/2013
2013055618;1;2;5;1;3;750;02/06/2013
2013055619;1;2;1;1;6;750;02/06/2013
2013055620;1;2;1;1;6;750;03/06/2013
2013055621;1;2;5;1;6;750;04/06/2013
2013055622;1;2;2;1;6;750;05/06/2013
2013055623;1;2;1;1;3;750;05/06/2013
2013055624;1;2;1;7;6;750;06/06/2013
2013055625;1;2;1;1;2;750;06/06/2013
2013055626;1;2;1;1;6;750;07/06/2013
2013055627;1;2;7;1;3;750;07/06/2013
2013055628;1;2;3;2;6;750;09/06/2013
2013055629;1;2;2;1;6;750;10/06/2013
2013055630;1;2;3;1;6;750;11/06/2013
2013055631;1;2;2;1;6;750;11/06/2013
2013055632;1;2;5;1;7;750;12/06/2013
2013055633;1;2;7;2;6;750;13/06/2013
2013055634;5;2;1;1;6;750;14/06/2013
2013055635;1;2;3;1;3;750;14/06/2013
2013055636;1;2;2;1;3;750;16/06/2013
2013055637;1;2;1;1;6;750;18/06/2013
2013055638;1;2;1;8;6;750;19/06/2013
2013055639;1;2;2;2;3;750;19/06/2013
2013055640;1;2;2;1;3;750;19/06/2013
2013055641;1;2;1;1;6;750;20/06/2013
2013055642;5;2;2;1;6;750;22/06/2013
2013055643;5;2;2;1;6;750;22/06/2013
2013055644;1;2;3;1;2;750;24/06/2013
2013055645;1;2;3;1;7;750;25/06/2013
2013055646;1;2;2;2;6;750;28/06/2013
2013055647;1;2;2;1;3;750;28/06/2013
2013055648;1;2;1;1;3;750;28/06/2013
2013055649;1;2;1;2;7;750;29/06/2013
2013055650;1;2;1;1;6;750;01/07/2013
2013055651;1;2;3;1;7;750;01/07/2013
2013055652;5;2;1;1;6;750;02/07/2013
2013055653;2;2;2;2;2;750;03/07/2013
2013055654;1;2;3;1;6;750;04/07/2013
2013055655;1;2;5;1;3;750;05/07/2013
2013055656;5;2;2;1;3;750;07/07/2013
2013055657;5;2;3;1;3;750;08/07/2013
2013055658;1;2;1;1;3;750;08/07/2013
2013055659;1;2;3;1;6;750;08/07/2013
2013055660;1;2;5;1;3;750;09/07/2013
2013055661;1;2;2;1;6;750;09/07/2013
2013055662;1;2;1;1;7;750;10/07/2013
2013055663;1;2;1;1;6;750;11/07/2013
2013055664;5;2;1;1;2;750;12/07/2013
2013055665;1;2;3;1;3;750;13/07/2013
2013055666;1;2;1;1;6;750;13/07/2013
2013055667;1;2;1;1;6;750;13/07/2013
2013055668;1;2;1;1;6;750;14/07/2013
2013055669;1;2;2;1;2;750;14/07/2013
2013055670;1;2;3;1;2;750;15/07/2013
2013055671;1;2;2;1;6;750;15/07/2013
2013055672;1;2;1;1;6;750;16/07/2013
2013055673;1;2;1;1;2;750;17/07/2013
2013055674;1;2;4;1;6;750;18/07/2013
2013055675;1;2;7;1;3;750;19/07/2013
2013055676;1;2;3;1;3;750;22/07/2013
2013055677;1;2;1;1;6;750;22/07/2013
2013055678;1;2;2;1;3;750;23/07/2013
2013055679;1;2;7;1;7;750;24/07/2013
2013055680;1;2;1;1;7;750;25/07/2013
2013055681;1;2;2;1;1;750;26/07/2013
2013055682;5;2;2;1;3;750;28/07/2013
2013055683;1;2;1;1;6;750;29/07/2013
2013055684;1;2;1;1;2;750;30/07/2013
2013055685;1;2;2;1;3;750;31/07/2013
2013055686;1;2;2;1;3;750;31/07/2013
2013055687;1;2;2;1;3;750;01/08/2013
2013055688;1;2;2;1;6;750;02/08/2013
2013055689;1;2;1;1;6;750;02/08/2013
2013055690;1;2;1;1;3;750;02/08/2013
2013055691;1;2;4;1;3;750;03/08/2013
2013055692;1;2;2;1;6;750;04/08/2013
2013055693;1;2;3;1;2;750;05/08/2013
2013055694;1;2;3;1;3;750;05/08/2013
2013055695;1;2;7;1;6;750;08/08/2013
2013055696;1;2;3;1;6;750;12/08/2013
2013055697;1;2;3;1;6;750;14/08/2013
2013055698;1;2;3;1;3;750;14/08/2013
2013055699;1;2;2;1;3;750;15/08/2013
2013055700;1;2;3;1;7;750;16/08/2013
2013055701;1;2;4;1;3;750;18/08/2013
2013055702;5;2;2;1;3;750;21/08/2013
2013055703;1;2;2;1;1;750;21/08/2013
2013055704;1;2;5;1;7;750;21/08/2013
2013055705;1;2;5;1;6;750;23/08/2013
2013055706;1;2;1;1;3;750;26/08/2013
2013055707;1;2;7;1;3;750;29/08/2013
2013055708;1;2;3;1;3;750;30/08/2013
2013055709;1;2;6;1;1;750;31/08/2013
2013055710;1;2;2;1;1;750;31/08/2013
2013055711;1;2;1;1;6;750;31/08/2013
2013055712;1;2;1;1;6;750;01/09/2013
2013055713;1;2;1;1;3;750;02/09/2013
2013055714;1;2;1;1;6;750;03/09/2013
2013055715;1;2;2;1;6;750;04/09/2013
2013055716;1;2;3;1;6;750;07/09/2013
2013055717;1;2;1;2;6;750;09/09/2013
2013055718;1;2;3;1;6;750;10/09/2013
2013055719;3;2;3;1;3;750;11/09/2013
2013055720;5;2;2;2;7;750;11/09/2013
2013055721;5;2;1;2;3;750;14/09/2013
2013055722;1;2;2;2;7;750;14/09/2013
2013055723;5;2;2;2;6;750;15/09/2013
2013055724;1;2;1;1;6;750;15/09/2013
2013055725;1;2;1;1;6;750;15/09/2013
2013055726;1;2;1;1;2;750;17/09/2013
2013055727;5;2;2;2;1;750;17/09/2013
2013055728;5;2;2;1;2;750;18/09/2013
2013055729;1;2;1;1;6;750;19/09/2013
2013055730;1;2;4;1;7;750;20/09/2013
2013055731;1;2;1;1;6;750;21/09/2013
2013055732;1;2;5;1;6;750;24/09/2013
2013055733;2;2;2;1;6;750;25/09/2013
2013055734;1;2;7;1;6;750;25/09/2013
2013055735;1;2;2;1;6;750;25/09/2013
2013055736;1;2;1;1;6;750;26/09/2013
2013055737;5;2;1;1;6;750;26/09/2013
2013055738;1;2;2;1;3;750;27/09/2013
2013055739;5;2;5;1;6;750;01/10/2013
2013055740;1;2;1;1;2;750;03/10/2013
2013055741;1;2;7;1;6;750;04/10/2013
2013055742;1;2;7;1;3;750;04/10/2013
2013055743;5;2;2;1;6;750;05/10/2013
2013055744;5;2;1;1;6;750;05/10/2013
2013055745;5;2;2;1;1;750;05/10/2013
2013055746;5;2;2;1;6;750;06/10/2013
2013055747;1;2;1;1;6;750;08/10/2013
2013055748;1;2;5;1;6;750;08/10/2013
2013055749;1;2;7;1;3;750;11/10/2013
2013055750;1;2;1;1;6;750;12/10/2013
2013055751;1;2;1;1;2;750;13/10/2013
2013055752;1;2;1;1;3;750;14/10/2013
2013055753;1;2;1;1;6;750;15/10/2013
2013055754;3;2;2;1;3;750;15/10/2013
2013055755;5;2;2;6;4;750;15/10/2013
2013055756;5;2;1;1;6;750;15/10/2013
2013055757;1;2;1;8;2;750;16/10/2013
2013055758;1;2;2;2;3;750;16/10/2013
2013055759;1;2;3;1;6;750;17/10/2013
2013055760;1;2;2;1;6;750;17/10/2013
2013055761;5;2;5;1;6;750;20/10/2013
2013055762;1;2;1;2;6;750;21/10/2013
2013055763;1;2;3;1;3;750;25/10/2013
2013055764;1;2;1;8;6;750;26/10/2013
2013055765;1;2;5;1;3;750;27/10/2013
2013055766;5;2;5;3;6;750;27/10/2013
2013055767;1;2;7;3;7;750;28/10/2013
2013055768;1;2;2;1;2;750;28/10/2013
2013055769;3;2;4;1;2;750;29/10/2013
2013055770;1;2;3;1;6;750;30/10/2013
2013055771;5;2;1;1;7;750;30/10/2013
2013055772;1;2;2;1;3;750;31/10/2013
2013055773;5;2;4;2;6;750;01/11/2013
2013055774;1;2;3;2;6;750;02/11/2013
2013055775;1;2;1;1;6;750;03/11/2013
2013055776;5;2;3;3;6;750;03/11/2013
2013055777;5;2;5;3;3;750;04/11/2013
2013055778;1;1;1;1;3;750;04/11/2013
2013055779;5;2;7;1;2;750;07/11/2013
2013055780;1;2;7;2;6;750;08/11/2013
2013055781;2;2;1;2;6;750;08/11/2013
2013055782;5;2;2;3;1;750;10/11/2013
2013055783;1;2;2;1;6;750;10/11/2013
2013055784;5;2;7;1;3;750;10/11/2013
2013055785;1;2;3;1;6;750;13/11/2013
2013055786;1;2;3;2;3;750;14/11/2013
2013055787;5;2;2;1;3;750;15/11/2013
2013055788;5;2;1;1;5;750;19/11/2013
2013055789;1;2;2;1;3;750;20/11/2013
2013055790;1;2;1;1;6;750;20/11/2013
2013055791;1;2;7;3;4;750;20/11/2013
2013055792;5;2;2;3;6;750;20/11/2013
2013055793;1;2;1;8;6;750;21/11/2013
2013055794;1;2;2;8;6;750;22/11/2013
2013055795;1;2;1;1;6;750;22/11/2013
2013055796;5;2;2;1;3;750;22/11/2013
2013055797;5;2;1;1;7;750;19/11/2013
2013055798;5;2;2;2;1;750;28/11/2013
2013055799;5;2;2;2;6;750;29/11/2013
2013055800;1;2;1;1;4;750;01/12/2013
2013055801;1;2;1;8;6;750;03/12/2013
2013055802;5;2;5;1;3;750;03/12/2013
2013055803;4;2;5;1;3;750;04/12/2013
2013055804;1;2;3;1;6;750;07/12/2013
2013055805;5;2;2;1;3;750;08/12/2013
2013055806;1;2;1;1;3;750;08/12/2013
2013055807;1;2;1;1;6;750;09/12/2013
2013055808;5;2;1;1;6;750;09/12/2013
2013055809;5;2;1;1;6;750;12/12/2013
2013055810;1;2;3;1;7;750;13/12/2013
2013055811;5;2;1;1;6;750;12/12/2013
2013055812;1;2;2;2;7;750;14/12/2013
2013055813;1;2;1;1;2;750;15/12/2013
2013055814;3;2;1;1;2;750;16/12/2013
2013055815;5;2;2;1;6;750;16/12/2013
2013055816;1;2;2;1;7;750;17/12/2013
2013055817;2;2;2;1;6;750;18/12/2013
2013055818;5;2;2;1;6;750;17/12/2013
2013055819;5;2;3;1;6;750;19/12/2013
2013055820;5;2;2;1;5;750;19/12/2013
2013055821;5;2;1;2;6;750;20/12/2013
2013055822;3;2;2;1;6;750;20/12/2013
2013055823;5;2;2;1;6;750;20/12/2013
2013055824;5;2;2;1;3;750;20/12/2013
2013055825;5;2;7;1;2;750;22/12/2013
2013055826;1;2;1;8;3;750;22/12/2013
2013055827;1;2;1;2;6;750;28/12/2013
2013055828;5;2;1;2;2;750;31/12/2013
2013055829;1;2;3;2;6;750;03/01/2013
2013055830;1;2;5;1;6;750;06/01/2013
2013055831;1;2;3;2;7;750;08/01/2013
2013055832;5;2;1;1;4;750;08/01/2013
2013055833;5;2;2;2;6;750;09/01/2013
2013055834;1;2;5;2;3;750;10/01/2013
2013055835;5;2;1;1;2;750;11/01/2013
2013055836;5;2;2;1;6;750;12/01/2013
2013055837;5;2;1;4;6;750;14/01/2013
2013055838;1;2;1;1;3;750;17/01/2013
2013055839;5;2;1;4;2;750;18/01/2013
2013055840;1;2;7;1;2;750;22/01/2013
2013055841;1;2;1;1;2;750;24/01/2013
2013055842;2;2;5;1;3;750;26/01/2013
2013055843;5;2;1;1;6;750;26/01/2013
2013055844;5;2;1;1;3;750;27/01/2013
2013055845;1;2;5;2;3;750;29/01/2013
2013055846;1;2;1;3;2;750;30/01/2013
2013055847;1;2;7;2;6;750;30/01/2013
2013055848;1;2;5;1;3;750;31/01/2013
2013055849;1;2;1;2;4;750;01/02/2013
2013055850;1;2;7;1;2;750;01/02/2013
2013055851;5;2;2;2;3;750;01/02/2013
2013055852;1;2;4;1;6;750;03/02/2013
2013055853;5;2;2;3;7;750;05/02/2013
2013055854;1;2;3;1;6;750;05/02/2013
2013055855;5;2;5;3;7;750;06/02/2013
2013055856;5;2;2;1;6;750;06/02/2013
2013055857;5;2;3;1;2;750;07/02/2013
2013055858;1;2;3;8;6;750;09/02/2013
2013055859;5;2;7;5;6;750;10/02/2013
2013055860;5;2;7;1;2;750;10/02/2013
2013055861;1;2;3;1;3;750;11/02/2013
2013055862;1;2;1;1;6;750;15/02/2013
2013055863;1;2;2;1;1;750;15/02/2013
2013055864;5;2;5;1;7;750;15/02/2013
2013055865;1;2;2;1;1;750;16/02/2013
2013055866;3;2;1;1;7;750;19/02/2013
2013055867;1;2;7;1;3;750;20/02/2013
2013055868;1;2;1;1;2;750;22/02/2013
2013055869;1;2;1;1;2;750;22/02/2013
2013055870;1;2;7;1;3;750;22/02/2013
2013055871;5;2;2;2;2;750;25/02/2013
2013055872;5;2;2;2;1;750;26/02/2013
2013055873;2;2;5;1;2;750;27/02/2013
2013055874;5;2;4;1;6;750;28/02/2013
2013055875;1;2;2;1;3;750;28/02/2013
2013055876;2;2;1;1;3;750;01/03/2013
2013055877;1;2;1;1;6;750;05/03/2013
2013055878;1;2;2;1;3;750;05/03/2013
2013055879;1;2;4;1;5;750;05/03/2013
2013055880;1;2;4;1;6;750;06/03/2013
2013055881;1;2;3;1;6;750;07/03/2013
2013055882;2;2;7;1;3;750;09/03/2013
2013055883;1;2;2;1;1;750;09/03/2013
2013055884;2;2;7;1;6;750;10/03/2013
2013055885;1;2;1;1;6;750;10/03/2013
2013055886;1;2;1;1;4;750;14/03/2013
2013055887;5;2;1;1;5;750;15/03/2013
2013055888;1;2;3;1;2;750;16/03/2013
2013055889;5;2;2;1;6;750;17/03/2013
2013055890;1;2;1;1;6;750;19/03/2013
2013055891;5;2;1;2;3;750;19/03/2013
2013055892;5;2;1;1;6;750;20/03/2013
2013055893;1;2;2;1;3;750;21/03/2013
2013055894;1;2;1;1;6;750;21/03/2013
2013055895;1;2;1;1;3;750;23/03/2013
2013055896;5;2;1;1;2;750;27/03/2013
2013055897;1;2;1;1;2;750;27/03/2013
2013055898;5;2;2;1;7;750;27/03/2013
2013055899;1;2;4;1;3;750;28/03/2013
2013055900;1;2;3;1;6;750;28/03/2013
2013055901;1;2;4;1;6;750;28/03/2013
2013055902;1;2;1;1;3;750;29/03/2013
2013055903;1;2;1;1;7;750;29/03/2013
2013055904;1;2;1;1;2;750;29/03/2013
2013055905;1;2;2;1;3;750;31/03/2013
2013055906;1;2;3;1;6;750;31/03/2013
2013055907;5;2;3;1;6;750;01/04/2013
2013055908;1;2;7;1;4;750;02/04/2013
2013055909;1;2;5;1;6;750;03/04/2013
2013055910;5;2;1;1;6;750;06/04/2013
2013055911;1;2;1;1;3;750;06/04/2013
2013055912;5;2;3;1;3;750;07/04/2013
2013055913;5;2;1;1;3;750;07/04/2013
2013055914;1;2;2;1;3;750;08/04/2013
2013055915;1;2;2;1;6;750;10/04/2013
2013055916;1;2;1;1;6;750;10/04/2013
2013055917;1;2;3;2;6;750;12/04/2013
2013055918;1;2;1;1;6;750;12/04/2013
2013055919;1;2;1;8;6;750;12/04/2013
2013055920;2;2;3;2;1;750;12/04/2013
2013055921;1;2;3;1;2;750;13/04/2013
2013055922;2;2;1;1;6;750;08/03/2013
2013055923;1;2;3;1;6;750;17/04/2013
2013055924;5;2;3;1;6;750;19/04/2013
2013055925;5;2;4;1;3;750;19/04/2013
2013055926;5;2;4;1;5;750;19/04/2013
2013055927;1;2;5;1;4;750;20/04/2013
2013055928;1;2;1;1;6;750;20/04/2013
2013055929;1;2;2;1;3;750;21/04/2013
2013055930;1;2;5;1;6;750;21/04/2013
2013055931;1;2;1;1;6;750;22/04/2013
2013055932;1;2;1;1;6;750;23/04/2013
2013055933;1;2;1;1;6;750;23/04/2013
2013055934;1;2;1;1;3;750;23/04/2013
2013055935;1;2;2;1;3;750;24/04/2013
2013055936;1;2;3;1;6;750;24/04/2013
2013055937;1;2;3;1;6;750;25/04/2013
2013055938;2;2;1;1;6;750;25/04/2013
2013055939;5;2;3;1;3;750;27/04/2013
2013055940;1;2;1;1;7;750;28/04/2013
2013055941;1;2;1;1;6;750;29/04/2013
2013055942;2;2;1;1;3;750;29/04/2013
2013055943;5;2;1;1;3;750;29/04/2013
2013055944;5;2;1;8;6;750;30/04/2013
2013055945;1;2;2;3;6;750;01/05/2013
2013055946;1;2;2;1;6;750;03/05/2013
2013055947;1;2;7;1;6;750;03/05/2013
2013055948;5;2;4;1;1;750;04/05/2013
2013055949;1;2;1;1;6;750;04/05/2013
2013055950;1;2;7;1;2;750;05/05/2013
2013055951;1;2;2;1;6;750;06/05/2013
2013055952;1;2;1;1;6;750;08/05/2013
2013055953;1;2;1;1;6;750;11/05/2013
2013055954;1;2;5;1;6;750;13/05/2013
2013055955;5;2;5;1;3;750;14/05/2013
2013055956;5;2;3;1;3;750;16/05/2013
2013055957;5;2;1;1;6;750;17/05/2013
2013055958;1;2;1;1;6;750;17/05/2013
2013055959;1;2;2;1;3;750;18/05/2013
2013055960;1;2;1;1;6;750;18/05/2013
2013055961;1;2;2;2;2;750;18/05/2013
2013055962;5;2;2;2;6;750;19/05/2013
2013055963;1;2;2;2;3;750;19/05/2013
2013055964;1;2;1;3;7;750;19/05/2013
2013055965;1;2;2;2;3;750;21/05/2013
2013055966;1;2;5;2;2;750;21/05/2013
2013055967;2;2;1;2;1;750;21/05/2013
2013055968;1;2;4;1;6;750;22/05/2013
2013055969;1;2;1;1;2;750;23/05/2013
2013055970;1;2;1;1;2;750;23/05/2013
2013055971;5;2;7;2;3;750;23/05/2013
2013055972;1;2;1;2;6;750;24/05/2013
2013055973;5;2;1;1;6;750;25/05/2013
2013055974;1;2;5;1;3;750;25/05/2013
2013055975;2;2;7;1;3;750;25/05/2013
2013055976;1;2;7;1;6;750;26/05/2013
2013055977;1;2;1;1;2;750;27/05/2013
2013055978;1;2;1;1;2;750;27/05/2013
2013055979;1;2;1;2;2;750;30/05/2013
2013055980;1;2;5;1;3;750;01/06/2013
2013055981;1;2;2;1;6;750;02/06/2013
2013055982;1;2;5;1;6;750;04/06/2013
2013055983;5;2;1;1;2;750;05/06/2013
2013055984;1;2;1;1;6;750;05/06/2013
2013055985;1;2;1;1;3;750;06/06/2013
2013055986;1;2;5;1;3;750;06/06/2013
2013055987;1;2;4;1;6;750;06/06/2013
2013055988;1;2;1;1;6;750;07/06/2013
2013055989;1;2;2;1;6;750;10/06/2013
2013055990;1;2;1;1;4;750;11/06/2013
2013055991;1;2;1;1;6;750;11/06/2013
2013055992;5;2;1;1;6;750;12/06/2013
2013055993;1;2;1;1;6;750;13/06/2013
2013055994;1;2;2;1;3;750;13/06/2013
2013055995;5;2;7;1;2;750;16/06/2013
2013055996;1;2;1;1;2;750;17/06/2013
2013055997;1;2;5;1;2;750;18/06/2013
2013055998;1;2;5;1;3;750;18/06/2013
2013055999;5;2;1;1;6;750;20/06/2013
2013056000;1;2;1;1;7;750;20/06/2013
2013056001;5;2;1;1;4;750;20/06/2013
2013056002;1;2;5;1;1;750;21/06/2013
2013056003;1;2;3;1;6;750;21/06/2013
2013056004;5;2;2;1;6;750;21/06/2013
2013056005;1;2;3;1;2;750;23/06/2013
2013056006;1;2;1;1;6;750;23/06/2013
2013056007;1;2;2;2;6;750;23/06/2013
2013056008;5;2;2;2;6;750;23/06/2013
2013056009;1;2;1;1;6;750;24/06/2013
2013056010;1;2;5;1;3;750;24/06/2013
2013056011;1;2;2;1;5;750;25/06/2013
2013056012;1;2;1;1;6;750;25/06/2013
2013056013;1;2;1;1;2;750;25/06/2013
2013056014;5;2;1;2;7;750;29/06/2013
2013056015;2;2;1;1;6;750;29/06/2013
2013056016;2;2;1;1;2;750;29/06/2013
2013056017;2;2;3;1;2;750;01/07/2013
2013056018;1;2;2;1;3;750;02/07/2013
2013056019;1;2;7;1;6;750;04/07/2013
2013056020;1;2;4;1;6;750;05/07/2013
2013056021;5;2;1;1;6;750;06/07/2013
2013056022;1;2;1;1;2;750;06/07/2013
2013056023;1;2;3;1;3;750;07/07/2013
2013056024;1;2;5;1;6;750;08/07/2013
2013056025;1;2;3;1;6;750;09/07/2013
2013056026;1;2;2;1;3;750;10/07/2013
2013056027;5;2;4;1;6;750;11/07/2013
2013056028;1;2;3;1;6;750;12/07/2013
2013056029;1;2;1;1;6;750;12/07/2013
2013056030;1;2;1;1;6;750;12/07/2013
2013056031;1;2;4;1;6;750;13/07/2013
2013056032;2;2;7;1;6;750;14/07/2013
2013056033;1;2;7;1;3;750;14/07/2013
2013056034;1;2;1;1;4;750;16/07/2013
2013056035;1;2;5;1;6;750;16/07/2013
2013056036;5;2;1;1;7;750;18/07/2013
2013056037;5;2;2;1;2;750;20/07/2013
2013056038;1;2;1;1;6;750;20/07/2013
2013056039;1;2;7;1;3;750;21/07/2013
2013056040;5;2;2;1;3;750;24/07/2013
2013056041;1;2;1;1;4;750;24/07/2013
2013056042;1;2;1;1;4;750;24/07/2013
2013056043;1;2;1;1;3;750;25/07/2013
2013056044;1;2;1;1;6;750;30/07/2013
2013056045;1;2;1;1;6;750;28/07/2013
2013056046;1;2;2;1;3;750;30/07/2013
2013056047;1;2;2;1;6;750;31/07/2013
2013056048;5;2;2;1;6;750;01/08/2013
2013056049;1;2;2;1;3;750;08/08/2013
2013056050;5;2;1;1;6;750;10/08/2013
2013056051;1;2;5;1;6;750;10/08/2013
2013056052;1;2;2;7;3;750;10/08/2013
2013056053;1;2;7;1;2;750;13/08/2013
2013056054;1;2;1;1;3;750;14/08/2013
2013056055;1;2;7;1;6;750;14/08/2013
2013056056;1;2;1;1;6;750;14/08/2013
2013056057;1;2;3;1;3;750;16/08/2013
2013056058;5;2;1;1;6;750;17/08/2013
2013056059;1;2;5;1;1;750;18/08/2013
2013056060;1;2;4;1;3;750;18/08/2013
2013056061;1;2;3;1;6;750;19/08/2013
2013056062;5;2;2;1;3;750;19/08/2013
2013056063;5;2;1;1;2;750;22/08/2013
2013056064;5;2;7;1;6;750;22/08/2013
2013056065;1;2;1;1;6;750;22/08/2013
2013056066;1;2;2;1;6;750;23/08/2013
2013056067;1;2;1;1;6;750;27/08/2013
2013056068;1;2;1;1;7;750;28/08/2013
2013056069;5;2;1;1;6;750;29/08/2013
2013056070;1;2;7;1;2;750;29/08/2013
2013056071;1;2;2;1;2;750;29/08/2013
2013056072;2;2;2;1;3;750;30/08/2013
2013056073;2;2;2;1;6;750;01/09/2013
2013056074;1;2;2;1;3;750;01/09/2013
2013056075;1;2;4;1;6;750;01/09/2013
2013056076;2;2;1;1;6;750;01/09/2013
2013056077;5;2;5;1;3;750;02/09/2013
2013056078;5;2;1;1;6;750;03/09/2013
2013056079;1;2;2;1;5;750;04/09/2013
2013056080;1;2;3;1;6;750;05/09/2013
2013056081;1;2;2;1;3;750;05/09/2013
2013056082;5;2;4;1;5;750;05/09/2013
2013056083;1;2;1;1;6;750;07/09/2013
2013056084;5;2;2;1;5;750;08/09/2013
2013056085;5;2;3;1;3;750;08/09/2013
2013056086;1;2;2;1;3;750;11/09/2013
2013056087;1;2;1;2;2;750;13/09/2013