num_acc;lum;agg;inter;atm;col;dep;date
2013056666;1;2;1;1;3;750;14/10/2013
2013056667;1;2;1;1;2;750;14/10/2013
2013056668;4;2;4;1;6;750;14/10/2013
2013056669;1;2;1;2;6;750;16/10/2013
2013056670;1;2;1;2;7;750;16/10/2013
2013056671;5;2;1;2;2;750;16/10/2013
2013056672;5;2;1;1;2;750;17/10/2013
2013056673;1;2;1;1;6;750;17/10/2013
2013056674;1;2;1;5;2;750;18/10/2013
2013056675;5;2;1;1;4;750;18/10/2013
2013056676;2;2;1;1;4;750;19/10/2013
2013056677;1;2;1;2;6;750;20/10/2013
2013056678;1;2;1;2;6;750;20/10/2013
2013056679;5;2;1;2;3;750;20/10/2013
2013056680;1;2;1;1;3;750;21/10/2013
2013056681;5;2;4;1;2;750;22/10/2013
2013056682;5;2;1;1;2;750;23/10/2013
2013056683;1;2;1;1;3;750;24/10/2013
2013056684;5;2;1;1;3;750;24/10/2013
2013056685;1;2;1;1;4;750;25/10/2013
2013056686;5;2;1;1;2;750;25/10/2013
2013056687;5;2;1;1;2;750;26/10/2013
2013056688;1;2;1;1;4;750;27/10/2013
2013056689;5;2;1;2;7;750;28/10/2013
2013056690;1;2;1;2;2;750;28/10/2013
2013056691;1;2;1;1;2;750;28/10/2013
2013056692;1;2;1;2;2;750;28/10/2013
2013056693;1;2;1;1;2;750;28/10/2013
2013056694;5;2;1;1;4;750;28/10/2013
2013056695;1;2;1;1;2;750;29/10/2013
2013056696;5;2;4;1;4;750;29/10/2013
2013056697;1;2;1;1;2;750;29/10/2013
2013056698;1;2;1;1;3;750;29/10/2013
2013056699;1;2;1;1;2;750;30/10/2013
2013056700;5;2;1;1;2;750;30/10/2013
2013056701;1;2;1;1;3;750;30/10/2013
2013056702;5;2;2;1;2;750;31/10/2013
2013056703;1;2;4;1;7;750;31/10/2013
2013056704;5;2;1;1;3;750;31/10/2013
2013056705;1;2;1;2;6;750;01/11/2013
2013056706;1;2;1;2;7;750;02/11/2013
2013056707;5;2;1;1;2;750;02/11/2013
2013056708;5;2;1;2;6;750;02/11/2013
2013056709;3;2;4;2;3;750;03/11/2013
2013056710;1;2;1;1;3;750;03/11/2013
2013056711;1;2;1;2;4;750;05/11/2013
2013056712;5;2;1;1;6;750;05/11/2013
2013056713;1;2;1;1;4;750;06/11/2013
2013056714;1;2;1;2;4;750;06/11/2013
2013056715;5;2;1;1;2;750;06/11/2013
2013056716;5;2;1;1;7;750;06/11/2013
2013056717;1;2;1;2;7;750;07/11/2013
2013056718;5;2;1;2;4;750;07/11/2013
2013056719;3;2;4;2;3;750;08/11/2013
2013056720;1;2;1;2;4;750;08/11/2013
2013056721;1;2;1;2;4;750;08/11/2013
2013056722;2;2;1;2;2;750;08/11/2013
2013056723;2;2;1;2;3;750;08/11/2013
2013056724;5;2;1;1;3;750;08/11/2013
2013056725;5;2;1;1;6;750;09/11/2013
2013056726;5;2;1;3;6;750;10/11/2013
2013056727;1;2;1;1;2;750;10/11/2013
2013056728;4;2;1;1;2;750;11/11/2013
2013056729;5;2;4;1;6;750;12/11/2013
2013056730;5;2;4;1;6;750;12/11/2013
2013056731;2;2;1;2;3;750;12/11/2013
2013056732;5;2;1;3;6;750;12/11/2013
2013056733;5;2;4;1;3;750;13/11/2013
2013056734;1;2;1;1;2;750;13/11/2013
2013056735;1;2;1;2;3;750;14/11/2013
2013056736;5;2;1;1;2;750;14/11/2013
2013056737;5;2;4;1;2;750;14/11/2013
2013056738;5;2;1;1;7;750;15/11/2013
2013056739;5;2;1;1;2;750;17/11/2013
2013056740;1;2;1;1;6;750;18/11/2013
2013056741;1;2;1;1;2;750;19/11/2013
2013056742;5;2;1;2;4;750;20/11/2013
2013056743;5;2;1;2;7;750;21/11/2013
2013056744;2;2;1;3;2;750;21/11/2013
2013056745;5;2;1;1;6;750;22/11/2013
2013056746;5;2;1;2;6;750;21/11/2013
2013056747;5;2;1;2;7;750;21/11/2013
2013056748;2;2;1;1;3;750;22/11/2013
2013056749;5;2;1;1;6;750;23/11/2013
2013056750;5;2;1;1;6;750;24/11/2013
2013056751;5;2;1;1;2;750;25/11/2013
2013056752;1;2;1;1;4;750;25/11/2013
2013056753;1;2;1;1;2;750;25/11/2013
2013056754;1;2;1;1;2;750;26/11/2013
2013056755;1;2;1;1;4;750;26/11/2013
2013056756;1;2;1;1;3;750;26/11/2013
2013056757;5;2;1;1;2;750;26/11/2013
2013056758;1;2;1;1;2;750;27/11/2013
2013056759;1;2;1;1;3;750;28/11/2013
2013056760;1;2;4;1;3;750;28/11/2013
2013056761;1;2;1;1;7;750;29/11/2013
2013056762;5;2;1;1;4;750;29/11/2013
2013056763;5;2;4;1;6;750;30/11/2013
2013056764;5;2;4;1;6;750;30/11/2013
2013056765;1;2;1;1;4;750;30/11/2013
2013056766;1;2;1;1;2;750;01/12/2013
2013056767;1;2;1;1;4;750;01/12/2013
2013056768;5;2;1;1;3;750;01/12/2013
2013056769;1;2;1;1;7;750;03/12/2013
2013056770;1;2;4;7;4;750;03/12/2013
2013056771;1;2;1;1;7;750;03/12/2013
2013056772;5;2;1;1;6;750;03/12/2013
2013056773;1;2;4;1;6;750;04/12/2013
2013056774;1;2;1;1;4;750;05/12/2013
2013056775;1;2;1;1;7;750;05/12/2013
2013056776;5;2;1;1;2;750;05/12/2013
2013056777;5;2;1;1;2;750;05/12/2013
2013056778;1;2;1;1;4;750;06/12/2013
2013056779;5;2;4;1;3;750;06/12/2013
2013056780;1;2;1;2;6;750;07/12/2013
2013056781;5;2;1;2;3;750;07/12/2013
2013056782;5;2;1;1;3;750;07/12/2013
2013056783;5;2;1;1;2;750;07/12/2013
2013056784;1;2;1;1;6;750;09/12/2013
2013056785;1;2;4;1;3;750;09/12/2013
2013056786;1;2;1;1;4;750;09/12/2013
2013056787;5;2;1;1;4;750;09/12/2013
2013056788;1;2;1;1;2;750;10/12/2013
2013056789;1;2;1;1;3;750;10/12/2013
2013056790;1;2;1;1;4;750;11/12/2013
2013056791;1;2;1;1;4;750;08/12/2013
2013056792;1;2;1;1;3;750;12/12/2013
2013056793;5;2;1;1;6;750;13/12/2013
2013056794;5;2;1;2;7;750;13/12/2013
2013056795;5;2;1;1;6;750;14/12/2013
2013056796;3;2;1;1;4;750;14/12/2013
2013056797;1;2;1;1;4;750;15/12/2013
2013056798;1;2;1;1;4;750;16/12/2013
2013056799;2;2;1;1;2;750;17/12/2013
2013056800;5;2;1;1;2;750;18/12/2013
2013056801;1;2;1;1;4;750;18/12/2013
2013056802;2;2;1;1;4;750;20/12/2013
2013056803;1;2;4;1;2;750;20/12/2013
2013056804;1;2;1;7;6;750;20/12/2013
2013056805;2;2;1;1;3;750;20/12/2013
2013056806;5;2;1;1;3;750;21/12/2013
2013056807;5;2;4;1;6;750;22/12/2013
2013056808;5;2;1;1;6;750;23/12/2013
2013056809;1;2;1;1;4;750;23/12/2013
2013056810;5;2;1;1;3;750;26/12/2013
2013056811;5;2;4;1;7;750;28/12/2013
2013056812;3;2;1;1;2;750;30/12/2013
2013056813;1;1;1;1;1;972;18/03/2013
2013056814;1;1;1;1;6;972;26/04/2013
2013056815;1;1;1;2;1;972;04/05/2013
2013056816;1;1;1;1;7;972;03/08/2013
2013056817;3;1;1;1;1;972;17/08/2013
2013056818;1;1;1;9;6;972;05/12/2013
2013056819;1;2;1;1;6;972;01/03/2013
2013056820;1;1;1;1;7;972;12/06/2013
2013056821;3;1;1;1;1;972;30/07/2013
2013056822;5;2;1;1;6;972;03/02/2013
2013056823;1;2;1;1;2;972;17/04/2013
2013056824;5;2;1;1;6;972;19/04/2013
2013056825;5;2;1;1;7;972;27/04/2013
2013056826;3;1;1;1;1;972;08/05/2013
2013056827;1;1;1;2;6;972;03/06/2013
2013056828;1;2;1;1;3;972;01/10/2013
2013056829;1;2;1;1;7;972;29/10/2013
2013056830;3;1;1;3;1;972;09/11/2013
2013056831;1;2;1;1;6;972;19/12/2013
2013056832;5;1;1;1;7;972;20/01/2013
2013056833;3;1;1;1;1;972;17/03/2013
2013056834;1;1;1;1;3;972;23/03/2013
2013056835;1;1;1;1;1;972;25/03/2013
2013056836;3;1;1;1;1;972;14/04/2013
2013056837;1;1;6;2;3;972;21/07/2013
2013056838;1;2;1;9;7;972;28/08/2013
2013056839;3;2;1;1;7;972;14/09/2013
2013056840;1;1;1;1;6;972;28/09/2013
2013056841;1;2;1;1;2;972;09/04/2013
2013056842;2;1;1;1;7;972;13/07/2013
2013056843;3;1;1;1;7;972;20/07/2013
2013056844;1;2;1;1;3;972;09/09/2013
2013056845;4;1;1;1;6;972;27/09/2013
2013056846;1;1;1;1;1;972;22/01/2013
2013056847;3;1;1;1;3;972;11/03/2013
2013056848;1;2;1;1;3;972;07/05/2013
2013056849;1;1;1;1;6;972;09/06/2013
2013056850;1;1;1;1;3;972;23/09/2013
2013056851;3;1;1;1;6;972;19/02/2013
2013056852;3;1;1;2;1;972;04/06/2013
2013056853;5;1;1;1;2;972;07/06/2013
2013056854;1;1;1;1;3;972;26/06/2013
2013056855;3;1;1;1;2;972;29/07/2013
2013056856;1;1;1;1;5;972;16/08/2013
2013056857;1;2;1;1;7;972;27/08/2013
2013056858;1;2;1;1;5;972;19/10/2013
2013056859;1;1;1;1;6;972;15/02/2013
2013056860;3;2;1;1;6;972;31/03/2013
2013056861;1;1;1;3;6;972;21/04/2013
2013056862;1;2;1;2;6;972;22/04/2013
2013056863;1;1;1;1;1;972;06/10/2013
2013056864;5;2;1;1;6;972;02/02/2013
2013056865;1;2;2;1;3;972;09/06/2013
2013056866;3;1;1;2;1;972;13/10/2013
2013056867;5;2;1;1;6;971;11/01/2013
2013056868;1;2;1;1;5;971;06/02/2013
2013056869;4;2;1;1;3;971;01/03/2013
2013056870;2;1;1;1;1;971;14/04/2013
2013056871;3;2;1;;7;971;05/05/2013
2013056872;5;2;1;2;1;971;27/05/2013
2013056873;1;2;1;1;3;971;30/06/2013
2013056874;1;1;1;2;1;971;09/07/2013
2013056875;1;2;1;1;3;971;11/07/2013
2013056876;1;2;1;1;5;971;26/09/2013
2013056877;1;1;3;2;3;971;03/06/2013
2013056878;1;1;1;1;1;971;09/06/2013
2013056879;3;1;1;1;7;971;09/09/2013
2013056880;1;1;1;1;6;971;28/10/2013
2013056881;1;2;1;1;6;971;27/11/2013
2013056882;3;1;1;1;3;971;05/12/2013
2013056883;1;1;1;1;1;971;14/09/2013
2013056884;1;1;1;1;1;971;22/03/2013
2013056885;1;1;1;3;3;971;22/05/2013
2013056886;3;1;1;1;3;971;04/10/2013
2013056887;1;1;1;1;1;971;27/07/2013
2013056888;2;1;1;1;6;971;09/02/2013
2013056889;5;2;1;1;2;971;15/03/2013
2013056890;1;1;1;8;2;971;17/04/2013
2013056891;3;1;1;2;2;971;03/05/2013
2013056892;2;1;1;1;6;971;09/05/2013
2013056893;1;1;1;1;6;971;17/07/2013
2013056894;5;2;1;1;6;971;31/12/2013
2013056895;1;1;1;1;6;971;06/02/2013
2013056896;3;1;1;1;6;971;02/03/2013
2013056897;1;1;1;1;1;971;05/03/2013
2013056898;3;1;1;1;1;971;08/03/2013
2013056899;3;1;1;1;6;971;01/04/2013
2013056900;2;1;1;1;1;971;11/04/2013
2013056901;1;1;1;1;5;971;30/04/2013
2013056902;3;1;1;1;7;971;12/05/2013
2013056903;3;1;1;1;7;971;27/05/2013
2013056904;1;1;1;1;6;971;09/06/2013
2013056905;1;1;1;1;1;971;30/07/2013
2013056906;1;2;1;1;6;971;12/08/2013
2013056907;1;1;1;1;7;971;14/08/2013
2013056908;5;1;1;2;6;971;16/08/2013
2013056909;1;1;1;2;7;971;03/09/2013
2013056910;1;1;1;1;3;971;13/09/2013
2013056911;4;1;6;1;1;971;20/09/2013
2013056912;4;2;1;1;3;971;16/11/2013
2013056913;1;1;1;1;6;971;13/12/2013
2013056914;1;1;1;1;5;971;24/12/2013
2013056915;1;1;1;1;7;971;03/01/2013
2013056916;1;2;1;1;6;971;12/11/2013
2013056917;5;1;1;1;7;971;27/02/2013
2013056918;5;1;1;1;3;971;09/03/2013
2013056919;5;1;1;1;1;971;15/06/2013
2013056920;1;1;1;1;1;971;14/07/2013
2013056921;1;1;1;1;2;971;29/09/2013
2013056922;1;2;1;1;2;971;04/10/2013
2013056923;1;1;1;1;1;971;30/10/2013
2013056924;1;1;1;1;6;971;13/11/2013
2013056925;2;1;1;1;1;971;30/11/2013
2013056926;3;1;1;1;2;971;05/12/2013
2013056927;1;1;1;2;3;971;16/12/2013
2013056928;2;1;1;1;7;971;01/01/2013
2013056929;3;1;1;1;1;971;06/03/2013
2013056930;1;1;1;1;1;971;08/03/2013
2013056931;1;2;1;1;6;971;30/04/2013
2013056932;1;1;1;1;1;971;30/05/2013
2013056933;1;1;1;1;1;971;23/06/2013
2013056934;1;1;2;1;3;971;11/07/2013
2013056935;1;2;1;1;6;971;23/07/2013
2013056936;1;1;1;1;1;971;27/10/2013
2013056937;3;1;1;1;3;971;14/11/2013
2013056938;3;2;1;1;3;971;09/02/2013
2013056939;3;1;1;1;6;971;12/02/2013
2013056940;1;2;1;1;3;971;05/03/2013
2013056941;1;1;1;1;6;971;11/03/2013
2013056942;1;2;1;1;6;971;23/03/2013
2013056943;5;2;1;1;1;971;22/03/2013
2013056944;1;1;1;1;1;971;26/03/2013
2013056945;3;2;1;2;6;971;25/04/2013
2013056946;1;1;1;1;1;971;11/05/2013
2013056947;2;2;1;1;3;971;18/05/2013
2013056948;1;2;3;1;1;971;12/06/2013
2013056949;1;1;1;2;6;971;14/06/2013
2013056950;3;1;3;1;2;971;15/06/2013
2013056951;3;2;1;1;3;971;28/06/2013
2013056952;4;1;1;1;1;971;11/07/2013
2013056953;1;1;1;3;1;971;21/07/2013
2013056954;1;1;1;1;1;971;24/08/2013
2013056955;1;1;1;1;6;971;22/09/2013
2013056956;5;2;1;1;6;971;21/09/2013
2013056957;1;1;1;1;1;971;11/10/2013
2013056958;1;2;1;1;6;971;12/12/2013
2013056959;1;1;1;1;1;971;23/01/2013
2013056960;1;2;1;1;6;971;25/03/2013
2013056961;5;1;1;1;1;971;28/07/2013
2013056962;5;2;1;1;3;971;12/11/2013
2013056963;1;1;1;1;3;971;06/04/2013
2013056964;1;2;1;1;1;971;09/10/2013
2013056965;1;2;1;1;1;971;12/01/2013
2013056966;5;1;1;2;3;971;07/04/2013
2013056967;1;1;1;1;2;971;30/05/2013
2013056968;5;2;1;1;3;971;15/06/2013
2013056969;1;1;1;1;6;971;30/07/2013
2013056970;1;1;1;2;6;971;11/08/2013
2013056971;2;1;1;2;6;971;17/08/2013
2013056972;2;1;1;2;1;971;04/09/2013
2013056973;3;1;1;1;1;971;10/10/2013
2013056974;5;1;1;1;3;971;14/10/2013
2013056975;5;1;1;1;1;971;15/10/2013
2013056976;3;1;1;1;2;971;08/02/2013
2013056977;1;2;1;1;1;971;25/03/2013
2013056978;1;2;1;1;6;971;26/03/2013
2013056979;1;1;1;1;3;971;05/05/2013
2013056980;1;1;1;1;1;971;10/06/2013
2013056981;1;1;1;1;1;971;15/06/2013
2013056982;1;1;1;1;3;971;18/08/2013
2013056983;5;1;1;3;7;971;26/08/2013
2013056984;5;1;1;1;2;971;22/09/2013
2013056985;1;1;1;1;1;971;29/10/2013
2013056986;3;1;1;1;1;971;30/10/2013
2013056987;2;1;1;1;6;971;19/11/2013
2013056988;1;2;1;1;1;971;19/12/2013
2013056989;3;1;1;1;6;971;18/12/2013
2013056990;3;1;1;2;6;971;21/12/2013
2013056991;5;2;1;1;6;971;25/12/2013
2013056992;3;1;1;1;1;971;30/01/2013
2013056993;1;2;1;1;3;971;17/03/2013
2013056994;1;1;1;1;6;971;28/03/2013
2013056995;1;1;1;1;3;971;27/08/2013
2013056996;3;2;1;1;6;971;13/09/2013
2013056997;5;1;1;1;6;971;03/11/2013
2013056998;5;1;1;1;6;971;17/11/2013
2013056999;2;1;1;3;4;971;01/12/2013
2013057000;2;1;1;1;6;971;05/01/2013
2013057001;1;1;1;1;1;971;14/01/2013
2013057002;3;1;1;1;6;971;02/02/2013
2013057003;1;1;1;1;6;971;04/02/2013
2013057004;1;2;1;1;6;971;22/03/2013
2013057005;3;1;1;1;3;971;14/04/2013
2013057006;5;2;1;1;7;971;17/04/2013
2013057007;1;1;1;1;2;971;29/05/2013
2013057008;3;1;1;1;6;971;21/06/2013
2013057009;5;2;1;1;6;971;02/08/2013
2013057010;2;1;1;1;1;971;09/08/2013
2013057011;1;2;1;1;6;971;16/08/2013
2013057012;1;2;1;1;2;971;21/08/2013
2013057013;1;1;1;1;6;971;03/10/2013
2013057014;3;1;1;1;6;971;04/10/2013
2013057015;1;2;1;1;3;971;17/10/2013
2013057016;1;1;1;1;6;971;29/10/2013
2013057017;3;1;1;1;6;971;24/11/2013
2013057018;1;1;1;1;6;971;16/12/2013
2013057019;3;1;1;1;6;971;12/03/2013
2013057020;3;1;1;1;4;971;16/03/2013
2013057021;1;1;1;1;1;971;29/04/2013
2013057022;1;2;1;1;1;971;24/05/2013
2013057023;1;2;1;1;6;971;09/05/2013
2013057024;5;2;1;1;6;971;15/06/2013
2013057025;1;2;1;1;3;971;24/06/2013
2013057026;5;2;1;1;1;971;14/07/2013
2013057027;1;1;1;1;2;971;30/07/2013
2013057028;1;1;1;1;2;971;13/08/2013
2013057029;1;2;1;1;3;971;07/09/2013
2013057030;1;1;1;2;1;971;24/10/2013
2013057031;3;1;1;1;7;973;27/01/2013
2013057032;3;1;1;3;7;973;13/02/2013
2013057033;1;1;1;1;5;973;27/03/2013
2013057034;1;1;1;1;6;973;05/06/2013
2013057035;1;1;1;1;3;973;06/07/2013
2013057036;1;1;1;1;6;973;09/07/2013
2013057037;2;1;1;1;2;973;25/08/2013
2013057038;5;1;1;1;3;973;04/09/2013
2013057039;1;1;1;1;1;973;10/10/2013
2013057040;1;1;1;1;1;973;05/10/2013
2013057041;3;1;1;1;1;973;09/10/2013
2013057042;1;1;1;1;6;973;16/11/2013
2013057043;1;1;1;1;2;973;17/11/2013
2013057044;3;1;1;3;5;973;20/12/2013
2013057045;1;1;1;8;3;973;09/01/2013
2013057046;1;1;1;1;1;973;27/03/2013
2013057047;2;1;1;2;6;973;21/06/2013
2013057048;3;1;1;1;1;973;20/07/2013
2013057049;1;1;1;1;3;973;10/08/2013
2013057050;1;2;1;1;3;973;20/10/2013
2013057051;1;2;1;1;3;973;18/03/2013
2013057052;5;2;1;1;3;973;11/09/2013
2013057053;1;1;1;1;7;973;04/11/2013
2013057054;3;1;1;1;1;973;05/07/2013
2013057055;1;1;1;1;7;973;19/07/2013
2013057056;2;1;1;1;6;973;19/12/2013
2013057057;1;1;1;1;6;973;30/08/2013
2013057058;3;1;1;1;1;973;16/08/2013
2013057059;1;1;1;8;7;973;10/05/2013
2013057060;1;1;1;2;1;973;16/05/2013
2013057061;1;2;1;1;7;973;17/08/2013
2013057062;1;2;1;1;6;973;01/01/2013
2013057063;5;2;1;1;1;973;04/01/2013
2013057064;1;2;1;1;3;973;17/01/2013
2013057065;5;2;1;1;3;973;13/02/2013
2013057066;1;2;1;1;2;973;15/03/2013
2013057067;1;2;1;1;6;973;30/03/2013
2013057068;1;2;1;1;1;973;25/04/2013
2013057069;5;1;1;1;1;973;10/08/2013
2013057070;1;1;1;1;1;973;25/08/2013
2013057071;1;2;1;1;3;973;29/08/2013
2013057072;1;2;1;1;1;973;18/09/2013
2013057073;1;2;1;1;6;973;20/09/2013
2013057074;2;1;1;7;6;973;13/10/2013
2013057075;1;1;1;1;1;973;23/11/2013
2013057076;3;2;1;1;7;973;01/12/2013
2013057077;1;2;1;1;1;973;17/12/2013
2013057078;1;2;1;2;6;973;23/02/2013
2013057079;1;1;1;1;6;973;03/03/2013
2013057080;4;2;1;1;6;973;07/05/2013
2013057081;2;1;1;1;6;973;06/06/2013
2013057082;1;1;1;1;1;973;17/07/2013
2013057083;1;1;1;1;7;973;03/10/2013
2013057084;3;1;1;1;7;973;13/10/2013
2013057085;3;1;1;1;1;973;08/11/2013
2013057086;1;2;1;1;7;973;15/01/2013
2013057087;1;2;1;1;6;973;15/01/2013
2013057088;1;2;1;1;6;973;15/04/2013
2013057089;1;2;1;1;6;974;03/04/2013
2013057090;1;2;1;1;2;974;01/10/2013
2013057091;5;1;1;1;6;974;16/01/2013
2013057092;1;1;1;1;3;974;14/01/2013
2013057093;1;1;1;1;2;974;19/01/2013
2013057094;2;1;1;1;6;974;31/03/2013
2013057095;3;1;1;1;6;974;16/04/2013
2013057096;1;2;1;7;6;974;21/04/2013
2013057097;3;2;1;1;6;974;06/06/2013
2013057098;1;2;1;1;3;974;09/06/2013
2013057099;5;1;1;1;3;974;13/07/2013
2013057100;5;1;1;1;7;974;16/08/2013
2013057101;2;2;1;2;6;974;31/08/2013
2013057102;3;1;1;1;6;974;12/10/2013
2013057103;1;1;1;1;6;974;23/10/2013
2013057104;1;2;1;1;1;974;27/10/2013
2013057105;3;1;1;1;1;974;29/10/2013
2013057106;3;1;1;1;6;974;15/11/2013
2013057107;1;1;1;1;7;974;16/12/2013
2013057108;5;2;1;1;6;974;07/07/2013
2013057109;5;2;1;1;6;974;15/08/2013
2013057110;1;2;1;1;1;974;11/12/2013
2013057111;2;2;1;2;6;974;26/12/2013
2013057112;3;1;1;2;6;974;22/02/2013
2013057113;3;1;1;1;6;974;10/04/2013
2013057114;3;1;1;1;1;974;01/05/2013
2013057115;3;1;1;1;1;974;20/09/2013
2013057116;1;2;1;1;6;974;20/11/2013
2013057117;1;1;1;8;4;974;11/03/2013
2013057118;5;2;1;2;1;974;06/04/2013
2013057119;1;2;1;1;1;974;30/05/2013
2013057120;1;1;1;1;2;974;06/06/2013
2013057121;1;1;1;1;3;974;23/12/2013
2013057122;3;2;1;1;7;974;18/08/2013
2013057123;5;2;1;1;6;974;14/09/2013
2013057124;1;2;1;1;2;974;07/01/2013
2013057125;1;1;1;1;1;974;02/06/2013
2013057126;1;2;1;2;2;974;07/12/2013
2013057127;3;1;1;1;6;974;12/01/2013
2013057128;1;2;1;8;6;974;31/01/2013
2013057129;1;1;1;3;3;974;22/02/2013
2013057130;1;1;1;1;6;974;04/05/2013
2013057131;1;1;1;1;2;974;03/06/2013
2013057132;1;2;3;1;1;974;15/06/2013
2013057133;1;1;1;1;6;974;25/06/2013
2013057134;5;2;1;1;3;974;03/08/2013
2013057135;5;1;1;1;2;974;11/10/2013
2013057136;5;2;1;1;2;974;24/11/2013
2013057137;3;1;1;1;1;974;03/02/2013
2013057138;3;1;1;1;1;974;13/04/2013
2013057139;3;1;1;1;7;974;01/07/2013
2013057140;1;1;1;1;2;974;25/08/2013
2013057141;3;1;1;2;1;974;06/11/2013
2013057142;2;2;1;1;1;974;24/11/2013
2013057143;2;1;1;2;3;974;11/12/2013
2013057144;1;1;3;1;3;974;12/02/2013
2013057145;1;1;1;1;2;974;18/08/2013
2013057146;3;1;2;1;1;974;03/12/2013
2013057147;4;2;1;1;6;974;05/01/2013
2013057148;1;2;1;1;1;974;17/01/2013
2013057149;1;2;1;1;3;974;28/01/2013
2013057150;2;1;1;1;1;974;05/03/2013
2013057151;3;1;1;1;2;974;06/07/2013
2013057152;3;1;1;1;1;974;28/07/2013
2013057153;2;2;1;1;1;974;12/08/2013
2013057154;4;2;1;1;3;974;30/09/2013
2013057155;1;2;1;1;1;974;14/10/2013
2013057156;1;1;1;1;6;974;03/11/2013
2013057157;2;2;1;1;3;974;23/12/2013
2013057158;1;2;1;1;3;974;26/12/2013
2013057159;1;1;1;1;3;974;02/07/2013
2013057160;1;1;1;1;1;974;21/12/2013
2013057161;1;2;1;1;1;974;10/03/2013
2013057162;1;2;1;1;6;974;17/03/2013
2013057163;1;2;1;1;1;974;19/08/2013
2013057164;1;2;1;2;1;974;26/11/2013
2013057165;1;2;1;1;1;974;01/01/2013
2013057166;1;1;1;1;4;974;16/01/2013
2013057167;1;1;1;1;3;974;23/01/2013
2013057168;1;1;1;1;5;974;25/01/2013
2013057169;3;1;1;2;6;974;16/02/2013
2013057170;1;2;1;1;1;974;20/04/2013
2013057171;2;2;1;7;6;974;22/04/2013
2013057172;2;1;1;1;6;974;22/04/2013
2013057173;3;1;1;1;1;974;05/05/2013
2013057174;5;1;1;1;6;974;23/05/2013
2013057175;3;1;1;1;1;974;07/06/2013
2013057176;1;1;1;1;6;974;17/06/2013
2013057177;1;1;1;2;3;974;01/08/2013
2013057178;1;2;1;2;6;974;02/10/2013
2013057179;3;1;1;1;5;974;15/10/2013
2013057180;3;1;1;8;1;974;25/11/2013
2013057181;1;2;1;1;6;974;05/12/2013
2013057182;3;2;1;1;7;974;13/12/2013
2013057183;3;1;1;1;6;974;25/08/2013
2013057184;1;2;1;1;2;974;08/09/2013
2013057185;1;2;1;1;6;974;10/02/2013
2013057186;5;2;1;1;7;974;11/04/2013
2013057187;1;1;3;1;3;974;20/04/2013
2013057188;1;1;1;1;5;974;24/06/2013
2013057189;3;1;1;1;1;974;27/06/2013
2013057190;1;2;1;1;6;974;28/07/2013
2013057191;5;2;1;1;6;974;03/08/2013
2013057192;3;1;1;1;6;974;19/08/2013
2013057193;1;2;1;1;1;974;08/09/2013
2013057194;5;2;1;1;1;974;19/10/2013
2013057195;1;2;1;1;1;974;17/12/2013
2013057196;1;1;1;1;3;976;25/01/2013
2013057197;3;1;1;1;1;976;18/02/2013
2013057198;3;1;1;1;3;976;23/05/2013
2013057199;1;2;1;1;2;976;12/06/2013
2013057200;5;2;1;1;6;976;22/06/2013
2013057201;1;1;1;1;1;976;25/07/2013
2013057202;3;1;1;1;6;976;01/09/2013
2013057203;3;1;1;1;3;976;05/10/2013
2013057204;1;1;1;1;1;976;23/11/2013
2013057205;3;2;1;1;6;976;07/01/2013
2013057206;1;2;1;1;6;976;14/08/2013
2013057207;3;2;1;1;3;976;13/09/2013
2013057208;5;2;1;1;6;976;14/10/2013
2013057209;1;2;1;1;6;976;09/11/2013
2013057210;5;2;1;1;1;976;16/11/2013
2013057211;1;2;1;1;1;976;16/12/2013
2013057212;1;2;1;1;6;976;16/12/2013
2013057213;1;2;1;1;6;976;03/01/2013
2013057214;3;2;1;1;7;976;05/01/2013
2013057215;3;2;1;1;6;976;09/11/2013
2013057216;1;2;1;1;6;976;23/11/2013
2013057217;5;1;1;1;7;971;31/12/2013
2013057218;3;1;1;1;6;971;15/01/2013
2013057219;3;1;1;1;5;971;29/01/2013
2013057220;3;1;1;1;6;971;29/01/2013
2013057221;1;2;1;1;1;971;02/02/2013
2013057222;2;1;1;1;6;971;10/02/2013
2013057223;2;2;1;1;6;971;24/02/2013
2013057224;1;2;1;1;1;971;05/05/2013
2013057225;5;1;1;1;3;971;30/05/2013
2013057226;1;1;1;1;7;971;03/07/2013
2013057227;5;1;1;1;1;971;15/07/2013
2013057228;1;1;1;1;1;971;23/07/2013
2013057229;1;2;1;1;1;971;20/08/2013
2013057230;5;1;1;1;6;971;26/10/2013
2013057231;4;1;1;1;6;971;02/11/2013
2013057232;2;2;1;1;5;971;09/11/2013
2013057233;5;1;1;1;3;971;18/11/2013
2013057234;2;2;1;1;3;971;02/12/2013
2013057235;3;2;1;1;6;973;15/03/2013
2013057236;3;1;1;3;6;973;24/04/2013
2013057237;1;1;1;1;1;973;08/04/2013
2013057238;1;2;1;1;3;976;04/07/2013
2013057239;1;1;1;1;6;976;15/07/2013
2013057240;1;1;1;1;6;976;05/11/2013
2013057241;3;1;1;1;1;976;29/05/2013
2013057242;3;1;1;1;7;976;05/09/2013