num_acc;lum;agg;inter;atm;col;dep;date
2013057243;1;2;1;1;3;976;02/12/2013
2013057244;2;1;1;1;1;976;29/12/2013
2013057245;5;2;1;1;3;973;06/01/2013
2013057246;4;2;1;1;3;973;16/01/2013
2013057247;1;2;1;1;1;973;30/01/2013
2013057248;1;1;1;2;1;973;04/02/2013
2013057249;1;1;1;2;1;973;08/02/2013
2013057250;1;2;1;1;1;973;09/02/2013
2013057251;1;1;1;1;2;973;22/02/2013
2013057252;1;1;1;1;3;973;12/03/2013
2013057253;1;2;1;1;3;973;22/03/2013
2013057254;5;2;1;1;6;973;25/03/2013
2013057255;1;1;1;1;1;973;19/04/2013
2013057256;1;2;1;1;6;973;05/05/2013
2013057257;2;2;1;2;3;973;12/05/2013
2013057258;5;2;1;1;1;973;18/05/2013
2013057259;3;1;1;1;6;973;12/07/2013
2013057260;2;1;1;1;2;973;14/07/2013
2013057261;3;2;1;1;1;973;27/07/2013
2013057262;2;2;1;1;4;973;30/07/2013
2013057263;1;2;1;1;1;973;01/08/2013
2013057264;1;1;1;1;7;973;14/08/2013
2013057265;5;1;1;1;3;973;15/09/2013
2013057266;1;1;1;1;5;973;16/10/2013
2013057267;5;2;1;1;2;973;16/10/2013
2013057268;1;2;1;1;3;973;20/10/2013
2013057269;5;2;1;2;6;973;20/10/2013
2013057270;5;2;1;1;3;973;14/11/2013
2013057271;5;2;1;1;5;973;30/11/2013
2013057272;3;2;1;1;6;973;09/12/2013
2013057273;3;2;1;1;1;974;01/05/2013
2013057274;3;2;1;1;5;974;16/11/2013
2013057275;1;1;1;1;3;974;30/07/2013
2013057276;1;2;1;1;3;974;30/08/2013
2013057277;1;2;1;1;3;974;07/09/2013
2013057278;1;2;1;1;3;974;30/09/2013
2013057279;1;2;1;1;1;974;23/12/2013
2013057280;1;1;1;2;3;973;18/02/2013
2013057281;2;1;1;1;6;973;24/05/2013
2013057282;5;2;1;1;1;973;07/12/2013
2013057283;5;1;1;1;3;973;12/01/2013
2013057284;1;1;1;1;3;973;01/02/2013
2013057285;4;2;1;1;1;973;25/02/2013
2013057286;5;2;1;1;6;973;25/03/2013
2013057287;5;2;1;1;6;973;07/04/2013
2013057288;1;2;1;2;1;973;12/05/2013
2013057289;5;2;1;1;3;973;21/05/2013
2013057290;5;1;1;1;3;973;31/05/2013
2013057291;3;1;1;1;6;973;25/06/2013
2013057292;2;1;1;1;1;973;29/06/2013
2013057293;5;1;1;1;3;973;29/06/2013
2013057294;1;2;2;1;3;973;02/08/2013
2013057295;1;1;1;1;1;973;06/08/2013
2013057296;3;2;1;1;6;973;06/10/2013
2013057297;5;1;1;1;1;973;13/10/2013
2013057298;5;1;1;1;2;973;26/10/2013
2013057299;2;2;1;1;7;973;18/11/2013
2013057300;1;1;1;1;3;973;21/11/2013
2013057301;1;1;1;1;3;973;23/11/2013
2013057302;1;1;1;3;1;973;16/12/2013
2013057303;3;2;1;2;3;973;21/12/2013
2013057304;1;1;1;1;3;972;12/11/2013
2013057305;3;1;1;1;6;974;23/02/2013
2013057306;1;2;1;1;1;974;28/02/2013
2013057307;5;2;1;1;7;974;29/03/2013
2013057308;5;2;1;1;6;974;08/06/2013
2013057309;2;2;1;7;6;974;20/09/2013
2013057310;3;2;1;1;1;974;11/01/2013
2013057311;1;1;3;1;3;974;20/03/2013
2013057312;1;2;1;1;3;974;11/11/2013
2013057313;1;2;1;1;2;974;22/12/2013
2013057314;5;1;1;8;6;971;05/01/2013
2013057315;3;1;1;2;3;971;25/01/2013
2013057316;1;1;1;1;6;971;28/10/2013
2013057317;1;1;1;1;3;971;27/11/2013
2013057318;1;2;1;1;3;974;15/01/2013
2013057319;1;2;1;1;2;974;17/01/2013
2013057320;1;1;1;1;6;974;25/01/2013
2013057321;3;2;1;1;3;974;09/03/2013
2013057322;1;2;1;1;1;974;10/03/2013
2013057323;1;1;1;7;2;974;09/06/2013
2013057324;1;2;1;1;6;974;16/12/2013
2013057325;1;2;2;1;1;974;20/12/2013
2013057326;1;1;1;3;1;974;13/02/2013
2013057327;1;1;1;1;1;974;02/05/2013
2013057328;1;1;1;8;3;974;07/05/2013
2013057329;1;1;1;7;6;974;04/06/2013
2013057330;1;1;1;2;7;974;28/07/2013
2013057331;5;2;1;1;5;972;18/01/2013
2013057332;1;1;1;1;1;972;09/05/2013
2013057333;1;1;1;1;1;972;15/06/2013
2013057334;1;1;1;1;1;972;15/02/2013
2013057335;3;1;1;1;1;972;13/04/2013
2013057336;1;2;1;1;3;972;16/06/2013
2013057337;5;1;1;1;7;972;01/11/2013
2013057338;3;1;1;1;6;972;21/01/2013
2013057339;1;2;1;1;1;972;12/02/2013
2013057340;3;1;1;1;5;972;09/03/2013
2013057341;1;2;1;1;1;972;13/03/2013
2013057342;1;1;1;1;6;972;07/04/2013
2013057343;1;2;1;1;6;972;24/04/2013
2013057344;1;1;1;1;6;972;06/05/2013
2013057345;1;1;1;1;1;972;14/05/2013
2013057346;1;1;1;8;1;972;02/06/2013
2013057347;1;1;1;1;1;972;17/07/2013
2013057348;1;1;1;1;3;972;17/07/2013
2013057349;3;1;1;1;4;972;28/07/2013
2013057350;1;1;1;1;1;972;11/09/2013
2013057351;3;1;1;1;6;972;17/12/2013
2013057352;3;2;1;1;1;972;23/12/2013
2013057353;2;1;1;3;5;972;27/01/2013
2013057354;5;2;1;1;3;972;22/09/2013
2013057355;1;2;1;1;6;972;14/01/2013
2013057356;1;2;1;1;6;972;20/01/2013
2013057357;5;2;1;1;1;972;13/02/2013
2013057358;1;1;1;1;3;972;26/02/2013
2013057359;5;2;1;2;6;972;20/03/2013
2013057360;1;1;1;1;1;972;22/03/2013
2013057361;3;1;1;1;1;972;26/05/2013
2013057362;3;1;1;1;6;972;23/06/2013
2013057363;2;1;1;1;1;972;17/08/2013
2013057364;3;1;1;3;2;972;19/08/2013
2013057365;1;1;1;1;3;972;17/10/2013
2013057366;2;1;1;1;6;972;26/10/2013
2013057367;1;2;1;1;6;972;31/10/2013
2013057368;1;1;1;1;5;972;17/11/2013
2013057369;3;1;1;2;6;972;29/12/2013
2013057370;1;1;1;1;3;972;09/01/2013
2013057371;5;2;1;1;1;972;09/03/2013
2013057372;1;1;1;1;7;972;11/03/2013
2013057373;1;2;1;1;6;972;26/03/2013
2013057374;1;2;1;1;6;972;12/04/2013
2013057375;1;2;1;1;1;972;05/05/2013
2013057376;2;2;1;1;6;972;11/05/2013
2013057377;3;1;1;1;5;972;23/11/2013
2013057378;5;2;1;1;3;972;15/03/2013
2013057379;5;2;1;1;6;972;17/03/2013
2013057380;1;1;1;1;7;972;14/02/2013
2013057381;1;1;1;1;3;972;21/02/2013
2013057382;2;2;1;1;6;972;25/02/2013
2013057383;5;2;6;1;6;972;28/02/2013
2013057384;1;1;1;1;1;972;09/03/2013
2013057385;5;1;1;1;3;972;17/03/2013
2013057386;5;1;1;1;3;972;02/05/2013
2013057387;3;1;1;1;7;972;23/06/2013
2013057388;2;1;1;2;7;972;15/09/2013
2013057389;5;2;1;1;3;972;18/10/2013
2013057390;3;2;1;1;6;972;07/11/2013
2013057391;5;1;1;1;1;972;11/11/2013
2013057392;3;2;1;1;3;974;01/01/2013
2013057393;1;2;1;1;6;974;16/03/2013
2013057394;1;2;1;1;3;974;19/03/2013
2013057395;1;1;3;1;1;974;14/05/2013
2013057396;1;2;1;1;3;974;16/05/2013
2013057397;1;2;1;1;6;974;29/09/2013
2013057398;1;1;1;1;2;974;08/10/2013
2013057399;1;1;1;1;2;974;10/12/2013
2013057400;1;1;1;3;7;974;03/05/2013
2013057401;3;1;1;2;1;974;10/02/2013
2013057402;3;1;1;1;6;974;17/02/2013
2013057403;1;2;1;1;3;974;17/05/2013
2013057404;1;2;1;1;6;971;05/02/2013
2013057405;1;2;2;1;3;971;07/02/2013
2013057406;1;2;6;1;1;971;01/03/2013
2013057407;1;2;1;1;3;971;05/03/2013
2013057408;5;2;1;1;3;971;09/03/2013
2013057409;5;2;1;1;1;971;23/03/2013
2013057410;5;2;1;1;7;971;03/04/2013
2013057411;1;1;1;1;3;971;10/04/2013
2013057412;1;2;1;1;1;971;17/04/2013
2013057413;1;2;1;1;6;971;28/04/2013
2013057414;1;2;1;1;1;971;17/05/2013
2013057415;1;2;6;1;3;971;01/06/2013
2013057416;1;2;1;;3;971;26/07/2013
2013057417;1;1;1;;3;971;13/08/2013
2013057418;1;2;1;;3;971;06/09/2013
2013057419;5;1;3;1;3;971;27/09/2013
2013057420;1;2;1;1;6;971;29/09/2013
2013057421;1;2;1;1;6;971;29/10/2013
2013057422;1;2;1;1;2;971;08/11/2013
2013057423;1;2;1;1;6;971;12/11/2013
2013057424;1;2;2;1;3;971;17/11/2013
2013057425;5;1;1;;3;971;22/11/2013
2013057426;5;1;1;3;6;971;07/12/2013
2013057427;1;2;1;1;6;971;10/12/2013
2013057428;1;2;1;1;3;971;14/01/2013
2013057429;5;2;1;1;6;971;22/12/2013
2013057430;1;2;1;3;3;971;13/01/2013
2013057431;5;2;3;1;6;971;17/01/2013
2013057432;5;2;1;1;3;971;15/03/2013
2013057433;5;2;9;1;3;971;03/05/2013
2013057434;5;2;3;1;6;971;16/05/2013
2013057435;1;2;2;1;1;971;17/05/2013
2013057436;4;2;1;1;3;971;17/05/2013
2013057437;5;2;1;1;1;971;21/05/2013
2013057438;1;1;1;1;2;971;06/07/2013
2013057439;1;2;1;1;3;971;08/08/2013
2013057440;5;2;1;1;6;971;17/08/2013
2013057441;5;2;1;1;6;971;18/08/2013
2013057442;2;2;1;1;6;971;17/08/2013
2013057443;1;2;1;1;3;971;08/08/2013
2013057444;1;2;2;1;1;971;17/11/2013
2013057445;5;2;1;1;6;971;25/07/2013
2013057446;1;2;2;3;5;971;10/12/2013
2013057447;1;1;3;1;3;971;02/01/2013
2013057448;1;2;2;1;3;971;03/01/2013
2013057449;1;2;1;1;1;971;21/02/2013
2013057450;5;1;1;1;6;971;06/01/2013
2013057451;5;2;1;8;3;971;06/01/2013
2013057452;1;1;1;1;2;971;09/01/2013
2013057453;1;2;1;;1;971;25/03/2013
2013057454;2;2;6;1;6;971;13/01/2013
2013057455;5;2;2;1;3;971;13/01/2013
2013057456;2;1;1;1;1;971;20/01/2013
2013057457;1;2;1;1;3;971;20/01/2013
2013057458;5;2;8;1;6;971;20/01/2013
2013057459;1;2;2;2;6;971;27/01/2013
2013057460;1;1;3;1;3;971;01/02/2013
2013057461;2;1;1;1;4;971;06/02/2013
2013057462;1;2;1;1;5;971;04/02/2013
2013057463;1;2;1;1;6;971;08/02/2013
2013057464;5;1;1;1;7;971;10/02/2013
2013057465;5;2;1;1;6;971;13/02/2013
2013057466;3;1;1;1;6;971;14/02/2013
2013057467;1;2;1;1;6;971;23/02/2013
2013057468;1;2;1;1;2;971;28/02/2013
2013057469;1;1;6;1;6;971;29/10/2013
2013057470;3;2;1;1;6;971;16/02/2013
2013057471;1;1;1;5;6;971;08/11/2013
2013057472;1;1;6;;6;971;12/11/2013
2013057473;3;1;1;1;2;971;07/03/2013
2013057474;1;2;1;1;3;971;05/03/2013
2013057475;1;1;3;;3;971;17/11/2013
2013057476;5;1;1;1;3;971;10/03/2013
2013057477;1;1;3;1;6;971;15/03/2013
2013057478;5;2;1;1;6;971;15/03/2013
2013057479;5;2;3;1;3;971;15/03/2013
2013057480;1;2;1;1;2;971;21/03/2013
2013057481;5;2;1;1;6;971;23/03/2013
2013057482;1;2;1;1;6;971;01/04/2013
2013057483;1;1;1;1;6;971;06/04/2013
2013057484;1;2;1;1;6;971;07/04/2013
2013057485;1;1;1;1;1;971;08/04/2013
2013057486;4;1;1;1;6;971;08/04/2013
2013057487;1;2;1;1;2;971;09/04/2013
2013057488;5;2;1;1;6;971;10/04/2013
2013057489;1;1;3;1;3;971;12/04/2013
2013057490;1;2;2;1;3;971;14/04/2013
2013057491;3;2;1;1;1;971;13/04/2013
2013057492;2;2;3;1;3;971;14/04/2013
2013057493;4;1;1;1;1;971;28/03/2013
2013057494;1;2;3;1;3;971;17/04/2013
2013057495;5;1;1;3;2;971;20/04/2013
2013057496;5;1;1;1;1;971;21/04/2013
2013057497;4;1;1;8;2;971;26/04/2013
2013057498;1;1;1;1;1;971;27/04/2013
2013057499;1;2;1;1;3;971;03/05/2013
2013057500;5;2;2;1;3;971;04/05/2013
2013057501;1;2;1;1;1;971;06/05/2013
2013057502;1;2;1;1;3;971;07/05/2013
2013057503;5;2;1;1;3;971;07/05/2013
2013057504;2;1;1;1;7;971;08/05/2013
2013057505;2;2;1;1;6;971;18/05/2013
2013057506;1;2;2;1;3;971;18/05/2013
2013057507;1;1;1;1;3;971;25/05/2013
2013057508;5;1;1;1;6;971;25/05/2013
2013057509;1;1;1;1;6;971;30/05/2013
2013057510;1;1;1;1;1;971;08/06/2013
2013057511;5;1;1;1;6;971;09/06/2013
2013057512;1;2;1;1;6;971;14/06/2013
2013057513;1;2;1;1;2;971;15/06/2013
2013057514;1;2;1;1;4;971;18/06/2013
2013057515;1;2;6;1;3;971;22/06/2013
2013057516;3;1;3;1;6;971;01/07/2013
2013057517;5;1;1;1;6;971;07/07/2013
2013057518;1;1;1;1;6;971;13/07/2013
2013057519;1;1;1;2;5;971;16/07/2013
2013057520;1;1;1;2;2;971;17/07/2013
2013057521;4;1;1;1;5;971;20/07/2013
2013057522;5;1;1;1;6;971;24/07/2013
2013057523;1;1;1;1;6;971;24/07/2013
2013057524;1;2;1;1;3;971;24/07/2013
2013057525;1;2;1;1;5;971;31/07/2013
2013057526;1;1;4;1;5;971;05/08/2013
2013057527;1;2;1;1;5;971;06/08/2013
2013057528;4;2;1;1;6;971;11/08/2013
2013057529;1;1;1;1;6;971;24/08/2013
2013057530;2;1;4;1;6;971;31/08/2013
2013057531;1;1;1;2;5;971;31/08/2013
2013057532;5;1;1;1;1;971;08/09/2013
2013057533;1;2;8;1;6;971;16/09/2013
2013057534;1;1;1;1;5;971;16/09/2013
2013057535;1;2;2;1;5;971;20/09/2013
2013057536;5;1;1;1;2;971;21/09/2013
2013057537;1;2;3;1;3;971;24/09/2013
2013057538;5;1;1;2;1;971;07/10/2013
2013057539;1;1;1;2;3;971;07/10/2013
2013057540;1;1;3;1;3;971;10/10/2013
2013057541;1;2;1;1;3;971;10/10/2013
2013057542;1;1;1;8;6;971;20/10/2013
2013057543;1;2;2;2;3;971;20/10/2013
2013057544;1;2;1;1;6;971;19/10/2013
2013057545;1;1;1;2;1;971;24/10/2013
2013057546;4;2;1;1;6;971;26/10/2013
2013057547;1;1;3;1;2;971;30/10/2013
2013057548;1;1;2;1;3;971;04/11/2013
2013057549;5;2;3;1;3;971;18/10/2013
2013057550;1;1;1;1;3;971;06/11/2013
2013057551;3;1;1;1;3;971;10/11/2013
2013057552;1;1;6;1;3;971;11/11/2013
2013057553;3;1;1;2;6;971;25/10/2013
2013057554;1;1;1;1;1;971;13/11/2013
2013057555;1;2;1;1;6;971;14/11/2013
2013057556;1;2;1;1;3;971;14/11/2013
2013057557;1;2;3;3;3;971;25/11/2013
2013057558;3;2;3;1;3;971;25/11/2013
2013057559;1;2;3;3;3;971;26/11/2013
2013057560;3;1;1;1;3;971;26/11/2013
2013057561;1;1;1;1;3;971;28/11/2013
2013057562;1;1;1;1;1;971;02/12/2013
2013057563;3;1;1;1;6;971;11/10/2013
2013057564;1;1;1;2;3;971;03/12/2013
2013057565;2;1;1;9;7;971;08/12/2013
2013057566;1;2;1;2;1;971;07/12/2013
2013057567;5;2;1;1;1;971;09/12/2013
2013057568;1;2;1;1;7;972;05/01/2013
2013057569;1;1;1;1;3;972;06/01/2013
2013057570;5;2;1;1;6;972;07/01/2013
2013057571;5;2;1;8;7;972;07/01/2013
2013057572;1;2;1;1;6;972;07/01/2013
2013057573;2;2;2;1;6;972;11/01/2013
2013057574;1;1;1;1;6;972;12/01/2013
2013057575;5;1;3;1;3;972;18/01/2013
2013057576;5;2;1;1;6;972;20/01/2013
2013057577;5;2;1;1;6;972;20/01/2013
2013057578;5;2;1;1;6;972;20/01/2013
2013057579;1;2;3;1;3;972;24/01/2013
2013057580;1;2;1;1;6;972;25/01/2013
2013057581;5;2;1;8;7;972;26/01/2013
2013057582;5;2;1;1;7;972;26/01/2013
2013057583;5;2;1;1;1;972;02/02/2013
2013057584;5;2;1;1;6;972;04/02/2013
2013057585;2;1;2;1;3;972;06/02/2013
2013057586;5;1;1;1;7;972;08/02/2013
2013057587;1;2;1;1;2;972;09/02/2013
2013057588;5;2;1;3;6;972;11/02/2013
2013057589;5;1;1;1;6;972;11/02/2013
2013057590;5;2;1;1;6;972;12/02/2013
2013057591;5;2;2;1;6;972;16/02/2013
2013057592;5;2;1;1;6;972;18/02/2013
2013057593;1;2;2;1;6;972;19/02/2013
2013057594;1;2;2;1;6;972;22/02/2013
2013057595;2;2;1;1;6;972;24/02/2013
2013057596;3;2;1;1;6;972;24/02/2013
2013057597;1;2;1;1;5;972;01/03/2013
2013057598;5;2;2;1;6;972;01/03/2013
2013057599;1;2;1;1;6;972;02/03/2013
2013057600;1;2;1;1;1;972;04/03/2013
2013057601;5;2;2;4;5;972;08/03/2013
2013057602;5;2;1;1;6;972;09/03/2013
2013057603;5;2;2;2;6;972;13/03/2013
2013057604;5;2;1;1;6;972;14/03/2013
2013057605;3;2;1;1;6;972;14/03/2013
2013057606;1;2;1;1;1;972;16/03/2013
2013057607;2;2;1;1;6;972;16/03/2013
2013057608;1;2;1;1;1;972;22/03/2013
2013057609;1;2;1;1;1;972;29/03/2013
2013057610;5;2;1;1;6;972;30/03/2013
2013057611;5;2;1;1;1;972;30/03/2013
2013057612;3;2;1;1;1;972;31/03/2013
2013057613;3;2;1;1;6;972;01/04/2013
2013057614;1;1;6;1;3;972;05/04/2013
2013057615;5;2;1;1;3;972;06/04/2013
2013057616;5;2;1;1;6;972;09/04/2013
2013057617;5;2;1;1;6;972;10/04/2013
2013057618;1;2;1;1;6;972;14/04/2013
2013057619;1;1;1;1;6;972;15/04/2013
2013057620;5;2;1;1;3;972;18/04/2013
2013057621;1;1;1;8;7;972;24/04/2013
2013057622;1;1;1;1;7;972;27/04/2013
2013057623;3;2;1;1;6;972;28/04/2013
2013057624;5;2;1;1;6;972;05/05/2013
2013057625;1;2;1;1;6;972;06/05/2013
2013057626;1;2;1;1;6;972;07/05/2013
2013057627;1;1;3;1;3;972;09/05/2013
2013057628;1;2;1;1;6;972;10/05/2013
2013057629;1;2;1;1;3;972;10/05/2013
2013057630;3;1;1;1;1;972;11/05/2013
2013057631;1;2;1;1;7;972;16/05/2013
2013057632;5;2;1;8;7;972;18/05/2013
2013057633;5;1;3;1;3;972;19/05/2013
2013057634;1;2;1;2;6;972;21/05/2013
2013057635;1;2;1;1;6;972;24/05/2013
2013057636;1;2;1;1;6;972;30/05/2013
2013057637;5;2;1;1;6;972;31/05/2013
2013057638;1;2;1;1;2;972;04/06/2013
2013057639;1;2;1;1;1;972;06/06/2013
2013057640;1;1;1;1;3;972;07/06/2013
2013057641;5;1;1;1;1;972;14/06/2013
2013057642;1;2;1;1;6;972;15/06/2013
2013057643;1;1;1;1;7;972;16/06/2013
2013057644;5;2;2;1;3;972;19/06/2013
2013057645;3;1;1;1;1;972;21/06/2013
2013057646;1;2;1;1;6;972;22/06/2013
2013057647;1;2;1;1;6;972;24/06/2013
2013057648;1;2;1;1;6;972;24/06/2013
2013057649;1;1;1;1;1;972;25/06/2013
2013057650;1;2;1;1;6;972;02/07/2013
2013057651;5;2;2;1;3;972;04/07/2013
2013057652;5;2;1;1;6;972;05/07/2013
2013057653;5;2;3;1;3;972;07/07/2013
2013057654;3;1;1;1;1;972;12/07/2013
2013057655;2;2;1;1;3;972;12/07/2013
2013057656;1;1;1;1;6;972;14/07/2013
2013057657;1;2;1;1;6;972;14/07/2013
2013057658;1;1;1;1;1;972;15/07/2013
2013057659;1;1;1;1;6;972;26/07/2013
2013057660;1;1;1;1;6;972;27/07/2013
2013057661;1;1;1;1;7;972;27/07/2013
2013057662;5;2;2;1;2;972;28/07/2013
2013057663;1;2;1;1;3;972;06/08/2013
2013057664;1;2;1;1;2;972;07/08/2013
2013057665;5;1;1;1;1;972;10/08/2013
2013057666;5;2;1;1;6;972;11/08/2013
2013057667;5;2;1;1;2;972;23/08/2013
2013057668;1;1;1;1;4;972;24/08/2013
2013057669;1;2;1;1;1;972;25/08/2013
2013057670;5;2;1;1;2;972;26/08/2013
2013057671;5;2;1;1;6;972;26/08/2013
2013057672;1;2;3;1;3;972;02/09/2013
2013057673;1;2;1;1;1;972;02/09/2013
2013057674;1;2;1;1;6;972;04/09/2013
2013057675;1;2;1;1;6;972;04/09/2013
2013057676;1;2;1;1;2;972;06/09/2013
2013057677;1;1;1;1;3;972;10/09/2013
2013057678;1;2;1;1;1;972;10/09/2013
2013057679;1;2;1;1;6;972;14/09/2013
2013057680;1;2;1;1;6;972;15/09/2013
2013057681;1;2;1;1;3;972;15/09/2013
2013057682;1;2;1;1;6;972;17/09/2013
2013057683;1;2;1;1;6;972;26/09/2013
2013057684;1;2;1;1;6;972;28/09/2013
2013057685;1;2;1;1;6;972;01/10/2013
2013057686;1;2;1;1;1;972;09/10/2013
2013057687;1;2;2;8;3;972;11/10/2013
2013057688;5;2;1;1;6;972;15/10/2013
2013057689;1;2;1;1;6;972;20/10/2013
2013057690;5;2;1;1;6;972;27/10/2013
2013057691;1;2;1;1;7;972;30/10/2013
2013057692;1;2;1;1;7;972;31/10/2013
2013057693;1;2;1;1;2;972;02/11/2013
2013057694;5;2;1;1;6;972;06/11/2013
2013057695;3;2;1;1;6;972;07/11/2013
2013057696;5;1;1;1;1;972;07/11/2013
2013057697;1;2;1;1;6;972;09/11/2013
2013057698;2;1;1;1;6;972;14/11/2013
2013057699;1;1;1;8;6;972;15/11/2013
2013057700;1;2;1;1;6;972;15/11/2013
2013057701;1;2;1;1;2;972;16/11/2013
2013057702;3;2;3;1;3;972;17/11/2013
2013057703;1;2;1;8;6;972;19/11/2013
2013057704;1;1;1;1;6;972;21/11/2013
2013057705;1;2;1;1;7;972;30/11/2013
2013057706;5;2;1;1;1;972;02/12/2013
2013057707;1;2;1;1;6;972;09/12/2013
2013057708;1;2;1;1;6;972;18/12/2013
2013057709;1;2;1;1;6;972;21/12/2013
2013057710;1;1;1;8;7;972;22/12/2013
2013057711;1;2;1;1;6;972;23/12/2013
2013057712;5;1;1;1;7;972;28/12/2013
2013057713;1;2;1;1;6;972;31/12/2013
2013057714;3;2;1;1;1;972;07/01/2013
2013057715;1;2;2;3;6;972;08/01/2013
2013057716;1;2;1;1;1;972;08/01/2013
2013057717;1;2;1;1;1;972;09/01/2013
2013057718;1;2;9;2;1;972;09/01/2013
2013057719;5;2;1;1;1;972;14/01/2013
2013057720;5;1;1;1;1;972;14/01/2013
2013057721;1;2;1;1;1;972;19/01/2013
2013057722;3;2;1;1;6;972;19/01/2013
2013057723;3;1;1;1;1;972;20/01/2013
2013057724;3;2;1;1;1;972;21/01/2013
2013057725;2;1;1;1;1;972;26/01/2013
2013057726;3;2;1;1;1;972;28/01/2013
2013057727;1;1;1;1;1;972;01/02/2013
2013057728;1;1;1;1;2;972;05/02/2013
2013057729;5;2;1;1;6;972;06/02/2013
2013057730;1;1;1;1;3;972;07/02/2013
2013057731;3;1;1;1;1;972;08/02/2013
2013057732;3;2;1;1;1;972;08/02/2013
2013057733;2;1;1;1;1;972;11/02/2013
2013057734;1;1;1;1;6;972;11/02/2013
2013057735;1;1;1;1;1;972;16/02/2013
2013057736;1;1;1;1;2;972;18/02/2013
2013057737;1;1;1;1;4;972;24/02/2013
2013057738;1;1;1;1;2;972;28/02/2013
2013057739;4;1;1;1;2;972;02/03/2013
2013057740;5;1;1;1;2;972;02/03/2013
2013057741;4;1;1;1;1;972;02/03/2013
2013057742;3;1;1;1;6;972;02/03/2013
2013057743;1;1;1;1;2;972;04/03/2013
2013057744;1;1;1;1;4;972;05/03/2013
2013057745;1;1;1;1;2;972;06/03/2013
2013057746;1;1;1;1;6;972;09/03/2013
2013057747;1;1;1;1;6;972;16/03/2013
2013057748;5;1;1;1;3;972;17/03/2013
2013057749;1;2;1;1;6;972;19/03/2013
2013057750;1;1;1;1;4;972;21/03/2013
2013057751;1;1;1;1;6;972;22/03/2013
2013057752;1;1;1;1;3;972;22/03/2013
2013057753;5;1;1;1;3;972;24/03/2013
2013057754;5;1;3;1;6;972;02/04/2013
2013057755;1;1;1;1;4;972;10/04/2013
2013057756;1;1;3;1;3;972;24/04/2013
2013057757;3;1;1;1;6;972;05/05/2013
2013057758;1;1;1;1;6;972;06/05/2013
2013057759;2;1;1;1;1;972;07/05/2013
2013057760;1;1;1;1;6;972;07/05/2013
2013057761;1;1;1;1;6;972;25/05/2013
2013057762;1;1;1;1;2;972;02/06/2013
2013057763;1;1;1;1;6;972;07/06/2013
2013057764;1;1;1;1;2;972;15/06/2013
2013057765;1;1;1;1;2;972;15/06/2013
2013057766;1;1;1;1;6;972;19/06/2013
2013057767;3;1;1;1;6;972;25/06/2013
2013057768;2;2;2;1;3;972;07/07/2013
2013057769;3;1;1;1;6;972;19/07/2013
2013057770;1;1;1;1;6;972;27/07/2013
2013057771;1;2;1;2;6;972;29/07/2013
2013057772;3;1;1;1;3;972;04/08/2013
2013057773;3;1;1;1;6;972;10/08/2013
2013057774;3;1;1;1;2;972;11/08/2013
2013057775;1;1;1;2;4;972;16/08/2013
2013057776;1;1;1;1;1;972;22/08/2013
2013057777;3;1;1;1;3;972;04/09/2013
2013057778;2;1;1;1;6;972;09/09/2013
2013057779;1;2;1;1;3;972;04/10/2013
2013057780;2;1;1;1;6;972;08/10/2013
2013057781;5;1;1;1;6;972;08/10/2013
2013057782;3;1;1;1;5;972;20/10/2013
2013057783;1;1;1;1;3;972;24/10/2013
2013057784;3;1;1;1;2;972;11/11/2013
2013057785;1;1;1;1;2;972;24/11/2013
2013057786;1;1;1;1;3;972;05/12/2013
2013057787;1;2;1;1;6;972;12/12/2013
2013057788;1;1;3;1;1;972;13/12/2013
2013057789;3;1;1;1;1;972;18/12/2013
2013057790;1;1;3;1;3;972;27/12/2013
2013057791;1;1;1;1;6;972;30/12/2013
2013057792;1;2;1;1;6;973;02/01/2013
2013057793;3;1;1;1;6;973;03/01/2013
2013057794;5;2;1;1;5;973;05/01/2013
2013057795;1;2;1;1;3;973;06/01/2013
2013057796;1;2;1;1;1;973;08/01/2013
2013057797;1;2;1;1;3;973;11/01/2013
2013057798;1;1;1;1;6;973;13/01/2013
2013057799;1;1;1;1;7;973;15/01/2013
2013057800;5;2;1;1;3;973;15/01/2013
2013057801;5;2;2;1;1;973;18/01/2013
2013057802;1;1;6;6;1;973;20/01/2013
2013057803;1;2;1;;1;973;22/01/2013
2013057804;1;2;3;3;1;973;24/01/2013
2013057805;5;2;1;1;1;973;24/01/2013
2013057806;5;2;3;3;1;973;29/01/2013
2013057807;1;2;1;2;2;973;04/02/2013
2013057808;1;1;3;1;3;973;06/02/2013
2013057809;1;2;1;2;6;973;05/02/2013
2013057810;1;1;1;1;6;973;06/02/2013
2013057811;4;2;1;1;2;973;16/02/2013
2013057812;1;2;1;1;2;973;25/02/2013
2013057813;3;2;1;1;1;973;26/02/2013
2013057814;1;1;2;3;1;973;27/02/2013
2013057815;5;2;1;1;1;973;07/03/2013
2013057816;5;2;1;1;3;973;10/03/2013
2013057817;1;2;2;1;1;973;13/03/2013
2013057818;1;2;3;1;3;973;19/03/2013
2013057819;5;1;1;1;1;973;21/03/2013
2013057820;1;2;3;1;6;973;21/03/2013