num_acc;lum;agg;inter;atm;col;dep;date
2013057821;5;1;1;2;6;973;22/03/2013
2013057822;1;2;1;1;2;973;24/03/2013
2013057823;5;1;2;1;3;973;24/03/2013
2013057824;2;2;1;1;3;973;03/04/2013
2013057825;1;1;1;1;4;973;06/04/2013
2013057826;4;2;1;1;1;973;06/04/2013
2013057827;5;2;1;1;6;973;08/04/2013
2013057828;5;2;3;1;1;973;10/04/2013
2013057829;5;2;2;1;3;973;15/04/2013
2013057830;1;2;1;2;6;973;20/04/2013
2013057831;1;2;1;2;6;973;28/04/2013
2013057832;5;1;1;2;6;973;28/04/2013
2013057833;1;2;1;1;3;973;03/05/2013
2013057834;3;2;1;1;6;973;04/05/2013
2013057835;1;2;1;1;6;973;05/05/2013
2013057836;4;1;1;1;3;973;12/04/2013
2013057837;5;2;1;1;3;973;27/05/2013
2013057838;1;1;1;1;7;973;01/06/2013
2013057839;1;2;1;1;1;973;03/06/2013
2013057840;3;1;1;1;1;973;18/05/2013
2013057841;1;2;3;1;6;973;30/04/2013
2013057842;1;2;1;1;6;973;31/03/2013
2013057843;5;1;3;1;3;973;06/06/2013
2013057844;5;2;2;2;3;973;08/06/2013
2013057845;5;2;2;1;3;973;10/06/2013
2013057846;5;2;1;3;3;973;10/06/2013
2013057847;1;2;1;1;3;973;11/06/2013
2013057848;1;2;1;1;2;973;14/06/2013
2013057849;1;2;2;1;3;973;14/06/2013
2013057850;1;2;1;1;3;973;20/06/2013
2013057851;5;2;3;1;2;973;21/06/2013
2013057852;5;2;1;2;3;973;22/06/2013
2013057853;1;2;1;1;3;973;24/06/2013
2013057854;5;2;3;1;3;973;11/06/2013
2013057855;5;2;1;1;6;973;28/06/2013
2013057856;4;2;1;8;6;973;28/06/2013
2013057857;5;1;2;8;3;973;29/06/2013
2013057858;1;1;1;1;1;973;29/06/2013
2013057859;5;2;1;1;2;973;30/06/2013
2013057860;1;1;1;1;1;973;02/07/2013
2013057861;1;2;1;1;3;973;04/07/2013
2013057862;1;2;1;1;5;973;09/07/2013
2013057863;4;1;1;1;2;973;16/07/2013
2013057864;1;2;1;1;2;973;17/07/2013
2013057865;3;2;1;1;6;973;21/07/2013
2013057866;1;2;1;1;4;973;23/07/2013
2013057867;1;2;1;1;2;973;25/07/2013
2013057868;1;1;4;1;3;973;26/07/2013
2013057869;5;1;1;2;7;973;28/07/2013
2013057870;5;1;3;1;3;973;29/07/2013
2013057871;5;2;2;1;3;973;31/07/2013
2013057872;5;1;1;1;6;973;28/07/2013
2013057873;5;2;1;1;1;973;04/08/2013
2013057874;1;1;6;1;2;973;11/08/2013
2013057875;1;2;1;1;6;973;11/08/2013
2013057876;1;2;1;1;5;973;26/08/2013
2013057877;5;2;1;1;6;973;26/08/2013
2013057878;1;2;1;1;3;973;28/08/2013
2013057879;1;2;1;1;3;973;02/09/2013
2013057880;1;1;3;1;3;973;03/09/2013
2013057881;1;2;1;1;2;973;05/09/2013
2013057882;1;2;1;1;1;973;07/09/2013
2013057883;5;2;1;1;6;973;09/09/2013
2013057884;1;2;1;1;3;973;09/09/2013
2013057885;5;2;1;1;3;973;13/09/2013
2013057886;1;1;1;1;3;973;20/09/2013
2013057887;2;2;1;1;1;973;21/09/2013
2013057888;4;1;3;1;3;973;21/09/2013
2013057889;5;2;2;1;3;973;23/09/2013
2013057890;1;2;1;1;5;973;25/09/2013
2013057891;1;2;3;1;3;973;25/09/2013
2013057892;1;1;6;1;6;973;26/09/2013
2013057893;1;1;1;1;2;973;29/09/2013
2013057894;5;1;1;1;5;973;30/09/2013
2013057895;5;2;1;1;1;973;06/10/2013
2013057896;1;2;1;1;3;973;16/10/2013
2013057897;1;2;3;1;3;973;18/10/2013
2013057898;1;1;3;1;3;973;19/10/2013
2013057899;5;1;1;1;3;973;19/10/2013
2013057900;5;2;1;1;1;973;20/10/2013
2013057901;5;2;1;1;6;973;21/10/2013
2013057902;1;2;1;1;3;973;26/10/2013
2013057903;1;2;1;1;3;973;27/10/2013
2013057904;1;1;1;1;3;973;31/10/2013
2013057905;5;2;1;1;7;973;11/11/2013
2013057906;1;2;1;1;2;973;13/11/2013
2013057907;5;2;1;1;7;973;15/11/2013
2013057908;1;1;1;1;3;973;15/11/2013
2013057909;5;2;1;1;7;973;24/11/2013
2013057910;1;2;4;1;3;973;26/11/2013
2013057911;1;2;1;1;3;973;30/11/2013
2013057912;1;2;1;9;6;973;07/12/2013
2013057913;2;2;1;1;1;973;07/12/2013
2013057914;1;1;1;2;3;973;12/12/2013
2013057915;1;1;1;1;3;973;14/12/2013
2013057916;1;1;3;3;1;973;17/12/2013
2013057917;3;2;1;1;7;973;05/10/2013
2013057918;1;2;2;2;2;973;21/12/2013
2013057919;1;1;1;1;3;973;25/12/2013
2013057920;1;2;1;1;3;973;29/12/2013
2013057921;3;2;1;1;6;974;01/01/2013
2013057922;1;1;1;1;7;974;01/01/2013
2013057923;1;2;1;1;2;974;14/01/2013
2013057924;4;2;1;1;6;974;14/01/2013
2013057925;3;1;6;1;7;974;25/01/2013
2013057926;1;2;1;1;7;974;10/02/2013
2013057927;2;1;1;1;3;974;12/02/2013
2013057928;5;2;1;1;7;974;01/03/2013
2013057929;1;2;1;1;3;974;01/03/2013
2013057930;5;2;1;1;3;974;02/03/2013
2013057931;1;2;1;1;6;974;04/03/2013
2013057932;1;2;3;1;6;974;04/03/2013
2013057933;1;2;1;1;2;974;05/03/2013
2013057934;1;2;1;1;6;974;09/03/2013
2013057935;1;2;2;1;6;974;12/03/2013
2013057936;3;2;1;1;7;974;14/03/2013
2013057937;1;2;1;1;6;974;15/03/2013
2013057938;3;2;1;1;3;974;22/03/2013
2013057939;3;1;1;1;6;974;03/04/2013
2013057940;2;1;1;1;6;974;04/04/2013
2013057941;5;2;1;1;7;974;05/04/2013
2013057942;1;2;1;1;3;974;09/04/2013
2013057943;1;2;1;1;3;974;11/04/2013
2013057944;5;2;1;1;3;974;12/04/2013
2013057945;3;1;2;1;3;974;13/04/2013
2013057946;1;1;1;1;2;974;15/04/2013
2013057947;1;2;1;1;3;974;17/04/2013
2013057948;3;2;1;1;6;974;19/04/2013
2013057949;3;2;1;1;2;974;20/04/2013
2013057950;1;2;1;1;6;974;22/04/2013
2013057951;1;2;1;1;6;974;24/04/2013
2013057952;1;2;1;1;2;974;03/05/2013
2013057953;5;2;1;1;3;974;09/05/2013
2013057954;1;2;1;1;6;974;12/05/2013
2013057955;2;1;1;1;3;974;17/05/2013
2013057956;1;1;1;1;7;974;21/05/2013
2013057957;1;2;1;1;6;974;25/05/2013
2013057958;3;2;1;1;3;974;25/05/2013
2013057959;1;2;2;1;2;974;27/05/2013
2013057960;1;2;1;1;6;974;06/06/2013
2013057961;5;2;1;1;6;974;07/06/2013
2013057962;1;2;1;1;2;974;10/06/2013
2013057963;1;2;1;1;3;974;12/06/2013
2013057964;1;2;1;1;6;974;14/06/2013
2013057965;1;2;1;1;2;974;17/06/2013
2013057966;3;1;1;1;2;974;20/06/2013
2013057967;5;2;1;1;3;974;25/06/2013
2013057968;5;2;1;1;2;974;06/07/2013
2013057969;1;2;1;1;2;974;10/07/2013
2013057970;2;2;1;1;7;974;11/07/2013
2013057971;1;2;1;1;6;974;15/07/2013
2013057972;1;2;1;1;5;974;15/07/2013
2013057973;3;1;1;1;3;974;23/07/2013
2013057974;2;2;1;1;5;974;30/07/2013
2013057975;2;2;1;1;6;974;30/07/2013
2013057976;1;2;1;1;6;974;06/08/2013
2013057977;1;2;1;1;6;974;09/08/2013
2013057978;5;2;1;1;7;974;10/08/2013
2013057979;5;2;1;1;3;974;10/08/2013
2013057980;5;2;6;1;3;974;19/08/2013
2013057981;1;2;1;1;7;974;26/08/2013
2013057982;5;2;3;1;1;974;28/08/2013
2013057983;1;2;1;1;6;974;29/08/2013
2013057984;1;2;1;1;3;974;30/08/2013
2013057985;1;2;1;1;6;974;10/09/2013
2013057986;1;2;1;1;6;974;23/09/2013
2013057987;1;2;6;1;2;974;29/09/2013
2013057988;3;1;1;1;6;974;06/10/2013
2013057989;3;2;1;1;6;974;06/10/2013
2013057990;1;1;1;1;3;974;07/10/2013
2013057991;1;2;1;1;3;974;10/10/2013
2013057992;1;2;2;1;3;974;12/10/2013
2013057993;3;2;1;1;1;974;21/10/2013
2013057994;1;2;1;1;2;974;23/10/2013
2013057995;1;2;1;1;3;974;27/10/2013
2013057996;1;2;1;1;3;974;31/10/2013
2013057997;1;2;1;1;6;974;06/11/2013
2013057998;3;1;1;1;4;974;08/11/2013
2013057999;1;2;1;1;3;974;10/11/2013
2013058000;1;2;1;1;6;974;12/11/2013
2013058001;1;2;2;1;3;974;18/11/2013
2013058002;1;2;1;1;6;974;18/11/2013
2013058003;5;2;1;1;3;974;24/11/2013
2013058004;2;2;3;1;6;974;26/11/2013
2013058005;1;2;1;1;6;974;29/11/2013
2013058006;1;1;1;1;2;974;02/12/2013
2013058007;1;2;1;1;6;974;03/12/2013
2013058008;1;2;1;1;3;974;09/12/2013
2013058009;1;2;6;1;3;974;10/12/2013
2013058010;1;2;2;1;3;974;10/12/2013
2013058011;1;2;1;1;6;974;14/12/2013
2013058012;2;2;1;1;7;974;20/12/2013
2013058013;1;2;1;1;7;974;20/12/2013
2013058014;1;2;6;1;3;974;22/12/2013
2013058015;5;2;1;1;6;974;25/12/2013
2013058016;5;2;1;1;6;974;25/12/2013
2013058017;2;2;1;1;6;974;25/12/2013
2013058018;1;1;1;1;2;974;04/02/2013
2013058019;1;1;1;1;6;974;11/02/2013
2013058020;3;2;1;1;6;974;12/02/2013
2013058021;1;2;1;1;6;974;16/02/2013
2013058022;1;2;1;2;6;974;18/02/2013
2013058023;1;2;3;2;3;974;18/02/2013
2013058024;5;2;1;1;6;974;04/01/2013
2013058025;1;2;1;1;6;974;06/01/2013
2013058026;1;1;1;1;6;974;19/02/2013
2013058027;1;2;1;1;2;974;27/02/2013
2013058028;1;1;1;1;6;974;08/03/2013
2013058029;2;1;1;1;2;974;30/03/2013
2013058030;3;2;1;2;2;974;04/04/2013
2013058031;1;1;1;1;2;974;05/04/2013
2013058032;1;2;1;1;3;974;13/04/2013
2013058033;1;2;1;1;4;974;16/04/2013
2013058034;1;2;1;1;1;974;21/04/2013
2013058035;5;2;1;1;3;974;23/04/2013
2013058036;1;1;1;1;6;974;28/04/2013
2013058037;5;2;1;2;6;974;05/04/2013
2013058038;5;1;1;1;3;974;29/04/2013
2013058039;2;1;1;1;1;974;13/03/2013
2013058040;3;1;1;1;2;974;10/04/2013
2013058041;1;2;1;1;6;974;03/05/2013
2013058042;5;2;1;2;6;974;07/05/2013
2013058043;1;2;1;1;6;974;08/05/2013
2013058044;1;2;3;1;3;974;21/05/2013
2013058045;2;1;1;1;3;974;06/06/2013
2013058046;5;2;1;1;5;974;06/06/2013
2013058047;1;2;1;1;7;974;09/03/2013
2013058048;1;2;2;1;3;974;15/03/2013
2013058049;1;2;1;1;3;974;11/06/2013
2013058050;5;2;1;1;2;974;14/06/2013
2013058051;2;2;1;1;2;974;21/06/2013
2013058052;2;2;1;1;6;974;23/04/2013
2013058053;1;2;1;7;5;974;22/07/2013
2013058054;5;2;1;1;7;974;12/06/2013
2013058055;1;2;1;1;5;974;08/06/2013
2013058056;1;2;1;1;5;974;21/06/2013
2013058057;1;2;1;1;6;974;22/06/2013
2013058058;1;2;1;1;2;974;28/06/2013
2013058059;1;2;1;1;3;974;28/07/2013
2013058060;1;2;1;1;6;974;01/07/2013
2013058061;1;2;1;1;7;974;06/07/2013
2013058062;2;2;1;1;6;974;06/07/2013
2013058063;5;2;1;1;2;974;09/07/2013
2013058064;5;2;1;1;7;974;10/07/2013
2013058065;5;2;1;1;2;974;02/10/2013
2013058066;1;2;1;1;7;974;29/09/2013
2013058067;5;1;1;1;1;974;15/10/2013
2013058068;1;2;1;1;3;974;20/10/2013
2013058069;5;2;3;1;3;974;20/10/2013
2013058070;1;1;1;2;6;974;29/10/2013
2013058071;1;1;1;2;2;974;29/10/2013
2013058072;1;2;1;1;6;974;02/11/2013
2013058073;1;2;1;9;3;974;05/11/2013
2013058074;1;1;1;2;1;974;06/11/2013
2013058075;1;1;1;1;3;974;29/11/2013
2013058076;1;1;1;9;2;974;16/12/2013
2013058077;1;2;3;1;6;974;20/12/2013
2013058078;2;2;3;9;3;974;20/12/2013
2013058079;1;2;1;9;3;974;30/12/2013
2013058080;2;2;1;2;2;974;01/02/2013
2013058081;1;2;1;1;1;974;07/02/2013
2013058082;1;2;1;1;2;974;07/01/2013
2013058083;5;2;5;3;3;974;14/01/2013
2013058084;5;2;1;1;1;974;29/01/2013
2013058085;1;2;1;9;6;974;31/01/2013
2013058086;5;2;1;1;6;974;07/02/2013
2013058087;1;2;2;2;2;974;01/02/2013
2013058088;1;2;1;1;1;974;04/02/2013
2013058089;5;2;1;1;5;974;09/02/2013
2013058090;1;2;1;9;6;974;09/02/2013
2013058091;3;2;1;1;2;974;10/02/2013
2013058092;1;2;1;1;1;974;12/02/2013
2013058093;1;2;1;1;1;974;08/02/2013
2013058094;1;2;1;1;1;974;14/02/2013
2013058095;1;2;2;1;3;974;10/01/2013
2013058096;1;2;1;2;6;974;19/02/2013
2013058097;1;2;1;1;6;974;28/02/2013
2013058098;1;2;1;1;6;974;28/02/2013
2013058099;5;2;1;1;5;974;28/02/2013
2013058100;5;2;5;1;3;974;02/03/2013
2013058101;5;2;2;1;3;974;10/03/2013
2013058102;1;2;1;1;3;974;06/03/2013
2013058103;1;2;1;1;6;974;12/03/2013
2013058104;1;2;2;1;6;974;03/03/2013
2013058105;1;2;2;1;3;974;19/03/2013
2013058106;1;2;1;1;6;974;25/03/2013
2013058107;1;2;1;7;6;974;02/04/2013
2013058108;1;2;1;2;6;974;03/04/2013
2013058109;1;2;1;1;3;974;08/04/2013
2013058110;1;2;2;1;6;974;18/04/2013
2013058111;5;2;1;1;6;974;18/05/2013
2013058112;1;1;1;7;6;974;22/04/2013
2013058113;1;2;2;1;6;974;24/04/2013
2013058114;1;2;1;1;3;974;22/04/2013
2013058115;1;2;2;1;6;974;08/05/2013
2013058116;5;2;1;1;3;974;11/05/2013
2013058117;4;2;1;1;3;974;13/04/2013
2013058118;5;2;1;1;6;974;21/05/2013
2013058119;5;2;1;1;6;974;25/05/2013
2013058120;1;2;9;1;3;974;17/05/2013
2013058121;2;2;1;1;6;974;03/06/2013
2013058122;5;1;1;1;2;974;08/06/2013
2013058123;5;2;3;1;3;974;11/06/2013
2013058124;2;2;2;1;6;974;13/06/2013
2013058125;5;1;2;1;3;974;15/06/2013
2013058126;2;2;1;1;3;974;16/06/2013
2013058127;5;1;1;1;6;974;17/06/2013
2013058128;1;2;1;1;2;974;19/06/2013
2013058129;5;2;2;1;3;974;22/06/2013
2013058130;5;2;1;1;2;974;23/06/2013
2013058131;5;2;1;1;6;974;27/06/2013
2013058132;3;2;1;1;6;974;28/06/2013
2013058133;1;2;1;1;2;974;02/07/2013
2013058134;5;2;2;1;3;974;07/07/2013
2013058135;1;2;2;1;3;974;07/07/2013
2013058136;1;1;4;1;1;974;20/07/2013
2013058137;5;2;1;1;2;974;17/07/2013
2013058138;1;2;1;1;6;974;25/07/2013
2013058139;1;1;6;8;6;974;25/07/2013
2013058140;4;2;1;1;3;974;24/07/2013
2013058141;5;2;6;1;3;974;02/08/2013
2013058142;3;2;1;1;6;974;02/08/2013
2013058143;5;2;1;1;6;974;02/08/2013
2013058144;5;2;1;1;3;974;02/08/2013
2013058145;1;2;1;1;6;974;05/08/2013
2013058146;5;2;9;1;3;974;07/08/2013
2013058147;1;2;2;1;6;974;13/08/2013
2013058148;5;2;9;1;3;974;15/08/2013
2013058149;5;2;1;1;3;974;18/08/2013
2013058150;1;2;1;1;4;974;16/08/2013
2013058151;2;2;1;1;6;974;20/08/2013
2013058152;5;2;1;1;6;974;02/09/2013
2013058153;2;2;1;1;1;974;03/09/2013
2013058154;2;1;1;1;6;974;04/09/2013
2013058155;5;2;1;1;3;974;06/09/2013
2013058156;5;2;2;1;3;974;08/09/2013
2013058157;3;2;2;1;1;974;08/09/2013
2013058158;5;2;1;1;6;974;13/09/2013
2013058159;1;2;1;1;6;974;09/09/2013
2013058160;1;2;1;1;6;974;11/09/2013
2013058161;1;2;1;1;3;974;17/09/2013
2013058162;1;1;1;1;3;974;04/10/2013
2013058163;5;2;1;1;6;974;05/10/2013
2013058164;1;2;1;1;3;974;07/10/2013
2013058165;1;2;1;1;3;974;07/10/2013
2013058166;1;2;4;1;5;974;27/11/2013
2013058167;5;2;2;1;3;974;07/10/2013
2013058168;5;2;2;1;6;974;15/10/2013
2013058169;1;2;1;1;1;974;21/10/2013
2013058170;1;2;2;1;3;974;26/09/2013
2013058171;5;2;2;1;3;974;09/11/2013
2013058172;1;2;1;1;3;974;12/11/2013
2013058173;1;2;1;1;4;974;15/11/2013
2013058174;1;2;1;1;6;974;22/11/2013
2013058175;1;2;1;1;3;974;23/11/2013
2013058176;5;1;1;2;7;974;25/11/2013
2013058177;5;2;4;1;3;974;08/12/2013
2013058178;4;2;1;1;6;974;07/12/2013
2013058179;1;2;1;1;6;974;12/12/2013
2013058180;5;2;1;1;3;974;23/11/2013
2013058181;2;2;1;1;1;974;25/12/2013
2013058182;1;2;4;1;3;974;26/11/2013
2013058183;1;1;1;1;2;974;12/12/2013
2013058184;1;2;1;1;6;974;14/12/2013
2013058185;5;2;1;1;6;974;13/12/2013
2013058186;5;2;9;1;3;974;18/12/2013
2013058187;1;1;1;1;4;974;22/12/2013
2013058188;1;2;2;1;3;974;22/12/2013
2013058189;5;2;9;1;6;974;25/12/2013
2013058190;3;1;1;1;6;974;30/12/2013
2013058191;1;2;1;1;6;974;01/01/2013
2013058192;1;2;1;1;7;974;02/01/2013
2013058193;2;2;1;1;7;974;05/01/2013
2013058194;3;1;1;1;7;974;09/01/2013
2013058195;2;2;1;1;1;974;09/01/2013
2013058196;1;2;1;1;2;974;10/01/2013
2013058197;3;1;1;1;3;974;12/01/2013
2013058198;1;2;1;1;7;974;13/01/2013
2013058199;2;2;1;2;7;974;15/01/2013
2013058200;1;2;1;1;6;974;16/01/2013
2013058201;1;2;1;2;7;974;19/01/2013
2013058202;1;2;1;1;6;974;20/01/2013
2013058203;1;2;1;1;6;974;29/01/2013
2013058204;1;2;1;1;6;974;30/01/2013
2013058205;3;1;1;1;3;974;03/02/2013
2013058206;1;1;1;1;2;974;06/02/2013
2013058207;3;1;1;1;6;974;07/02/2013
2013058208;1;2;3;1;6;974;07/02/2013
2013058209;3;2;1;1;6;974;09/02/2013
2013058210;3;1;1;1;6;974;10/02/2013
2013058211;1;1;1;1;2;974;11/02/2013
2013058212;5;2;1;1;2;974;12/02/2013
2013058213;1;1;1;1;3;974;13/02/2013
2013058214;1;1;1;1;3;974;13/02/2013
2013058215;1;1;1;1;3;974;22/02/2013
2013058216;3;1;1;1;6;974;23/02/2013
2013058217;1;1;1;2;3;974;24/02/2013
2013058218;1;1;1;1;6;974;25/02/2013
2013058219;1;1;1;2;7;974;26/02/2013
2013058220;1;1;1;1;7;974;27/02/2013
2013058221;1;1;1;1;7;974;27/02/2013
2013058222;2;1;1;1;1;974;28/02/2013
2013058223;1;2;1;1;6;974;01/03/2013
2013058224;1;2;1;1;7;974;03/03/2013
2013058225;1;2;1;1;6;974;05/03/2013
2013058226;5;2;3;1;3;974;07/03/2013
2013058227;1;1;1;1;7;974;10/03/2013
2013058228;3;1;1;1;6;974;11/03/2013
2013058229;3;1;1;1;6;974;15/03/2013
2013058230;1;1;1;1;6;974;15/03/2013
2013058231;1;1;1;1;6;974;20/03/2013
2013058232;1;1;1;1;2;974;20/03/2013
2013058233;2;1;1;1;6;974;22/03/2013
2013058234;1;1;1;1;6;974;23/03/2013
2013058235;1;2;1;1;6;974;26/03/2013
2013058236;1;1;1;1;6;974;28/03/2013
2013058237;3;1;1;3;6;974;29/03/2013
2013058238;3;2;2;1;3;974;31/03/2013
2013058239;2;2;1;1;6;974;31/03/2013
2013058240;2;1;1;1;7;974;01/04/2013
2013058241;5;2;1;1;3;974;04/04/2013
2013058242;1;2;1;1;4;974;05/04/2013
2013058243;1;2;1;1;6;974;07/04/2013
2013058244;1;2;1;1;6;974;13/04/2013
2013058245;2;1;1;1;6;974;14/04/2013
2013058246;2;2;1;1;6;974;18/04/2013
2013058247;1;2;1;1;2;974;22/04/2013
2013058248;1;2;1;1;6;974;22/04/2013
2013058249;1;2;3;1;6;974;25/04/2013
2013058250;1;1;1;1;6;974;25/04/2013
2013058251;2;2;3;1;2;974;28/04/2013
2013058252;1;1;1;1;6;974;28/04/2013
2013058253;1;2;1;1;6;974;29/04/2013
2013058254;1;2;1;1;6;974;29/04/2013
2013058255;3;2;1;1;6;974;02/05/2013
2013058256;1;2;3;1;6;974;04/05/2013
2013058257;3;2;1;1;6;974;04/05/2013
2013058258;2;2;3;1;6;974;05/05/2013
2013058259;5;2;1;1;6;974;05/05/2013
2013058260;1;1;1;1;6;974;08/05/2013
2013058261;1;2;1;1;6;974;10/05/2013
2013058262;2;2;1;1;6;974;13/05/2013
2013058263;1;2;1;1;6;974;16/05/2013
2013058264;1;2;1;1;2;974;16/05/2013
2013058265;1;1;1;1;7;974;18/05/2013
2013058266;1;2;1;1;6;974;20/05/2013
2013058267;3;1;1;1;3;974;20/05/2013
2013058268;1;1;1;1;3;974;22/05/2013
2013058269;1;2;1;1;6;974;22/05/2013
2013058270;3;1;1;1;2;974;22/05/2013
2013058271;2;1;1;1;5;974;25/05/2013
2013058272;1;2;3;1;6;974;28/05/2013
2013058273;1;2;1;1;6;974;31/05/2013
2013058274;2;2;1;1;6;974;31/05/2013
2013058275;2;1;1;1;6;974;01/06/2013
2013058276;5;2;1;1;5;974;01/06/2013
2013058277;5;1;1;1;7;974;03/06/2013
2013058278;1;2;2;1;3;974;04/06/2013
2013058279;1;2;1;1;6;974;04/06/2013
2013058280;1;2;3;1;7;974;07/06/2013
2013058281;3;1;1;1;6;974;07/06/2013
2013058282;1;1;1;1;6;974;08/06/2013
2013058283;1;2;1;1;7;974;12/06/2013
2013058284;1;2;1;1;3;974;12/06/2013
2013058285;1;1;1;1;7;974;14/06/2013
2013058286;2;1;1;1;5;974;14/06/2013
2013058287;2;1;1;1;3;974;16/06/2013
2013058288;1;1;1;1;4;974;24/06/2013
2013058289;1;2;8;1;6;974;27/06/2013
2013058290;1;2;3;1;3;974;29/06/2013
2013058291;2;2;1;1;7;974;29/06/2013
2013058292;5;2;1;1;3;974;01/07/2013
2013058293;1;2;1;1;6;974;01/07/2013
2013058294;3;1;1;1;7;974;05/07/2013
2013058295;5;2;1;1;6;974;06/07/2013
2013058296;3;1;1;1;6;974;09/07/2013
2013058297;1;2;1;1;3;974;11/07/2013
2013058298;1;2;3;1;3;974;12/07/2013
2013058299;1;1;1;1;3;974;12/07/2013
2013058300;1;2;1;1;7;974;13/07/2013
2013058301;1;2;3;1;3;974;13/07/2013
2013058302;5;1;1;1;5;974;16/07/2013
2013058303;5;1;1;1;6;974;16/07/2013
2013058304;1;1;1;2;7;974;18/07/2013
2013058305;2;1;1;1;6;974;22/07/2013
2013058306;3;1;1;1;7;974;27/07/2013
2013058307;5;2;2;1;5;974;02/08/2013
2013058308;1;1;1;1;3;974;05/08/2013
2013058309;1;1;1;1;6;974;05/08/2013
2013058310;2;1;1;1;2;974;07/08/2013
2013058311;1;2;2;1;2;974;08/08/2013
2013058312;1;1;3;1;3;974;09/08/2013
2013058313;3;1;1;1;6;974;10/08/2013
2013058314;1;1;1;1;7;974;10/08/2013
2013058315;3;1;1;1;7;974;15/08/2013
2013058316;1;1;1;1;5;974;16/08/2013
2013058317;1;1;6;1;2;974;17/08/2013
2013058318;1;1;1;1;7;974;19/08/2013
2013058319;3;1;1;1;7;974;21/08/2013
2013058320;5;1;6;1;7;974;22/08/2013
2013058321;1;1;1;1;7;974;22/08/2013
2013058322;1;2;1;1;6;974;23/08/2013
2013058323;1;2;1;1;6;974;24/08/2013
2013058324;1;2;3;1;5;974;24/08/2013
2013058325;3;2;1;1;1;974;24/08/2013
2013058326;1;1;1;1;5;974;26/08/2013
2013058327;3;1;1;1;6;974;26/08/2013
2013058328;1;2;1;1;6;974;28/08/2013
2013058329;3;1;1;1;7;974;29/08/2013
2013058330;3;1;1;1;6;974;30/08/2013
2013058331;5;1;1;1;6;974;04/09/2013
2013058332;2;1;3;1;3;974;05/09/2013
2013058333;3;1;1;1;1;974;08/09/2013
2013058334;1;2;3;1;3;974;08/09/2013
2013058335;1;1;3;1;3;974;11/09/2013
2013058336;1;1;1;1;2;974;11/09/2013
2013058337;1;1;1;1;7;974;13/09/2013
2013058338;5;1;1;1;7;974;13/09/2013
2013058339;4;2;1;1;6;974;15/09/2013
2013058340;3;1;1;1;6;974;15/09/2013
2013058341;3;1;1;1;3;974;15/09/2013
2013058342;5;2;2;1;3;974;15/09/2013
2013058343;1;2;1;1;4;974;16/09/2013
2013058344;1;2;2;2;6;974;17/09/2013
2013058345;1;1;1;1;3;974;22/09/2013
2013058346;1;1;2;1;3;974;23/09/2013
2013058347;2;1;1;1;3;974;26/09/2013
2013058348;1;1;1;1;2;974;26/09/2013
2013058349;2;1;1;1;7;974;28/09/2013
2013058350;2;1;1;1;7;974;30/09/2013
2013058351;1;1;1;1;7;974;30/09/2013
2013058352;1;2;1;1;3;974;02/10/2013
2013058353;1;1;1;1;7;974;03/10/2013
2013058354;3;1;1;1;7;974;05/10/2013
2013058355;1;2;2;1;3;974;11/10/2013
2013058356;1;1;1;1;3;974;11/10/2013
2013058357;3;1;1;1;7;974;18/10/2013
2013058358;1;1;2;1;3;974;23/10/2013
2013058359;1;1;1;1;6;974;26/10/2013
2013058360;1;1;1;1;7;974;29/10/2013
2013058361;1;1;1;1;3;974;04/11/2013
2013058362;1;1;2;1;3;974;06/11/2013
2013058363;1;1;1;1;4;974;07/11/2013
2013058364;3;1;1;1;2;974;08/11/2013
2013058365;1;1;1;1;4;974;08/11/2013
2013058366;1;1;1;1;7;974;10/11/2013
2013058367;1;2;3;1;3;974;13/11/2013
2013058368;1;2;2;1;7;974;15/11/2013
2013058369;1;2;1;1;7;974;17/11/2013
2013058370;1;2;1;1;6;974;19/11/2013
2013058371;3;2;1;1;7;974;19/11/2013
2013058372;1;2;1;1;6;974;22/11/2013
2013058373;1;1;1;1;7;974;03/12/2013
2013058374;3;1;1;1;4;974;03/12/2013
2013058375;1;2;1;1;7;974;05/12/2013
2013058376;1;1;1;1;3;974;06/12/2013
2013058377;1;2;1;1;6;974;10/12/2013
2013058378;1;1;1;1;1;974;10/12/2013
2013058379;1;2;1;1;6;974;10/12/2013
2013058380;1;1;1;1;3;974;12/12/2013
2013058381;1;2;3;1;6;974;13/12/2013
2013058382;1;1;1;1;3;974;14/12/2013
2013058383;1;2;1;1;6;974;14/12/2013
2013058384;1;2;1;1;2;974;16/12/2013
2013058385;1;2;3;1;6;974;16/12/2013
2013058386;3;2;3;1;3;974;16/12/2013
2013058387;1;1;1;1;7;974;18/12/2013
2013058388;1;2;1;1;5;974;20/12/2013
2013058389;1;2;1;1;4;974;21/12/2013
2013058390;1;2;1;1;3;974;27/12/2013
2013058391;1;2;6;1;3;974;27/12/2013
2013058392;1;2;1;1;7;974;27/12/2013
2013058393;2;1;1;1;3;974;27/12/2013
2013058394;1;2;1;1;6;974;29/12/2013
2013058395;1;1;1;1;5;974;30/12/2013
2013058396;1;2;3;1;3;974;30/12/2013
2013058397;1;1;1;1;2;974;30/12/2013